date,region_id,area,sale,jeonse,wolse,total
2023-09-01,bundang,41135,4471,1934,735,7140
2023-09-02,bundang,41135,4516,1975,741,7232
2023-09-03,bundang,41135,4564,1991,738,7293
2023-09-04,bundang,41135,4463,1956,730,7149
2023-09-05,bundang,41135,4501,1966,734,7201
2023-09-06,bundang,41135,4557,1994,734,7285
2023-09-07,bundang,41135,4544,2008,734,7286
2023-09-08,bundang,41135,4533,1971,743,7247
2023-09-09,bundang,41135,4527,1958,742,7227
2023-09-10,bundang,41135,4500,1945,743,7188
2023-09-11,bundang,41135,4446,1930,737,7113
2023-09-12,bundang,41135,4528,1941,753,7222
2023-09-14,bundang,41135,4603,1984,764,7351
2023-09-15,bundang,41135,4677,1989,768,7434
2023-09-16,bundang,41135,4647,1983,773,7403
2023-09-17,bundang,41135,4629,1954,770,7353
2023-09-18,bundang,41135,4566,1927,764,7257
2023-09-19,bundang,41135,4621,1946,773,7340
2023-09-20,bundang,41135,4687,1966,797,7450
2023-09-21,bundang,41135,4675,1965,803,7443
2023-09-23,bundang,41135,4667,1970,799,7436
2023-09-24,bundang,41135,4626,1950,803,7379
2023-09-25,bundang,41135,4563,1923,795,7281
2023-09-26,bundang,41135,4633,1949,811,7393
2023-09-27,bundang,41135,4666,1963,813,7442
2023-09-28,bundang,41135,4657,1977,815,7449
2023-09-29,bundang,41135,4606,1959,808,7373
2023-09-30,bundang,41135,4572,1937,803,7312
2023-10-01,bundang,41135,4523,1919,794,7236
2023-10-02,bundang,41135,4484,1905,787,7176
2023-10-03,bundang,41135,4432,1893,782,7107
2023-10-04,bundang,41135,4432,1892,781,7105
2023-10-05,bundang,41135,4524,1965,811,7300
2023-10-06,bundang,41135,4574,2014,828,7416
2023-10-07,bundang,41135,4631,2032,843,7506
2023-10-08,bundang,41135,4659,2072,848,7579
2023-10-09,bundang,41135,4595,2038,837,7470
2023-10-10,bundang,41135,4560,1974,815,7349
2023-10-11,bundang,41135,4788,2116,857,7761
2023-10-12,bundang,41135,4801,2118,865,7784
2023-10-13,bundang,41135,4802,2115,874,7791
2023-10-14,bundang,41135,4810,2139,876,7825
2023-10-15,bundang,41135,4769,2136,875,7780
2023-10-16,bundang,41135,4709,2112,858,7679
2023-10-17,bundang,41135,4770,2140,863,7773
2023-10-18,bundang,41135,4850,2193,881,7924
2023-10-19,bundang,41135,4864,2192,898,7954
2023-10-20,bundang,41135,4864,2193,897,7954
2023-10-21,bundang,41135,4876,2172,892,7940
2023-10-22,bundang,41135,4835,2155,889,7879
2023-10-23,bundang,41135,4765,2130,881,7776
2023-10-24,bundang,41135,4891,2126,890,7907
2023-10-25,bundang,41135,4942,2132,902,7976
2023-10-26,bundang,41135,4938,2144,893,7975
2023-10-27,bundang,41135,4942,2139,890,7971
2023-10-28,bundang,41135,4892,2134,892,7918
2023-10-29,bundang,41135,4902,2140,893,7935
2023-10-30,bundang,41135,4902,2139,892,7933
2023-10-31,bundang,41135,4996,2187,920,8103
2023-11-01,bundang,41135,5057,2241,926,8224
2023-11-02,bundang,41135,5095,2266,938,8299
2023-11-03,bundang,41135,5152,2302,946,8400
2023-11-04,bundang,41135,5118,2324,957,8399
2023-11-05,bundang,41135,5067,2315,947,8329
2023-11-06,bundang,41135,4979,2294,933,8206
2023-11-07,bundang,41135,5001,2277,936,8214
2023-11-08,bundang,41135,5064,2302,938,8304
2023-11-09,bundang,41135,5107,2310,952,8369
2023-11-10,bundang,41135,5067,2302,930,8299
2023-11-11,bundang,41135,5037,2275,920,8232
2023-11-12,bundang,41135,5007,2279,915,8201
2023-11-13,bundang,41135,4914,2255,906,8075
2023-11-14,bundang,41135,4982,2276,917,8175
2023-11-15,bundang,41135,5068,2313,919,8300
2023-11-16,bundang,41135,5056,2320,916,8292
2023-11-17,bundang,41135,5033,2324,908,8265
2023-11-18,bundang,41135,5047,2311,915,8273
2023-11-19,bundang,41135,5031,2303,911,8245
2023-11-21,bundang,41135,4996,2296,897,8189
2023-11-22,bundang,41135,5081,2334,898,8313
2023-11-23,bundang,41135,5044,2347,903,8294
2023-11-24,bundang,41135,5047,2337,899,8283
2023-11-25,bundang,41135,5038,2319,888,8245
2023-11-26,bundang,41135,4991,2314,892,8197
2023-11-27,bundang,41135,4961,2303,888,8152
2023-11-28,bundang,41135,5034,2310,902,8246
2023-11-29,bundang,41135,5081,2349,909,8339
2023-11-30,bundang,41135,5043,2355,934,8332
2023-12-01,bundang,41135,5056,2363,950,8369
2023-12-02,bundang,41135,5052,2363,954,8369
2023-12-03,bundang,41135,5033,2348,952,8333
2023-12-04,bundang,41135,4976,2329,945,8250
2023-12-05,bundang,41135,4950,2324,936,8210
2023-12-06,bundang,41135,5019,2375,960,8354
2023-12-07,bundang,41135,5024,2389,981,8394
2023-12-08,bundang,41135,4975,2378,982,8335
2023-12-09,bundang,41135,4967,2355,971,8293
2023-12-10,bundang,41135,4935,2351,970,8256
2023-12-11,bundang,41135,4865,2327,963,8155
2023-12-12,bundang,41135,4947,2312,950,8209
2023-12-13,bundang,41135,4998,2355,958,8311
2023-12-14,bundang,41135,4982,2348,959,8289
2023-12-15,bundang,41135,4953,2349,950,8252
2023-12-16,bundang,41135,4921,2353,953,8227
2023-12-17,bundang,41135,4912,2350,942,8204
2023-12-18,bundang,41135,4840,2337,931,8108
2023-12-19,bundang,41135,4868,2352,935,8155
2023-12-20,bundang,41135,4908,2373,939,8220
2023-12-21,bundang,41135,4896,2363,928,8187
2023-12-22,bundang,41135,4859,2352,917,8128
2023-12-23,bundang,41135,4862,2321,911,8094
2023-12-25,bundang,41135,4741,2302,891,7934
2023-12-26,bundang,41135,4734,2288,891,7913
2023-12-27,bundang,41135,4844,2299,907,8050
2023-12-28,bundang,41135,4831,2327,906,8064
2023-12-29,bundang,41135,4820,2311,923,8054
2023-12-30,bundang,41135,4772,2254,896,7922
2023-12-31,bundang,41135,4801,2284,916,8001
2024-01-01,bundang,41135,4733,2258,906,7897
2024-01-02,bundang,41135,4672,2238,898,7808
2024-01-03,bundang,41135,4728,2252,897,7877
2024-01-04,bundang,41135,4752,2268,913,7933
2024-01-05,bundang,41135,4755,2276,897,7928
2024-01-06,bundang,41135,4792,2280,883,7955
2024-01-07,bundang,41135,4823,2285,884,7992
2024-01-08,bundang,41135,4710,2259,869,7838
2024-01-09,bundang,41135,4819,2287,889,7995
2024-01-10,bundang,41135,4879,2302,902,8083
2024-01-11,bundang,41135,4809,2276,879,7964
2024-01-12,bundang,41135,4819,2243,873,7935
2024-01-13,bundang,41135,4847,2237,872,7956
2024-01-14,bundang,41135,4778,2225,864,7867
2024-01-15,bundang,41135,4712,2199,856,7767
2024-01-16,bundang,41135,4738,2184,861,7783
2024-01-17,bundang,41135,4840,2205,890,7935
2024-01-18,bundang,41135,4814,2172,882,7868
2024-01-19,bundang,41135,4818,2152,881,7851
2024-01-20,bundang,41135,4814,2178,879,7871
2024-01-21,bundang,41135,4815,2159,887,7861
2024-01-22,bundang,41135,4717,2141,878,7736
2024-01-23,bundang,41135,4831,2141,884,7856
2024-01-24,bundang,41135,4885,2143,893,7921
2024-01-25,bundang,41135,4930,2146,915,7991
2024-01-26,bundang,41135,4878,2117,906,7901
2024-01-27,bundang,41135,4905,2079,890,7874
2024-01-28,bundang,41135,4864,2072,892,7828
2024-01-29,bundang,41135,4814,2056,889,7759
2024-01-30,bundang,41135,4875,2073,879,7827
2024-01-31,bundang,41135,4962,2074,890,7926
2024-02-01,bundang,41135,4984,2077,886,7947
2024-02-02,bundang,41135,5032,2082,875,7989
2024-02-03,bundang,41135,5015,2047,866,7928
2024-02-04,bundang,41135,5011,2041,851,7903
2024-02-05,bundang,41135,4951,2027,848,7826
2024-02-06,bundang,41135,4972,2032,828,7832
2024-02-07,bundang,41135,5055,2003,831,7889
2024-02-08,bundang,41135,5055,1990,839,7884
2024-02-09,bundang,41135,5045,1975,835,7855
2024-02-10,bundang,41135,4995,1946,826,7767
2024-02-12,bundang,41135,4828,1921,814,7563
2024-02-13,bundang,41135,4811,1915,809,7535
2024-02-14,bundang,41135,4977,1937,835,7749
2024-02-15,bundang,41135,5017,1958,819,7794
2024-02-16,bundang,41135,4996,1931,811,7738
2024-02-17,bundang,41135,5023,1925,802,7750
2024-02-18,bundang,41135,5036,1900,795,7731
2024-02-19,bundang,41135,4978,1874,788,7640
2024-02-20,bundang,41135,4994,1888,790,7672
2024-02-21,bundang,41135,5090,1917,809,7816
2024-02-22,bundang,41135,5096,1918,817,7831
2024-02-23,bundang,41135,5071,1900,794,7765
2024-02-24,bundang,41135,5088,1892,800,7780
2024-02-25,bundang,41135,5056,1894,797,7747
2024-02-26,bundang,41135,4996,1876,790,7662
2024-02-27,bundang,41135,5015,1887,788,7690
2024-02-28,bundang,41135,5075,1897,801,7773
2024-03-01,bundang,41135,5094,1892,800,7786
2024-03-02,bundang,41135,5047,1845,786,7678
2024-03-03,bundang,41135,5078,1865,802,7745
2024-03-04,bundang,41135,5024,1851,794,7669
2024-03-05,bundang,41135,5034,1850,795,7679
2024-03-06,bundang,41135,5133,1874,803,7810
2024-03-07,bundang,41135,5126,1888,799,7813
2024-03-08,bundang,41135,5100,1875,780,7755
2024-03-09,bundang,41135,5157,1881,776,7814
2024-03-10,bundang,41135,5126,1882,787,7795
2024-03-11,bundang,41135,5118,1875,783,7776
2024-03-12,bundang,41135,5190,1917,788,7895
2024-03-13,bundang,41135,5236,1938,810,7984
2024-03-14,bundang,41135,5299,1962,813,8074
2024-03-15,bundang,41135,5286,1965,809,8060
2024-03-16,bundang,41135,5218,1936,807,7961
2024-03-17,bundang,41135,5232,1899,807,7938
2024-03-18,bundang,41135,5139,1865,796,7800
2024-03-19,bundang,41135,5184,1865,794,7843
2024-03-20,bundang,41135,5285,1879,808,7972
2024-03-21,bundang,41135,5286,1857,816,7959
2024-03-22,bundang,41135,5268,1837,813,7918
2024-03-23,bundang,41135,5260,1813,821,7894
2024-03-24,bundang,41135,5247,1811,824,7882
2024-03-25,bundang,41135,5160,1788,817,7765
2024-03-26,bundang,41135,5223,1800,817,7840
2024-03-27,bundang,41135,5293,1843,828,7964
2024-03-28,bundang,41135,5315,1830,831,7976
2024-03-29,bundang,41135,5312,1820,829,7961
2024-03-30,bundang,41135,5291,1831,828,7950
2024-03-31,bundang,41135,5259,1822,828,7909
2024-04-01,bundang,41135,5241,1815,828,7884
2024-04-02,bundang,41135,5264,1812,826,7902
2024-04-03,bundang,41135,5317,1830,830,7977
2024-04-04,bundang,41135,5309,1815,835,7959
2024-04-05,bundang,41135,5323,1786,843,7952
2024-04-06,bundang,41135,5314,1772,847,7933
2024-04-07,bundang,41135,5311,1782,840,7933
2024-04-08,bundang,41135,5202,1767,831,7800
2024-04-09,bundang,41135,5289,1766,837,7892
2024-04-10,bundang,41135,5387,1768,841,7996
2024-04-11,bundang,41135,5317,1724,828,7869
2024-04-12,bundang,41135,5362,1729,843,7934
2024-04-13,bundang,41135,5338,1746,834,7918
2024-04-14,bundang,41135,5322,1732,834,7888
2024-04-15,bundang,41135,5256,1712,830,7798
2024-04-16,bundang,41135,5291,1720,816,7827
2024-04-17,bundang,41135,5362,1747,836,7945
2024-04-18,bundang,41135,5379,1746,835,7960
2024-04-19,bundang,41135,5377,1761,826,7964
2024-04-20,bundang,41135,5375,1755,837,7967
2024-04-21,bundang,41135,5382,1750,829,7961
2024-04-22,bundang,41135,5278,1729,818,7825
2024-04-23,bundang,41135,5336,1726,811,7873
2024-04-24,bundang,41135,5402,1726,823,7951
2024-04-25,bundang,41135,5395,1723,824,7942
2024-04-26,bundang,41135,5391,1712,810,7913
2024-04-27,bundang,41135,5359,1710,813,7882
2024-04-28,bundang,41135,5323,1705,806,7834
2024-04-29,bundang,41135,5238,1685,794,7717
2024-04-30,bundang,41135,5313,1650,795,7758
2024-05-01,bundang,41135,5372,1659,783,7814
2024-05-02,bundang,41135,5266,1614,765,7645
2024-05-03,bundang,41135,5310,1636,770,7716
2024-05-04,bundang,41135,5333,1645,768,7746
2024-05-05,bundang,41135,5313,1665,755,7733
2024-05-06,bundang,41135,5247,1652,748,7647
2024-05-07,bundang,41135,5199,1629,740,7568
2024-05-08,bundang,41135,5347,1670,772,7789
2024-05-09,bundang,41135,5366,1695,773,7834
2024-05-10,bundang,41135,5376,1681,784,7841
2024-05-11,bundang,41135,5395,1693,791,7879
2024-05-12,bundang,41135,5352,1691,790,7833
2024-05-13,bundang,41135,5274,1677,780,7731
2024-05-14,bundang,41135,5361,1682,770,7813
2024-05-15,bundang,41135,5435,1699,784,7918
2024-05-16,bundang,41135,5314,1649,764,7727
2024-05-17,bundang,41135,5367,1654,763,7784
2024-05-18,bundang,41135,5357,1651,762,7770
2024-05-19,bundang,41135,5349,1638,761,7748
2024-05-20,bundang,41135,5270,1619,753,7642
2024-05-21,bundang,41135,5313,1612,755,7680
2024-05-22,bundang,41135,5357,1630,760,7747
2024-05-23,bundang,41135,5358,1620,756,7734
2024-05-24,bundang,41135,5321,1611,752,7684
2024-05-25,bundang,41135,5306,1593,728,7627
2024-05-26,bundang,41135,5284,1578,722,7584
2024-05-27,bundang,41135,5249,1573,719,7541
2024-05-28,bundang,41135,5359,1605,732,7696
2024-05-29,bundang,41135,5351,1601,727,7679
2024-05-30,bundang,41135,5311,1606,726,7643
2024-05-31,bundang,41135,5316,1588,714,7618
2024-06-01,bundang,41135,5328,1591,722,7641
2024-06-02,bundang,41135,5268,1581,721,7570
2024-06-03,bundang,41135,5182,1561,712,7455
2024-06-04,bundang,41135,5173,1539,686,7398
2024-06-05,bundang,41135,5206,1555,692,7453
2024-06-06,bundang,41135,5226,1570,700,7496
2024-06-07,bundang,41135,5093,1531,690,7314
2024-06-08,bundang,41135,5108,1537,706,7351
2024-06-09,bundang,41135,5072,1536,704,7312
2024-06-10,bundang,41135,4982,1523,691,7196
2024-06-11,bundang,41135,5060,1535,698,7293
2024-06-12,bundang,41135,5095,1570,712,7377
2024-06-13,bundang,41135,5067,1555,719,7341
2024-06-14,bundang,41135,5041,1559,724,7324
2024-06-15,bundang,41135,5066,1554,723,7343
2024-06-16,bundang,41135,5000,1545,715,7260
2024-06-17,bundang,41135,4936,1531,709,7176
2024-06-18,bundang,41135,4947,1525,704,7176
2024-06-19,bundang,41135,4973,1532,707,7212
2024-06-20,bundang,41135,4918,1540,703,7161
2024-06-21,bundang,41135,4906,1537,695,7138
2024-06-23,bundang,41135,4905,1546,715,7166
2024-06-24,bundang,41135,4821,1531,708,7060
2024-06-25,bundang,41135,4859,1534,704,7097
2024-06-26,bundang,41135,4877,1555,718,7150
2024-06-27,bundang,41135,4866,1548,716,7130
2024-06-28,bundang,41135,4861,1548,715,7124
2024-06-29,bundang,41135,4816,1535,713,7064
2024-06-30,bundang,41135,4796,1552,708,7056
2024-07-01,bundang,41135,4732,1544,699,6975
2024-07-02,bundang,41135,4728,1529,714,6971
2024-07-03,bundang,41135,4765,1538,729,7032
2024-07-04,bundang,41135,4708,1537,737,6982
2024-07-05,bundang,41135,4657,1534,745,6936
2024-07-06,bundang,41135,4659,1533,751,6943
2024-07-07,bundang,41135,4666,1550,752,6968
2024-07-08,bundang,41135,4620,1540,746,6906
2024-07-09,bundang,41135,4625,1561,746,6932
2024-07-10,bundang,41135,4671,1563,746,6980
2024-07-11,bundang,41135,4629,1557,730,6916
2024-07-12,bundang,41135,4580,1552,733,6865
2024-07-13,bundang,41135,4558,1558,721,6837
2024-07-14,bundang,41135,4545,1559,716,6820
2024-07-15,bundang,41135,4484,1551,715,6750
2024-07-16,bundang,41135,4519,1535,714,6768
2024-07-17,bundang,41135,4582,1559,731,6872
2024-07-18,bundang,41135,4524,1563,735,6822
2024-07-19,bundang,41135,4532,1553,719,6804
2024-07-20,bundang,41135,4522,1557,714,6793
2024-07-21,bundang,41135,4503,1552,707,6762
2024-07-22,bundang,41135,4447,1534,700,6681
2024-07-23,bundang,41135,4446,1534,696,6676
2024-07-24,bundang,41135,4493,1554,696,6743
2024-07-25,bundang,41135,4485,1565,684,6734
2024-07-26,bundang,41135,4457,1565,681,6703
2024-07-27,bundang,41135,4418,1561,679,6658
2024-07-28,bundang,41135,4386,1551,682,6619
2024-07-29,bundang,41135,4332,1540,673,6545
2024-07-30,bundang,41135,4363,1525,685,6573
2024-07-31,bundang,41135,4394,1516,692,6602
2024-08-01,bundang,41135,4362,1506,691,6559
2024-08-02,bundang,41135,4326,1495,687,6508
2024-08-03,bundang,41135,4302,1478,682,6462
2024-08-04,bundang,41135,4272,1477,681,6430
2024-08-05,bundang,41135,4204,1457,673,6334
2024-08-06,bundang,41135,4188,1448,676,6312
2024-08-07,bundang,41135,4302,1461,686,6449
2024-08-08,bundang,41135,4323,1472,696,6491
2024-08-09,bundang,41135,4328,1470,706,6504
2024-08-10,bundang,41135,4362,1444,708,6514
2024-08-11,bundang,41135,4351,1439,705,6495
2024-08-12,bundang,41135,4285,1416,696,6397
2024-08-13,bundang,41135,4345,1425,697,6467
2024-08-14,bundang,41135,4407,1433,719,6559
2024-08-15,bundang,41135,4400,1442,714,6556
2024-08-16,bundang,41135,4296,1392,669,6357
2024-08-17,bundang,41135,4347,1423,686,6456
2024-08-18,bundang,41135,4321,1434,686,6441
2024-08-19,bundang,41135,4248,1409,682,6339
2024-08-20,bundang,41135,4270,1397,678,6345
2024-08-21,bundang,41135,4299,1407,676,6382
2024-08-22,bundang,41135,4303,1418,688,6409
2024-08-23,bundang,41135,4285,1399,690,6374
2024-08-24,bundang,41135,4266,1411,702,6379
2024-08-25,bundang,41135,4249,1408,705,6362
2024-08-26,bundang,41135,4181,1387,697,6265
2024-08-27,bundang,41135,4239,1404,700,6343
2024-08-28,bundang,41135,4306,1437,718,6461
2024-08-29,bundang,41135,4306,1446,712,6464
2024-08-30,bundang,41135,4316,1450,712,6478
2024-08-31,bundang,41135,4304,1471,715,6490
2024-09-01,bundang,41135,4330,1482,716,6528
2024-09-02,bundang,41135,4318,1476,712,6506
2024-09-03,bundang,41135,4355,1497,732,6584
2024-09-04,bundang,41135,4390,1514,745,6649
2024-09-05,bundang,41135,4404,1519,732,6655
2024-09-06,bundang,41135,4361,1519,714,6594
2024-09-07,bundang,41135,4395,1535,711,6641
2024-09-08,bundang,41135,4393,1537,706,6636
2024-09-09,bundang,41135,4346,1526,695,6567
2024-09-10,bundang,41135,4405,1540,707,6652
2024-09-11,bundang,41135,4451,1569,717,6737
2024-09-12,bundang,41135,4498,1571,723,6792
2024-09-13,bundang,41135,4498,1573,733,6804
2024-09-14,bundang,41135,4477,1556,730,6763
2024-09-15,bundang,41135,4454,1544,728,6726
2024-09-16,bundang,41135,4444,1532,728,6704
2024-09-17,bundang,41135,4378,1519,721,6618
2024-09-18,bundang,41135,4356,1514,718,6588
2024-09-19,bundang,41135,4336,1508,714,6558
2024-09-20,bundang,41135,4401,1543,740,6684
2024-09-21,bundang,41135,4402,1565,739,6706
2024-09-22,bundang,41135,4394,1566,745,6705
2024-09-23,bundang,41135,4326,1552,741,6619
2024-09-24,bundang,41135,4404,1561,744,6709
2024-09-25,bundang,41135,4464,1604,749,6817
2024-09-26,bundang,41135,4490,1621,755,6866
2024-09-27,bundang,41135,4538,1641,751,6930
2024-09-28,bundang,41135,4541,1642,750,6933
2024-09-29,bundang,41135,4475,1624,744,6843
2024-09-30,bundang,41135,4426,1610,736,6772
2024-10-01,bundang,41135,4448,1617,730,6795
2024-10-02,bundang,41135,4395,1578,700,6673
2024-10-03,bundang,41135,4477,1626,732,6835
2024-10-04,bundang,41135,4395,1569,705,6669
2024-10-05,bundang,41135,4434,1611,718,6763
2024-10-06,bundang,41135,4453,1595,702,6750
2024-10-07,bundang,41135,4367,1570,692,6629
2024-10-08,bundang,41135,4393,1556,683,6632
2024-10-09,bundang,41135,4464,1616,687,6767
2024-10-10,bundang,41135,4391,1572,673,6636
2024-10-11,bundang,41135,4419,1602,664,6685
2024-10-12,bundang,41135,4400,1618,669,6687
2024-10-13,bundang,41135,4355,1618,666,6639
2024-10-14,bundang,41135,4272,1600,660,6532
2024-10-16,bundang,41135,4425,1642,669,6736
2024-10-17,bundang,41135,4490,1650,686,6826
2024-10-18,bundang,41135,4518,1651,690,6859
2024-10-19,bundang,41135,4565,1661,703,6929
2024-10-20,bundang,41135,4485,1665,700,6850
2024-10-21,bundang,41135,4417,1646,692,6755
2024-10-22,bundang,41135,4465,1650,689,6804
2024-10-23,bundang,41135,4525,1683,728,6936
2024-10-24,bundang,41135,4488,1663,743,6894
2024-10-25,bundang,41135,4497,1663,733,6893
2024-10-26,bundang,41135,4480,1666,731,6877
2024-10-27,bundang,41135,4414,1652,728,6794
2024-10-28,bundang,41135,4354,1640,719,6713
2024-10-29,bundang,41135,4464,1675,729,6868
2024-10-30,bundang,41135,4537,1696,749,6982
2024-10-31,bundang,41135,4487,1692,738,6917
2024-11-01,bundang,41135,4571,1693,745,7009
2024-11-02,bundang,41135,4542,1687,737,6966
2024-11-03,bundang,41135,4489,1645,716,6850
2024-11-04,bundang,41135,4425,1621,699,6745
2024-11-05,bundang,41135,4515,1658,742,6915
2024-11-06,bundang,41135,4604,1686,791,7081
2024-11-07,bundang,41135,4570,1675,799,7044
2024-11-08,bundang,41135,4571,1666,800,7037
2024-11-09,bundang,41135,4594,1673,794,7061
2024-11-10,bundang,41135,4543,1670,796,7009
2024-11-11,bundang,41135,4490,1641,792,6923
2024-11-12,bundang,41135,4562,1648,796,7006
2024-11-13,bundang,41135,4603,1671,805,7079
2024-11-14,bundang,41135,4590,1669,822,7081
2024-11-15,bundang,41135,4617,1654,822,7093
2024-11-16,bundang,41135,4630,1656,815,7101
2024-11-17,bundang,41135,4642,1652,807,7101
2024-11-18,bundang,41135,4589,1642,798,7029
2024-11-19,bundang,41135,4597,1641,774,7012
2024-11-20,bundang,41135,4630,1640,778,7048
2024-11-21,bundang,41135,4600,1610,766,6976
2024-11-22,bundang,41135,4620,1610,763,6993
2024-11-23,bundang,41135,4642,1601,752,6995
2024-11-24,bundang,41135,4602,1603,751,6956
2024-11-25,bundang,41135,4583,1600,748,6931
2024-11-26,bundang,41135,4638,1619,753,7010
2024-11-27,bundang,41135,4674,1613,761,7048
2024-11-28,bundang,41135,4623,1604,762,6989
2024-11-29,bundang,41135,4586,1616,757,6959
2024-11-30,bundang,41135,4584,1614,755,6953
2024-12-01,bundang,41135,4500,1587,749,6836
2024-12-02,bundang,41135,4433,1571,738,6742
2024-12-03,bundang,41135,4531,1628,765,6924
2024-12-04,bundang,41135,4631,1658,768,7057
2024-12-05,bundang,41135,4601,1671,769,7041
2024-12-06,bundang,41135,4617,1666,762,7045
2024-12-07,bundang,41135,4610,1668,762,7040
2024-12-08,bundang,41135,4590,1647,757,6994
2024-12-09,bundang,41135,4524,1631,749,6904
2024-12-10,bundang,41135,4578,1642,761,6981
2024-12-11,bundang,41135,4645,1662,766,7073
2024-12-12,bundang,41135,4584,1659,770,7013
2024-12-13,bundang,41135,4586,1645,758,6989
2024-12-14,bundang,41135,4582,1625,756,6963
2024-12-15,bundang,41135,4549,1614,753,6916
2024-12-16,bundang,41135,4488,1597,744,6829
2024-12-17,bundang,41135,4544,1627,743,6914
2024-12-19,bundang,41135,4593,1660,748,7001
2024-12-20,bundang,41135,4620,1673,771,7064
2024-12-21,bundang,41135,4641,1685,777,7103
2024-12-22,bundang,41135,4628,1668,765,7061
2024-12-23,bundang,41135,4563,1655,758,6976
2024-12-24,bundang,41135,4633,1682,763,7078
2024-12-25,bundang,41135,4683,1679,772,7134
2024-12-26,bundang,41135,4604,1669,760,7033
2024-12-27,bundang,41135,4660,1688,757,7105
2024-12-28,bundang,41135,4666,1698,762,7126
2024-12-29,bundang,41135,4621,1679,756,7056
2024-12-30,bundang,41135,4545,1668,751,6964
2024-12-31,bundang,41135,4621,1662,763,7046
2025-01-01,bundang,41135,4679,1664,769,7112
2025-01-02,bundang,41135,4595,1642,760,6997
2025-01-03,bundang,41135,4619,1658,764,7041
2025-01-04,bundang,41135,4661,1680,762,7103
2025-01-05,bundang,41135,4643,1681,767,7091
2025-01-06,bundang,41135,4587,1669,754,7010
2025-01-07,bundang,41135,4608,1687,759,7054
2025-01-08,bundang,41135,4675,1720,775,7170
2025-01-09,bundang,41135,4664,1722,770,7156
2025-01-10,bundang,41135,4698,1724,764,7186
2025-01-11,bundang,41135,4738,1714,766,7218
2025-01-12,bundang,41135,4679,1707,762,7148
2025-01-13,bundang,41135,4624,1697,750,7071
2025-01-14,bundang,41135,4696,1705,766,7167
2025-01-15,bundang,41135,4761,1723,782,7266
2025-01-16,bundang,41135,4756,1705,782,7243
2025-01-17,bundang,41135,4758,1709,774,7241
2025-01-18,bundang,41135,4791,1711,781,7283
2025-01-19,bundang,41135,4681,1647,754,7082
2025-01-20,bundang,41135,4625,1637,750,7012
2025-01-21,bundang,41135,4750,1660,779,7189
2025-01-22,bundang,41135,4831,1656,799,7286
2025-01-23,bundang,41135,4809,1635,788,7232
2025-01-24,bundang,41135,4821,1616,788,7225
2025-01-25,bundang,41135,4894,1632,781,7307
2025-01-26,bundang,41135,4822,1618,773,7213
2025-01-27,bundang,41135,4794,1607,773,7174
2025-01-28,bundang,41135,4793,1605,771,7169
2025-01-29,bundang,41135,4792,1604,771,7167
2025-01-30,bundang,41135,4719,1592,767,7078
2025-01-31,bundang,41135,4667,1570,759,6996
2025-02-01,bundang,41135,4667,1532,733,6932
2025-02-02,bundang,41135,4544,1468,696,6708
2025-02-03,bundang,41135,4451,1446,684,6581
2025-02-04,bundang,41135,4476,1416,684,6576
2025-02-05,bundang,41135,4597,1455,706,6758
2025-02-06,bundang,41135,4693,1487,724,6904
2025-02-07,bundang,41135,4757,1485,730,6972
2025-02-08,bundang,41135,4881,1524,730,7135
2025-02-09,bundang,41135,4824,1509,731,7064
2025-02-10,bundang,41135,4733,1485,723,6941
2025-02-11,bundang,41135,4850,1487,738,7075
2025-02-12,bundang,41135,4931,1503,750,7184
2025-02-13,bundang,41135,4945,1458,742,7145
2025-02-14,bundang,41135,4968,1448,745,7161
2025-02-15,bundang,41135,5006,1440,745,7191
2025-02-16,bundang,41135,4975,1419,745,7139
2025-02-17,bundang,41135,4902,1405,737,7044
2025-02-18,bundang,41135,5020,1440,733,7193
2025-02-19,bundang,41135,5062,1453,726,7241
2025-02-20,bundang,41135,5014,1436,724,7174
2025-02-21,bundang,41135,5036,1442,726,7204
2025-02-22,bundang,41135,5062,1452,719,7233
2025-02-23,bundang,41135,5028,1443,710,7181
2025-02-24,bundang,41135,4919,1423,700,7042
2025-02-25,bundang,41135,5037,1434,720,7191
2025-02-26,bundang,41135,5140,1461,723,7324
2025-02-27,bundang,41135,5208,1481,729,7418
2025-02-28,bundang,41135,5253,1475,732,7460
2025-03-01,bundang,41135,5289,1478,737,7504
2025-03-02,bundang,41135,5281,1468,732,7481
2025-03-03,bundang,41135,5247,1460,730,7437
2025-03-04,bundang,41135,5230,1453,721,7404
2025-03-05,bundang,41135,5251,1473,735,7459
2025-03-06,bundang,41135,5234,1484,743,7461
2025-03-07,bundang,41135,5230,1485,750,7465
2025-03-08,bundang,41135,5215,1468,756,7439
2025-03-09,bundang,41135,5193,1461,753,7407
2025-03-10,bundang,41135,5101,1441,747,7289
2025-03-11,bundang,41135,5201,1473,737,7411
2025-03-12,bundang,41135,5259,1459,746,7464
2025-03-13,bundang,41135,5230,1450,753,7433
2025-03-14,bundang,41135,5225,1418,737,7380
2025-03-15,bundang,41135,5217,1405,734,7356
2025-03-16,bundang,41135,5188,1386,721,7295
2025-03-17,bundang,41135,5129,1360,710,7199
2025-03-18,bundang,41135,5151,1336,704,7191
2025-03-19,bundang,41135,5222,1334,717,7273
2025-03-20,bundang,41135,5193,1318,718,7229
2025-03-21,bundang,41135,5218,1325,702,7245
2025-03-24,bundang,41135,5116,1303,673,7092
2025-03-25,bundang,41135,5169,1303,690,7162
2025-03-26,bundang,41135,5165,1287,683,7135
2025-03-27,bundang,41135,5078,1254,681,7013
2025-03-28,bundang,41135,5051,1230,686,6967
2025-03-29,bundang,41135,5067,1240,677,6984
2025-03-30,bundang,41135,5066,1237,671,6974
2025-03-31,bundang,41135,5028,1222,664,6914
2025-04-01,bundang,41135,5104,1237,674,7015
2025-04-02,bundang,41135,5149,1257,665,7071
2025-04-03,bundang,41135,5183,1261,661,7105
2025-04-04,bundang,41135,5176,1255,659,7090
2025-04-05,bundang,41135,5167,1259,662,7088
2025-04-06,bundang,41135,5182,1241,660,7083
2025-04-07,bundang,41135,5113,1234,655,7002
2025-04-08,bundang,41135,5201,1235,654,7090
2025-04-09,bundang,41135,5253,1255,664,7172
2025-04-10,bundang,41135,5211,1273,673,7157
2025-04-11,bundang,41135,5239,1278,678,7195
2025-04-12,bundang,41135,5258,1289,684,7231
2025-04-13,bundang,41135,5197,1287,678,7162
2025-04-14,bundang,41135,5122,1281,669,7072
2025-04-15,bundang,41135,5188,1268,673,7129
2025-04-16,bundang,41135,5235,1283,687,7205
2025-04-17,bundang,41135,5181,1266,681,7128
2025-04-18,bundang,41135,5166,1282,682,7130
2025-04-19,bundang,41135,5176,1294,680,7150
2025-04-20,bundang,41135,5160,1295,677,7132
2025-04-21,bundang,41135,5106,1284,676,7066
2025-04-22,bundang,41135,5148,1272,691,7111
2025-04-23,bundang,41135,5168,1283,701,7152
2025-04-24,bundang,41135,5135,1275,705,7115
2025-04-25,bundang,41135,5140,1262,706,7108
2025-04-26,bundang,41135,5124,1262,702,7088
2025-04-27,bundang,41135,5063,1248,696,7007
2025-04-28,bundang,41135,5008,1240,692,6940
2025-04-29,bundang,41135,5042,1245,694,6981
2025-04-30,bundang,41135,5092,1258,705,7055
2025-05-01,bundang,41135,5067,1245,703,7015
2025-05-02,bundang,41135,4973,1207,675,6855
2025-05-03,bundang,41135,5015,1226,679,6920
2025-05-04,bundang,41135,5016,1239,674,6929
2025-05-05,bundang,41135,4974,1227,666,6867
2025-05-06,bundang,41135,4943,1222,659,6824
2025-05-07,bundang,41135,4920,1212,649,6781
2025-05-08,bundang,41135,4909,1231,653,6793
2025-05-09,bundang,41135,4957,1247,649,6853
2025-05-10,bundang,41135,4931,1266,649,6846
2025-05-11,bundang,41135,4883,1261,646,6790
2025-05-12,bundang,41135,4825,1248,643,6716
2025-05-13,bundang,41135,4878,1242,657,6777
2025-05-14,bundang,41135,4925,1231,672,6828
2025-05-15,bundang,41135,4849,1224,670,6743
2025-05-16,bundang,41135,4844,1213,683,6740
2025-05-17,bundang,41135,4843,1214,670,6727
2025-05-18,bundang,41135,4810,1207,658,6675
2025-05-19,bundang,41135,4747,1197,651,6595
2025-05-20,bundang,41135,4715,1208,667,6590
2025-05-21,bundang,41135,4752,1235,679,6666
2025-05-22,bundang,41135,4694,1242,677,6613
2025-05-23,bundang,41135,4711,1267,671,6649
2025-05-24,bundang,41135,4716,1265,667,6648
2025-05-25,bundang,41135,4660,1251,662,6573
2025-05-26,bundang,41135,4645,1248,661,6554
2025-05-27,bundang,41135,4679,1266,683,6628
2025-05-28,bundang,41135,4709,1294,683,6686
2025-05-29,bundang,41135,4631,1274,679,6584
2025-05-30,bundang,41135,4615,1251,681,6547
2025-05-31,bundang,41135,4580,1247,682,6509
2025-06-01,bundang,41135,4572,1245,681,6498
2025-06-02,bundang,41135,4502,1232,675,6409
2025-06-03,bundang,41135,4478,1225,658,6361
2025-06-04,bundang,41135,4378,1209,648,6235
2025-06-05,bundang,41135,4406,1245,665,6316
2025-06-06,bundang,41135,4352,1257,672,6281
2025-06-07,bundang,41135,4184,1214,644,6042
2025-06-08,bundang,41135,4215,1222,657,6094
2025-06-09,bundang,41135,4168,1215,648,6031
2025-06-10,bundang,41135,4113,1254,673,6040
2025-06-11,bundang,41135,4115,1280,665,6060
2025-06-12,bundang,41135,3992,1278,668,5938
2025-06-13,bundang,41135,3911,1305,676,5892
2025-06-14,bundang,41135,3855,1306,665,5826
2025-06-15,bundang,41135,3801,1304,666,5771
2025-06-16,bundang,41135,3766,1289,656,5711
2025-06-17,bundang,41135,3698,1308,649,5655
2025-06-18,bundang,41135,3707,1344,663,5714
2025-06-19,bundang,41135,3675,1345,662,5682
2025-06-20,bundang,41135,3644,1343,659,5646
2025-06-21,bundang,41135,3593,1327,638,5558
2025-06-22,bundang,41135,3547,1319,631,5497
2025-06-23,bundang,41135,3491,1309,629,5429
2025-06-24,bundang,41135,3440,1316,620,5376
2025-06-25,bundang,41135,3412,1320,623,5355
2025-06-26,bundang,41135,3384,1326,626,5336
2025-06-27,bundang,41135,3361,1333,623,5317
2025-06-28,bundang,41135,3342,1310,627,5279
2025-06-29,bundang,41135,3335,1311,618,5264
2025-06-30,bundang,41135,3309,1299,610,5218
2025-07-01,bundang,41135,3310,1312,630,5252
2025-07-02,bundang,41135,3349,1326,652,5327
2025-07-03,bundang,41135,3342,1311,661,5314
2025-07-04,bundang,41135,3346,1297,655,5298
2025-07-05,bundang,41135,3370,1297,652,5319
2025-07-06,bundang,41135,3401,1264,656,5321
2025-07-07,bundang,41135,3391,1259,653,5303
2025-07-08,bundang,41135,3354,1239,651,5244
2025-07-09,bundang,41135,3422,1243,662,5327
2025-07-10,bundang,41135,3363,1216,649,5228
2025-07-11,bundang,41135,3367,1210,649,5226
2025-07-12,bundang,41135,3392,1219,639,5250
2025-07-13,bundang,41135,3359,1211,632,5202
2025-07-14,bundang,41135,3322,1205,627,5154
2025-07-15,bundang,41135,3375,1199,638,5212
2025-07-16,bundang,41135,3418,1199,635,5252
2025-07-17,bundang,41135,3423,1183,643,5249
2025-07-18,bundang,41135,3420,1175,642,5237
2025-07-19,bundang,41135,3415,1165,655,5235
2025-07-20,bundang,41135,3412,1159,632,5203
2025-07-21,bundang,41135,3371,1155,627,5153
2025-07-22,bundang,41135,3394,1171,629,5194
2025-07-23,bundang,41135,3439,1173,639,5251
2025-07-24,bundang,41135,3411,1165,637,5213
2025-07-25,bundang,41135,3439,1163,629,5231
2025-07-26,bundang,41135,3428,1154,632,5214
2025-07-27,bundang,41135,3395,1141,626,5162
2025-07-28,bundang,41135,3359,1136,622,5117
2025-07-29,bundang,41135,3408,1139,637,5184
2025-07-30,bundang,41135,3459,1165,645,5269
2025-07-31,bundang,41135,3440,1160,647,5247
2025-08-01,bundang,41135,3437,1158,647,5242
2025-08-02,bundang,41135,3437,1172,650,5259
2025-08-03,bundang,41135,3405,1168,649,5222
2025-08-04,bundang,41135,3369,1157,642,5168
2025-08-05,bundang,41135,3337,1157,637,5131
2025-08-06,bundang,41135,3350,1162,641,5153
2025-08-15,bundang,41135,3499,1216,664,5379
2025-08-16,bundang,41135,3434,1180,643,5257
2025-08-17,bundang,41135,3488,1191,659,5338
2025-08-18,bundang,41135,3448,1184,647,5279
2025-08-19,bundang,41135,3482,1196,647,5325
2025-08-20,bundang,41135,3538,1185,657,5380
2025-08-21,bundang,41135,3516,1183,646,5345
2025-08-22,bundang,41135,3538,1185,635,5358
2025-08-23,bundang,41135,3569,1190,649,5408
2025-08-24,bundang,41135,3535,1186,657,5378
2025-08-27,bundang,41135,3622,1187,657,5466
2025-08-28,bundang,41135,3604,1198,657,5459
2025-08-29,bundang,41135,3632,1198,655,5485
2025-08-30,bundang,41135,3643,1203,651,5497
2025-08-31,bundang,41135,3617,1197,639,5453
2025-09-01,bundang,41135,3644,1208,643,5495
2025-09-02,bundang,41135,3640,1215,641,5496
2025-09-03,bundang,41135,3662,1233,647,5542
2025-09-04,bundang,41135,3650,1229,658,5537
2025-09-05,bundang,41135,3651,1240,672,5563
2025-09-06,bundang,41135,3650,1248,672,5570
2025-09-09,bundang,41135,3576,1222,671,5469
2025-09-10,bundang,41135,3603,1225,680,5508
2025-09-11,bundang,41135,3543,1226,675,5444
2025-09-12,bundang,41135,3525,1222,666,5413
2025-09-15,bundang,41135,3456,1207,662,5325
2025-09-16,bundang,41135,3435,1214,672,5321
2025-09-17,bundang,41135,3471,1234,677,5382
2025-09-18,bundang,41135,3437,1232,674,5343
2025-09-19,bundang,41135,3439,1234,665,5338
2025-09-20,bundang,41135,3371,1219,660,5250
2025-09-21,bundang,41135,3314,1191,651,5156
2025-09-22,bundang,41135,3286,1176,638,5100
2025-09-23,bundang,41135,3226,1160,639,5025
2025-09-24,bundang,41135,3215,1167,651,5033
2025-09-25,bundang,41135,3135,1173,647,4955
2025-09-26,bundang,41135,3104,1166,649,4919
2025-09-27,bundang,41135,3030,1164,659,4853
2025-09-28,bundang,41135,3010,1157,655,4822
2025-09-29,bundang,41135,2975,1145,649,4769
2025-09-30,bundang,41135,2926,1155,655,4736
2025-10-01,bundang,41135,2928,1171,658,4757
2025-10-02,bundang,41135,2820,1168,650,4638
2025-10-03,bundang,41135,2815,1175,647,4637
2025-10-04,bundang,41135,2781,1160,636,4577
2025-10-07,bundang,41135,2765,1147,629,4541
2025-10-08,bundang,41135,2762,1147,628,4537
2025-10-09,bundang,41135,2716,1136,620,4472
2025-10-10,bundang,41135,2686,1120,615,4421
2025-10-11,bundang,41135,2723,1158,618,4499
2025-10-12,bundang,41135,2704,1154,612,4470
2025-10-13,bundang,41135,2671,1138,605,4414
2025-10-14,bundang,41135,2702,1195,638,4535
2025-10-15,bundang,41135,2723,1232,659,4614
2025-10-16,bundang,41135,2706,1277,659,4642
2025-10-17,bundang,41135,2719,1275,664,4658
2025-10-18,bundang,41135,2772,1277,665,4714
2025-10-19,bundang,41135,2766,1276,651,4693
2025-10-21,bundang,41135,2312,1253,627,4192
2025-10-22,bundang,41135,2289,1287,640,4216
2025-10-23,bundang,41135,2230,1291,656,4177
2025-10-24,bundang,41135,2238,1273,646,4157
2025-10-25,bundang,41135,2235,1273,640,4148
2025-10-26,bundang,41135,2200,1267,631,4098
2025-10-27,bundang,41135,2163,1257,622,4042
2025-10-28,bundang,41135,2189,1250,616,4055
2025-10-29,bundang,41135,2203,1234,627,4064
2025-10-30,bundang,41135,2195,1221,636,4052
2025-11-01,bundang,41135,2199,1211,640,4050
2025-11-02,bundang,41135,2167,1211,633,4011
2025-11-03,bundang,41135,2160,1209,631,4000
2025-11-04,bundang,41135,2159,1206,650,4015
2025-11-06,bundang,41135,2213,1227,666,4106
2025-11-07,bundang,41135,2213,1231,664,4108
2025-11-08,bundang,41135,2213,1235,664,4112
2025-11-09,bundang,41135,2213,1246,662,4121
2025-11-10,bundang,41135,2185,1230,656,4071
2025-11-11,bundang,41135,2201,1225,659,4085
2025-11-12,bundang,41135,2213,1222,671,4106
2025-11-13,bundang,41135,2185,1185,672,4042
2025-11-14,bundang,41135,2193,1181,667,4041
2025-11-15,bundang,41135,2209,1173,665,4047
2025-11-18,bundang,41135,2181,1150,667,3998
2025-11-19,bundang,41135,2181,1152,662,3995
2025-11-20,bundang,41135,2175,1141,658,3974
2025-11-21,bundang,41135,2162,1143,649,3954
2025-11-22,bundang,41135,2180,1132,648,3960
2025-11-23,bundang,41135,2158,1119,645,3922
2025-11-24,bundang,41135,2153,1110,644,3907
2025-11-25,bundang,41135,2172,1130,655,3957
2025-11-26,bundang,41135,2198,1144,664,4006
2025-11-27,bundang,41135,2169,1145,679,3993
2025-11-28,bundang,41135,2167,1146,678,3991
2025-11-29,bundang,41135,2151,1132,683,3966
2025-11-30,bundang,41135,2135,1131,681,3947
2025-12-01,bundang,41135,2115,1122,675,3912
2025-12-02,bundang,41135,2110,1131,677,3918
2025-12-03,bundang,41135,2118,1148,677,3943
2025-12-04,bundang,41135,2114,1160,675,3949
2025-12-05,bundang,41135,2120,1164,686,3970
2025-12-06,bundang,41135,2115,1156,679,3950
2025-12-07,bundang,41135,2109,1179,671,3959
2025-12-08,bundang,41135,2096,1161,661,3918
2025-12-09,bundang,41135,2097,1154,675,3926
2025-12-10,bundang,41135,2112,1159,686,3957
2025-12-11,bundang,41135,2098,1153,684,3935
2025-12-12,bundang,41135,2096,1149,689,3934
2025-12-13,bundang,41135,2094,1151,678,3923
2025-12-14,bundang,41135,2056,1142,677,3875
2025-12-15,bundang,41135,2031,1132,671,3834
2025-12-16,bundang,41135,2045,1105,687,3837
2025-12-17,bundang,41135,2054,1094,681,3829
2025-12-18,bundang,41135,2023,1089,690,3802
2025-12-19,bundang,41135,2025,1086,698,3809
2025-12-20,bundang,41135,2023,1084,679,3786
2025-12-21,bundang,41135,2021,1073,670,3764
2025-12-22,bundang,41135,2001,1057,659,3717
2025-12-23,bundang,41135,2000,1037,652,3689
2025-12-24,bundang,41135,2011,1039,664,3714
2025-12-26,bundang,41135,2020,1021,672,3713
2025-12-27,bundang,41135,2007,1014,666,3687
2025-12-28,bundang,41135,1977,1016,665,3658
2025-12-29,bundang,41135,1957,1007,658,3622
2025-12-30,bundang,41135,1967,1018,662,3647
2025-12-31,bundang,41135,1987,1025,660,3672
2026-01-01,bundang,41135,1956,1012,656,3624
2026-01-02,bundang,41135,1931,1005,650,3586
2026-01-03,bundang,41135,1941,1022,662,3625
2026-01-04,bundang,41135,1950,1013,652,3615
2026-01-05,bundang,41135,1938,1000,642,3580
2026-01-06,bundang,41135,1934,1011,641,3586
2026-01-07,bundang,41135,1950,1012,651,3613
2026-01-08,bundang,41135,1953,996,629,3578
2026-01-09,bundang,41135,1956,989,627,3572
2026-01-10,bundang,41135,1960,990,626,3576
2026-01-12,bundang,41135,1930,965,619,3514
2026-01-13,bundang,41135,1953,970,619,3542
2026-01-14,bundang,41135,1983,980,634,3597
2026-01-15,bundang,41135,1966,972,626,3564
2026-01-16,bundang,41135,1993,968,633,3594
2026-01-17,bundang,41135,2004,959,640,3603
2026-01-18,bundang,41135,1986,949,623,3558
2026-01-19,bundang,41135,1957,935,623,3515
2026-01-20,bundang,41135,1954,925,644,3523
2026-01-21,bundang,41135,1982,942,654,3578
2026-01-22,bundang,41135,1992,939,653,3584
2026-01-23,bundang,41135,2002,927,640,3569
2026-01-24,bundang,41135,2009,935,631,3575
2026-01-25,bundang,41135,2023,937,627,3587
2026-01-26,bundang,41135,2005,932,623,3560
2026-01-27,bundang,41135,2064,956,624,3644
2026-01-28,bundang,41135,2116,959,618,3693
2026-01-29,bundang,41135,2115,943,616,3674
2026-01-30,bundang,41135,2124,949,619,3692
2026-01-31,bundang,41135,2147,933,611,3691
2026-02-02,bundang,41135,2118,922,609,3649
2026-02-03,bundang,41135,2173,931,608,3712
2026-02-04,bundang,41135,2241,917,596,3754
2026-02-05,bundang,41135,2279,911,576,3766
2026-02-06,bundang,41135,2323,911,567,3801
2026-02-07,bundang,41135,2365,895,557,3817
2026-02-09,bundang,41135,2386,857,525,3768
2026-02-10,bundang,41135,2423,850,525,3798
2026-02-11,bundang,41135,2498,818,511,3827
2026-02-12,bundang,41135,2566,790,502,3858
2026-02-13,bundang,41135,2645,758,485,3888
2026-02-14,bundang,41135,2756,740,483,3979
2026-02-15,bundang,41135,2746,734,480,3960
2026-02-16,bundang,41135,2729,728,476,3933
2026-02-17,bundang,41135,2719,724,472,3915
2026-02-18,bundang,41135,2719,722,472,3913
2026-02-19,bundang,41135,2686,712,463,3861
2026-02-20,bundang,41135,2830,706,469,4005
2026-02-21,bundang,41135,2945,684,460,4089
2026-02-22,bundang,41135,3022,670,462,4154
2026-02-23,bundang,41135,2991,662,461,4114
2026-02-24,bundang,41135,3132,647,463,4242
2026-02-25,bundang,41135,3213,645,469,4327
2026-02-26,bundang,41135,3265,651,476,4392
2026-02-27,bundang,41135,3306,636,473,4415
2026-02-28,bundang,41135,3362,635,460,4457
2026-03-02,bundang,41135,3319,610,427,4356
2026-03-03,bundang,41135,3312,610,426,4348
2026-03-04,bundang,41135,3488,628,439,4555
2026-03-05,bundang,41135,3575,618,428,4621
2026-03-06,bundang,41135,3595,607,426,4628
2026-03-07,bundang,41135,3639,606,416,4661
2026-03-08,bundang,41135,3651,615,422,4688
2026-03-09,bundang,41135,3626,612,415,4653
2026-03-10,bundang,41135,3683,614,410,4707
2026-03-11,bundang,41135,3713,601,406,4720
2026-03-12,bundang,41135,3723,584,411,4718
2026-03-13,bundang,41135,3735,572,415,4722
2026-03-14,bundang,41135,3744,585,404,4733
2026-03-15,bundang,41135,3733,586,411,4730
2026-03-16,bundang,41135,3678,579,402,4659
2026-03-17,bundang,41135,3807,613,413,4833
2026-03-18,bundang,41135,3806,613,410,4829
2026-03-19,bundang,41135,3813,613,404,4830
2026-03-20,bundang,41135,3839,619,409,4867
2026-03-21,bundang,41135,3859,610,421,4890
2026-03-23,bundang,41135,3802,592,409,4803
2026-03-24,bundang,41135,3758,585,405,4748
2026-03-25,bundang,41135,3790,578,397,4765
2026-03-26,bundang,41135,3773,571,384,4728
2026-03-27,bundang,41135,3753,563,379,4695
2026-03-28,bundang,41135,3750,561,371,4682
2026-03-29,bundang,41135,3699,560,369,4628
2026-03-30,bundang,41135,3653,552,368,4573
2026-03-31,bundang,41135,3695,564,377,4636
2026-04-01,bundang,41135,3741,578,386,4705
2026-04-02,bundang,41135,3749,575,384,4708
2026-04-03,bundang,41135,3715,575,388,4678
2026-04-04,bundang,41135,3709,581,400,4690
2026-04-05,bundang,41135,3704,591,399,4694
2026-04-06,bundang,41135,3664,590,399,4653
2026-04-07,bundang,41135,3684,607,410,4701
2026-04-08,bundang,41135,3742,619,418,4779
2026-04-09,bundang,41135,3706,623,415,4744
2026-04-10,bundang,41135,3703,629,414,4746
2026-04-11,bundang,41135,3693,643,419,4755
2026-04-12,bundang,41135,3678,635,413,4726
2026-04-13,bundang,41135,3636,628,412,4676
2026-04-14,bundang,41135,3682,644,429,4755
2026-04-15,bundang,41135,3688,645,435,4768
2026-04-16,bundang,41135,3624,639,434,4697
2026-04-17,bundang,41135,3605,623,442,4670
2026-04-18,bundang,41135,3590,613,437,4640
2026-04-19,bundang,41135,3590,618,435,4643
2026-04-20,bundang,41135,3555,607,431,4593
2026-04-21,bundang,41135,3547,591,434,4572
2026-04-22,bundang,41135,3563,593,433,4589
2026-04-23,bundang,41135,3533,577,428,4538
2026-04-24,bundang,41135,3525,573,419,4517
2026-04-25,bundang,41135,3516,571,420,4507
2026-04-26,bundang,41135,3479,565,414,4458
2026-04-27,bundang,41135,3439,562,410,4411
2026-04-28,bundang,41135,3462,555,417,4434
2026-04-29,bundang,41135,3466,556,403,4425
2026-04-30,bundang,41135,3417,546,389,4352
2026-05-01,bundang,41135,3381,537,390,4308
2026-05-02,bundang,41135,3308,521,370,4199
2026-05-04,bundang,41135,3283,528,382,4193
2026-05-05,bundang,41135,3255,548,390,4193
2026-05-06,bundang,41135,3223,527,377,4127
2026-05-07,bundang,41135,3188,551,384,4123
2026-05-08,bundang,41135,3152,547,382,4081
2026-05-09,bundang,41135,3100,542,383,4025
2026-05-10,bundang,41135,3038,541,385,3964
2026-05-11,bundang,41135,2990,537,380,3907
2026-05-12,bundang,41135,2846,541,380,3767
2026-05-13,bundang,41135,2830,547,395,3772
2026-05-14,bundang,41135,2793,548,399,3740
2026-05-15,bundang,41135,2790,538,390,3718
2026-05-16,bundang,41135,2800,551,385,3736
2026-05-17,bundang,41135,2779,547,371,3697
2026-05-18,bundang,41135,2754,541,366,3661
2026-05-19,bundang,41135,2755,526,352,3633
2026-05-20,bundang,41135,2782,537,348,3667
2026-05-21,bundang,41135,2773,523,334,3630
2026-05-22,bundang,41135,2757,524,331,3612
2026-05-23,bundang,41135,2767,526,333,3626
2026-05-24,bundang,41135,2758,531,328,3617
2026-05-25,bundang,41135,2747,530,328,3605
2026-05-26,bundang,41135,2734,518,323,3575
2026-05-27,bundang,41135,2774,533,337,3644
2026-05-28,bundang,41135,2800,528,342,3670
2026-05-29,bundang,41135,2798,526,334,3658
2026-05-30,bundang,41135,2819,531,342,3692
2026-05-31,bundang,41135,2818,529,337,3684
2026-06-01,bundang,41135,2809,529,337,3675
2026-06-02,bundang,41135,2782,537,341,3660
2026-06-03,bundang,41135,2816,561,342,3719
2026-06-04,bundang,41135,2744,540,325,3609
2026-06-05,bundang,41135,2783,568,340,3691
2026-06-06,bundang,41135,2739,577,330,3646
2026-06-07,bundang,41135,2641,563,311,3515
2026-06-08,bundang,41135,2668,588,317,3573
2026-06-09,bundang,41135,2712,603,329,3644
2026-06-10,bundang,41135,2730,615,327,3672
2026-06-11,bundang,41135,2689,630,332,3651
2026-06-12,bundang,41135,2701,645,342,3688
2026-06-13,bundang,41135,2688,650,338,3676
2026-06-14,bundang,41135,2671,650,340,3661
2026-06-15,bundang,41135,2652,642,336,3630
2026-06-16,bundang,41135,2665,665,345,3675
2026-06-17,bundang,41135,2673,684,358,3715
2026-06-18,bundang,41135,2649,684,365,3698
2026-06-20,bundang,41135,2624,673,376,3673
2026-06-21,bundang,41135,2612,671,376,3659
2026-06-22,bundang,41135,2587,667,375,3629
2026-06-23,bundang,41135,2604,660,374,3638
2026-06-24,bundang,41135,2625,658,376,3659
2026-06-25,bundang,41135,2628,669,385,3682
2026-06-26,bundang,41135,2627,661,379,3667
2026-06-27,bundang,41135,2641,669,372,3682
2026-06-28,bundang,41135,2615,665,371,3651
2026-06-29,bundang,41135,2587,662,367,3616
2026-06-30,bundang,41135,2583,671,375,3629
2026-07-01,bundang,41135,2605,666,382,3653
2026-07-02,bundang,41135,2626,654,384,3664
2026-07-03,bundang,41135,2586,646,377,3609
2026-07-04,bundang,41135,2577,640,374,3591
2026-07-05,bundang,41135,2551,614,370,3535
2026-07-06,bundang,41135,2543,615,366,3524
2026-07-07,bundang,41135,2564,632,367,3563
2026-07-08,bundang,41135,2563,646,375,3584
2026-07-09,bundang,41135,2522,640,374,3536
2026-07-10,bundang,41135,2531,641,380,3552
2026-07-11,bundang,41135,2550,652,389,3591
2026-07-12,bundang,41135,2522,643,388,3553
2026-07-13,bundang,41135,2500,638,384,3522
2026-07-14,bundang,41135,2545,641,388,3574
2026-07-17,bundang,41135,2581,667,409,3657
2026-07-18,bundang,41135,2557,637,396,3590
2026-07-19,bundang,41135,2576,648,390,3614
2026-07-20,bundang,41135,2556,642,386,3584
2026-07-21,bundang,41135,2557,663,389,3609
2026-07-23,bundang,41135,2589,670,394,3653
2026-07-24,bundang,41135,2614,665,397,3676
2026-07-25,bundang,41135,2620,664,392,3676
2026-07-26,bundang,41135,2618,657,392,3667
2026-07-27,bundang,41135,2589,650,390,3629
2026-07-28,bundang,41135,2621,661,388,3670
2026-07-29,bundang,41135,2644,656,395,3695
2026-07-30,bundang,41135,2643,656,404,3703
2026-07-31,bundang,41135,2635,655,399,3689
2026-08-01,bundang,41135,2638,645,399,3682
2026-08-02,bundang,41135,2649,639,402,3690
2026-08-03,bundang,41135,2620,634,399,3653
2026-08-04,bundang,41135,2617,630,396,3643
2026-08-05,bundang,41135,2628,633,396,3657
2026-08-06,bundang,41135,2590,626,394,3610
2026-08-07,bundang,41135,2620,632,404,3656
2026-08-08,bundang,41135,2649,641,401,3691
2026-08-09,bundang,41135,2629,645,395,3669
2026-08-10,bundang,41135,2587,642,390,3619
2026-08-11,bundang,41135,2678,660,402,3740
2026-08-12,bundang,41135,2740,674,410,3824
2026-08-14,bundang,41135,2820,685,407,3912
2026-08-15,bundang,41135,2850,693,411,3954
2026-08-16,bundang,41135,2790,658,394,3842
2026-08-17,bundang,41135,2781,658,394,3833
2026-08-18,bundang,41135,2743,642,379,3764
2026-08-19,bundang,41135,2884,695,411,3990
2026-08-20,bundang,41135,2859,684,407,3950
2026-08-21,bundang,41135,2878,683,410,3971
2026-08-22,bundang,41135,2895,678,406,3979
2026-08-23,bundang,41135,2877,682,404,3963
2026-08-25,bundang,41135,2918,698,404,4020
2026-08-26,bundang,41135,2948,697,419,4064
2026-08-27,bundang,41135,2937,691,421,4049
2026-08-28,bundang,41135,2958,698,415,4071
2026-08-29,bundang,41135,2976,696,407,4079
2026-08-30,bundang,41135,2969,708,411,4088
2026-08-31,bundang,41135,2943,703,410,4056
2026-09-01,bundang,41135,2986,707,416,4109
2026-09-03,bundang,41135,3078,723,428,4229
2026-09-04,bundang,41135,3115,725,424,4264
2026-09-05,bundang,41135,3165,733,435,4333
2026-09-06,bundang,41135,3171,721,429,4321
2026-09-07,bundang,41135,3137,713,427,4277
2026-09-09,bundang,41135,3254,734,405,4393
2026-09-11,bundang,41135,3242,720,387,4349
2026-09-12,bundang,41135,3250,711,385,4346
2026-09-13,bundang,41135,3234,706,389,4329
2026-09-14,bundang,41135,3200,697,385,4282
2026-09-15,bundang,41135,3277,699,380,4356
2026-09-16,bundang,41135,3324,699,384,4407
2026-09-17,bundang,41135,3369,705,389,4463
2026-09-18,bundang,41135,3345,699,384,4428
2026-09-19,bundang,41135,3346,703,392,4441
2026-09-21,bundang,41135,3318,708,388,4414
2026-09-22,bundang,41135,3354,715,391,4460
2026-09-23,bundang,41135,3368,727,387,4482
2026-09-24,bundang,41135,3351,715,392,4458
2026-09-25,bundang,41135,3332,710,390,4432
2026-09-27,bundang,41135,3280,698,386,4364
2026-09-28,bundang,41135,3249,697,385,4331
2026-09-29,bundang,41135,3344,710,392,4446
2026-09-30,bundang,41135,3394,733,417,4544
2026-10-01,bundang,41135,3408,749,427,4584
2026-10-02,bundang,41135,3427,744,425,4596
2026-10-03,bundang,41135,3452,757,439,4648
2026-10-04,bundang,41135,3391,727,414,4532
2026-10-05,bundang,41135,3359,718,409,4486
2026-10-06,bundang,41135,3337,706,394,4437
2026-10-07,bundang,41135,3493,744,415,4652
2023-09-01,gangdong,11740,3793,1281,436,5510
2023-09-02,gangdong,11740,3847,1299,447,5593
2023-09-03,gangdong,11740,3842,1305,443,5590
2023-09-04,gangdong,11740,3768,1286,438,5492
2023-09-05,gangdong,11740,3822,1313,457,5592
2023-09-06,gangdong,11740,3869,1295,453,5617
2023-09-07,gangdong,11740,3866,1298,444,5608
2023-09-08,gangdong,11740,3871,1299,438,5608
2023-09-09,gangdong,11740,3865,1317,437,5619
2023-09-10,gangdong,11740,3889,1309,438,5636
2023-09-11,gangdong,11740,3820,1299,430,5549
2023-09-12,gangdong,11740,3892,1309,427,5628
2023-09-14,gangdong,11740,3929,1322,438,5689
2023-09-15,gangdong,11740,3950,1323,444,5717
2023-09-16,gangdong,11740,3920,1326,440,5686
2023-09-17,gangdong,11740,3890,1303,434,5627
2023-09-18,gangdong,11740,3791,1286,430,5507
2023-09-19,gangdong,11740,3818,1277,424,5519
2023-09-20,gangdong,11740,3890,1308,433,5631
2023-09-21,gangdong,11740,3887,1315,449,5651
2023-09-23,gangdong,11740,3921,1296,457,5674
2023-09-24,gangdong,11740,3895,1286,465,5646
2023-09-25,gangdong,11740,3817,1260,455,5532
2023-09-26,gangdong,11740,3848,1246,453,5547
2023-09-27,gangdong,11740,3922,1266,460,5648
2023-09-28,gangdong,11740,3935,1275,463,5673
2023-09-29,gangdong,11740,3875,1248,454,5577
2023-09-30,gangdong,11740,3827,1238,452,5517
2023-10-01,gangdong,11740,3768,1214,448,5430
2023-10-02,gangdong,11740,3677,1197,440,5314
2023-10-03,gangdong,11740,3637,1178,428,5243
2023-10-04,gangdong,11740,3653,1174,424,5251
2023-10-05,gangdong,11740,3810,1237,471,5518
2023-10-06,gangdong,11740,3841,1277,481,5599
2023-10-07,gangdong,11740,3872,1318,488,5678
2023-10-08,gangdong,11740,3873,1337,484,5694
2023-10-09,gangdong,11740,3806,1325,481,5612
2023-10-10,gangdong,11740,3753,1294,470,5517
2023-10-11,gangdong,11740,3915,1404,479,5798
2023-10-12,gangdong,11740,3900,1426,484,5810
2023-10-13,gangdong,11740,3881,1441,483,5805
2023-10-14,gangdong,11740,3890,1471,496,5857
2023-10-15,gangdong,11740,3881,1478,481,5840
2023-10-16,gangdong,11740,3804,1458,471,5733
2023-10-17,gangdong,11740,3854,1466,476,5796
2023-10-18,gangdong,11740,3952,1523,496,5971
2023-10-19,gangdong,11740,3961,1525,507,5993
2023-10-20,gangdong,11740,3937,1526,517,5980
2023-10-21,gangdong,11740,3920,1533,529,5982
2023-10-22,gangdong,11740,3910,1538,533,5981
2023-10-23,gangdong,11740,3819,1517,524,5860
2023-10-24,gangdong,11740,3876,1532,538,5946
2023-10-25,gangdong,11740,3946,1581,552,6079
2023-10-26,gangdong,11740,3905,1602,561,6068
2023-10-27,gangdong,11740,3899,1617,569,6085
2023-10-28,gangdong,11740,3893,1624,563,6080
2023-10-29,gangdong,11740,3962,1639,574,6175
2023-10-30,gangdong,11740,3957,1635,567,6159
2023-10-31,gangdong,11740,4000,1672,573,6245
2023-11-01,gangdong,11740,4052,1715,601,6368
2023-11-02,gangdong,11740,4132,1733,632,6497
2023-11-03,gangdong,11740,4156,1754,666,6576
2023-11-04,gangdong,11740,4143,1762,667,6572
2023-11-05,gangdong,11740,4061,1723,658,6442
2023-11-06,gangdong,11740,3954,1692,647,6293
2023-11-07,gangdong,11740,4001,1701,665,6367
2023-11-08,gangdong,11740,4079,1735,670,6484
2023-11-09,gangdong,11740,4127,1750,674,6551
2023-11-10,gangdong,11740,4116,1738,680,6534
2023-11-11,gangdong,11740,4083,1728,683,6494
2023-11-12,gangdong,11740,4050,1733,694,6477
2023-11-13,gangdong,11740,3982,1704,685,6371
2023-11-14,gangdong,11740,4018,1723,695,6436
2023-11-15,gangdong,11740,4089,1748,717,6554
2023-11-16,gangdong,11740,4047,1769,723,6539
2023-11-17,gangdong,11740,4046,1773,740,6559
2023-11-18,gangdong,11740,4052,1791,733,6576
2023-11-19,gangdong,11740,4026,1781,740,6547
2023-11-21,gangdong,11740,3973,1783,733,6489
2023-11-22,gangdong,11740,4045,1825,736,6606
2023-11-23,gangdong,11740,4000,1822,741,6563
2023-11-24,gangdong,11740,4015,1799,738,6552
2023-11-25,gangdong,11740,4009,1799,738,6546
2023-11-26,gangdong,11740,3969,1805,735,6509
2023-11-27,gangdong,11740,3886,1781,724,6391
2023-11-28,gangdong,11740,3907,1793,724,6424
2023-11-29,gangdong,11740,3988,1808,740,6536
2023-11-30,gangdong,11740,3996,1815,740,6551
2023-12-01,gangdong,11740,3974,1803,733,6510
2023-12-02,gangdong,11740,3949,1814,725,6488
2023-12-03,gangdong,11740,3952,1815,712,6479
2023-12-04,gangdong,11740,3871,1784,700,6355
2023-12-05,gangdong,11740,3850,1801,703,6354
2023-12-06,gangdong,11740,3964,1809,712,6485
2023-12-07,gangdong,11740,3942,1842,713,6497
2023-12-08,gangdong,11740,3907,1842,720,6469
2023-12-09,gangdong,11740,3951,1867,728,6546
2023-12-10,gangdong,11740,3943,1860,733,6536
2023-12-11,gangdong,11740,3861,1831,725,6417
2023-12-12,gangdong,11740,3862,1847,734,6443
2023-12-13,gangdong,11740,3977,1882,747,6606
2023-12-14,gangdong,11740,3959,1896,741,6596
2023-12-15,gangdong,11740,3929,1886,749,6564
2023-12-16,gangdong,11740,3907,1901,755,6563
2023-12-17,gangdong,11740,3901,1908,747,6556
2023-12-18,gangdong,11740,3824,1883,737,6444
2023-12-19,gangdong,11740,3848,1906,739,6493
2023-12-20,gangdong,11740,3924,1933,765,6622
2023-12-21,gangdong,11740,3904,1914,760,6578
2023-12-22,gangdong,11740,3879,1881,747,6507
2023-12-23,gangdong,11740,3884,1894,752,6530
2023-12-25,gangdong,11740,3799,1857,737,6393
2023-12-26,gangdong,11740,3759,1832,728,6319
2023-12-27,gangdong,11740,3895,1872,754,6521
2023-12-28,gangdong,11740,3879,1922,751,6552
2023-12-29,gangdong,11740,3847,1917,731,6495
2023-12-30,gangdong,11740,3851,1904,717,6472
2023-12-31,gangdong,11740,3885,1909,718,6512
2024-01-01,gangdong,11740,3818,1882,710,6410
2024-01-02,gangdong,11740,3757,1853,704,6314
2024-01-03,gangdong,11740,3851,1910,722,6483
2024-01-04,gangdong,11740,3870,1947,735,6552
2024-01-05,gangdong,11740,3821,1952,727,6500
2024-01-06,gangdong,11740,3860,1991,735,6586
2024-01-07,gangdong,11740,3878,2020,741,6639
2024-01-08,gangdong,11740,3770,1972,734,6476
2024-01-09,gangdong,11740,3840,2011,744,6595
2024-01-10,gangdong,11740,3900,2069,780,6749
2024-01-11,gangdong,11740,3891,2066,776,6733
2024-01-12,gangdong,11740,3909,2088,790,6787
2024-01-13,gangdong,11740,3918,2092,804,6814
2024-01-14,gangdong,11740,3893,2093,801,6787
2024-01-15,gangdong,11740,3805,2052,786,6643
2024-01-16,gangdong,11740,3864,2035,801,6700
2024-01-17,gangdong,11740,3945,2058,817,6820
2024-01-18,gangdong,11740,3926,2030,817,6773
2024-01-19,gangdong,11740,3951,2062,838,6851
2024-01-20,gangdong,11740,4006,2082,853,6941
2024-01-21,gangdong,11740,3985,2091,851,6927
2024-01-22,gangdong,11740,3925,2071,835,6831
2024-01-23,gangdong,11740,3956,2091,837,6884
2024-01-24,gangdong,11740,4060,2126,850,7036
2024-01-25,gangdong,11740,4094,2133,858,7085
2024-01-26,gangdong,11740,4012,2105,840,6957
2024-01-27,gangdong,11740,4036,2091,846,6973
2024-01-28,gangdong,11740,4011,2094,845,6950
2024-01-29,gangdong,11740,3944,2080,839,6863
2024-01-30,gangdong,11740,3979,2062,844,6885
2024-01-31,gangdong,11740,4022,2098,857,6977
2024-02-01,gangdong,11740,4103,2137,874,7114
2024-02-02,gangdong,11740,4103,2154,874,7131
2024-02-03,gangdong,11740,4094,2168,891,7153
2024-02-04,gangdong,11740,4083,2156,907,7146
2024-02-05,gangdong,11740,3987,2114,888,6989
2024-02-06,gangdong,11740,4017,2121,904,7042
2024-02-07,gangdong,11740,4075,2179,933,7187
2024-02-08,gangdong,11740,4056,2175,933,7164
2024-02-09,gangdong,11740,4044,2158,924,7126
2024-02-10,gangdong,11740,3971,2132,917,7020
2024-02-12,gangdong,11740,3799,2077,891,6767
2024-02-13,gangdong,11740,3762,2050,871,6683
2024-02-14,gangdong,11740,3939,2148,893,6980
2024-02-15,gangdong,11740,3987,2204,922,7113
2024-02-16,gangdong,11740,3968,2225,944,7137
2024-02-17,gangdong,11740,4031,2277,975,7283
2024-02-18,gangdong,11740,4030,2285,968,7283
2024-02-19,gangdong,11740,3943,2242,957,7142
2024-02-20,gangdong,11740,3989,2264,951,7204
2024-02-21,gangdong,11740,4070,2316,974,7360
2024-02-22,gangdong,11740,4067,2353,986,7406
2024-02-23,gangdong,11740,4065,2353,995,7413
2024-02-24,gangdong,11740,4087,2411,1008,7506
2024-02-25,gangdong,11740,4126,2428,1015,7569
2024-02-26,gangdong,11740,4040,2390,994,7424
2024-02-27,gangdong,11740,4091,2431,1005,7527
2024-02-28,gangdong,11740,4158,2476,1025,7659
2024-03-01,gangdong,11740,4089,2495,1038,7622
2024-03-02,gangdong,11740,4051,2455,1019,7525
2024-03-03,gangdong,11740,4077,2483,1024,7584
2024-03-04,gangdong,11740,3993,2448,1003,7444
2024-03-05,gangdong,11740,4037,2433,1026,7496
2024-03-06,gangdong,11740,4122,2488,1054,7664
2024-03-07,gangdong,11740,4134,2517,1079,7730
2024-03-08,gangdong,11740,4156,2543,1090,7789
2024-03-09,gangdong,11740,4197,2558,1097,7852
2024-03-10,gangdong,11740,4173,2583,1115,7871
2024-03-11,gangdong,11740,4157,2566,1102,7825
2024-03-12,gangdong,11740,4253,2659,1138,8050
2024-03-13,gangdong,11740,4309,2689,1161,8159
2024-03-14,gangdong,11740,4355,2735,1176,8266
2024-03-15,gangdong,11740,4358,2746,1181,8285
2024-03-16,gangdong,11740,4300,2691,1180,8171
2024-03-17,gangdong,11740,4319,2707,1189,8215
2024-03-18,gangdong,11740,4176,2627,1165,7968
2024-03-19,gangdong,11740,4236,2646,1183,8065
2024-03-20,gangdong,11740,4302,2710,1227,8239
2024-03-21,gangdong,11740,4293,2740,1214,8247
2024-03-22,gangdong,11740,4292,2752,1240,8284
2024-03-23,gangdong,11740,4298,2786,1251,8335
2024-03-24,gangdong,11740,4286,2799,1272,8357
2024-03-25,gangdong,11740,4204,2750,1258,8212
2024-03-26,gangdong,11740,4234,2791,1292,8317
2024-03-27,gangdong,11740,4316,2825,1323,8464
2024-03-28,gangdong,11740,4293,2852,1324,8469
2024-03-29,gangdong,11740,4308,2858,1320,8486
2024-03-30,gangdong,11740,4346,2844,1323,8513
2024-03-31,gangdong,11740,4326,2851,1313,8490
2024-04-01,gangdong,11740,4268,2830,1307,8405
2024-04-02,gangdong,11740,4295,2814,1311,8420
2024-04-03,gangdong,11740,4384,2861,1337,8582
2024-04-04,gangdong,11740,4370,2877,1327,8574
2024-04-05,gangdong,11740,4412,2880,1316,8608
2024-04-06,gangdong,11740,4429,2883,1305,8617
2024-04-07,gangdong,11740,4391,2894,1300,8585
2024-04-08,gangdong,11740,4292,2849,1272,8413
2024-04-09,gangdong,11740,4337,2877,1276,8490
2024-04-10,gangdong,11740,4429,2926,1295,8650
2024-04-11,gangdong,11740,4318,2854,1267,8439
2024-04-12,gangdong,11740,4395,2900,1294,8589
2024-04-13,gangdong,11740,4421,2910,1295,8626
2024-04-14,gangdong,11740,4434,2925,1296,8655
2024-04-15,gangdong,11740,4349,2892,1277,8518
2024-04-16,gangdong,11740,4340,2911,1299,8550
2024-04-17,gangdong,11740,4417,2976,1324,8717
2024-04-18,gangdong,11740,4428,3000,1325,8753
2024-04-19,gangdong,11740,4443,2997,1332,8772
2024-04-20,gangdong,11740,4484,2982,1356,8822
2024-04-21,gangdong,11740,4475,2978,1347,8800
2024-04-22,gangdong,11740,4410,2899,1303,8612
2024-04-23,gangdong,11740,4466,2916,1340,8722
2024-04-24,gangdong,11740,4529,2978,1368,8875
2024-04-25,gangdong,11740,4511,3002,1367,8880
2024-04-26,gangdong,11740,4501,3043,1367,8911
2024-04-27,gangdong,11740,4543,3057,1390,8990
2024-04-28,gangdong,11740,4522,3022,1387,8931
2024-04-29,gangdong,11740,4448,2977,1371,8796
2024-04-30,gangdong,11740,4467,2955,1370,8792
2024-05-01,gangdong,11740,4524,2994,1410,8928
2024-05-02,gangdong,11740,4437,2882,1358,8677
2024-05-03,gangdong,11740,4482,2987,1396,8865
2024-05-04,gangdong,11740,4478,2991,1398,8867
2024-05-05,gangdong,11740,4478,3028,1412,8918
2024-05-06,gangdong,11740,4400,2971,1390,8761
2024-05-07,gangdong,11740,4338,2889,1360,8587
2024-05-08,gangdong,11740,4517,3022,1417,8956
2024-05-09,gangdong,11740,4541,3054,1442,9037
2024-05-10,gangdong,11740,4545,3066,1439,9050
2024-05-11,gangdong,11740,4609,3139,1443,9191
2024-05-12,gangdong,11740,4601,3119,1447,9167
2024-05-13,gangdong,11740,4498,3063,1411,8972
2024-05-14,gangdong,11740,4575,3117,1430,9122
2024-05-15,gangdong,11740,4677,3210,1473,9360
2024-05-16,gangdong,11740,4607,3163,1450,9220
2024-05-17,gangdong,11740,4613,3201,1498,9312
2024-05-18,gangdong,11740,4635,3185,1498,9318
2024-05-19,gangdong,11740,4628,3218,1492,9338
2024-05-20,gangdong,11740,4541,3161,1455,9157
2024-05-21,gangdong,11740,4584,3179,1488,9251
2024-05-22,gangdong,11740,4655,3272,1531,9458
2024-05-23,gangdong,11740,4654,3303,1562,9519
2024-05-24,gangdong,11740,4680,3297,1572,9549
2024-05-25,gangdong,11740,4676,3291,1573,9540
2024-05-26,gangdong,11740,4653,3298,1575,9526
2024-05-27,gangdong,11740,4561,3256,1543,9360
2024-05-28,gangdong,11740,4583,3273,1577,9433
2024-05-29,gangdong,11740,4653,3321,1601,9575
2024-05-30,gangdong,11740,4637,3324,1595,9556
2024-05-31,gangdong,11740,4597,3299,1602,9498
2024-06-01,gangdong,11740,4613,3330,1622,9565
2024-06-02,gangdong,11740,4607,3350,1635,9592
2024-06-03,gangdong,11740,4504,3263,1587,9354
2024-06-04,gangdong,11740,4500,3292,1604,9396
2024-06-05,gangdong,11740,4585,3395,1633,9613
2024-06-06,gangdong,11740,4633,3443,1635,9711
2024-06-07,gangdong,11740,4563,3359,1594,9516
2024-06-08,gangdong,11740,4544,3413,1623,9580
2024-06-09,gangdong,11740,4522,3434,1617,9573
2024-06-10,gangdong,11740,4441,3369,1593,9403
2024-06-11,gangdong,11740,4458,3399,1604,9461
2024-06-12,gangdong,11740,4526,3513,1638,9677
2024-06-13,gangdong,11740,4524,3534,1631,9689
2024-06-14,gangdong,11740,4500,3537,1649,9686
2024-06-15,gangdong,11740,4498,3610,1671,9779
2024-06-16,gangdong,11740,4497,3627,1661,9785
2024-06-17,gangdong,11740,4408,3556,1597,9561
2024-06-18,gangdong,11740,4409,3581,1627,9617
2024-06-19,gangdong,11740,4485,3659,1647,9791
2024-06-20,gangdong,11740,4439,3663,1627,9729
2024-06-21,gangdong,11740,4429,3630,1629,9688
2024-06-23,gangdong,11740,4347,3625,1613,9585
2024-06-24,gangdong,11740,4249,3548,1558,9355
2024-06-25,gangdong,11740,4313,3539,1588,9440
2024-06-26,gangdong,11740,4379,3625,1597,9601
2024-06-27,gangdong,11740,4412,3652,1616,9680
2024-06-28,gangdong,11740,4387,3619,1597,9603
2024-06-29,gangdong,11740,4380,3612,1591,9583
2024-06-30,gangdong,11740,4384,3593,1600,9577
2024-07-01,gangdong,11740,4318,3538,1569,9425
2024-07-02,gangdong,11740,4346,3505,1606,9457
2024-07-03,gangdong,11740,4396,3516,1611,9523
2024-07-04,gangdong,11740,4432,3510,1612,9554
2024-07-05,gangdong,11740,4413,3507,1641,9561
2024-07-06,gangdong,11740,4457,3540,1660,9657
2024-07-07,gangdong,11740,4488,3543,1694,9725
2024-07-08,gangdong,11740,4400,3465,1651,9516
2024-07-09,gangdong,11740,4384,3464,1680,9528
2024-07-10,gangdong,11740,4459,3528,1712,9699
2024-07-11,gangdong,11740,4466,3529,1697,9692
2024-07-12,gangdong,11740,4456,3454,1668,9578
2024-07-13,gangdong,11740,4465,3446,1679,9590
2024-07-14,gangdong,11740,4491,3453,1683,9627
2024-07-15,gangdong,11740,4441,3379,1654,9474
2024-07-16,gangdong,11740,4468,3357,1649,9474
2024-07-17,gangdong,11740,4530,3399,1675,9604
2024-07-18,gangdong,11740,4525,3401,1669,9595
2024-07-19,gangdong,11740,4520,3405,1672,9597
2024-07-20,gangdong,11740,4508,3403,1659,9570
2024-07-21,gangdong,11740,4492,3427,1675,9594
2024-07-22,gangdong,11740,4414,3354,1644,9412
2024-07-23,gangdong,11740,4438,3314,1629,9381
2024-07-24,gangdong,11740,4498,3344,1656,9498
2024-07-25,gangdong,11740,4463,3357,1670,9490
2024-07-26,gangdong,11740,4417,3345,1662,9424
2024-07-27,gangdong,11740,4370,3371,1655,9396
2024-07-28,gangdong,11740,4352,3356,1642,9350
2024-07-29,gangdong,11740,4271,3286,1609,9166
2024-07-30,gangdong,11740,4339,3286,1635,9260
2024-07-31,gangdong,11740,4405,3323,1638,9366
2024-08-01,gangdong,11740,4320,3342,1651,9313
2024-08-02,gangdong,11740,4309,3313,1638,9260
2024-08-03,gangdong,11740,4318,3333,1631,9282
2024-08-04,gangdong,11740,4251,3372,1637,9260
2024-08-05,gangdong,11740,4159,3277,1618,9054
2024-08-06,gangdong,11740,4182,3346,1630,9158
2024-08-07,gangdong,11740,4288,3450,1655,9393
2024-08-08,gangdong,11740,4256,3444,1641,9341
2024-08-09,gangdong,11740,4251,3462,1668,9381
2024-08-10,gangdong,11740,4251,3506,1706,9463
2024-08-11,gangdong,11740,4261,3547,1700,9508
2024-08-12,gangdong,11740,4198,3471,1669,9338
2024-08-13,gangdong,11740,4252,3524,1697,9473
2024-08-14,gangdong,11740,4341,3588,1736,9665
2024-08-15,gangdong,11740,4335,3614,1755,9704
2024-08-16,gangdong,11740,4243,3518,1719,9480
2024-08-17,gangdong,11740,4371,3629,1770,9770
2024-08-18,gangdong,11740,4367,3658,1765,9790
2024-08-19,gangdong,11740,4306,3580,1728,9614
2024-08-20,gangdong,11740,4338,3647,1762,9747
2024-08-21,gangdong,11740,4380,3707,1793,9880
2024-08-22,gangdong,11740,4392,3705,1840,9937
2024-08-23,gangdong,11740,4386,3737,1870,9993
2024-08-24,gangdong,11740,4419,3786,1887,10092
2024-08-25,gangdong,11740,4420,3820,1926,10166
2024-08-26,gangdong,11740,4353,3760,1890,10003
2024-08-27,gangdong,11740,4312,3591,1807,9710
2024-08-28,gangdong,11740,4345,3606,1785,9736
2024-08-29,gangdong,11740,4333,3576,1775,9684
2024-08-30,gangdong,11740,4311,3548,1742,9601
2024-08-31,gangdong,11740,4319,3554,1745,9618
2024-09-01,gangdong,11740,4282,3569,1757,9608
2024-09-02,gangdong,11740,4215,3507,1735,9457
2024-09-03,gangdong,11740,4281,3545,1734,9560
2024-09-04,gangdong,11740,4361,3654,1795,9810
2024-09-05,gangdong,11740,4344,3616,1802,9762
2024-09-06,gangdong,11740,4342,3631,1812,9785
2024-09-07,gangdong,11740,4359,3675,1828,9862
2024-09-08,gangdong,11740,4346,3712,1841,9899
2024-09-09,gangdong,11740,4282,3651,1807,9740
2024-09-10,gangdong,11740,4325,3771,1854,9950
2024-09-11,gangdong,11740,4416,3876,1884,10176
2024-09-12,gangdong,11740,4469,3943,1919,10331
2024-09-13,gangdong,11740,4443,3985,1935,10363
2024-09-14,gangdong,11740,4370,4036,1945,10351
2024-09-15,gangdong,11740,4322,3968,1923,10213
2024-09-16,gangdong,11740,4276,3935,1911,10122
2024-09-17,gangdong,11740,4184,3862,1874,9920
2024-09-18,gangdong,11740,4152,3832,1867,9851
2024-09-19,gangdong,11740,4134,3811,1864,9809
2024-09-20,gangdong,11740,4273,3996,1949,10218
2024-09-21,gangdong,11740,4264,4020,1957,10241
2024-09-22,gangdong,11740,4294,4056,1992,10342
2024-09-23,gangdong,11740,4190,3945,1940,10075
2024-09-24,gangdong,11740,4219,3979,1973,10171
2024-09-25,gangdong,11740,4249,4043,1984,10276
2024-09-26,gangdong,11740,4328,4109,2012,10449
2024-09-27,gangdong,11740,4371,4161,2056,10588
2024-09-28,gangdong,11740,4398,4171,2071,10640
2024-09-29,gangdong,11740,4396,4156,2083,10635
2024-09-30,gangdong,11740,4350,4101,2058,10509
2024-10-01,gangdong,11740,4401,4146,2103,10650
2024-10-02,gangdong,11740,4393,4034,2049,10476
2024-10-03,gangdong,11740,4447,4027,2056,10530
2024-10-04,gangdong,11740,4367,3902,1987,10256
2024-10-05,gangdong,11740,4462,3977,2080,10519
2024-10-06,gangdong,11740,4481,4018,2095,10594
2024-10-07,gangdong,11740,4398,3898,2040,10336
2024-10-08,gangdong,11740,4448,4000,2078,10526
2024-10-09,gangdong,11740,4531,4146,2148,10825
2024-10-10,gangdong,11740,4446,3998,2086,10530
2024-10-11,gangdong,11740,4507,4094,2123,10724
2024-10-12,gangdong,11740,4525,4151,2192,10868
2024-10-13,gangdong,11740,4504,4151,2185,10840
2024-10-14,gangdong,11740,4412,4033,2133,10578
2024-10-16,gangdong,11740,4576,4193,2198,10967
2024-10-17,gangdong,11740,4640,4260,2237,11137
2024-10-18,gangdong,11740,4702,4332,2260,11294
2024-10-19,gangdong,11740,4751,4371,2289,11411
2024-10-20,gangdong,11740,4665,4317,2250,11232
2024-10-21,gangdong,11740,4564,4238,2210,11012
2024-10-22,gangdong,11740,4610,4300,2264,11174
2024-10-23,gangdong,11740,4666,4406,2304,11376
2024-10-24,gangdong,11740,4658,4433,2307,11398
2024-10-25,gangdong,11740,4654,4464,2320,11438
2024-10-26,gangdong,11740,4692,4523,2330,11545
2024-10-27,gangdong,11740,4692,4547,2347,11586
2024-10-28,gangdong,11740,4607,4450,2301,11358
2024-10-29,gangdong,11740,4626,4474,2332,11432
2024-10-30,gangdong,11740,4714,4564,2379,11657
2024-10-31,gangdong,11740,4688,4585,2376,11649
2024-11-01,gangdong,11740,4703,4641,2432,11776
2024-11-02,gangdong,11740,4730,4641,2431,11802
2024-11-03,gangdong,11740,4707,4530,2382,11619
2024-11-04,gangdong,11740,4604,4448,2342,11394
2024-11-05,gangdong,11740,4697,4566,2411,11674
2024-11-06,gangdong,11740,4777,4640,2443,11860
2024-11-07,gangdong,11740,4766,4610,2425,11801
2024-11-08,gangdong,11740,4752,4620,2444,11816
2024-11-09,gangdong,11740,4826,4633,2478,11937
2024-11-10,gangdong,11740,4768,4616,2493,11877
2024-11-11,gangdong,11740,4697,4524,2448,11669
2024-11-12,gangdong,11740,4757,4542,2463,11762
2024-11-13,gangdong,11740,4818,4605,2488,11911
2024-11-14,gangdong,11740,4775,4617,2480,11872
2024-11-15,gangdong,11740,4809,4642,2504,11955
2024-11-16,gangdong,11740,4847,4640,2510,11997
2024-11-17,gangdong,11740,4840,4669,2514,12023
2024-11-18,gangdong,11740,4784,4578,2466,11828
2024-11-19,gangdong,11740,4824,4532,2440,11796
2024-11-20,gangdong,11740,4888,4639,2459,11986
2024-11-21,gangdong,11740,4829,4614,2485,11928
2024-11-22,gangdong,11740,4836,4611,2485,11932
2024-11-23,gangdong,11740,4866,4602,2482,11950
2024-11-24,gangdong,11740,4874,4596,2490,11960
2024-11-25,gangdong,11740,4775,4519,2442,11736
2024-11-26,gangdong,11740,4857,4553,2447,11857
2024-11-27,gangdong,11740,4917,4614,2462,11993
2024-11-28,gangdong,11740,4868,4585,2470,11923
2024-11-29,gangdong,11740,4840,4548,2439,11827
2024-11-30,gangdong,11740,4823,4540,2432,11795
2024-12-01,gangdong,11740,4744,4370,2337,11451
2024-12-02,gangdong,11740,4617,4276,2290,11183
2024-12-03,gangdong,11740,4795,4473,2389,11657
2024-12-04,gangdong,11740,4904,4586,2407,11897
2024-12-05,gangdong,11740,4788,4478,2375,11641
2024-12-06,gangdong,11740,4767,4478,2348,11593
2024-12-07,gangdong,11740,4769,4460,2330,11559
2024-12-08,gangdong,11740,4757,4443,2326,11526
2024-12-09,gangdong,11740,4672,4326,2275,11273
2024-12-10,gangdong,11740,4753,4296,2254,11303
2024-12-11,gangdong,11740,4797,4325,2283,11405
2024-12-12,gangdong,11740,4761,4279,2240,11280
2024-12-13,gangdong,11740,4753,4259,2246,11258
2024-12-14,gangdong,11740,4784,4271,2235,11290
2024-12-15,gangdong,11740,4744,4254,2233,11231
2024-12-16,gangdong,11740,4644,4173,2180,10997
2024-12-17,gangdong,11740,4703,4100,2183,10986
2024-12-19,gangdong,11740,4830,4166,2227,11223
2024-12-20,gangdong,11740,4853,4132,2218,11203
2024-12-21,gangdong,11740,4876,4080,2182,11138
2024-12-22,gangdong,11740,4866,4061,2169,11096
2024-12-23,gangdong,11740,4765,3968,2115,10848
2024-12-24,gangdong,11740,4816,3926,2106,10848
2024-12-25,gangdong,11740,4889,3974,2141,11004
2024-12-26,gangdong,11740,4750,3870,2087,10707
2024-12-27,gangdong,11740,4818,3854,2133,10805
2024-12-28,gangdong,11740,4842,3863,2095,10800
2024-12-29,gangdong,11740,4750,3722,2015,10487
2024-12-30,gangdong,11740,4665,3633,1964,10262
2024-12-31,gangdong,11740,4824,3834,2072,10730
2025-01-01,gangdong,11740,4904,3897,2118,10919
2025-01-02,gangdong,11740,4726,3755,2052,10533
2025-01-03,gangdong,11740,4751,3752,2037,10540
2025-01-04,gangdong,11740,4863,3763,2040,10666
2025-01-05,gangdong,11740,4884,3740,2022,10646
2025-01-06,gangdong,11740,4788,3648,1980,10416
2025-01-07,gangdong,11740,4862,3682,2020,10564
2025-01-08,gangdong,11740,4955,3750,2043,10748
2025-01-09,gangdong,11740,4883,3715,2040,10638
2025-01-10,gangdong,11740,4879,3705,2054,10638
2025-01-11,gangdong,11740,4872,3701,2063,10636
2025-01-12,gangdong,11740,4846,3705,2032,10583
2025-01-13,gangdong,11740,4770,3624,1996,10390
2025-01-14,gangdong,11740,4875,3612,1955,10442
2025-01-15,gangdong,11740,4958,3680,2000,10638
2025-01-16,gangdong,11740,4904,3649,1977,10530
2025-01-17,gangdong,11740,4928,3646,1961,10535
2025-01-18,gangdong,11740,4952,3609,1950,10511
2025-01-19,gangdong,11740,4875,3479,1873,10227
2025-01-20,gangdong,11740,4798,3420,1838,10056
2025-01-21,gangdong,11740,4866,3576,1933,10375
2025-01-22,gangdong,11740,4935,3640,1966,10541
2025-01-23,gangdong,11740,4889,3641,1932,10462
2025-01-24,gangdong,11740,4930,3618,1931,10479
2025-01-25,gangdong,11740,5026,3659,1990,10675
2025-01-26,gangdong,11740,4900,3546,1918,10364
2025-01-27,gangdong,11740,4825,3486,1878,10189
2025-01-28,gangdong,11740,4804,3469,1873,10146
2025-01-29,gangdong,11740,4805,3468,1869,10142
2025-01-30,gangdong,11740,4671,3320,1789,9780
2025-01-31,gangdong,11740,4597,3271,1750,9618
2025-02-01,gangdong,11740,4700,3314,1771,9785
2025-02-02,gangdong,11740,4610,3175,1721,9506
2025-02-03,gangdong,11740,4460,3031,1660,9151
2025-02-04,gangdong,11740,4550,3091,1686,9327
2025-02-05,gangdong,11740,4745,3169,1715,9629
2025-02-06,gangdong,11740,4804,3223,1742,9769
2025-02-07,gangdong,11740,4888,3245,1764,9897
2025-02-08,gangdong,11740,4947,3290,1793,10030
2025-02-09,gangdong,11740,4964,3270,1791,10025
2025-02-10,gangdong,11740,4890,3176,1750,9816
2025-02-11,gangdong,11740,4946,3164,1763,9873
2025-02-12,gangdong,11740,5057,3229,1796,10082
2025-02-13,gangdong,11740,5005,3209,1756,9970
2025-02-14,gangdong,11740,5044,3198,1764,10006
2025-02-15,gangdong,11740,5066,3188,1757,10011
2025-02-16,gangdong,11740,5016,3149,1755,9920
2025-02-17,gangdong,11740,4942,3084,1719,9745
2025-02-18,gangdong,11740,5047,3123,1744,9914
2025-02-19,gangdong,11740,5106,3182,1778,10066
2025-02-20,gangdong,11740,5012,3035,1720,9767
2025-02-21,gangdong,11740,4988,3045,1684,9717
2025-02-22,gangdong,11740,4948,3034,1621,9603
2025-02-23,gangdong,11740,4905,3014,1565,9484
2025-02-24,gangdong,11740,4785,2910,1511,9206
2025-02-25,gangdong,11740,4885,2953,1509,9347
2025-02-26,gangdong,11740,4965,3008,1516,9489
2025-02-27,gangdong,11740,5033,3076,1555,9664
2025-02-28,gangdong,11740,5077,3079,1546,9702
2025-03-01,gangdong,11740,5112,3108,1549,9769
2025-03-02,gangdong,11740,5101,3062,1509,9672
2025-03-03,gangdong,11740,5010,3005,1486,9501
2025-03-04,gangdong,11740,4958,2976,1465,9399
2025-03-05,gangdong,11740,5115,3137,1538,9790
2025-03-06,gangdong,11740,5059,3077,1477,9613
2025-03-07,gangdong,11740,5057,3075,1467,9599
2025-03-08,gangdong,11740,5034,3022,1431,9487
2025-03-09,gangdong,11740,4998,3002,1402,9402
2025-03-10,gangdong,11740,4903,2907,1351,9161
2025-03-11,gangdong,11740,4951,2892,1357,9200
2025-03-12,gangdong,11740,5061,2911,1373,9345
2025-03-13,gangdong,11740,5037,2880,1335,9252
2025-03-14,gangdong,11740,5048,2824,1313,9185
2025-03-15,gangdong,11740,5038,2772,1321,9131
2025-03-16,gangdong,11740,5023,2756,1275,9054
2025-03-17,gangdong,11740,4965,2677,1237,8879
2025-03-18,gangdong,11740,5010,2664,1209,8883
2025-03-19,gangdong,11740,5070,2691,1224,8985
2025-03-20,gangdong,11740,5031,2613,1174,8818
2025-03-21,gangdong,11740,5043,2568,1161,8772
2025-03-24,gangdong,11740,5017,2486,1107,8610
2025-03-25,gangdong,11740,5025,2483,1087,8595
2025-03-26,gangdong,11740,5115,2513,1106,8734
2025-03-27,gangdong,11740,5056,2464,1082,8602
2025-03-28,gangdong,11740,5091,2422,1050,8563
2025-03-29,gangdong,11740,5090,2340,1019,8449
2025-03-30,gangdong,11740,5073,2308,1021,8402
2025-03-31,gangdong,11740,5024,2270,998,8292
2025-04-01,gangdong,11740,5056,2271,1013,8340
2025-04-02,gangdong,11740,5039,1996,927,7962
2025-04-03,gangdong,11740,4977,1881,893,7751
2025-04-04,gangdong,11740,4916,1662,815,7393
2025-04-05,gangdong,11740,4905,1626,832,7363
2025-04-06,gangdong,11740,4864,1604,824,7292
2025-04-07,gangdong,11740,4757,1553,810,7120
2025-04-08,gangdong,11740,4776,1520,793,7089
2025-04-09,gangdong,11740,4872,1518,818,7208
2025-04-10,gangdong,11740,4815,1472,836,7123
2025-04-11,gangdong,11740,4812,1450,841,7103
2025-04-12,gangdong,11740,4811,1423,843,7077
2025-04-13,gangdong,11740,4823,1408,829,7060
2025-04-14,gangdong,11740,4727,1387,811,6925
2025-04-15,gangdong,11740,4770,1380,798,6948
2025-04-16,gangdong,11740,4817,1379,815,7011
2025-04-17,gangdong,11740,4783,1358,797,6938
2025-04-18,gangdong,11740,4782,1335,812,6929
2025-04-19,gangdong,11740,4788,1330,810,6928
2025-04-20,gangdong,11740,4776,1313,814,6903
2025-04-21,gangdong,11740,4701,1292,798,6791
2025-04-22,gangdong,11740,4756,1264,795,6815
2025-04-23,gangdong,11740,4818,1277,815,6910
2025-04-24,gangdong,11740,4799,1260,800,6859
2025-04-25,gangdong,11740,4812,1260,787,6859
2025-04-26,gangdong,11740,4793,1231,770,6794
2025-04-27,gangdong,11740,4767,1211,767,6745
2025-04-28,gangdong,11740,4707,1188,760,6655
2025-04-29,gangdong,11740,4751,1191,759,6701
2025-04-30,gangdong,11740,4815,1202,756,6773
2025-05-01,gangdong,11740,4819,1170,752,6741
2025-05-02,gangdong,11740,4754,1150,739,6643
2025-05-03,gangdong,11740,4853,1176,756,6785
2025-05-04,gangdong,11740,4836,1183,751,6770
2025-05-05,gangdong,11740,4770,1152,738,6660
2025-05-06,gangdong,11740,4728,1139,724,6591
2025-05-07,gangdong,11740,4728,1125,714,6567
2025-05-08,gangdong,11740,4736,1136,743,6615
2025-05-09,gangdong,11740,4730,1156,742,6628
2025-05-10,gangdong,11740,4757,1166,746,6669
2025-05-11,gangdong,11740,4771,1150,740,6661
2025-05-12,gangdong,11740,4698,1139,727,6564
2025-05-13,gangdong,11740,4736,1102,733,6571
2025-05-14,gangdong,11740,4812,1107,744,6663
2025-05-15,gangdong,11740,4811,1105,750,6666
2025-05-16,gangdong,11740,4783,1100,750,6633
2025-05-17,gangdong,11740,4775,1105,734,6614
2025-05-18,gangdong,11740,4738,1088,724,6550
2025-05-19,gangdong,11740,4669,1070,714,6453
2025-05-20,gangdong,11740,4717,1060,712,6489
2025-05-21,gangdong,11740,4776,1078,718,6572
2025-05-22,gangdong,11740,4748,1045,704,6497
2025-05-23,gangdong,11740,4746,1022,701,6469
2025-05-24,gangdong,11740,4724,1000,702,6426
2025-05-25,gangdong,11740,4697,1012,702,6411
2025-05-26,gangdong,11740,4628,985,694,6307
2025-05-27,gangdong,11740,4653,978,697,6328
2025-05-28,gangdong,11740,4727,989,700,6416
2025-05-29,gangdong,11740,4673,979,708,6360
2025-05-30,gangdong,11740,4729,968,711,6408
2025-05-31,gangdong,11740,4704,943,702,6349
2025-06-01,gangdong,11740,4703,952,710,6365
2025-06-02,gangdong,11740,4600,903,691,6194
2025-06-03,gangdong,11740,4618,912,700,6230
2025-06-04,gangdong,11740,4554,891,683,6128
2025-06-05,gangdong,11740,4583,907,681,6171
2025-06-06,gangdong,11740,4575,924,686,6185
2025-06-07,gangdong,11740,4477,857,669,6003
2025-06-08,gangdong,11740,4497,865,677,6039
2025-06-09,gangdong,11740,4400,845,663,5908
2025-06-10,gangdong,11740,4419,853,656,5928
2025-06-11,gangdong,11740,4492,842,657,5991
2025-06-12,gangdong,11740,4433,838,650,5921
2025-06-13,gangdong,11740,4410,824,644,5878
2025-06-14,gangdong,11740,4400,806,644,5850
2025-06-15,gangdong,11740,4399,787,634,5820
2025-06-16,gangdong,11740,4332,774,628,5734
2025-06-17,gangdong,11740,4336,771,633,5740
2025-06-18,gangdong,11740,4385,812,640,5837
2025-06-19,gangdong,11740,4347,817,627,5791
2025-06-20,gangdong,11740,4351,816,632,5799
2025-06-21,gangdong,11740,4310,795,633,5738
2025-06-22,gangdong,11740,4298,793,610,5701
2025-06-23,gangdong,11740,4257,780,606,5643
2025-06-24,gangdong,11740,4267,779,602,5648
2025-06-25,gangdong,11740,4263,802,592,5657
2025-06-26,gangdong,11740,4253,810,594,5657
2025-06-27,gangdong,11740,4225,813,579,5617
2025-06-28,gangdong,11740,4221,818,555,5594
2025-06-29,gangdong,11740,4218,810,555,5583
2025-06-30,gangdong,11740,4161,799,548,5508
2025-07-01,gangdong,11740,4207,799,544,5550
2025-07-02,gangdong,11740,4288,814,566,5668
2025-07-03,gangdong,11740,4254,817,579,5650
2025-07-04,gangdong,11740,4301,831,594,5726
2025-07-05,gangdong,11740,4297,824,598,5719
2025-07-06,gangdong,11740,4303,836,592,5731
2025-07-07,gangdong,11740,4273,829,588,5690
2025-07-08,gangdong,11740,4254,826,590,5670
2025-07-09,gangdong,11740,4402,887,609,5898
2025-07-10,gangdong,11740,4288,860,594,5742
2025-07-11,gangdong,11740,4313,901,621,5835
2025-07-12,gangdong,11740,4370,908,623,5901
2025-07-13,gangdong,11740,4316,913,621,5850
2025-07-14,gangdong,11740,4264,907,614,5785
2025-07-15,gangdong,11740,4284,903,614,5801
2025-07-16,gangdong,11740,4350,919,609,5878
2025-07-17,gangdong,11740,4350,917,603,5870
2025-07-18,gangdong,11740,4318,928,604,5850
2025-07-19,gangdong,11740,4317,891,585,5793
2025-07-20,gangdong,11740,4260,869,570,5699
2025-07-21,gangdong,11740,4193,863,566,5622
2025-07-22,gangdong,11740,4223,845,569,5637
2025-07-23,gangdong,11740,4280,833,581,5694
2025-07-24,gangdong,11740,4216,821,567,5604
2025-07-25,gangdong,11740,4203,828,578,5609
2025-07-26,gangdong,11740,4208,820,578,5606
2025-07-27,gangdong,11740,4185,808,575,5568
2025-07-28,gangdong,11740,4117,799,568,5484
2025-07-29,gangdong,11740,4159,807,552,5518
2025-07-30,gangdong,11740,4204,824,563,5591
2025-07-31,gangdong,11740,4193,819,567,5579
2025-08-01,gangdong,11740,4134,810,553,5497
2025-08-02,gangdong,11740,4143,805,546,5494
2025-08-03,gangdong,11740,4129,795,543,5467
2025-08-04,gangdong,11740,4061,778,532,5371
2025-08-05,gangdong,11740,4064,779,529,5372
2025-08-06,gangdong,11740,4138,788,539,5465
2025-08-15,gangdong,11740,4109,765,550,5424
2025-08-16,gangdong,11740,4062,740,533,5335
2025-08-17,gangdong,11740,4118,740,550,5408
2025-08-18,gangdong,11740,4037,721,537,5295
2025-08-19,gangdong,11740,4091,716,538,5345
2025-08-20,gangdong,11740,4176,728,541,5445
2025-08-21,gangdong,11740,4156,702,543,5401
2025-08-22,gangdong,11740,4152,714,542,5408
2025-08-23,gangdong,11740,4178,692,545,5415
2025-08-24,gangdong,11740,4171,683,552,5406
2025-08-27,gangdong,11740,4206,683,537,5426
2025-08-28,gangdong,11740,4194,689,525,5408
2025-08-29,gangdong,11740,4201,708,529,5438
2025-08-30,gangdong,11740,4220,710,527,5457
2025-08-31,gangdong,11740,4215,706,524,5445
2025-09-01,gangdong,11740,4239,707,534,5480
2025-09-02,gangdong,11740,4230,708,528,5466
2025-09-03,gangdong,11740,4310,707,533,5550
2025-09-04,gangdong,11740,4302,704,541,5547
2025-09-05,gangdong,11740,4321,711,540,5572
2025-09-06,gangdong,11740,4378,716,540,5634
2025-09-09,gangdong,11740,4323,723,532,5578
2025-09-10,gangdong,11740,4364,735,554,5653
2025-09-11,gangdong,11740,4340,741,551,5632
2025-09-12,gangdong,11740,4360,762,562,5684
2025-09-15,gangdong,11740,4353,793,557,5703
2025-09-16,gangdong,11740,4359,818,564,5741
2025-09-17,gangdong,11740,4381,839,568,5788
2025-09-18,gangdong,11740,4369,836,574,5779
2025-09-19,gangdong,11740,4382,832,572,5786
2025-09-20,gangdong,11740,4371,847,570,5788
2025-09-21,gangdong,11740,4338,843,566,5747
2025-09-22,gangdong,11740,4241,832,560,5633
2025-09-23,gangdong,11740,4252,842,568,5662
2025-09-24,gangdong,11740,4284,844,574,5702
2025-09-25,gangdong,11740,4232,868,587,5687
2025-09-26,gangdong,11740,4199,878,596,5673
2025-09-27,gangdong,11740,4178,880,602,5660
2025-09-28,gangdong,11740,4129,883,614,5626
2025-09-29,gangdong,11740,4061,876,608,5545
2025-09-30,gangdong,11740,4030,889,615,5534
2025-10-01,gangdong,11740,4058,907,631,5596
2025-10-02,gangdong,11740,4032,918,640,5590
2025-10-03,gangdong,11740,4032,915,654,5601
2025-10-04,gangdong,11740,3969,911,646,5526
2025-10-07,gangdong,11740,3879,905,642,5426
2025-10-08,gangdong,11740,3873,905,640,5418
2025-10-09,gangdong,11740,3793,892,629,5314
2025-10-10,gangdong,11740,3746,873,620,5239
2025-10-11,gangdong,11740,3833,903,647,5383
2025-10-12,gangdong,11740,3799,921,667,5387
2025-10-13,gangdong,11740,3741,900,652,5293
2025-10-14,gangdong,11740,3796,930,656,5382
2025-10-15,gangdong,11740,3869,952,672,5493
2025-10-16,gangdong,11740,3856,951,659,5466
2025-10-17,gangdong,11740,3901,953,674,5528
2025-10-18,gangdong,11740,3883,958,676,5517
2025-10-19,gangdong,11740,3871,962,685,5518
2025-10-21,gangdong,11740,3594,962,689,5245
2025-10-22,gangdong,11740,3438,970,715,5123
2025-10-23,gangdong,11740,3301,965,717,4983
2025-10-24,gangdong,11740,3240,985,711,4936
2025-10-25,gangdong,11740,3202,1008,728,4938
2025-10-26,gangdong,11740,3172,1005,740,4917
2025-10-27,gangdong,11740,3118,993,723,4834
2025-10-28,gangdong,11740,3134,1005,742,4881
2025-10-29,gangdong,11740,3183,1024,770,4977
2025-10-30,gangdong,11740,3160,1042,811,5013
2025-11-01,gangdong,11740,3092,1082,840,5014
2025-11-02,gangdong,11740,3069,1101,833,5003
2025-11-03,gangdong,11740,3047,1098,827,4972
2025-11-04,gangdong,11740,3022,1097,826,4945
2025-11-06,gangdong,11740,3095,1130,872,5097
2025-11-07,gangdong,11740,3106,1148,901,5155
2025-11-08,gangdong,11740,3144,1164,918,5226
2025-11-09,gangdong,11740,3152,1165,920,5237
2025-11-10,gangdong,11740,3042,1151,907,5100
2025-11-11,gangdong,11740,3062,1140,899,5101
2025-11-12,gangdong,11740,3103,1150,928,5181
2025-11-13,gangdong,11740,3021,1130,934,5085
2025-11-14,gangdong,11740,3022,1131,956,5109
2025-11-15,gangdong,11740,3002,1121,952,5075
2025-11-18,gangdong,11740,2926,1169,970,5065
2025-11-19,gangdong,11740,2925,1167,974,5066
2025-11-20,gangdong,11740,2891,1184,997,5072
2025-11-21,gangdong,11740,2894,1176,989,5059
2025-11-22,gangdong,11740,2892,1173,955,5020
2025-11-23,gangdong,11740,2867,1169,946,4982
2025-11-24,gangdong,11740,2830,1157,922,4909
2025-11-25,gangdong,11740,2844,1129,903,4876
2025-11-26,gangdong,11740,2862,1132,893,4887
2025-11-27,gangdong,11740,2843,1132,889,4864
2025-11-28,gangdong,11740,2823,1134,901,4858
2025-11-29,gangdong,11740,2807,1123,888,4818
2025-11-30,gangdong,11740,2807,1117,883,4807
2025-12-01,gangdong,11740,2767,1105,858,4730
2025-12-02,gangdong,11740,2794,1108,888,4790
2025-12-03,gangdong,11740,2833,1134,922,4889
2025-12-04,gangdong,11740,2817,1154,915,4886
2025-12-05,gangdong,11740,2834,1150,907,4891
2025-12-06,gangdong,11740,2834,1143,908,4885
2025-12-07,gangdong,11740,2826,1122,897,4845
2025-12-08,gangdong,11740,2795,1112,883,4790
2025-12-09,gangdong,11740,2815,1110,891,4816
2025-12-10,gangdong,11740,2860,1122,899,4881
2025-12-11,gangdong,11740,2831,1128,911,4870
2025-12-12,gangdong,11740,2832,1118,907,4857
2025-12-13,gangdong,11740,2836,1124,897,4857
2025-12-14,gangdong,11740,2816,1128,877,4821
2025-12-15,gangdong,11740,2784,1117,869,4770
2025-12-16,gangdong,11740,2792,1118,872,4782
2025-12-17,gangdong,11740,2840,1135,886,4861
2025-12-18,gangdong,11740,2824,1154,892,4870
2025-12-19,gangdong,11740,2812,1144,900,4856
2025-12-20,gangdong,11740,2835,1153,901,4889
2025-12-21,gangdong,11740,2785,1162,897,4844
2025-12-22,gangdong,11740,2746,1146,889,4781
2025-12-23,gangdong,11740,2730,1135,897,4762
2025-12-24,gangdong,11740,2783,1157,916,4856
2025-12-26,gangdong,11740,2765,1153,910,4828
2025-12-27,gangdong,11740,2724,1139,899,4762
2025-12-28,gangdong,11740,2696,1149,897,4742
2025-12-29,gangdong,11740,2660,1140,885,4685
2025-12-30,gangdong,11740,2649,1170,899,4718
2025-12-31,gangdong,11740,2683,1202,907,4792
2026-01-01,gangdong,11740,2653,1189,903,4745
2026-01-02,gangdong,11740,2608,1172,889,4669
2026-01-03,gangdong,11740,2627,1169,892,4688
2026-01-04,gangdong,11740,2598,1176,889,4663
2026-01-05,gangdong,11740,2561,1169,882,4612
2026-01-06,gangdong,11740,2575,1180,897,4652
2026-01-07,gangdong,11740,2620,1199,901,4720
2026-01-08,gangdong,11740,2600,1185,905,4690
2026-01-09,gangdong,11740,2589,1199,919,4707
2026-01-10,gangdong,11740,2579,1174,933,4686
2026-01-12,gangdong,11740,2524,1148,910,4582
2026-01-13,gangdong,11740,2531,1164,915,4610
2026-01-14,gangdong,11740,2572,1180,928,4680
2026-01-15,gangdong,11740,2559,1192,943,4694
2026-01-16,gangdong,11740,2555,1192,935,4682
2026-01-17,gangdong,11740,2559,1188,935,4682
2026-01-18,gangdong,11740,2559,1182,926,4667
2026-01-19,gangdong,11740,2516,1167,916,4599
2026-01-20,gangdong,11740,2542,1175,916,4633
2026-01-21,gangdong,11740,2564,1183,914,4661
2026-01-22,gangdong,11740,2563,1164,909,4636
2026-01-23,gangdong,11740,2555,1141,886,4582
2026-01-24,gangdong,11740,2590,1152,894,4636
2026-01-25,gangdong,11740,2628,1146,887,4661
2026-01-26,gangdong,11740,2589,1129,874,4592
2026-01-27,gangdong,11740,2603,1127,865,4595
2026-01-28,gangdong,11740,2649,1144,887,4680
2026-01-29,gangdong,11740,2680,1138,889,4707
2026-01-30,gangdong,11740,2675,1120,892,4687
2026-01-31,gangdong,11740,2681,1112,881,4674
2026-02-02,gangdong,11740,2661,1080,873,4614
2026-02-03,gangdong,11740,2717,1096,881,4694
2026-02-04,gangdong,11740,2766,1099,898,4763
2026-02-05,gangdong,11740,2775,1082,896,4753
2026-02-06,gangdong,11740,2800,1084,889,4773
2026-02-07,gangdong,11740,2828,1086,898,4812
2026-02-09,gangdong,11740,2825,1062,879,4766
2026-02-10,gangdong,11740,2871,1039,883,4793
2026-02-11,gangdong,11740,2953,1035,904,4892
2026-02-12,gangdong,11740,3028,1018,898,4944
2026-02-13,gangdong,11740,3110,986,889,4985
2026-02-14,gangdong,11740,3202,974,863,5039
2026-02-15,gangdong,11740,3251,967,866,5084
2026-02-16,gangdong,11740,3215,953,856,5024
2026-02-17,gangdong,11740,3176,946,846,4968
2026-02-18,gangdong,11740,3173,946,846,4965
2026-02-19,gangdong,11740,3115,921,827,4863
2026-02-20,gangdong,11740,3260,926,846,5032
2026-02-21,gangdong,11740,3367,921,842,5130
2026-02-22,gangdong,11740,3451,907,841,5199
2026-02-23,gangdong,11740,3395,887,828,5110
2026-02-24,gangdong,11740,3516,895,826,5237
2026-02-25,gangdong,11740,3649,907,821,5377
2026-02-26,gangdong,11740,3703,906,809,5418
2026-02-27,gangdong,11740,3741,903,792,5436
2026-02-28,gangdong,11740,3769,871,794,5434
2026-03-02,gangdong,11740,3800,822,752,5374
2026-03-03,gangdong,11740,3772,808,748,5328
2026-03-04,gangdong,11740,3971,835,768,5574
2026-03-05,gangdong,11740,4019,813,739,5571
2026-03-06,gangdong,11740,4059,817,733,5609
2026-03-07,gangdong,11740,4158,853,756,5767
2026-03-08,gangdong,11740,4200,852,739,5791
2026-03-09,gangdong,11740,4137,833,716,5686
2026-03-10,gangdong,11740,4238,819,736,5793
2026-03-11,gangdong,11740,4311,841,747,5899
2026-03-12,gangdong,11740,4291,822,712,5825
2026-03-13,gangdong,11740,4301,824,706,5831
2026-03-14,gangdong,11740,4304,833,702,5839
2026-03-15,gangdong,11740,4317,814,692,5823
2026-03-16,gangdong,11740,4217,795,679,5691
2026-03-17,gangdong,11740,4227,815,674,5716
2026-03-18,gangdong,11740,4328,808,677,5813
2026-03-19,gangdong,11740,4384,815,687,5886
2026-03-20,gangdong,11740,4475,823,701,5999
2026-03-21,gangdong,11740,4511,839,718,6068
2026-03-23,gangdong,11740,4368,806,687,5861
2026-03-24,gangdong,11740,4448,823,682,5953
2026-03-25,gangdong,11740,4499,811,695,6005
2026-03-26,gangdong,11740,4451,792,687,5930
2026-03-27,gangdong,11740,4451,793,695,5939
2026-03-28,gangdong,11740,4509,763,682,5954
2026-03-29,gangdong,11740,4506,748,676,5930
2026-03-30,gangdong,11740,4448,737,666,5851
2026-03-31,gangdong,11740,4506,727,672,5905
2026-04-01,gangdong,11740,4567,742,664,5973
2026-04-02,gangdong,11740,4629,743,674,6046
2026-04-03,gangdong,11740,4502,707,643,5852
2026-04-04,gangdong,11740,4484,714,644,5842
2026-04-05,gangdong,11740,4470,718,638,5826
2026-04-06,gangdong,11740,4392,702,630,5724
2026-04-07,gangdong,11740,4415,707,629,5751
2026-04-08,gangdong,11740,4466,709,650,5825
2026-04-09,gangdong,11740,4399,704,644,5747
2026-04-10,gangdong,11740,4399,694,642,5735
2026-04-11,gangdong,11740,4410,692,643,5745
2026-04-12,gangdong,11740,4387,687,642,5716
2026-04-13,gangdong,11740,4323,674,631,5628
2026-04-14,gangdong,11740,4347,671,627,5645
2026-04-15,gangdong,11740,4393,684,637,5714
2026-04-16,gangdong,11740,4302,677,621,5600
2026-04-17,gangdong,11740,4254,670,623,5547
2026-04-18,gangdong,11740,4260,693,638,5591
2026-04-19,gangdong,11740,4252,678,626,5556
2026-04-20,gangdong,11740,4218,669,604,5491
2026-04-21,gangdong,11740,4204,667,622,5493
2026-04-22,gangdong,11740,4278,670,640,5588
2026-04-23,gangdong,11740,4200,668,635,5503
2026-04-24,gangdong,11740,4223,667,631,5521
2026-04-25,gangdong,11740,4209,675,644,5528
2026-04-26,gangdong,11740,4183,677,652,5512
2026-04-27,gangdong,11740,4100,671,646,5417
2026-04-28,gangdong,11740,4111,681,662,5454
2026-04-29,gangdong,11740,4145,681,677,5503
2026-04-30,gangdong,11740,4110,702,649,5461
2026-05-01,gangdong,11740,4108,706,644,5458
2026-05-02,gangdong,11740,4013,683,621,5317
2026-05-04,gangdong,11740,4030,673,623,5326
2026-05-05,gangdong,11740,4019,677,627,5323
2026-05-06,gangdong,11740,3988,659,614,5261
2026-05-07,gangdong,11740,4004,693,649,5346
2026-05-08,gangdong,11740,3947,684,644,5275
2026-05-09,gangdong,11740,3928,684,629,5241
2026-05-10,gangdong,11740,3660,662,641,4963
2026-05-11,gangdong,11740,3582,652,631,4865
2026-05-12,gangdong,11740,3324,655,641,4620
2026-05-13,gangdong,11740,3352,665,652,4669
2026-05-14,gangdong,11740,3309,669,665,4643
2026-05-15,gangdong,11740,3309,652,683,4644
2026-05-16,gangdong,11740,3333,656,693,4682
2026-05-17,gangdong,11740,3312,655,699,4666
2026-05-18,gangdong,11740,3234,647,691,4572
2026-05-19,gangdong,11740,3254,651,688,4593
2026-05-20,gangdong,11740,3318,667,726,4711
2026-05-21,gangdong,11740,3283,664,734,4681
2026-05-22,gangdong,11740,3266,670,724,4660
2026-05-23,gangdong,11740,3315,682,741,4738
2026-05-24,gangdong,11740,3307,700,731,4738
2026-05-25,gangdong,11740,3256,690,723,4669
2026-05-26,gangdong,11740,3218,665,711,4594
2026-05-27,gangdong,11740,3317,695,703,4715
2026-05-28,gangdong,11740,3313,703,719,4735
2026-05-29,gangdong,11740,3278,711,721,4710
2026-05-30,gangdong,11740,3301,711,731,4743
2026-05-31,gangdong,11740,3305,709,726,4740
2026-06-01,gangdong,11740,3271,703,722,4696
2026-06-02,gangdong,11740,3240,675,702,4617
2026-06-03,gangdong,11740,3298,677,708,4683
2026-06-04,gangdong,11740,3228,648,683,4559
2026-06-05,gangdong,11740,3292,678,719,4689
2026-06-06,gangdong,11740,3289,685,720,4694
2026-06-07,gangdong,11740,3193,672,697,4562
2026-06-08,gangdong,11740,3143,663,690,4496
2026-06-09,gangdong,11740,3250,677,707,4634
2026-06-10,gangdong,11740,3323,706,718,4747
2026-06-11,gangdong,11740,3299,696,719,4714
2026-06-12,gangdong,11740,3338,676,718,4732
2026-06-13,gangdong,11740,3390,675,717,4782
2026-06-14,gangdong,11740,3441,673,715,4829
2026-06-15,gangdong,11740,3399,656,704,4759
2026-06-16,gangdong,11740,3409,680,732,4821
2026-06-17,gangdong,11740,3435,717,779,4931
2026-06-18,gangdong,11740,3437,728,795,4960
2026-06-20,gangdong,11740,3454,745,793,4992
2026-06-21,gangdong,11740,3457,733,795,4985
2026-06-22,gangdong,11740,3391,725,784,4900
2026-06-23,gangdong,11740,3403,726,780,4909
2026-06-24,gangdong,11740,3434,734,798,4966
2026-06-25,gangdong,11740,3451,743,808,5002
2026-06-26,gangdong,11740,3425,736,799,4960
2026-06-27,gangdong,11740,3463,731,791,4985
2026-06-28,gangdong,11740,3447,722,783,4952
2026-06-29,gangdong,11740,3397,708,768,4873
2026-06-30,gangdong,11740,3438,722,773,4933
2026-07-01,gangdong,11740,3444,732,766,4942
2026-07-02,gangdong,11740,3482,746,756,4984
2026-07-03,gangdong,11740,3424,733,737,4894
2026-07-04,gangdong,11740,3448,752,758,4958
2026-07-05,gangdong,11740,3425,751,741,4917
2026-07-06,gangdong,11740,3365,742,733,4840
2026-07-07,gangdong,11740,3395,738,721,4854
2026-07-08,gangdong,11740,3421,741,745,4907
2026-07-09,gangdong,11740,3361,725,719,4805
2026-07-10,gangdong,11740,3333,708,720,4761
2026-07-11,gangdong,11740,3326,719,726,4771
2026-07-12,gangdong,11740,3311,731,710,4752
2026-07-13,gangdong,11740,3250,723,697,4670
2026-07-14,gangdong,11740,3238,726,688,4652
2026-07-17,gangdong,11740,3305,733,681,4719
2026-07-18,gangdong,11740,3247,716,657,4620
2026-07-19,gangdong,11740,3267,729,683,4679
2026-07-20,gangdong,11740,3228,718,675,4621
2026-07-21,gangdong,11740,3217,729,677,4623
2026-07-23,gangdong,11740,3254,753,715,4722
2026-07-24,gangdong,11740,3265,780,691,4736
2026-07-25,gangdong,11740,3281,788,692,4761
2026-07-26,gangdong,11740,3280,808,695,4783
2026-07-27,gangdong,11740,3211,798,685,4694
2026-07-28,gangdong,11740,3239,809,696,4744
2026-07-29,gangdong,11740,3280,816,700,4796
2026-07-30,gangdong,11740,3269,832,714,4815
2026-07-31,gangdong,11740,3277,831,704,4812
2026-08-01,gangdong,11740,3263,826,707,4796
2026-08-02,gangdong,11740,3243,816,696,4755
2026-08-03,gangdong,11740,3193,810,685,4688
2026-08-04,gangdong,11740,3171,807,697,4675
2026-08-05,gangdong,11740,3209,817,719,4745
2026-08-06,gangdong,11740,3195,827,728,4750
2026-08-07,gangdong,11740,3249,832,741,4822
2026-08-08,gangdong,11740,3286,829,750,4865
2026-08-09,gangdong,11740,3326,848,766,4940
2026-08-10,gangdong,11740,3274,842,754,4870
2026-08-11,gangdong,11740,3292,843,748,4883
2026-08-12,gangdong,11740,3384,856,753,4993
2026-08-14,gangdong,11740,3426,858,781,5065
2026-08-15,gangdong,11740,3447,867,797,5111
2026-08-16,gangdong,11740,3385,828,759,4972
2026-08-17,gangdong,11740,3369,828,760,4957
2026-08-18,gangdong,11740,3320,795,726,4841
2026-08-19,gangdong,11740,3498,864,784,5146
2026-08-20,gangdong,11740,3496,856,769,5121
2026-08-21,gangdong,11740,3504,863,760,5127
2026-08-22,gangdong,11740,3515,873,770,5158
2026-08-23,gangdong,11740,3511,875,772,5158
2026-08-25,gangdong,11740,3502,859,770,5131
2026-08-26,gangdong,11740,3554,882,775,5211
2026-08-27,gangdong,11740,3551,887,774,5212
2026-08-28,gangdong,11740,3570,875,780,5225
2026-08-29,gangdong,11740,3598,890,793,5281
2026-08-30,gangdong,11740,3599,876,795,5270
2026-08-31,gangdong,11740,3562,870,787,5219
2026-09-01,gangdong,11740,3613,881,799,5293
2026-09-03,gangdong,11740,3723,931,850,5504
2026-09-04,gangdong,11740,3746,936,872,5554
2026-09-05,gangdong,11740,3771,923,876,5570
2026-09-06,gangdong,11740,3772,935,889,5596
2026-09-07,gangdong,11740,3718,919,873,5510
2026-09-09,gangdong,11740,3789,961,888,5638
2026-09-11,gangdong,11740,3785,974,921,5680
2026-09-12,gangdong,11740,3797,995,915,5707
2026-09-13,gangdong,11740,3807,1015,903,5725
2026-09-14,gangdong,11740,3761,998,887,5646
2026-09-15,gangdong,11740,3814,1014,912,5740
2026-09-16,gangdong,11740,3869,1025,927,5821
2026-09-17,gangdong,11740,3913,1050,922,5885
2026-09-18,gangdong,11740,3869,1053,932,5854
2026-09-19,gangdong,11740,3829,1028,916,5773
2026-09-21,gangdong,11740,3778,1014,900,5692
2026-09-22,gangdong,11740,3793,1005,894,5692
2026-09-23,gangdong,11740,3853,1037,895,5785
2026-09-24,gangdong,11740,3861,1049,912,5822
2026-09-25,gangdong,11740,3812,1038,902,5752
2026-09-27,gangdong,11740,3712,1023,888,5623
2026-09-28,gangdong,11740,3651,1009,875,5535
2026-09-29,gangdong,11740,3725,1024,876,5625
2026-09-30,gangdong,11740,3787,1058,900,5745
2026-10-01,gangdong,11740,3817,1065,906,5788
2026-10-02,gangdong,11740,3878,1079,910,5867
2026-10-03,gangdong,11740,3937,1082,907,5926
2026-10-04,gangdong,11740,3856,1036,850,5742
2026-10-05,gangdong,11740,3819,1022,833,5674
2026-10-06,gangdong,11740,3839,1028,856,5723
2026-10-07,gangdong,11740,4005,1096,905,6006
2023-09-01,hanam,41450,2925,672,311,3908
2023-09-02,hanam,41450,2963,672,310,3945
2023-09-03,hanam,41450,2977,670,311,3958
2023-09-04,hanam,41450,2941,659,309,3909
2023-09-05,hanam,41450,2946,666,311,3923
2023-09-06,hanam,41450,3007,690,313,4010
2023-09-07,hanam,41450,3000,683,309,3992
2023-09-08,hanam,41450,3009,690,311,4010
2023-09-09,hanam,41450,3036,694,308,4038
2023-09-10,hanam,41450,3022,702,299,4023
2023-09-11,hanam,41450,2990,694,294,3978
2023-09-12,hanam,41450,3016,704,302,4022
2023-09-14,hanam,41450,3053,724,310,4087
2023-09-15,hanam,41450,3080,730,307,4117
2023-09-16,hanam,41450,3077,746,304,4127
2023-09-17,hanam,41450,3072,737,302,4111
2023-09-18,hanam,41450,3025,724,298,4047
2023-09-19,hanam,41450,3066,729,297,4092
2023-09-20,hanam,41450,3109,737,297,4143
2023-09-21,hanam,41450,3091,739,299,4129
2023-09-23,hanam,41450,3127,735,288,4150
2023-09-24,hanam,41450,3122,732,286,4140
2023-09-25,hanam,41450,3100,729,286,4115
2023-09-26,hanam,41450,3127,744,286,4157
2023-09-27,hanam,41450,3171,752,291,4214
2023-09-28,hanam,41450,3144,750,292,4186
2023-09-29,hanam,41450,3118,741,290,4149
2023-09-30,hanam,41450,3097,739,290,4126
2023-10-01,hanam,41450,3074,734,287,4095
2023-10-02,hanam,41450,3018,729,280,4027
2023-10-03,hanam,41450,3021,728,278,4027
2023-10-04,hanam,41450,3057,731,275,4063
2023-10-05,hanam,41450,3149,776,282,4207
2023-10-06,hanam,41450,3180,788,284,4252
2023-10-07,hanam,41450,3220,814,287,4321
2023-10-08,hanam,41450,3223,809,284,4316
2023-10-09,hanam,41450,3181,804,277,4262
2023-10-10,hanam,41450,3185,797,269,4251
2023-10-11,hanam,41450,3277,818,280,4375
2023-10-12,hanam,41450,3271,826,285,4382
2023-10-13,hanam,41450,3298,847,288,4433
2023-10-14,hanam,41450,3326,855,284,4465
2023-10-15,hanam,41450,3328,858,276,4462
2023-10-16,hanam,41450,3287,850,274,4411
2023-10-17,hanam,41450,3312,857,273,4442
2023-10-18,hanam,41450,3374,875,269,4518
2023-10-19,hanam,41450,3352,885,275,4512
2023-10-20,hanam,41450,3371,899,274,4544
2023-10-21,hanam,41450,3380,936,272,4588
2023-10-22,hanam,41450,3360,928,274,4562
2023-10-23,hanam,41450,3313,925,272,4510
2023-10-24,hanam,41450,3372,954,282,4608
2023-10-25,hanam,41450,3433,972,292,4697
2023-10-26,hanam,41450,3425,982,294,4701
2023-10-27,hanam,41450,3446,1000,301,4747
2023-10-28,hanam,41450,3434,998,306,4738
2023-10-29,hanam,41450,3471,1003,310,4784
2023-10-30,hanam,41450,3468,1000,309,4777
2023-10-31,hanam,41450,3503,1016,312,4831
2023-11-01,hanam,41450,3537,1029,322,4888
2023-11-02,hanam,41450,3541,1048,330,4919
2023-11-03,hanam,41450,3550,1066,336,4952
2023-11-04,hanam,41450,3525,1064,334,4923
2023-11-05,hanam,41450,3480,1054,339,4873
2023-11-06,hanam,41450,3428,1041,338,4807
2023-11-07,hanam,41450,3458,1066,337,4861
2023-11-08,hanam,41450,3533,1078,337,4948
2023-11-09,hanam,41450,3529,1093,337,4959
2023-11-10,hanam,41450,3520,1102,352,4974
2023-11-11,hanam,41450,3517,1098,361,4976
2023-11-12,hanam,41450,3503,1102,362,4967
2023-11-13,hanam,41450,3441,1089,361,4891
2023-11-14,hanam,41450,3453,1107,372,4932
2023-11-15,hanam,41450,3518,1143,379,5040
2023-11-16,hanam,41450,3509,1143,380,5032
2023-11-17,hanam,41450,3511,1142,366,5019
2023-11-18,hanam,41450,3530,1142,367,5039
2023-11-19,hanam,41450,3519,1143,370,5032
2023-11-21,hanam,41450,3500,1139,370,5009
2023-11-22,hanam,41450,3549,1133,375,5057
2023-11-23,hanam,41450,3498,1129,379,5006
2023-11-24,hanam,41450,3491,1141,376,5008
2023-11-25,hanam,41450,3517,1155,387,5059
2023-11-26,hanam,41450,3501,1156,376,5033
2023-11-27,hanam,41450,3462,1146,366,4974
2023-11-28,hanam,41450,3495,1147,372,5014
2023-11-29,hanam,41450,3550,1167,379,5096
2023-11-30,hanam,41450,3537,1173,373,5083
2023-12-01,hanam,41450,3542,1183,384,5109
2023-12-02,hanam,41450,3554,1206,382,5142
2023-12-03,hanam,41450,3544,1213,379,5136
2023-12-04,hanam,41450,3494,1201,376,5071
2023-12-05,hanam,41450,3495,1214,382,5091
2023-12-06,hanam,41450,3556,1224,386,5166
2023-12-07,hanam,41450,3521,1215,389,5125
2023-12-08,hanam,41450,3496,1206,384,5086
2023-12-09,hanam,41450,3519,1208,387,5114
2023-12-10,hanam,41450,3520,1199,386,5105
2023-12-11,hanam,41450,3480,1186,382,5048
2023-12-12,hanam,41450,3543,1202,390,5135
2023-12-13,hanam,41450,3587,1223,391,5201
2023-12-14,hanam,41450,3565,1220,391,5176
2023-12-15,hanam,41450,3557,1212,395,5164
2023-12-16,hanam,41450,3560,1215,407,5182
2023-12-17,hanam,41450,3549,1226,407,5182
2023-12-18,hanam,41450,3505,1214,404,5123
2023-12-19,hanam,41450,3543,1217,403,5163
2023-12-20,hanam,41450,3584,1228,406,5218
2023-12-21,hanam,41450,3555,1207,409,5171
2023-12-22,hanam,41450,3541,1218,412,5171
2023-12-23,hanam,41450,3538,1211,405,5154
2023-12-25,hanam,41450,3467,1192,402,5061
2023-12-26,hanam,41450,3441,1181,397,5019
2023-12-27,hanam,41450,3519,1221,414,5154
2023-12-28,hanam,41450,3491,1217,426,5134
2023-12-29,hanam,41450,3502,1216,429,5147
2023-12-30,hanam,41450,3484,1207,433,5124
2023-12-31,hanam,41450,3483,1202,423,5108
2024-01-01,hanam,41450,3428,1187,419,5034
2024-01-02,hanam,41450,3387,1172,419,4978
2024-01-03,hanam,41450,3485,1195,430,5110
2024-01-04,hanam,41450,3470,1214,436,5120
2024-01-05,hanam,41450,3460,1221,443,5124
2024-01-06,hanam,41450,3464,1231,449,5144
2024-01-07,hanam,41450,3460,1240,440,5140
2024-01-08,hanam,41450,3392,1220,434,5046
2024-01-09,hanam,41450,3438,1238,443,5119
2024-01-10,hanam,41450,3472,1262,449,5183
2024-01-11,hanam,41450,3414,1260,446,5120
2024-01-12,hanam,41450,3418,1267,448,5133
2024-01-13,hanam,41450,3416,1269,455,5140
2024-01-14,hanam,41450,3401,1258,453,5112
2024-01-15,hanam,41450,3351,1242,447,5040
2024-01-16,hanam,41450,3392,1235,457,5084
2024-01-17,hanam,41450,3437,1245,454,5136
2024-01-18,hanam,41450,3392,1250,453,5095
2024-01-19,hanam,41450,3406,1257,461,5124
2024-01-20,hanam,41450,3432,1266,456,5154
2024-01-21,hanam,41450,3429,1260,452,5141
2024-01-22,hanam,41450,3400,1251,448,5099
2024-01-23,hanam,41450,3429,1254,443,5126
2024-01-24,hanam,41450,3471,1267,450,5188
2024-01-25,hanam,41450,3495,1274,451,5220
2024-01-26,hanam,41450,3448,1258,442,5148
2024-01-27,hanam,41450,3471,1262,445,5178
2024-01-28,hanam,41450,3473,1250,447,5170
2024-01-29,hanam,41450,3444,1238,442,5124
2024-01-30,hanam,41450,3460,1248,441,5149
2024-01-31,hanam,41450,3519,1271,455,5245
2024-02-01,hanam,41450,3556,1290,461,5307
2024-02-02,hanam,41450,3504,1302,461,5267
2024-02-03,hanam,41450,3534,1316,466,5316
2024-02-04,hanam,41450,3522,1332,470,5324
2024-02-05,hanam,41450,3473,1324,465,5262
2024-02-06,hanam,41450,3505,1332,468,5305
2024-02-07,hanam,41450,3535,1363,473,5371
2024-02-08,hanam,41450,3468,1352,468,5288
2024-02-09,hanam,41450,3462,1345,461,5268
2024-02-10,hanam,41450,3432,1340,457,5229
2024-02-12,hanam,41450,3359,1314,449,5122
2024-02-13,hanam,41450,3322,1305,446,5073
2024-02-14,hanam,41450,3456,1360,470,5286
2024-02-15,hanam,41450,3447,1371,479,5297
2024-02-16,hanam,41450,3446,1373,479,5298
2024-02-17,hanam,41450,3485,1374,490,5349
2024-02-18,hanam,41450,3475,1351,485,5311
2024-02-19,hanam,41450,3425,1342,476,5243
2024-02-20,hanam,41450,3491,1358,493,5342
2024-02-21,hanam,41450,3538,1381,495,5414
2024-02-22,hanam,41450,3506,1381,494,5381
2024-02-23,hanam,41450,3520,1381,501,5402
2024-02-24,hanam,41450,3538,1381,495,5414
2024-02-25,hanam,41450,3542,1367,494,5403
2024-02-26,hanam,41450,3482,1356,489,5327
2024-02-27,hanam,41450,3490,1355,497,5342
2024-02-28,hanam,41450,3549,1371,499,5419
2024-03-01,hanam,41450,3524,1360,512,5396
2024-03-02,hanam,41450,3509,1337,507,5353
2024-03-03,hanam,41450,3532,1350,513,5395
2024-03-04,hanam,41450,3478,1330,499,5307
2024-03-05,hanam,41450,3516,1334,505,5355
2024-03-06,hanam,41450,3565,1366,508,5439
2024-03-07,hanam,41450,3538,1371,514,5423
2024-03-08,hanam,41450,3574,1365,507,5446
2024-03-09,hanam,41450,3589,1362,511,5462
2024-03-10,hanam,41450,3570,1362,502,5434
2024-03-11,hanam,41450,3563,1352,501,5416
2024-03-12,hanam,41450,3646,1391,515,5552
2024-03-13,hanam,41450,3664,1387,519,5570
2024-03-14,hanam,41450,3691,1409,527,5627
2024-03-15,hanam,41450,3657,1399,524,5580
2024-03-16,hanam,41450,3628,1389,524,5541
2024-03-17,hanam,41450,3634,1369,525,5528
2024-03-18,hanam,41450,3579,1349,518,5446
2024-03-19,hanam,41450,3608,1357,530,5495
2024-03-20,hanam,41450,3645,1366,531,5542
2024-03-21,hanam,41450,3616,1364,527,5507
2024-03-22,hanam,41450,3608,1350,534,5492
2024-03-23,hanam,41450,3638,1342,547,5527
2024-03-24,hanam,41450,3622,1348,546,5516
2024-03-25,hanam,41450,3574,1332,544,5450
2024-03-26,hanam,41450,3587,1351,544,5482
2024-03-27,hanam,41450,3611,1351,539,5501
2024-03-28,hanam,41450,3580,1337,541,5458
2024-03-29,hanam,41450,3586,1321,541,5448
2024-03-30,hanam,41450,3596,1318,539,5453
2024-03-31,hanam,41450,3571,1316,535,5422
2024-04-01,hanam,41450,3541,1312,538,5391
2024-04-02,hanam,41450,3602,1328,539,5469
2024-04-03,hanam,41450,3671,1342,540,5553
2024-04-04,hanam,41450,3636,1326,533,5495
2024-04-05,hanam,41450,3627,1306,546,5479
2024-04-06,hanam,41450,3636,1315,550,5501
2024-04-07,hanam,41450,3595,1301,556,5452
2024-04-08,hanam,41450,3543,1293,552,5388
2024-04-09,hanam,41450,3590,1304,548,5442
2024-04-10,hanam,41450,3634,1320,559,5513
2024-04-11,hanam,41450,3570,1286,554,5410
2024-04-12,hanam,41450,3595,1297,564,5456
2024-04-13,hanam,41450,3630,1295,566,5491
2024-04-14,hanam,41450,3640,1305,563,5508
2024-04-15,hanam,41450,3565,1279,551,5395
2024-04-16,hanam,41450,3583,1281,563,5427
2024-04-17,hanam,41450,3638,1292,565,5495
2024-04-18,hanam,41450,3594,1292,561,5447
2024-04-19,hanam,41450,3610,1275,558,5443
2024-04-20,hanam,41450,3617,1275,558,5450
2024-04-21,hanam,41450,3598,1280,551,5429
2024-04-22,hanam,41450,3531,1268,536,5335
2024-04-23,hanam,41450,3561,1271,544,5376
2024-04-24,hanam,41450,3589,1272,546,5407
2024-04-25,hanam,41450,3585,1251,543,5379
2024-04-26,hanam,41450,3600,1238,530,5368
2024-04-27,hanam,41450,3641,1223,518,5382
2024-04-28,hanam,41450,3642,1216,517,5375
2024-04-29,hanam,41450,3589,1203,511,5303
2024-04-30,hanam,41450,3634,1209,509,5352
2024-05-01,hanam,41450,3673,1219,509,5401
2024-05-02,hanam,41450,3616,1189,500,5305
2024-05-03,hanam,41450,3628,1191,508,5327
2024-05-04,hanam,41450,3694,1196,508,5398
2024-05-05,hanam,41450,3693,1170,506,5369
2024-05-06,hanam,41450,3641,1153,501,5295
2024-05-07,hanam,41450,3632,1136,492,5260
2024-05-08,hanam,41450,3724,1162,510,5396
2024-05-09,hanam,41450,3687,1148,497,5332
2024-05-10,hanam,41450,3717,1132,492,5341
2024-05-11,hanam,41450,3759,1126,489,5374
2024-05-12,hanam,41450,3715,1110,484,5309
2024-05-13,hanam,41450,3670,1101,474,5245
2024-05-14,hanam,41450,3708,1096,478,5282
2024-05-15,hanam,41450,3750,1108,478,5336
2024-05-16,hanam,41450,3687,1079,463,5229
2024-05-17,hanam,41450,3676,1081,460,5217
2024-05-18,hanam,41450,3677,1076,447,5200
2024-05-19,hanam,41450,3662,1074,453,5189
2024-05-20,hanam,41450,3621,1065,446,5132
2024-05-21,hanam,41450,3648,1044,445,5137
2024-05-22,hanam,41450,3688,1054,438,5180
2024-05-23,hanam,41450,3673,1052,430,5155
2024-05-24,hanam,41450,3653,1033,423,5109
2024-05-25,hanam,41450,3680,1055,426,5161
2024-05-26,hanam,41450,3668,1038,426,5132
2024-05-27,hanam,41450,3618,1027,416,5061
2024-05-28,hanam,41450,3668,1033,410,5111
2024-05-29,hanam,41450,3672,1031,409,5112
2024-05-30,hanam,41450,3651,1014,402,5067
2024-05-31,hanam,41450,3654,1022,397,5073
2024-06-01,hanam,41450,3657,1009,390,5056
2024-06-02,hanam,41450,3624,1005,387,5016
2024-06-03,hanam,41450,3558,998,379,4935
2024-06-04,hanam,41450,3605,993,377,4975
2024-06-05,hanam,41450,3653,1004,376,5033
2024-06-06,hanam,41450,3653,999,374,5026
2024-06-07,hanam,41450,3593,964,363,4920
2024-06-08,hanam,41450,3598,960,362,4920
2024-06-09,hanam,41450,3570,948,361,4879
2024-06-10,hanam,41450,3527,941,361,4829
2024-06-11,hanam,41450,3570,934,361,4865
2024-06-12,hanam,41450,3618,945,355,4918
2024-06-13,hanam,41450,3599,931,351,4881
2024-06-14,hanam,41450,3618,914,347,4879
2024-06-15,hanam,41450,3637,919,350,4906
2024-06-16,hanam,41450,3616,891,347,4854
2024-06-17,hanam,41450,3571,881,337,4789
2024-06-18,hanam,41450,3576,876,327,4779
2024-06-19,hanam,41450,3609,879,326,4814
2024-06-20,hanam,41450,3584,868,325,4777
2024-06-21,hanam,41450,3588,871,330,4789
2024-06-23,hanam,41450,3590,825,327,4742
2024-06-24,hanam,41450,3530,811,324,4665
2024-06-25,hanam,41450,3538,806,323,4667
2024-06-26,hanam,41450,3572,797,318,4687
2024-06-27,hanam,41450,3519,787,319,4625
2024-06-28,hanam,41450,3521,783,321,4625
2024-06-29,hanam,41450,3503,776,323,4602
2024-06-30,hanam,41450,3493,762,322,4577
2024-07-01,hanam,41450,3456,750,318,4524
2024-07-02,hanam,41450,3462,758,328,4548
2024-07-03,hanam,41450,3491,760,332,4583
2024-07-04,hanam,41450,3429,747,326,4502
2024-07-05,hanam,41450,3420,730,323,4473
2024-07-06,hanam,41450,3415,728,317,4460
2024-07-07,hanam,41450,3388,732,311,4431
2024-07-08,hanam,41450,3341,727,306,4374
2024-07-09,hanam,41450,3370,719,306,4395
2024-07-10,hanam,41450,3365,709,301,4375
2024-07-11,hanam,41450,3359,705,296,4360
2024-07-12,hanam,41450,3345,687,297,4329
2024-07-13,hanam,41450,3320,684,288,4292
2024-07-14,hanam,41450,3307,665,278,4250
2024-07-15,hanam,41450,3270,655,273,4198
2024-07-16,hanam,41450,3281,652,268,4201
2024-07-17,hanam,41450,3299,661,267,4227
2024-07-18,hanam,41450,3272,651,263,4186
2024-07-19,hanam,41450,3243,640,260,4143
2024-07-20,hanam,41450,3264,625,264,4153
2024-07-21,hanam,41450,3210,614,259,4083
2024-07-22,hanam,41450,3163,614,257,4034
2024-07-23,hanam,41450,3165,619,254,4038
2024-07-24,hanam,41450,3196,628,254,4078
2024-07-25,hanam,41450,3178,629,257,4064
2024-07-26,hanam,41450,3179,624,253,4056
2024-07-27,hanam,41450,3165,619,250,4034
2024-07-28,hanam,41450,3135,609,247,3991
2024-07-29,hanam,41450,3095,600,243,3938
2024-07-30,hanam,41450,3115,607,247,3969
2024-07-31,hanam,41450,3136,606,247,3989
2024-08-01,hanam,41450,3094,592,242,3928
2024-08-02,hanam,41450,3083,578,240,3901
2024-08-03,hanam,41450,3084,573,237,3894
2024-08-04,hanam,41450,3059,569,236,3864
2024-08-05,hanam,41450,3010,562,234,3806
2024-08-06,hanam,41450,3077,549,235,3861
2024-08-07,hanam,41450,3116,555,235,3906
2024-08-08,hanam,41450,3103,556,231,3890
2024-08-09,hanam,41450,3116,542,229,3887
2024-08-10,hanam,41450,3111,535,226,3872
2024-08-11,hanam,41450,3079,533,219,3831
2024-08-12,hanam,41450,3037,526,213,3776
2024-08-13,hanam,41450,3042,524,214,3780
2024-08-14,hanam,41450,3100,535,221,3856
2024-08-15,hanam,41450,3101,523,216,3840
2024-08-16,hanam,41450,3094,517,214,3825
2024-08-17,hanam,41450,3096,524,212,3832
2024-08-18,hanam,41450,3112,514,210,3836
2024-08-19,hanam,41450,3076,504,208,3788
2024-08-20,hanam,41450,3087,505,208,3800
2024-08-21,hanam,41450,3141,517,212,3870
2024-08-22,hanam,41450,3138,510,209,3857
2024-08-23,hanam,41450,3137,516,212,3865
2024-08-24,hanam,41450,3149,501,211,3861
2024-08-25,hanam,41450,3150,501,200,3851
2024-08-26,hanam,41450,3127,492,198,3817
2024-08-27,hanam,41450,3140,497,193,3830
2024-08-28,hanam,41450,3189,498,199,3886
2024-08-29,hanam,41450,3188,500,197,3885
2024-08-30,hanam,41450,3198,506,191,3895
2024-08-31,hanam,41450,3224,503,195,3922
2024-09-01,hanam,41450,3216,502,193,3911
2024-09-02,hanam,41450,3172,497,188,3857
2024-09-03,hanam,41450,3228,500,202,3930
2024-09-04,hanam,41450,3264,507,211,3982
2024-09-05,hanam,41450,3243,509,213,3965
2024-09-06,hanam,41450,3263,511,214,3988
2024-09-07,hanam,41450,3272,510,216,3998
2024-09-08,hanam,41450,3254,504,216,3974
2024-09-09,hanam,41450,3225,503,216,3944
2024-09-10,hanam,41450,3283,509,223,4015
2024-09-11,hanam,41450,3312,499,225,4036
2024-09-12,hanam,41450,3338,502,228,4068
2024-09-13,hanam,41450,3334,499,233,4066
2024-09-14,hanam,41450,3313,494,230,4037
2024-09-15,hanam,41450,3281,491,225,3997
2024-09-16,hanam,41450,3263,489,224,3976
2024-09-17,hanam,41450,3222,490,224,3936
2024-09-18,hanam,41450,3205,488,224,3917
2024-09-19,hanam,41450,3195,491,222,3908
2024-09-20,hanam,41450,3279,509,233,4021
2024-09-21,hanam,41450,3318,519,238,4075
2024-09-22,hanam,41450,3322,505,239,4066
2024-09-23,hanam,41450,3272,501,238,4011
2024-09-24,hanam,41450,3317,507,230,4054
2024-09-25,hanam,41450,3354,507,230,4091
2024-09-26,hanam,41450,3383,510,227,4120
2024-09-27,hanam,41450,3401,511,243,4155
2024-09-28,hanam,41450,3415,511,241,4167
2024-09-29,hanam,41450,3418,506,243,4167
2024-09-30,hanam,41450,3370,501,240,4111
2024-10-01,hanam,41450,3417,510,230,4157
2024-10-02,hanam,41450,3461,507,224,4192
2024-10-03,hanam,41450,3443,503,227,4173
2024-10-04,hanam,41450,3413,501,216,4130
2024-10-05,hanam,41450,3473,514,227,4214
2024-10-06,hanam,41450,3467,523,224,4214
2024-10-07,hanam,41450,3424,520,218,4162
2024-10-08,hanam,41450,3478,525,222,4225
2024-10-09,hanam,41450,3513,528,226,4267
2024-10-10,hanam,41450,3473,525,219,4217
2024-10-11,hanam,41450,3518,527,230,4275
2024-10-12,hanam,41450,3541,538,234,4313
2024-10-13,hanam,41450,3555,540,232,4327
2024-10-14,hanam,41450,3511,538,231,4280
2024-10-16,hanam,41450,3589,568,245,4402
2024-10-17,hanam,41450,3591,575,252,4418
2024-10-18,hanam,41450,3626,573,259,4458
2024-10-19,hanam,41450,3635,571,261,4467
2024-10-20,hanam,41450,3575,562,257,4394
2024-10-21,hanam,41450,3511,556,255,4322
2024-10-22,hanam,41450,3574,571,266,4411
2024-10-23,hanam,41450,3606,579,279,4464
2024-10-24,hanam,41450,3604,580,277,4461
2024-10-25,hanam,41450,3629,577,283,4489
2024-10-26,hanam,41450,3655,586,290,4531
2024-10-27,hanam,41450,3627,589,287,4503
2024-10-28,hanam,41450,3578,587,284,4449
2024-10-29,hanam,41450,3622,601,269,4492
2024-10-30,hanam,41450,3661,602,270,4533
2024-10-31,hanam,41450,3621,608,271,4500
2024-11-01,hanam,41450,3633,613,274,4520
2024-11-02,hanam,41450,3684,615,277,4576
2024-11-03,hanam,41450,3662,602,268,4532
2024-11-04,hanam,41450,3598,590,266,4454
2024-11-05,hanam,41450,3673,628,264,4565
2024-11-06,hanam,41450,3758,641,278,4677
2024-11-07,hanam,41450,3707,648,289,4644
2024-11-08,hanam,41450,3711,667,295,4673
2024-11-09,hanam,41450,3720,657,302,4679
2024-11-10,hanam,41450,3704,646,298,4648
2024-11-11,hanam,41450,3669,641,298,4608
2024-11-12,hanam,41450,3730,662,301,4693
2024-11-13,hanam,41450,3777,669,303,4749
2024-11-14,hanam,41450,3762,658,308,4728
2024-11-15,hanam,41450,3786,659,305,4750
2024-11-16,hanam,41450,3809,649,313,4771
2024-11-17,hanam,41450,3830,648,307,4785
2024-11-18,hanam,41450,3799,644,306,4749
2024-11-19,hanam,41450,3828,665,308,4801
2024-11-20,hanam,41450,3860,679,315,4854
2024-11-21,hanam,41450,3828,697,316,4841
2024-11-22,hanam,41450,3863,696,314,4873
2024-11-23,hanam,41450,3862,696,318,4876
2024-11-24,hanam,41450,3852,700,320,4872
2024-11-25,hanam,41450,3805,693,317,4815
2024-11-26,hanam,41450,3838,696,319,4853
2024-11-27,hanam,41450,3884,701,329,4914
2024-11-28,hanam,41450,3824,704,335,4863
2024-11-29,hanam,41450,3844,704,350,4898
2024-11-30,hanam,41450,3835,703,345,4883
2024-12-01,hanam,41450,3778,702,341,4821
2024-12-02,hanam,41450,3696,694,335,4725
2024-12-03,hanam,41450,3819,711,341,4871
2024-12-04,hanam,41450,3874,720,350,4944
2024-12-05,hanam,41450,3806,707,349,4862
2024-12-06,hanam,41450,3801,721,340,4862
2024-12-07,hanam,41450,3850,732,338,4920
2024-12-08,hanam,41450,3836,732,333,4901
2024-12-09,hanam,41450,3800,725,327,4852
2024-12-10,hanam,41450,3846,721,332,4899
2024-12-11,hanam,41450,3885,731,333,4949
2024-12-12,hanam,41450,3830,732,329,4891
2024-12-13,hanam,41450,3837,735,326,4898
2024-12-14,hanam,41450,3846,735,326,4907
2024-12-15,hanam,41450,3825,732,323,4880
2024-12-16,hanam,41450,3791,728,320,4839
2024-12-17,hanam,41450,3843,739,321,4903
2024-12-19,hanam,41450,3854,729,324,4907
2024-12-20,hanam,41450,3869,731,322,4922
2024-12-21,hanam,41450,3868,737,322,4927
2024-12-22,hanam,41450,3833,731,320,4884
2024-12-23,hanam,41450,3788,722,317,4827
2024-12-24,hanam,41450,3823,716,314,4853
2024-12-25,hanam,41450,3873,715,316,4904
2024-12-26,hanam,41450,3806,710,315,4831
2024-12-27,hanam,41450,3826,719,316,4861
2024-12-28,hanam,41450,3836,724,323,4883
2024-12-29,hanam,41450,3801,712,305,4818
2024-12-30,hanam,41450,3765,706,302,4773
2024-12-31,hanam,41450,3823,714,315,4852
2025-01-01,hanam,41450,3849,722,322,4893
2025-01-02,hanam,41450,3715,711,316,4742
2025-01-03,hanam,41450,3788,719,319,4826
2025-01-04,hanam,41450,3819,733,325,4877
2025-01-05,hanam,41450,3799,723,322,4844
2025-01-06,hanam,41450,3747,714,318,4779
2025-01-07,hanam,41450,3834,719,316,4869
2025-01-08,hanam,41450,3893,733,318,4944
2025-01-09,hanam,41450,3865,738,321,4924
2025-01-10,hanam,41450,3878,736,323,4937
2025-01-11,hanam,41450,3884,728,315,4927
2025-01-12,hanam,41450,3872,727,313,4912
2025-01-13,hanam,41450,3827,716,307,4850
2025-01-14,hanam,41450,3866,723,299,4888
2025-01-15,hanam,41450,3897,737,305,4939
2025-01-16,hanam,41450,3878,738,299,4915
2025-01-17,hanam,41450,3888,735,289,4912
2025-01-18,hanam,41450,3876,737,288,4901
2025-01-19,hanam,41450,3839,719,283,4841
2025-01-20,hanam,41450,3803,714,283,4800
2025-01-21,hanam,41450,3878,728,287,4893
2025-01-22,hanam,41450,3926,731,287,4944
2025-01-23,hanam,41450,3901,730,286,4917
2025-01-24,hanam,41450,3917,711,285,4913
2025-01-25,hanam,41450,3963,721,279,4963
2025-01-26,hanam,41450,3913,712,279,4904
2025-01-27,hanam,41450,3884,704,279,4867
2025-01-28,hanam,41450,3868,697,280,4845
2025-01-29,hanam,41450,3871,696,279,4846
2025-01-30,hanam,41450,3803,687,275,4765
2025-01-31,hanam,41450,3766,684,273,4723
2025-02-01,hanam,41450,3816,685,282,4783
2025-02-02,hanam,41450,3710,666,280,4656
2025-02-03,hanam,41450,3635,657,274,4566
2025-02-04,hanam,41450,3677,679,278,4634
2025-02-05,hanam,41450,3746,703,279,4728
2025-02-06,hanam,41450,3812,726,293,4831
2025-02-07,hanam,41450,3905,745,296,4946
2025-02-08,hanam,41450,3984,741,288,5013
2025-02-09,hanam,41450,4013,737,282,5032
2025-02-10,hanam,41450,3949,729,278,4956
2025-02-11,hanam,41450,3992,721,289,5002
2025-02-12,hanam,41450,4041,715,295,5051
2025-02-13,hanam,41450,4009,696,290,4995
2025-02-14,hanam,41450,4023,688,286,4997
2025-02-15,hanam,41450,4035,671,285,4991
2025-02-16,hanam,41450,4015,660,281,4956
2025-02-17,hanam,41450,3974,651,279,4904
2025-02-18,hanam,41450,4036,642,282,4960
2025-02-19,hanam,41450,4087,632,283,5002
2025-02-20,hanam,41450,4041,628,287,4956
2025-02-21,hanam,41450,4050,613,289,4952
2025-02-22,hanam,41450,4066,618,286,4970
2025-02-23,hanam,41450,4038,610,282,4930
2025-02-24,hanam,41450,3977,604,279,4860
2025-02-25,hanam,41450,4056,597,281,4934
2025-02-26,hanam,41450,4098,599,282,4979
2025-02-27,hanam,41450,4098,597,275,4970
2025-02-28,hanam,41450,4125,599,276,5000
2025-03-01,hanam,41450,4134,603,280,5017
2025-03-02,hanam,41450,4144,601,281,5026
2025-03-03,hanam,41450,4094,594,280,4968
2025-03-04,hanam,41450,4045,577,274,4896
2025-03-05,hanam,41450,4138,591,272,5001
2025-03-06,hanam,41450,4069,573,274,4916
2025-03-07,hanam,41450,4081,561,271,4913
2025-03-08,hanam,41450,4054,552,276,4882
2025-03-09,hanam,41450,4033,540,274,4847
2025-03-10,hanam,41450,3960,537,274,4771
2025-03-11,hanam,41450,4039,552,267,4858
2025-03-12,hanam,41450,4096,559,266,4921
2025-03-13,hanam,41450,4076,571,263,4910
2025-03-14,hanam,41450,4083,561,264,4908
2025-03-15,hanam,41450,4102,556,265,4923
2025-03-16,hanam,41450,4097,544,258,4899
2025-03-17,hanam,41450,4058,539,256,4853
2025-03-18,hanam,41450,4088,529,257,4874
2025-03-19,hanam,41450,4148,524,258,4930
2025-03-20,hanam,41450,4122,519,264,4905
2025-03-21,hanam,41450,4141,530,260,4931
2025-03-24,hanam,41450,4112,516,256,4884
2025-03-25,hanam,41450,4138,514,263,4915
2025-03-26,hanam,41450,4180,515,264,4959
2025-03-27,hanam,41450,4149,499,261,4909
2025-03-28,hanam,41450,4170,504,259,4933
2025-03-29,hanam,41450,4188,498,245,4931
2025-03-30,hanam,41450,4192,495,238,4925
2025-03-31,hanam,41450,4170,492,232,4894
2025-04-01,hanam,41450,4179,503,230,4912
2025-04-02,hanam,41450,4228,497,237,4962
2025-04-03,hanam,41450,4249,504,249,5002
2025-04-04,hanam,41450,4233,495,243,4971
2025-04-05,hanam,41450,4252,485,250,4987
2025-04-06,hanam,41450,4245,469,244,4958
2025-04-07,hanam,41450,4184,463,239,4886
2025-04-08,hanam,41450,4202,474,238,4914
2025-04-09,hanam,41450,4273,463,245,4981
2025-04-10,hanam,41450,4199,465,241,4905
2025-04-11,hanam,41450,4256,462,242,4960
2025-04-12,hanam,41450,4272,463,240,4975
2025-04-13,hanam,41450,4271,462,233,4966
2025-04-14,hanam,41450,4221,455,233,4909
2025-04-15,hanam,41450,4238,459,237,4934
2025-04-16,hanam,41450,4281,456,236,4973
2025-04-17,hanam,41450,4255,463,236,4954
2025-04-18,hanam,41450,4265,466,229,4960
2025-04-19,hanam,41450,4272,467,230,4969
2025-04-20,hanam,41450,4251,452,227,4930
2025-04-21,hanam,41450,4219,447,227,4893
2025-04-22,hanam,41450,4278,458,227,4963
2025-04-23,hanam,41450,4305,459,225,4989
2025-04-24,hanam,41450,4260,459,228,4947
2025-04-25,hanam,41450,4269,456,227,4952
2025-04-26,hanam,41450,4294,454,230,4978
2025-04-27,hanam,41450,4286,454,229,4969
2025-04-28,hanam,41450,4242,450,229,4921
2025-04-29,hanam,41450,4278,455,228,4961
2025-04-30,hanam,41450,4310,457,230,4997
2025-05-01,hanam,41450,4290,462,225,4977
2025-05-02,hanam,41450,4244,450,218,4912
2025-05-03,hanam,41450,4299,463,219,4981
2025-05-04,hanam,41450,4290,465,223,4978
2025-05-05,hanam,41450,4250,463,220,4933
2025-05-06,hanam,41450,4214,456,223,4893
2025-05-07,hanam,41450,4223,454,224,4901
2025-05-08,hanam,41450,4214,463,226,4903
2025-05-09,hanam,41450,4211,470,227,4908
2025-05-10,hanam,41450,4248,475,221,4944
2025-05-11,hanam,41450,4195,462,224,4881
2025-05-12,hanam,41450,4137,454,220,4811
2025-05-13,hanam,41450,4210,467,222,4899
2025-05-14,hanam,41450,4247,480,229,4956
2025-05-15,hanam,41450,4222,473,232,4927
2025-05-16,hanam,41450,4218,466,229,4913
2025-05-17,hanam,41450,4243,450,235,4928
2025-05-18,hanam,41450,4199,451,229,4879
2025-05-19,hanam,41450,4167,446,229,4842
2025-05-20,hanam,41450,4178,455,227,4860
2025-05-21,hanam,41450,4222,467,234,4923
2025-05-22,hanam,41450,4155,470,236,4861
2025-05-23,hanam,41450,4175,481,242,4898
2025-05-24,hanam,41450,4186,479,245,4910
2025-05-25,hanam,41450,4131,459,242,4832
2025-05-26,hanam,41450,4092,455,238,4785
2025-05-27,hanam,41450,4102,454,235,4791
2025-05-28,hanam,41450,4135,463,228,4826
2025-05-29,hanam,41450,4085,470,231,4786
2025-05-30,hanam,41450,4086,473,227,4786
2025-05-31,hanam,41450,4081,468,227,4776
2025-06-01,hanam,41450,4062,469,221,4752
2025-06-02,hanam,41450,3986,467,218,4671
2025-06-03,hanam,41450,3996,459,225,4680
2025-06-04,hanam,41450,4017,448,231,4696
2025-06-05,hanam,41450,4051,456,237,4744
2025-06-06,hanam,41450,4057,456,239,4752
2025-06-07,hanam,41450,4000,441,233,4674
2025-06-08,hanam,41450,3997,439,229,4665
2025-06-09,hanam,41450,3914,432,227,4573
2025-06-10,hanam,41450,3961,445,222,4628
2025-06-11,hanam,41450,3984,434,223,4641
2025-06-12,hanam,41450,3921,427,219,4567
2025-06-13,hanam,41450,3907,426,216,4549
2025-06-14,hanam,41450,3920,416,222,4558
2025-06-15,hanam,41450,3889,415,219,4523
2025-06-16,hanam,41450,3832,410,218,4460
2025-06-17,hanam,41450,3808,420,217,4445
2025-06-18,hanam,41450,3787,418,216,4421
2025-06-19,hanam,41450,3761,412,222,4395
2025-06-20,hanam,41450,3743,411,217,4371
2025-06-21,hanam,41450,3733,399,218,4350
2025-06-22,hanam,41450,3706,403,220,4329
2025-06-23,hanam,41450,3655,393,217,4265
2025-06-24,hanam,41450,3664,396,220,4280
2025-06-25,hanam,41450,3664,393,213,4270
2025-06-26,hanam,41450,3605,391,202,4198
2025-06-27,hanam,41450,3589,391,195,4175
2025-06-28,hanam,41450,3608,373,197,4178
2025-06-29,hanam,41450,3602,365,190,4157
2025-06-30,hanam,41450,3563,362,187,4112
2025-07-01,hanam,41450,3625,363,201,4189
2025-07-02,hanam,41450,3662,364,199,4225
2025-07-03,hanam,41450,3649,368,201,4218
2025-07-04,hanam,41450,3641,357,208,4206
2025-07-05,hanam,41450,3623,359,210,4192
2025-07-06,hanam,41450,3635,358,203,4196
2025-07-07,hanam,41450,3617,357,203,4177
2025-07-08,hanam,41450,3624,356,208,4188
2025-07-09,hanam,41450,3687,359,212,4258
2025-07-10,hanam,41450,3615,356,206,4177
2025-07-11,hanam,41450,3610,352,194,4156
2025-07-12,hanam,41450,3611,351,191,4153
2025-07-13,hanam,41450,3589,331,188,4108
2025-07-14,hanam,41450,3537,324,185,4046
2025-07-15,hanam,41450,3582,335,183,4100
2025-07-16,hanam,41450,3606,329,185,4120
2025-07-17,hanam,41450,3572,317,186,4075
2025-07-18,hanam,41450,3584,312,187,4083
2025-07-19,hanam,41450,3600,318,190,4108
2025-07-20,hanam,41450,3581,311,194,4086
2025-07-21,hanam,41450,3543,308,190,4041
2025-07-22,hanam,41450,3586,301,192,4079
2025-07-23,hanam,41450,3633,296,192,4121
2025-07-24,hanam,41450,3580,293,182,4055
2025-07-25,hanam,41450,3579,290,177,4046
2025-07-26,hanam,41450,3587,293,176,4056
2025-07-27,hanam,41450,3571,288,171,4030
2025-07-28,hanam,41450,3534,285,166,3985
2025-07-29,hanam,41450,3552,282,163,3997
2025-07-30,hanam,41450,3571,282,164,4017
2025-07-31,hanam,41450,3529,280,164,3973
2025-08-01,hanam,41450,3518,274,161,3953
2025-08-02,hanam,41450,3542,268,162,3972
2025-08-03,hanam,41450,3529,263,162,3954
2025-08-04,hanam,41450,3491,258,159,3908
2025-08-05,hanam,41450,3511,258,153,3922
2025-08-06,hanam,41450,3536,257,156,3949
2025-08-15,hanam,41450,3518,211,129,3858
2025-08-16,hanam,41450,3506,210,123,3839
2025-08-17,hanam,41450,3502,213,128,3843
2025-08-18,hanam,41450,3458,212,124,3794
2025-08-19,hanam,41450,3514,214,132,3860
2025-08-20,hanam,41450,3540,207,131,3878
2025-08-21,hanam,41450,3526,199,130,3855
2025-08-22,hanam,41450,3525,194,137,3856
2025-08-23,hanam,41450,3545,198,139,3882
2025-08-24,hanam,41450,3518,186,131,3835
2025-08-27,hanam,41450,3526,188,128,3842
2025-08-28,hanam,41450,3507,181,134,3822
2025-08-29,hanam,41450,3528,181,135,3844
2025-08-30,hanam,41450,3523,172,138,3833
2025-08-31,hanam,41450,3521,169,133,3823
2025-09-01,hanam,41450,3531,185,136,3852
2025-09-02,hanam,41450,3514,182,135,3831
2025-09-03,hanam,41450,3568,180,141,3889
2025-09-04,hanam,41450,3556,177,129,3862
2025-09-05,hanam,41450,3548,177,132,3857
2025-09-06,hanam,41450,3525,169,126,3820
2025-09-09,hanam,41450,3510,178,127,3815
2025-09-10,hanam,41450,3546,185,130,3861
2025-09-11,hanam,41450,3489,185,119,3793
2025-09-12,hanam,41450,3487,186,116,3789
2025-09-15,hanam,41450,3433,174,118,3725
2025-09-16,hanam,41450,3436,188,121,3745
2025-09-17,hanam,41450,3440,195,116,3751
2025-09-18,hanam,41450,3408,200,121,3729
2025-09-19,hanam,41450,3363,204,114,3681
2025-09-20,hanam,41450,3337,212,114,3663
2025-09-21,hanam,41450,3327,209,113,3649
2025-09-22,hanam,41450,3284,206,111,3601
2025-09-23,hanam,41450,3259,213,118,3590
2025-09-24,hanam,41450,3292,219,118,3629
2025-09-25,hanam,41450,3233,199,127,3559
2025-09-26,hanam,41450,3208,194,127,3529
2025-09-27,hanam,41450,3184,193,126,3503
2025-09-28,hanam,41450,3132,190,119,3441
2025-09-29,hanam,41450,3087,190,117,3394
2025-09-30,hanam,41450,3039,196,121,3356
2025-10-01,hanam,41450,3032,200,119,3351
2025-10-02,hanam,41450,2976,196,122,3294
2025-10-03,hanam,41450,2965,192,122,3279
2025-10-04,hanam,41450,2924,187,121,3232
2025-10-07,hanam,41450,2874,192,120,3186
2025-10-08,hanam,41450,2873,193,120,3186
2025-10-09,hanam,41450,2820,188,121,3129
2025-10-10,hanam,41450,2790,188,121,3099
2025-10-11,hanam,41450,2817,210,125,3152
2025-10-12,hanam,41450,2774,211,125,3110
2025-10-13,hanam,41450,2749,211,125,3085
2025-10-14,hanam,41450,2773,225,131,3129
2025-10-15,hanam,41450,2808,232,145,3185
2025-10-16,hanam,41450,2744,230,149,3123
2025-10-17,hanam,41450,2723,239,149,3111
2025-10-18,hanam,41450,2731,241,143,3115
2025-10-19,hanam,41450,2668,237,135,3040
2025-10-21,hanam,41450,2372,228,131,2731
2025-10-22,hanam,41450,2283,233,131,2647
2025-10-23,hanam,41450,2216,230,130,2576
2025-10-24,hanam,41450,2154,227,127,2508
2025-10-25,hanam,41450,2134,228,126,2488
2025-10-26,hanam,41450,2115,229,124,2468
2025-10-27,hanam,41450,2090,229,123,2442
2025-10-28,hanam,41450,2063,233,131,2427
2025-10-29,hanam,41450,2066,228,128,2422
2025-10-30,hanam,41450,2028,225,123,2376
2025-11-01,hanam,41450,1965,213,120,2298
2025-11-02,hanam,41450,1961,211,126,2298
2025-11-03,hanam,41450,1946,211,129,2286
2025-11-04,hanam,41450,1936,205,139,2280
2025-11-06,hanam,41450,1943,208,138,2289
2025-11-07,hanam,41450,1916,213,141,2270
2025-11-08,hanam,41450,1926,211,146,2283
2025-11-09,hanam,41450,1906,208,150,2264
2025-11-10,hanam,41450,1852,203,147,2202
2025-11-11,hanam,41450,1850,201,147,2198
2025-11-12,hanam,41450,1849,208,142,2199
2025-11-13,hanam,41450,1805,204,140,2149
2025-11-14,hanam,41450,1780,202,144,2126
2025-11-15,hanam,41450,1789,218,153,2160
2025-11-18,hanam,41450,1776,231,169,2176
2025-11-19,hanam,41450,1771,232,172,2175
2025-11-20,hanam,41450,1741,228,173,2142
2025-11-21,hanam,41450,1719,226,174,2119
2025-11-22,hanam,41450,1722,232,172,2126
2025-11-23,hanam,41450,1689,224,171,2084
2025-11-24,hanam,41450,1663,221,170,2054
2025-11-25,hanam,41450,1677,224,170,2071
2025-11-26,hanam,41450,1688,233,166,2087
2025-11-27,hanam,41450,1680,233,171,2084
2025-11-28,hanam,41450,1678,225,171,2074
2025-11-29,hanam,41450,1687,234,181,2102
2025-11-30,hanam,41450,1671,242,181,2094
2025-12-01,hanam,41450,1648,237,181,2066
2025-12-02,hanam,41450,1646,243,183,2072
2025-12-03,hanam,41450,1675,247,201,2123
2025-12-04,hanam,41450,1663,255,202,2120
2025-12-05,hanam,41450,1677,258,196,2131
2025-12-06,hanam,41450,1681,248,194,2123
2025-12-07,hanam,41450,1682,248,190,2120
2025-12-08,hanam,41450,1658,240,183,2081
2025-12-09,hanam,41450,1650,258,183,2091
2025-12-10,hanam,41450,1671,258,184,2113
2025-12-11,hanam,41450,1648,264,186,2098
2025-12-12,hanam,41450,1643,262,178,2083
2025-12-13,hanam,41450,1630,263,181,2074
2025-12-14,hanam,41450,1632,261,176,2069
2025-12-15,hanam,41450,1603,260,172,2035
2025-12-16,hanam,41450,1597,258,186,2041
2025-12-17,hanam,41450,1604,257,193,2054
2025-12-18,hanam,41450,1585,255,192,2032
2025-12-19,hanam,41450,1577,265,190,2032
2025-12-20,hanam,41450,1582,264,191,2037
2025-12-21,hanam,41450,1582,264,199,2045
2025-12-22,hanam,41450,1562,262,198,2022
2025-12-23,hanam,41450,1578,259,206,2043
2025-12-24,hanam,41450,1581,250,197,2028
2025-12-26,hanam,41450,1520,256,198,1974
2025-12-27,hanam,41450,1500,255,195,1950
2025-12-28,hanam,41450,1476,249,192,1917
2025-12-29,hanam,41450,1465,246,191,1902
2025-12-30,hanam,41450,1467,258,193,1918
2025-12-31,hanam,41450,1487,255,201,1943
2026-01-01,hanam,41450,1460,263,198,1921
2026-01-02,hanam,41450,1443,260,193,1896
2026-01-03,hanam,41450,1442,262,195,1899
2026-01-04,hanam,41450,1439,262,188,1889
2026-01-05,hanam,41450,1428,264,188,1880
2026-01-06,hanam,41450,1423,271,192,1886
2026-01-07,hanam,41450,1425,275,195,1895
2026-01-08,hanam,41450,1402,273,195,1870
2026-01-09,hanam,41450,1402,270,190,1862
2026-01-10,hanam,41450,1393,268,190,1851
2026-01-12,hanam,41450,1356,260,195,1811
2026-01-13,hanam,41450,1356,265,202,1823
2026-01-14,hanam,41450,1366,265,206,1837
2026-01-15,hanam,41450,1342,269,205,1816
2026-01-16,hanam,41450,1337,269,210,1816
2026-01-17,hanam,41450,1334,274,212,1820
2026-01-18,hanam,41450,1332,266,207,1805
2026-01-19,hanam,41450,1311,263,205,1779
2026-01-20,hanam,41450,1296,268,210,1774
2026-01-21,hanam,41450,1292,263,215,1770
2026-01-22,hanam,41450,1268,258,211,1737
2026-01-23,hanam,41450,1257,266,217,1740
2026-01-24,hanam,41450,1266,263,210,1739
2026-01-25,hanam,41450,1250,255,208,1713
2026-01-26,hanam,41450,1225,256,208,1689
2026-01-27,hanam,41450,1203,251,200,1654
2026-01-28,hanam,41450,1206,259,202,1667
2026-01-29,hanam,41450,1182,255,201,1638
2026-01-30,hanam,41450,1181,259,200,1640
2026-01-31,hanam,41450,1193,253,192,1638
2026-02-02,hanam,41450,1187,250,188,1625
2026-02-03,hanam,41450,1205,247,181,1633
2026-02-04,hanam,41450,1241,256,193,1690
2026-02-05,hanam,41450,1249,255,196,1700
2026-02-06,hanam,41450,1270,250,200,1720
2026-02-07,hanam,41450,1296,249,192,1737
2026-02-09,hanam,41450,1305,245,196,1746
2026-02-10,hanam,41450,1350,245,203,1798
2026-02-11,hanam,41450,1388,241,200,1829
2026-02-12,hanam,41450,1418,242,188,1848
2026-02-13,hanam,41450,1444,238,177,1859
2026-02-14,hanam,41450,1509,235,182,1926
2026-02-15,hanam,41450,1502,234,182,1918
2026-02-16,hanam,41450,1488,231,183,1902
2026-02-17,hanam,41450,1477,229,182,1888
2026-02-18,hanam,41450,1476,229,182,1887
2026-02-19,hanam,41450,1464,230,178,1872
2026-02-20,hanam,41450,1552,245,181,1978
2026-02-21,hanam,41450,1601,248,187,2036
2026-02-22,hanam,41450,1628,246,184,2058
2026-02-23,hanam,41450,1619,243,180,2042
2026-02-24,hanam,41450,1666,249,178,2093
2026-02-25,hanam,41450,1693,256,183,2132
2026-02-26,hanam,41450,1718,259,180,2157
2026-02-27,hanam,41450,1734,262,185,2181
2026-02-28,hanam,41450,1768,266,185,2219
2026-03-02,hanam,41450,1785,250,181,2216
2026-03-03,hanam,41450,1774,250,181,2205
2026-03-04,hanam,41450,1838,259,189,2286
2026-03-05,hanam,41450,1852,269,192,2313
2026-03-06,hanam,41450,1853,253,184,2290
2026-03-07,hanam,41450,1914,240,188,2342
2026-03-08,hanam,41450,1902,236,182,2320
2026-03-09,hanam,41450,1887,233,182,2302
2026-03-10,hanam,41450,1938,221,181,2340
2026-03-11,hanam,41450,1962,224,179,2365
2026-03-12,hanam,41450,1982,216,187,2385
2026-03-13,hanam,41450,1999,221,185,2405
2026-03-14,hanam,41450,2002,217,189,2408
2026-03-15,hanam,41450,1998,218,188,2404
2026-03-16,hanam,41450,1973,217,186,2376
2026-03-17,hanam,41450,2022,226,196,2444
2026-03-18,hanam,41450,2021,223,196,2440
2026-03-19,hanam,41450,2032,226,196,2454
2026-03-20,hanam,41450,2057,226,202,2485
2026-03-21,hanam,41450,2071,231,202,2504
2026-03-23,hanam,41450,2003,226,186,2415
2026-03-24,hanam,41450,2008,227,187,2422
2026-03-25,hanam,41450,2035,230,194,2459
2026-03-26,hanam,41450,2014,232,192,2438
2026-03-27,hanam,41450,2014,235,196,2445
2026-03-28,hanam,41450,1997,236,192,2425
2026-03-29,hanam,41450,1969,237,186,2392
2026-03-30,hanam,41450,1940,234,185,2359
2026-03-31,hanam,41450,1956,239,190,2385
2026-04-01,hanam,41450,1975,248,181,2404
2026-04-02,hanam,41450,1985,257,187,2429
2026-04-03,hanam,41450,1974,267,194,2435
2026-04-04,hanam,41450,1958,262,194,2414
2026-04-05,hanam,41450,1965,259,186,2410
2026-04-06,hanam,41450,1938,255,187,2380
2026-04-07,hanam,41450,1952,263,193,2408
2026-04-08,hanam,41450,1979,270,200,2449
2026-04-09,hanam,41450,1983,267,197,2447
2026-04-10,hanam,41450,2007,263,193,2463
2026-04-11,hanam,41450,2008,263,191,2462
2026-04-12,hanam,41450,1989,257,199,2445
2026-04-13,hanam,41450,1974,257,198,2429
2026-04-14,hanam,41450,1983,254,191,2428
2026-04-15,hanam,41450,2020,260,192,2472
2026-04-16,hanam,41450,2010,261,195,2466
2026-04-17,hanam,41450,2001,266,193,2460
2026-04-18,hanam,41450,2018,261,193,2472
2026-04-19,hanam,41450,2033,269,189,2491
2026-04-20,hanam,41450,2027,266,188,2481
2026-04-21,hanam,41450,2034,272,184,2490
2026-04-22,hanam,41450,2047,265,183,2495
2026-04-23,hanam,41450,2025,260,186,2471
2026-04-24,hanam,41450,2032,261,185,2478
2026-04-25,hanam,41450,2030,261,188,2479
2026-04-26,hanam,41450,2008,261,187,2456
2026-04-27,hanam,41450,1983,260,185,2428
2026-04-28,hanam,41450,1992,258,184,2434
2026-04-29,hanam,41450,1981,260,188,2429
2026-04-30,hanam,41450,1955,262,185,2402
2026-05-01,hanam,41450,1930,259,188,2377
2026-05-02,hanam,41450,1888,258,187,2333
2026-05-04,hanam,41450,1863,252,195,2310
2026-05-05,hanam,41450,1844,257,197,2298
2026-05-06,hanam,41450,1825,256,189,2270
2026-05-07,hanam,41450,1816,252,191,2259
2026-05-08,hanam,41450,1802,237,191,2230
2026-05-09,hanam,41450,1775,234,184,2193
2026-05-10,hanam,41450,1744,229,175,2148
2026-05-11,hanam,41450,1708,221,173,2102
2026-05-12,hanam,41450,1679,226,174,2079
2026-05-13,hanam,41450,1697,233,171,2101
2026-05-14,hanam,41450,1687,227,174,2088
2026-05-15,hanam,41450,1688,224,177,2089
2026-05-16,hanam,41450,1713,227,172,2112
2026-05-17,hanam,41450,1711,216,171,2098
2026-05-18,hanam,41450,1689,215,171,2075
2026-05-19,hanam,41450,1696,217,168,2081
2026-05-20,hanam,41450,1711,213,162,2086
2026-05-21,hanam,41450,1719,209,164,2092
2026-05-22,hanam,41450,1748,210,163,2121
2026-05-23,hanam,41450,1739,216,165,2120
2026-05-24,hanam,41450,1714,225,150,2089
2026-05-25,hanam,41450,1690,220,148,2058
2026-05-26,hanam,41450,1678,213,141,2032
2026-05-27,hanam,41450,1701,212,146,2059
2026-05-28,hanam,41450,1698,205,138,2041
2026-05-29,hanam,41450,1694,205,140,2039
2026-05-30,hanam,41450,1712,213,141,2066
2026-05-31,hanam,41450,1711,211,140,2062
2026-06-01,hanam,41450,1703,208,138,2049
2026-06-02,hanam,41450,1723,208,145,2076
2026-06-03,hanam,41450,1744,205,152,2101
2026-06-04,hanam,41450,1719,201,151,2071
2026-06-05,hanam,41450,1748,206,150,2104
2026-06-06,hanam,41450,1748,202,151,2101
2026-06-07,hanam,41450,1734,206,145,2085
2026-06-08,hanam,41450,1747,208,144,2099
2026-06-09,hanam,41450,1759,215,145,2119
2026-06-10,hanam,41450,1798,218,148,2164
2026-06-11,hanam,41450,1781,226,159,2166
2026-06-12,hanam,41450,1787,234,159,2180
2026-06-13,hanam,41450,1769,239,160,2168
2026-06-14,hanam,41450,1744,241,156,2141
2026-06-15,hanam,41450,1720,241,155,2116
2026-06-16,hanam,41450,1721,236,149,2106
2026-06-17,hanam,41450,1736,236,148,2120
2026-06-18,hanam,41450,1713,231,146,2090
2026-06-20,hanam,41450,1732,242,152,2126
2026-06-21,hanam,41450,1714,239,150,2103
2026-06-22,hanam,41450,1693,236,147,2076
2026-06-23,hanam,41450,1681,234,151,2066
2026-06-24,hanam,41450,1707,230,152,2089
2026-06-25,hanam,41450,1727,231,155,2113
2026-06-26,hanam,41450,1713,231,153,2097
2026-06-27,hanam,41450,1718,223,142,2083
2026-06-28,hanam,41450,1684,218,136,2038
2026-06-29,hanam,41450,1668,219,134,2021
2026-06-30,hanam,41450,1690,214,128,2032
2026-07-01,hanam,41450,1714,217,134,2065
2026-07-02,hanam,41450,1755,223,135,2113
2026-07-03,hanam,41450,1742,219,133,2094
2026-07-04,hanam,41450,1754,224,135,2113
2026-07-05,hanam,41450,1724,224,132,2080
2026-07-06,hanam,41450,1700,227,133,2060
2026-07-07,hanam,41450,1693,227,138,2058
2026-07-08,hanam,41450,1712,228,135,2075
2026-07-09,hanam,41450,1675,225,135,2035
2026-07-10,hanam,41450,1668,215,129,2012
2026-07-11,hanam,41450,1688,210,125,2023
2026-07-12,hanam,41450,1677,213,125,2015
2026-07-13,hanam,41450,1665,213,123,2001
2026-07-14,hanam,41450,1675,211,122,2008
2026-07-17,hanam,41450,1685,205,120,2010
2026-07-18,hanam,41450,1664,197,123,1984
2026-07-19,hanam,41450,1665,197,125,1987
2026-07-20,hanam,41450,1653,193,126,1972
2026-07-21,hanam,41450,1655,196,128,1979
2026-07-23,hanam,41450,1656,192,122,1970
2026-07-24,hanam,41450,1645,191,125,1961
2026-07-25,hanam,41450,1637,194,125,1956
2026-07-26,hanam,41450,1647,201,121,1969
2026-07-27,hanam,41450,1628,197,120,1945
2026-07-28,hanam,41450,1637,199,122,1958
2026-07-29,hanam,41450,1659,198,122,1979
2026-07-30,hanam,41450,1663,208,120,1991
2026-07-31,hanam,41450,1668,190,120,1978
2026-08-01,hanam,41450,1680,198,122,2000
2026-08-02,hanam,41450,1682,193,119,1994
2026-08-03,hanam,41450,1662,193,117,1972
2026-08-04,hanam,41450,1669,208,119,1996
2026-08-05,hanam,41450,1689,204,122,2015
2026-08-06,hanam,41450,1679,198,126,2003
2026-08-07,hanam,41450,1679,206,135,2020
2026-08-08,hanam,41450,1694,204,139,2037
2026-08-09,hanam,41450,1698,207,151,2056
2026-08-10,hanam,41450,1674,205,150,2029
2026-08-11,hanam,41450,1703,211,158,2072
2026-08-12,hanam,41450,1730,221,159,2110
2026-08-14,hanam,41450,1741,216,149,2106
2026-08-15,hanam,41450,1765,218,145,2128
2026-08-16,hanam,41450,1745,220,139,2104
2026-08-17,hanam,41450,1736,219,136,2091
2026-08-18,hanam,41450,1726,212,137,2075
2026-08-19,hanam,41450,1784,217,140,2141
2026-08-20,hanam,41450,1774,220,140,2134
2026-08-21,hanam,41450,1776,221,141,2138
2026-08-22,hanam,41450,1768,221,151,2140
2026-08-23,hanam,41450,1755,219,143,2117
2026-08-25,hanam,41450,1765,220,141,2126
2026-08-26,hanam,41450,1797,219,146,2162
2026-08-27,hanam,41450,1792,222,145,2159
2026-08-28,hanam,41450,1818,216,148,2182
2026-08-29,hanam,41450,1815,219,146,2180
2026-08-30,hanam,41450,1821,222,149,2192
2026-08-31,hanam,41450,1802,220,147,2169
2026-09-01,hanam,41450,1823,222,151,2196
2026-09-03,hanam,41450,1845,240,156,2241
2026-09-04,hanam,41450,1869,245,166,2280
2026-09-05,hanam,41450,1899,242,167,2308
2026-09-06,hanam,41450,1879,241,168,2288
2026-09-07,hanam,41450,1860,237,165,2262
2026-09-09,hanam,41450,1877,252,166,2295
2026-09-11,hanam,41450,1870,261,169,2300
2026-09-12,hanam,41450,1868,260,172,2300
2026-09-13,hanam,41450,1857,265,170,2292
2026-09-14,hanam,41450,1834,264,168,2266
2026-09-15,hanam,41450,1862,268,169,2299
2026-09-16,hanam,41450,1886,270,171,2327
2026-09-17,hanam,41450,1881,279,176,2336
2026-09-18,hanam,41450,1867,269,174,2310
2026-09-19,hanam,41450,1892,267,171,2330
2026-09-21,hanam,41450,1883,267,172,2322
2026-09-22,hanam,41450,1872,270,175,2317
2026-09-23,hanam,41450,1887,264,177,2328
2026-09-24,hanam,41450,1882,264,178,2324
2026-09-25,hanam,41450,1861,259,176,2296
2026-09-27,hanam,41450,1824,257,174,2255
2026-09-28,hanam,41450,1814,256,173,2243
2026-09-29,hanam,41450,1843,263,174,2280
2026-09-30,hanam,41450,1894,278,180,2352
2026-10-01,hanam,41450,1898,284,187,2369
2026-10-02,hanam,41450,1923,283,191,2397
2026-10-03,hanam,41450,1950,300,194,2444
2026-10-04,hanam,41450,1930,289,187,2406
2026-10-05,hanam,41450,1907,287,186,2380
2026-10-06,hanam,41450,1924,282,184,2390
2026-10-07,hanam,41450,1975,281,194,2450
2023-09-01,jungwon,41133,994,343,157,1494
2023-09-02,jungwon,41133,1029,346,154,1529
2023-09-03,jungwon,41133,1024,350,155,1529
2023-09-04,jungwon,41133,1002,340,153,1495
2023-09-05,jungwon,41133,1021,355,156,1532
2023-09-06,jungwon,41133,1045,370,158,1573
2023-09-07,jungwon,41133,1046,372,160,1578
2023-09-08,jungwon,41133,1052,380,155,1587
2023-09-09,jungwon,41133,1061,391,155,1607
2023-09-10,jungwon,41133,1051,391,153,1595
2023-09-11,jungwon,41133,1034,387,150,1571
2023-09-12,jungwon,41133,1054,393,147,1594
2023-09-14,jungwon,41133,1060,411,161,1632
2023-09-15,jungwon,41133,1063,413,163,1639
2023-09-16,jungwon,41133,1059,415,167,1641
2023-09-17,jungwon,41133,1051,415,157,1623
2023-09-18,jungwon,41133,1035,401,154,1590
2023-09-19,jungwon,41133,1066,411,150,1627
2023-09-20,jungwon,41133,1080,410,155,1645
2023-09-21,jungwon,41133,1064,402,151,1617
2023-09-23,jungwon,41133,1054,397,153,1604
2023-09-24,jungwon,41133,1043,401,153,1597
2023-09-25,jungwon,41133,1031,395,153,1579
2023-09-26,jungwon,41133,1051,390,157,1598
2023-09-27,jungwon,41133,1088,395,157,1640
2023-09-28,jungwon,41133,1080,400,155,1635
2023-09-29,jungwon,41133,1067,397,154,1618
2023-09-30,jungwon,41133,1053,390,149,1592
2023-10-01,jungwon,41133,1021,384,148,1553
2023-10-02,jungwon,41133,988,378,148,1514
2023-10-03,jungwon,41133,987,369,141,1497
2023-10-04,jungwon,41133,992,370,141,1503
2023-10-05,jungwon,41133,1024,397,155,1576
2023-10-06,jungwon,41133,1058,391,154,1603
2023-10-07,jungwon,41133,1073,396,155,1624
2023-10-08,jungwon,41133,1073,391,153,1617
2023-10-09,jungwon,41133,1046,383,149,1578
2023-10-10,jungwon,41133,1030,374,148,1552
2023-10-11,jungwon,41133,1088,392,154,1634
2023-10-12,jungwon,41133,1075,395,163,1633
2023-10-13,jungwon,41133,1088,391,163,1642
2023-10-14,jungwon,41133,1092,388,162,1642
2023-10-15,jungwon,41133,1083,384,162,1629
2023-10-16,jungwon,41133,1062,380,157,1599
2023-10-17,jungwon,41133,1080,388,161,1629
2023-10-18,jungwon,41133,1114,399,163,1676
2023-10-19,jungwon,41133,1109,403,171,1683
2023-10-20,jungwon,41133,1111,413,176,1700
2023-10-21,jungwon,41133,1125,422,180,1727
2023-10-22,jungwon,41133,1119,417,177,1713
2023-10-23,jungwon,41133,1104,416,175,1695
2023-10-24,jungwon,41133,1121,423,182,1726
2023-10-25,jungwon,41133,1150,434,196,1780
2023-10-26,jungwon,41133,1131,435,195,1761
2023-10-27,jungwon,41133,1119,433,195,1747
2023-10-28,jungwon,41133,1126,430,203,1759
2023-10-29,jungwon,41133,1140,434,199,1773
2023-10-30,jungwon,41133,1140,434,199,1773
2023-10-31,jungwon,41133,1169,442,204,1815
2023-11-01,jungwon,41133,1167,450,204,1821
2023-11-02,jungwon,41133,1178,449,209,1836
2023-11-03,jungwon,41133,1206,450,207,1863
2023-11-04,jungwon,41133,1187,438,208,1833
2023-11-05,jungwon,41133,1155,433,204,1792
2023-11-06,jungwon,41133,1123,428,199,1750
2023-11-07,jungwon,41133,1150,427,195,1772
2023-11-08,jungwon,41133,1162,421,198,1781
2023-11-09,jungwon,41133,1181,431,200,1812
2023-11-10,jungwon,41133,1178,433,200,1811
2023-11-11,jungwon,41133,1159,437,192,1788
2023-11-12,jungwon,41133,1149,440,193,1782
2023-11-13,jungwon,41133,1119,436,190,1745
2023-11-14,jungwon,41133,1136,440,185,1761
2023-11-15,jungwon,41133,1176,443,187,1806
2023-11-16,jungwon,41133,1176,432,180,1788
2023-11-17,jungwon,41133,1160,433,175,1768
2023-11-18,jungwon,41133,1152,434,173,1759
2023-11-19,jungwon,41133,1148,429,163,1740
2023-11-21,jungwon,41133,1135,413,156,1704
2023-11-22,jungwon,41133,1159,428,161,1748
2023-11-23,jungwon,41133,1153,427,156,1736
2023-11-24,jungwon,41133,1163,428,150,1741
2023-11-25,jungwon,41133,1173,430,157,1760
2023-11-26,jungwon,41133,1153,427,156,1736
2023-11-27,jungwon,41133,1132,426,153,1711
2023-11-28,jungwon,41133,1155,427,153,1735
2023-11-29,jungwon,41133,1181,435,153,1769
2023-11-30,jungwon,41133,1187,434,153,1774
2023-12-01,jungwon,41133,1191,439,153,1783
2023-12-02,jungwon,41133,1185,439,155,1779
2023-12-03,jungwon,41133,1172,436,155,1763
2023-12-04,jungwon,41133,1155,428,154,1737
2023-12-05,jungwon,41133,1163,418,149,1730
2023-12-06,jungwon,41133,1185,429,159,1773
2023-12-07,jungwon,41133,1166,426,160,1752
2023-12-08,jungwon,41133,1163,422,160,1745
2023-12-09,jungwon,41133,1177,423,159,1759
2023-12-10,jungwon,41133,1179,425,163,1767
2023-12-11,jungwon,41133,1158,414,162,1734
2023-12-12,jungwon,41133,1174,410,160,1744
2023-12-13,jungwon,41133,1198,420,168,1786
2023-12-14,jungwon,41133,1191,421,164,1776
2023-12-15,jungwon,41133,1165,413,165,1743
2023-12-16,jungwon,41133,1159,418,167,1744
2023-12-17,jungwon,41133,1166,425,168,1759
2023-12-18,jungwon,41133,1144,409,166,1719
2023-12-19,jungwon,41133,1159,422,171,1752
2023-12-20,jungwon,41133,1179,427,174,1780
2023-12-21,jungwon,41133,1172,420,176,1768
2023-12-22,jungwon,41133,1161,418,168,1747
2023-12-23,jungwon,41133,1173,420,164,1757
2023-12-25,jungwon,41133,1134,418,158,1710
2023-12-26,jungwon,41133,1131,417,158,1706
2023-12-27,jungwon,41133,1150,418,160,1728
2023-12-28,jungwon,41133,1135,423,160,1718
2023-12-29,jungwon,41133,1113,416,164,1693
2023-12-30,jungwon,41133,1117,414,165,1696
2023-12-31,jungwon,41133,1119,422,165,1706
2024-01-01,jungwon,41133,1102,413,163,1678
2024-01-02,jungwon,41133,1086,408,162,1656
2024-01-03,jungwon,41133,1124,420,169,1713
2024-01-04,jungwon,41133,1119,411,175,1705
2024-01-05,jungwon,41133,1135,422,174,1731
2024-01-06,jungwon,41133,1141,433,171,1745
2024-01-07,jungwon,41133,1128,418,164,1710
2024-01-08,jungwon,41133,1092,414,161,1667
2024-01-09,jungwon,41133,1123,414,157,1694
2024-01-10,jungwon,41133,1152,419,158,1729
2024-01-11,jungwon,41133,1131,431,155,1717
2024-01-12,jungwon,41133,1131,432,150,1713
2024-01-13,jungwon,41133,1140,422,156,1718
2024-01-14,jungwon,41133,1125,404,154,1683
2024-01-15,jungwon,41133,1110,400,151,1661
2024-01-16,jungwon,41133,1121,393,157,1671
2024-01-17,jungwon,41133,1145,402,154,1701
2024-01-18,jungwon,41133,1125,398,143,1666
2024-01-19,jungwon,41133,1129,388,139,1656
2024-01-20,jungwon,41133,1138,393,137,1668
2024-01-21,jungwon,41133,1129,378,132,1639
2024-01-22,jungwon,41133,1104,372,132,1608
2024-01-23,jungwon,41133,1123,366,130,1619
2024-01-24,jungwon,41133,1136,365,128,1629
2024-01-25,jungwon,41133,1152,359,127,1638
2024-01-26,jungwon,41133,1129,364,121,1614
2024-01-27,jungwon,41133,1139,357,125,1621
2024-01-28,jungwon,41133,1117,352,115,1584
2024-01-29,jungwon,41133,1092,348,107,1547
2024-01-30,jungwon,41133,1113,343,111,1567
2024-01-31,jungwon,41133,1136,332,110,1578
2024-02-01,jungwon,41133,1147,331,113,1591
2024-02-02,jungwon,41133,1116,326,110,1552
2024-02-03,jungwon,41133,1125,327,113,1565
2024-02-04,jungwon,41133,1112,305,107,1524
2024-02-05,jungwon,41133,1093,298,104,1495
2024-02-06,jungwon,41133,1116,296,107,1519
2024-02-07,jungwon,41133,1135,294,115,1544
2024-02-08,jungwon,41133,1112,285,117,1514
2024-02-09,jungwon,41133,1103,278,116,1497
2024-02-10,jungwon,41133,1094,270,114,1478
2024-02-12,jungwon,41133,1054,262,110,1426
2024-02-13,jungwon,41133,1051,263,108,1422
2024-02-14,jungwon,41133,1109,274,115,1498
2024-02-15,jungwon,41133,1131,279,119,1529
2024-02-16,jungwon,41133,1133,274,120,1527
2024-02-17,jungwon,41133,1146,273,120,1539
2024-02-18,jungwon,41133,1154,255,123,1532
2024-02-19,jungwon,41133,1133,246,120,1499
2024-02-20,jungwon,41133,1147,247,121,1515
2024-02-21,jungwon,41133,1156,251,127,1534
2024-02-22,jungwon,41133,1138,253,123,1514
2024-02-23,jungwon,41133,1160,259,118,1537
2024-02-24,jungwon,41133,1165,251,118,1534
2024-02-25,jungwon,41133,1176,244,113,1533
2024-02-26,jungwon,41133,1158,242,110,1510
2024-02-27,jungwon,41133,1170,239,115,1524
2024-02-28,jungwon,41133,1201,242,119,1562
2024-03-01,jungwon,41133,1193,245,129,1567
2024-03-02,jungwon,41133,1185,250,125,1560
2024-03-03,jungwon,41133,1189,259,125,1573
2024-03-04,jungwon,41133,1151,255,123,1529
2024-03-05,jungwon,41133,1169,258,125,1552
2024-03-06,jungwon,41133,1185,261,128,1574
2024-03-07,jungwon,41133,1203,278,132,1613
2024-03-08,jungwon,41133,1202,268,131,1601
2024-03-09,jungwon,41133,1236,279,136,1651
2024-03-10,jungwon,41133,1221,281,138,1640
2024-03-11,jungwon,41133,1217,282,137,1636
2024-03-12,jungwon,41133,1245,286,137,1668
2024-03-13,jungwon,41133,1278,292,142,1712
2024-03-14,jungwon,41133,1288,298,131,1717
2024-03-15,jungwon,41133,1300,294,128,1722
2024-03-16,jungwon,41133,1250,295,122,1667
2024-03-17,jungwon,41133,1264,294,121,1679
2024-03-18,jungwon,41133,1243,287,121,1651
2024-03-19,jungwon,41133,1253,287,122,1662
2024-03-20,jungwon,41133,1274,282,116,1672
2024-03-21,jungwon,41133,1301,275,117,1693
2024-03-22,jungwon,41133,1288,271,115,1674
2024-03-23,jungwon,41133,1302,269,119,1690
2024-03-24,jungwon,41133,1290,270,117,1677
2024-03-25,jungwon,41133,1267,268,114,1649
2024-03-26,jungwon,41133,1273,260,109,1642
2024-03-27,jungwon,41133,1300,270,109,1679
2024-03-28,jungwon,41133,1301,267,105,1673
2024-03-29,jungwon,41133,1288,269,100,1657
2024-03-30,jungwon,41133,1290,264,89,1643
2024-03-31,jungwon,41133,1289,261,88,1638
2024-04-01,jungwon,41133,1273,259,87,1619
2024-04-02,jungwon,41133,1306,260,87,1653
2024-04-03,jungwon,41133,1329,263,95,1687
2024-04-04,jungwon,41133,1307,265,92,1664
2024-04-05,jungwon,41133,1315,272,91,1678
2024-04-06,jungwon,41133,1317,271,88,1676
2024-04-07,jungwon,41133,1312,264,86,1662
2024-04-08,jungwon,41133,1282,254,81,1617
2024-04-09,jungwon,41133,1299,254,90,1643
2024-04-10,jungwon,41133,1317,259,87,1663
2024-04-11,jungwon,41133,1298,250,86,1634
2024-04-12,jungwon,41133,1321,257,90,1668
2024-04-13,jungwon,41133,1327,253,87,1667
2024-04-14,jungwon,41133,1314,239,85,1638
2024-04-15,jungwon,41133,1300,240,84,1624
2024-04-16,jungwon,41133,1287,242,85,1614
2024-04-17,jungwon,41133,1310,242,94,1646
2024-04-18,jungwon,41133,1323,243,95,1661
2024-04-19,jungwon,41133,1306,244,93,1643
2024-04-20,jungwon,41133,1299,248,97,1644
2024-04-21,jungwon,41133,1299,244,95,1638
2024-04-22,jungwon,41133,1276,241,93,1610
2024-04-23,jungwon,41133,1308,242,100,1650
2024-04-24,jungwon,41133,1322,247,99,1668
2024-04-25,jungwon,41133,1322,244,100,1666
2024-04-26,jungwon,41133,1325,239,102,1666
2024-04-27,jungwon,41133,1322,243,101,1666
2024-04-28,jungwon,41133,1317,238,109,1664
2024-04-29,jungwon,41133,1300,234,107,1641
2024-04-30,jungwon,41133,1313,238,104,1655
2024-05-01,jungwon,41133,1361,242,106,1709
2024-05-02,jungwon,41133,1336,240,100,1676
2024-05-03,jungwon,41133,1363,250,111,1724
2024-05-04,jungwon,41133,1388,251,119,1758
2024-05-05,jungwon,41133,1381,248,117,1746
2024-05-06,jungwon,41133,1356,245,115,1716
2024-05-07,jungwon,41133,1336,241,110,1687
2024-05-08,jungwon,41133,1395,253,122,1770
2024-05-09,jungwon,41133,1382,259,123,1764
2024-05-10,jungwon,41133,1391,264,126,1781
2024-05-11,jungwon,41133,1398,270,135,1803
2024-05-12,jungwon,41133,1383,268,137,1788
2024-05-13,jungwon,41133,1359,262,134,1755
2024-05-14,jungwon,41133,1384,258,138,1780
2024-05-15,jungwon,41133,1415,258,138,1811
2024-05-16,jungwon,41133,1393,253,134,1780
2024-05-17,jungwon,41133,1394,260,130,1784
2024-05-18,jungwon,41133,1400,264,131,1795
2024-05-19,jungwon,41133,1410,270,132,1812
2024-05-20,jungwon,41133,1384,269,131,1784
2024-05-21,jungwon,41133,1412,270,128,1810
2024-05-22,jungwon,41133,1436,278,133,1847
2024-05-23,jungwon,41133,1425,286,134,1845
2024-05-24,jungwon,41133,1435,285,132,1852
2024-05-25,jungwon,41133,1438,287,133,1858
2024-05-26,jungwon,41133,1432,286,129,1847
2024-05-27,jungwon,41133,1406,280,129,1815
2024-05-28,jungwon,41133,1431,285,130,1846
2024-05-29,jungwon,41133,1433,286,131,1850
2024-05-30,jungwon,41133,1420,292,136,1848
2024-05-31,jungwon,41133,1392,289,134,1815
2024-06-01,jungwon,41133,1393,298,133,1824
2024-06-02,jungwon,41133,1354,298,133,1785
2024-06-03,jungwon,41133,1321,295,129,1745
2024-06-04,jungwon,41133,1347,305,137,1789
2024-06-05,jungwon,41133,1380,313,138,1831
2024-06-06,jungwon,41133,1403,322,140,1865
2024-06-07,jungwon,41133,1386,312,135,1833
2024-06-08,jungwon,41133,1385,314,139,1838
2024-06-09,jungwon,41133,1377,314,136,1827
2024-06-10,jungwon,41133,1354,312,133,1799
2024-06-11,jungwon,41133,1381,317,134,1832
2024-06-12,jungwon,41133,1386,320,134,1840
2024-06-13,jungwon,41133,1362,339,137,1838
2024-06-14,jungwon,41133,1354,335,138,1827
2024-06-15,jungwon,41133,1369,340,139,1848
2024-06-16,jungwon,41133,1353,331,138,1822
2024-06-17,jungwon,41133,1314,325,137,1776
2024-06-18,jungwon,41133,1302,321,137,1760
2024-06-19,jungwon,41133,1330,333,141,1804
2024-06-20,jungwon,41133,1341,339,140,1820
2024-06-21,jungwon,41133,1337,330,139,1806
2024-06-23,jungwon,41133,1326,319,158,1803
2024-06-24,jungwon,41133,1298,315,156,1769
2024-06-25,jungwon,41133,1315,318,157,1790
2024-06-26,jungwon,41133,1346,326,161,1833
2024-06-27,jungwon,41133,1340,324,161,1825
2024-06-28,jungwon,41133,1325,322,162,1809
2024-06-29,jungwon,41133,1312,322,160,1794
2024-06-30,jungwon,41133,1303,327,159,1789
2024-07-01,jungwon,41133,1285,318,158,1761
2024-07-02,jungwon,41133,1294,323,161,1778
2024-07-03,jungwon,41133,1322,328,164,1814
2024-07-04,jungwon,41133,1298,319,170,1787
2024-07-05,jungwon,41133,1287,319,173,1779
2024-07-06,jungwon,41133,1280,322,176,1778
2024-07-07,jungwon,41133,1294,326,178,1798
2024-07-08,jungwon,41133,1259,322,175,1756
2024-07-09,jungwon,41133,1266,310,182,1758
2024-07-10,jungwon,41133,1274,312,187,1773
2024-07-11,jungwon,41133,1286,310,181,1777
2024-07-12,jungwon,41133,1270,314,182,1766
2024-07-13,jungwon,41133,1265,309,176,1750
2024-07-14,jungwon,41133,1244,314,173,1731
2024-07-15,jungwon,41133,1214,306,173,1693
2024-07-16,jungwon,41133,1233,300,173,1706
2024-07-17,jungwon,41133,1259,304,165,1728
2024-07-18,jungwon,41133,1249,309,167,1725
2024-07-19,jungwon,41133,1238,304,163,1705
2024-07-20,jungwon,41133,1240,294,160,1694
2024-07-21,jungwon,41133,1238,287,159,1684
2024-07-22,jungwon,41133,1221,285,148,1654
2024-07-23,jungwon,41133,1225,284,150,1659
2024-07-24,jungwon,41133,1241,291,155,1687
2024-07-25,jungwon,41133,1241,284,149,1674
2024-07-26,jungwon,41133,1230,293,147,1670
2024-07-27,jungwon,41133,1221,291,142,1654
2024-07-28,jungwon,41133,1217,286,136,1639
2024-07-29,jungwon,41133,1200,282,133,1615
2024-07-30,jungwon,41133,1211,289,137,1637
2024-07-31,jungwon,41133,1236,288,135,1659
2024-08-01,jungwon,41133,1237,291,131,1659
2024-08-02,jungwon,41133,1246,293,138,1677
2024-08-03,jungwon,41133,1264,294,137,1695
2024-08-04,jungwon,41133,1253,294,138,1685
2024-08-05,jungwon,41133,1231,291,134,1656
2024-08-06,jungwon,41133,1245,303,135,1683
2024-08-07,jungwon,41133,1264,310,138,1712
2024-08-08,jungwon,41133,1272,318,138,1728
2024-08-09,jungwon,41133,1287,317,141,1745
2024-08-10,jungwon,41133,1279,321,146,1746
2024-08-11,jungwon,41133,1274,319,145,1738
2024-08-12,jungwon,41133,1258,315,142,1715
2024-08-13,jungwon,41133,1279,328,146,1753
2024-08-14,jungwon,41133,1293,334,148,1775
2024-08-15,jungwon,41133,1277,343,151,1771
2024-08-16,jungwon,41133,1242,334,151,1727
2024-08-17,jungwon,41133,1265,342,156,1763
2024-08-18,jungwon,41133,1259,330,154,1743
2024-08-19,jungwon,41133,1227,325,149,1701
2024-08-20,jungwon,41133,1239,336,157,1732
2024-08-21,jungwon,41133,1253,337,161,1751
2024-08-22,jungwon,41133,1261,347,162,1770
2024-08-23,jungwon,41133,1265,346,160,1771
2024-08-24,jungwon,41133,1261,344,164,1769
2024-08-25,jungwon,41133,1249,341,161,1751
2024-08-26,jungwon,41133,1231,336,159,1726
2024-08-27,jungwon,41133,1251,345,162,1758
2024-08-28,jungwon,41133,1270,358,170,1798
2024-08-29,jungwon,41133,1269,351,170,1790
2024-08-30,jungwon,41133,1273,351,172,1796
2024-08-31,jungwon,41133,1282,354,175,1811
2024-09-01,jungwon,41133,1288,356,174,1818
2024-09-02,jungwon,41133,1258,351,173,1782
2024-09-03,jungwon,41133,1279,351,179,1809
2024-09-04,jungwon,41133,1304,360,185,1849
2024-09-05,jungwon,41133,1326,355,182,1863
2024-09-06,jungwon,41133,1336,355,174,1865
2024-09-07,jungwon,41133,1332,361,174,1867
2024-09-08,jungwon,41133,1316,362,173,1851
2024-09-09,jungwon,41133,1301,359,169,1829
2024-09-10,jungwon,41133,1321,359,181,1861
2024-09-11,jungwon,41133,1340,375,185,1900
2024-09-12,jungwon,41133,1353,380,187,1920
2024-09-13,jungwon,41133,1348,375,192,1915
2024-09-14,jungwon,41133,1353,369,191,1913
2024-09-15,jungwon,41133,1338,355,189,1882
2024-09-16,jungwon,41133,1328,354,188,1870
2024-09-17,jungwon,41133,1300,349,184,1833
2024-09-18,jungwon,41133,1288,348,184,1820
2024-09-19,jungwon,41133,1280,342,181,1803
2024-09-20,jungwon,41133,1330,359,195,1884
2024-09-21,jungwon,41133,1341,363,196,1900
2024-09-22,jungwon,41133,1360,357,198,1915
2024-09-23,jungwon,41133,1337,346,193,1876
2024-09-24,jungwon,41133,1355,354,190,1899
2024-09-25,jungwon,41133,1361,363,192,1916
2024-09-26,jungwon,41133,1378,366,193,1937
2024-09-27,jungwon,41133,1391,374,194,1959
2024-09-28,jungwon,41133,1393,372,192,1957
2024-09-29,jungwon,41133,1380,372,181,1933
2024-09-30,jungwon,41133,1356,368,178,1902
2024-10-01,jungwon,41133,1361,367,179,1907
2024-10-02,jungwon,41133,1362,364,176,1902
2024-10-03,jungwon,41133,1383,370,183,1936
2024-10-04,jungwon,41133,1359,366,174,1899
2024-10-05,jungwon,41133,1385,381,172,1938
2024-10-06,jungwon,41133,1379,371,174,1924
2024-10-07,jungwon,41133,1365,363,170,1898
2024-10-08,jungwon,41133,1386,373,177,1936
2024-10-09,jungwon,41133,1414,381,178,1973
2024-10-10,jungwon,41133,1398,378,170,1946
2024-10-11,jungwon,41133,1414,386,176,1976
2024-10-12,jungwon,41133,1425,380,182,1987
2024-10-13,jungwon,41133,1418,379,187,1984
2024-10-14,jungwon,41133,1392,367,182,1941
2024-10-16,jungwon,41133,1447,372,191,2010
2024-10-17,jungwon,41133,1464,383,191,2038
2024-10-18,jungwon,41133,1481,390,190,2061
2024-10-19,jungwon,41133,1492,395,191,2078
2024-10-20,jungwon,41133,1456,385,191,2032
2024-10-21,jungwon,41133,1425,380,187,1992
2024-10-22,jungwon,41133,1437,389,184,2010
2024-10-23,jungwon,41133,1468,387,183,2038
2024-10-24,jungwon,41133,1471,383,185,2039
2024-10-25,jungwon,41133,1483,383,185,2051
2024-10-26,jungwon,41133,1500,376,183,2059
2024-10-27,jungwon,41133,1488,379,181,2048
2024-10-28,jungwon,41133,1468,376,180,2024
2024-10-29,jungwon,41133,1468,375,183,2026
2024-10-30,jungwon,41133,1495,380,190,2065
2024-10-31,jungwon,41133,1497,380,186,2063
2024-11-01,jungwon,41133,1515,373,185,2073
2024-11-02,jungwon,41133,1491,372,190,2053
2024-11-03,jungwon,41133,1477,360,189,2026
2024-11-04,jungwon,41133,1422,351,186,1959
2024-11-05,jungwon,41133,1478,366,192,2036
2024-11-06,jungwon,41133,1509,374,198,2081
2024-11-07,jungwon,41133,1488,366,192,2046
2024-11-08,jungwon,41133,1488,375,199,2062
2024-11-09,jungwon,41133,1497,381,202,2080
2024-11-10,jungwon,41133,1477,374,200,2051
2024-11-11,jungwon,41133,1451,369,199,2019
2024-11-12,jungwon,41133,1491,371,186,2048
2024-11-13,jungwon,41133,1533,372,183,2088
2024-11-14,jungwon,41133,1531,365,176,2072
2024-11-15,jungwon,41133,1538,362,175,2075
2024-11-16,jungwon,41133,1542,364,181,2087
2024-11-17,jungwon,41133,1561,358,182,2101
2024-11-18,jungwon,41133,1547,355,182,2084
2024-11-19,jungwon,41133,1547,351,183,2081
2024-11-20,jungwon,41133,1565,354,189,2108
2024-11-21,jungwon,41133,1539,352,189,2080
2024-11-22,jungwon,41133,1553,357,192,2102
2024-11-23,jungwon,41133,1565,360,188,2113
2024-11-24,jungwon,41133,1552,358,193,2103
2024-11-25,jungwon,41133,1516,354,191,2061
2024-11-26,jungwon,41133,1540,353,195,2088
2024-11-27,jungwon,41133,1556,355,197,2108
2024-11-28,jungwon,41133,1555,353,194,2102
2024-11-29,jungwon,41133,1548,357,192,2097
2024-11-30,jungwon,41133,1555,359,192,2106
2024-12-01,jungwon,41133,1526,349,187,2062
2024-12-02,jungwon,41133,1492,342,183,2017
2024-12-03,jungwon,41133,1526,360,186,2072
2024-12-04,jungwon,41133,1569,363,190,2122
2024-12-05,jungwon,41133,1523,364,186,2073
2024-12-06,jungwon,41133,1545,375,192,2112
2024-12-07,jungwon,41133,1561,380,191,2132
2024-12-08,jungwon,41133,1545,377,188,2110
2024-12-09,jungwon,41133,1506,370,184,2060
2024-12-10,jungwon,41133,1528,373,187,2088
2024-12-11,jungwon,41133,1544,374,191,2109
2024-12-12,jungwon,41133,1520,376,192,2088
2024-12-13,jungwon,41133,1520,383,188,2091
2024-12-14,jungwon,41133,1526,392,190,2108
2024-12-15,jungwon,41133,1523,377,190,2090
2024-12-16,jungwon,41133,1500,371,185,2056
2024-12-17,jungwon,41133,1513,376,196,2085
2024-12-19,jungwon,41133,1548,391,204,2143
2024-12-20,jungwon,41133,1547,390,198,2135
2024-12-21,jungwon,41133,1551,396,196,2143
2024-12-22,jungwon,41133,1532,392,196,2120
2024-12-23,jungwon,41133,1498,384,192,2074
2024-12-24,jungwon,41133,1522,391,189,2102
2024-12-25,jungwon,41133,1536,401,189,2126
2024-12-26,jungwon,41133,1498,395,184,2077
2024-12-27,jungwon,41133,1510,393,186,2089
2024-12-28,jungwon,41133,1515,385,183,2083
2024-12-29,jungwon,41133,1495,378,180,2053
2024-12-30,jungwon,41133,1468,373,174,2015
2024-12-31,jungwon,41133,1510,381,169,2060
2025-01-01,jungwon,41133,1508,375,170,2053
2025-01-02,jungwon,41133,1478,363,167,2008
2025-01-03,jungwon,41133,1496,374,164,2034
2025-01-04,jungwon,41133,1507,370,169,2046
2025-01-05,jungwon,41133,1503,370,166,2039
2025-01-06,jungwon,41133,1469,366,161,1996
2025-01-07,jungwon,41133,1509,367,158,2034
2025-01-08,jungwon,41133,1551,368,161,2080
2025-01-09,jungwon,41133,1529,368,163,2060
2025-01-10,jungwon,41133,1556,380,165,2101
2025-01-11,jungwon,41133,1553,382,165,2100
2025-01-12,jungwon,41133,1536,383,164,2083
2025-01-13,jungwon,41133,1506,378,162,2046
2025-01-14,jungwon,41133,1515,395,161,2071
2025-01-15,jungwon,41133,1532,393,156,2081
2025-01-16,jungwon,41133,1528,395,147,2070
2025-01-17,jungwon,41133,1518,396,146,2060
2025-01-18,jungwon,41133,1525,394,141,2060
2025-01-19,jungwon,41133,1502,382,137,2021
2025-01-20,jungwon,41133,1482,377,136,1995
2025-01-21,jungwon,41133,1524,371,139,2034
2025-01-22,jungwon,41133,1531,364,139,2034
2025-01-23,jungwon,41133,1524,364,137,2025
2025-01-24,jungwon,41133,1546,375,134,2055
2025-01-25,jungwon,41133,1552,383,130,2065
2025-01-26,jungwon,41133,1531,376,122,2029
2025-01-27,jungwon,41133,1514,373,120,2007
2025-01-28,jungwon,41133,1515,371,119,2005
2025-01-29,jungwon,41133,1514,371,119,2004
2025-01-30,jungwon,41133,1477,365,117,1959
2025-01-31,jungwon,41133,1463,357,116,1936
2025-02-01,jungwon,41133,1500,361,120,1981
2025-02-02,jungwon,41133,1451,336,121,1908
2025-02-03,jungwon,41133,1409,327,117,1853
2025-02-04,jungwon,41133,1434,325,122,1881
2025-02-05,jungwon,41133,1486,329,122,1937
2025-02-06,jungwon,41133,1498,324,126,1948
2025-02-07,jungwon,41133,1519,335,133,1987
2025-02-08,jungwon,41133,1553,351,129,2033
2025-02-09,jungwon,41133,1543,353,131,2027
2025-02-10,jungwon,41133,1525,351,129,2005
2025-02-11,jungwon,41133,1579,353,134,2066
2025-02-12,jungwon,41133,1619,366,138,2123
2025-02-13,jungwon,41133,1610,362,135,2107
2025-02-14,jungwon,41133,1640,370,142,2152
2025-02-15,jungwon,41133,1642,369,147,2158
2025-02-16,jungwon,41133,1633,359,142,2134
2025-02-17,jungwon,41133,1600,355,139,2094
2025-02-18,jungwon,41133,1647,363,141,2151
2025-02-19,jungwon,41133,1668,364,146,2178
2025-02-20,jungwon,41133,1636,359,146,2141
2025-02-21,jungwon,41133,1655,365,150,2170
2025-02-22,jungwon,41133,1665,370,156,2191
2025-02-23,jungwon,41133,1641,358,157,2156
2025-02-24,jungwon,41133,1611,347,153,2111
2025-02-25,jungwon,41133,1661,358,152,2171
2025-02-26,jungwon,41133,1675,352,149,2176
2025-02-27,jungwon,41133,1688,350,155,2193
2025-02-28,jungwon,41133,1695,347,152,2194
2025-03-01,jungwon,41133,1718,356,150,2224
2025-03-02,jungwon,41133,1716,353,148,2217
2025-03-03,jungwon,41133,1684,348,146,2178
2025-03-04,jungwon,41133,1681,341,143,2165
2025-03-05,jungwon,41133,1739,359,150,2248
2025-03-06,jungwon,41133,1708,362,144,2214
2025-03-07,jungwon,41133,1706,363,143,2212
2025-03-08,jungwon,41133,1709,362,141,2212
2025-03-09,jungwon,41133,1683,357,148,2188
2025-03-10,jungwon,41133,1632,342,145,2119
2025-03-11,jungwon,41133,1668,365,146,2179
2025-03-12,jungwon,41133,1680,357,152,2189
2025-03-13,jungwon,41133,1673,355,150,2178
2025-03-14,jungwon,41133,1675,363,152,2190
2025-03-15,jungwon,41133,1703,362,162,2227
2025-03-16,jungwon,41133,1730,347,160,2237
2025-03-17,jungwon,41133,1700,339,157,2196
2025-03-18,jungwon,41133,1718,336,157,2211
2025-03-19,jungwon,41133,1755,331,156,2242
2025-03-20,jungwon,41133,1740,335,154,2229
2025-03-21,jungwon,41133,1750,335,159,2244
2025-03-24,jungwon,41133,1753,316,145,2214
2025-03-25,jungwon,41133,1770,330,153,2253
2025-03-26,jungwon,41133,1781,334,152,2267
2025-03-27,jungwon,41133,1759,325,153,2237
2025-03-28,jungwon,41133,1770,328,155,2253
2025-03-29,jungwon,41133,1790,333,153,2276
2025-03-30,jungwon,41133,1810,325,149,2284
2025-03-31,jungwon,41133,1795,321,146,2262
2025-04-01,jungwon,41133,1806,322,149,2277
2025-04-02,jungwon,41133,1847,327,153,2327
2025-04-03,jungwon,41133,1856,330,154,2340
2025-04-04,jungwon,41133,1837,327,152,2316
2025-04-05,jungwon,41133,1841,332,156,2329
2025-04-06,jungwon,41133,1826,325,158,2309
2025-04-07,jungwon,41133,1785,317,152,2254
2025-04-08,jungwon,41133,1816,325,155,2296
2025-04-09,jungwon,41133,1846,333,156,2335
2025-04-10,jungwon,41133,1819,324,149,2292
2025-04-11,jungwon,41133,1825,322,154,2301
2025-04-12,jungwon,41133,1826,331,158,2315
2025-04-13,jungwon,41133,1809,326,165,2300
2025-04-14,jungwon,41133,1771,316,162,2249
2025-04-15,jungwon,41133,1764,319,159,2242
2025-04-16,jungwon,41133,1795,326,159,2280
2025-04-17,jungwon,41133,1794,333,158,2285
2025-04-18,jungwon,41133,1793,340,158,2291
2025-04-19,jungwon,41133,1818,335,150,2303
2025-04-20,jungwon,41133,1799,341,153,2293
2025-04-21,jungwon,41133,1755,341,151,2247
2025-04-22,jungwon,41133,1759,332,151,2242
2025-04-23,jungwon,41133,1782,331,154,2267
2025-04-24,jungwon,41133,1757,328,158,2243
2025-04-25,jungwon,41133,1763,333,153,2249
2025-04-26,jungwon,41133,1769,340,148,2257
2025-04-27,jungwon,41133,1761,338,152,2251
2025-04-28,jungwon,41133,1736,328,148,2212
2025-04-29,jungwon,41133,1745,334,147,2226
2025-04-30,jungwon,41133,1763,329,150,2242
2025-05-01,jungwon,41133,1755,332,153,2240
2025-05-02,jungwon,41133,1721,328,146,2195
2025-05-03,jungwon,41133,1742,327,151,2220
2025-05-04,jungwon,41133,1738,328,154,2220
2025-05-05,jungwon,41133,1712,324,148,2184
2025-05-06,jungwon,41133,1700,319,144,2163
2025-05-07,jungwon,41133,1692,315,143,2150
2025-05-08,jungwon,41133,1701,323,148,2172
2025-05-09,jungwon,41133,1734,333,150,2217
2025-05-10,jungwon,41133,1723,344,170,2237
2025-05-11,jungwon,41133,1700,346,171,2217
2025-05-12,jungwon,41133,1676,338,167,2181
2025-05-13,jungwon,41133,1720,355,172,2247
2025-05-14,jungwon,41133,1739,360,174,2273
2025-05-15,jungwon,41133,1731,352,174,2257
2025-05-16,jungwon,41133,1728,352,172,2252
2025-05-17,jungwon,41133,1701,353,176,2230
2025-05-18,jungwon,41133,1696,345,176,2217
2025-05-19,jungwon,41133,1659,341,174,2174
2025-05-20,jungwon,41133,1691,342,175,2208
2025-05-21,jungwon,41133,1703,346,171,2220
2025-05-22,jungwon,41133,1697,341,170,2208
2025-05-23,jungwon,41133,1699,342,166,2207
2025-05-24,jungwon,41133,1703,339,164,2206
2025-05-25,jungwon,41133,1709,332,161,2202
2025-05-26,jungwon,41133,1686,328,161,2175
2025-05-27,jungwon,41133,1692,336,162,2190
2025-05-28,jungwon,41133,1708,339,163,2210
2025-05-29,jungwon,41133,1702,330,164,2196
2025-05-30,jungwon,41133,1685,329,159,2173
2025-05-31,jungwon,41133,1686,325,154,2165
2025-06-01,jungwon,41133,1705,327,156,2188
2025-06-02,jungwon,41133,1657,319,149,2125
2025-06-03,jungwon,41133,1684,317,153,2154
2025-06-04,jungwon,41133,1676,313,155,2144
2025-06-05,jungwon,41133,1716,327,165,2208
2025-06-06,jungwon,41133,1734,319,162,2215
2025-06-07,jungwon,41133,1675,307,153,2135
2025-06-08,jungwon,41133,1660,309,152,2121
2025-06-09,jungwon,41133,1636,301,145,2082
2025-06-10,jungwon,41133,1653,301,140,2094
2025-06-11,jungwon,41133,1661,303,138,2102
2025-06-12,jungwon,41133,1637,285,135,2057
2025-06-13,jungwon,41133,1647,300,132,2079
2025-06-14,jungwon,41133,1638,301,134,2073
2025-06-15,jungwon,41133,1614,296,136,2046
2025-06-16,jungwon,41133,1588,292,132,2012
2025-06-17,jungwon,41133,1603,294,131,2028
2025-06-18,jungwon,41133,1622,299,133,2054
2025-06-19,jungwon,41133,1608,295,134,2037
2025-06-20,jungwon,41133,1582,293,137,2012
2025-06-21,jungwon,41133,1567,302,131,2000
2025-06-22,jungwon,41133,1559,305,131,1995
2025-06-23,jungwon,41133,1537,298,133,1968
2025-06-24,jungwon,41133,1514,302,131,1947
2025-06-25,jungwon,41133,1530,309,134,1973
2025-06-26,jungwon,41133,1516,303,133,1952
2025-06-27,jungwon,41133,1519,297,127,1943
2025-06-28,jungwon,41133,1516,300,123,1939
2025-06-29,jungwon,41133,1525,305,121,1951
2025-06-30,jungwon,41133,1510,303,116,1929
2025-07-01,jungwon,41133,1513,306,123,1942
2025-07-02,jungwon,41133,1535,313,132,1980
2025-07-03,jungwon,41133,1530,303,129,1962
2025-07-04,jungwon,41133,1536,312,138,1986
2025-07-05,jungwon,41133,1535,301,129,1965
2025-07-06,jungwon,41133,1544,298,133,1975
2025-07-07,jungwon,41133,1540,298,133,1971
2025-07-08,jungwon,41133,1507,288,135,1930
2025-07-09,jungwon,41133,1539,288,125,1952
2025-07-10,jungwon,41133,1511,281,121,1913
2025-07-11,jungwon,41133,1510,283,129,1922
2025-07-12,jungwon,41133,1514,277,126,1917
2025-07-13,jungwon,41133,1497,269,122,1888
2025-07-14,jungwon,41133,1475,265,119,1859
2025-07-15,jungwon,41133,1493,277,120,1890
2025-07-16,jungwon,41133,1490,271,125,1886
2025-07-17,jungwon,41133,1481,267,123,1871
2025-07-18,jungwon,41133,1466,265,124,1855
2025-07-19,jungwon,41133,1478,262,121,1861
2025-07-20,jungwon,41133,1484,263,118,1865
2025-07-21,jungwon,41133,1461,253,117,1831
2025-07-22,jungwon,41133,1481,248,118,1847
2025-07-23,jungwon,41133,1505,246,119,1870
2025-07-24,jungwon,41133,1511,232,117,1860
2025-07-25,jungwon,41133,1524,228,118,1870
2025-07-26,jungwon,41133,1525,222,124,1871
2025-07-27,jungwon,41133,1512,216,123,1851
2025-07-28,jungwon,41133,1494,212,121,1827
2025-07-29,jungwon,41133,1499,207,119,1825
2025-07-30,jungwon,41133,1524,210,123,1857
2025-07-31,jungwon,41133,1500,203,113,1816
2025-08-01,jungwon,41133,1484,198,110,1792
2025-08-02,jungwon,41133,1504,198,106,1808
2025-08-03,jungwon,41133,1506,182,102,1790
2025-08-04,jungwon,41133,1476,182,102,1760
2025-08-05,jungwon,41133,1485,175,100,1760
2025-08-06,jungwon,41133,1504,184,109,1797
2025-08-15,jungwon,41133,1537,156,98,1791
2025-08-16,jungwon,41133,1523,147,96,1766
2025-08-17,jungwon,41133,1527,145,101,1773
2025-08-18,jungwon,41133,1489,141,100,1730
2025-08-19,jungwon,41133,1500,135,99,1734
2025-08-20,jungwon,41133,1537,137,100,1774
2025-08-21,jungwon,41133,1512,130,95,1737
2025-08-22,jungwon,41133,1524,126,88,1738
2025-08-23,jungwon,41133,1527,123,85,1735
2025-08-24,jungwon,41133,1513,123,85,1721
2025-08-27,jungwon,41133,1556,123,87,1766
2025-08-28,jungwon,41133,1544,122,81,1747
2025-08-29,jungwon,41133,1550,124,83,1757
2025-08-30,jungwon,41133,1557,118,76,1751
2025-08-31,jungwon,41133,1556,119,72,1747
2025-09-01,jungwon,41133,1553,125,72,1750
2025-09-02,jungwon,41133,1541,123,73,1737
2025-09-03,jungwon,41133,1568,124,73,1765
2025-09-04,jungwon,41133,1566,122,75,1763
2025-09-05,jungwon,41133,1558,117,67,1742
2025-09-06,jungwon,41133,1562,133,70,1765
2025-09-09,jungwon,41133,1550,125,70,1745
2025-09-10,jungwon,41133,1564,131,67,1762
2025-09-11,jungwon,41133,1555,126,70,1751
2025-09-12,jungwon,41133,1559,129,72,1760
2025-09-15,jungwon,41133,1542,131,75,1748
2025-09-16,jungwon,41133,1547,131,76,1754
2025-09-17,jungwon,41133,1547,136,81,1764
2025-09-18,jungwon,41133,1514,135,86,1735
2025-09-19,jungwon,41133,1509,133,83,1725
2025-09-20,jungwon,41133,1504,136,86,1726
2025-09-21,jungwon,41133,1476,130,84,1690
2025-09-22,jungwon,41133,1448,129,84,1661
2025-09-23,jungwon,41133,1462,125,81,1668
2025-09-24,jungwon,41133,1485,122,84,1691
2025-09-25,jungwon,41133,1450,119,87,1656
2025-09-26,jungwon,41133,1447,128,92,1667
2025-09-27,jungwon,41133,1430,129,98,1657
2025-09-28,jungwon,41133,1424,130,100,1654
2025-09-29,jungwon,41133,1401,127,99,1627
2025-09-30,jungwon,41133,1395,129,102,1626
2025-10-01,jungwon,41133,1372,132,99,1603
2025-10-02,jungwon,41133,1340,133,94,1567
2025-10-03,jungwon,41133,1334,137,90,1561
2025-10-04,jungwon,41133,1305,135,89,1529
2025-10-07,jungwon,41133,1264,124,89,1477
2025-10-08,jungwon,41133,1265,124,89,1478
2025-10-09,jungwon,41133,1226,123,87,1436
2025-10-10,jungwon,41133,1227,121,86,1434
2025-10-11,jungwon,41133,1281,133,85,1499
2025-10-12,jungwon,41133,1254,135,87,1476
2025-10-13,jungwon,41133,1226,135,86,1447
2025-10-14,jungwon,41133,1243,132,85,1460
2025-10-15,jungwon,41133,1263,141,88,1492
2025-10-16,jungwon,41133,1235,143,89,1467
2025-10-17,jungwon,41133,1240,146,85,1471
2025-10-18,jungwon,41133,1258,143,87,1488
2025-10-19,jungwon,41133,1231,138,87,1456
2025-10-21,jungwon,41133,1201,130,89,1420
2025-10-22,jungwon,41133,1180,129,86,1395
2025-10-23,jungwon,41133,1149,125,86,1360
2025-10-24,jungwon,41133,1129,118,88,1335
2025-10-25,jungwon,41133,1109,119,85,1313
2025-10-26,jungwon,41133,1090,119,84,1293
2025-10-27,jungwon,41133,1074,117,82,1273
2025-10-28,jungwon,41133,1075,122,83,1280
2025-10-29,jungwon,41133,1062,124,78,1264
2025-10-30,jungwon,41133,1034,125,77,1236
2025-11-01,jungwon,41133,1007,126,71,1204
2025-11-02,jungwon,41133,990,123,74,1187
2025-11-03,jungwon,41133,983,121,73,1177
2025-11-04,jungwon,41133,993,128,69,1190
2025-11-06,jungwon,41133,1018,121,73,1212
2025-11-07,jungwon,41133,1002,121,72,1195
2025-11-08,jungwon,41133,1007,119,71,1197
2025-11-09,jungwon,41133,1009,120,75,1204
2025-11-10,jungwon,41133,959,119,74,1152
2025-11-11,jungwon,41133,967,114,78,1159
2025-11-12,jungwon,41133,966,120,81,1167
2025-11-13,jungwon,41133,938,113,81,1132
2025-11-14,jungwon,41133,943,117,85,1145
2025-11-15,jungwon,41133,922,125,85,1132
2025-11-18,jungwon,41133,922,126,83,1131
2025-11-19,jungwon,41133,921,126,83,1130
2025-11-20,jungwon,41133,911,123,80,1114
2025-11-21,jungwon,41133,901,121,83,1105
2025-11-22,jungwon,41133,905,117,84,1106
2025-11-23,jungwon,41133,909,116,80,1105
2025-11-24,jungwon,41133,889,114,80,1083
2025-11-25,jungwon,41133,897,117,81,1095
2025-11-26,jungwon,41133,910,119,85,1114
2025-11-27,jungwon,41133,879,119,78,1076
2025-11-28,jungwon,41133,883,117,78,1078
2025-11-29,jungwon,41133,892,116,80,1088
2025-11-30,jungwon,41133,893,116,79,1088
2025-12-01,jungwon,41133,880,114,78,1072
2025-12-02,jungwon,41133,882,115,83,1080
2025-12-03,jungwon,41133,901,116,83,1100
2025-12-04,jungwon,41133,895,117,83,1095
2025-12-05,jungwon,41133,891,118,81,1090
2025-12-06,jungwon,41133,889,115,82,1086
2025-12-07,jungwon,41133,890,118,87,1095
2025-12-08,jungwon,41133,879,115,86,1080
2025-12-09,jungwon,41133,866,119,86,1071
2025-12-10,jungwon,41133,872,119,91,1082
2025-12-11,jungwon,41133,847,117,85,1049
2025-12-12,jungwon,41133,857,114,88,1059
2025-12-13,jungwon,41133,858,111,86,1055
2025-12-14,jungwon,41133,850,101,81,1032
2025-12-15,jungwon,41133,836,98,79,1013
2025-12-16,jungwon,41133,830,102,78,1010
2025-12-17,jungwon,41133,852,105,89,1046
2025-12-18,jungwon,41133,830,100,89,1019
2025-12-19,jungwon,41133,814,103,90,1007
2025-12-20,jungwon,41133,807,95,87,989
2025-12-21,jungwon,41133,801,87,82,970
2025-12-22,jungwon,41133,788,85,81,954
2025-12-23,jungwon,41133,781,87,83,951
2025-12-24,jungwon,41133,773,85,77,935
2025-12-26,jungwon,41133,765,86,73,924
2025-12-27,jungwon,41133,749,84,71,904
2025-12-28,jungwon,41133,736,81,73,890
2025-12-29,jungwon,41133,722,81,72,875
2025-12-30,jungwon,41133,720,80,71,871
2025-12-31,jungwon,41133,718,83,72,873
2026-01-01,jungwon,41133,706,85,72,863
2026-01-02,jungwon,41133,690,85,71,846
2026-01-03,jungwon,41133,701,88,70,859
2026-01-04,jungwon,41133,702,84,67,853
2026-01-05,jungwon,41133,692,83,65,840
2026-01-06,jungwon,41133,687,78,63,828
2026-01-07,jungwon,41133,705,76,60,841
2026-01-08,jungwon,41133,725,74,56,855
2026-01-09,jungwon,41133,718,75,56,849
2026-01-10,jungwon,41133,714,81,54,849
2026-01-12,jungwon,41133,696,77,50,823
2026-01-13,jungwon,41133,700,78,54,832
2026-01-14,jungwon,41133,704,81,55,840
2026-01-15,jungwon,41133,697,78,53,828
2026-01-16,jungwon,41133,688,82,49,819
2026-01-17,jungwon,41133,700,74,58,832
2026-01-18,jungwon,41133,699,64,55,818
2026-01-19,jungwon,41133,690,64,54,808
2026-01-20,jungwon,41133,686,66,52,804
2026-01-21,jungwon,41133,692,70,52,814
2026-01-22,jungwon,41133,681,69,53,803
2026-01-23,jungwon,41133,682,70,56,808
2026-01-24,jungwon,41133,691,66,57,814
2026-01-25,jungwon,41133,675,60,52,787
2026-01-26,jungwon,41133,662,59,52,773
2026-01-27,jungwon,41133,648,56,52,756
2026-01-28,jungwon,41133,653,53,47,753
2026-01-29,jungwon,41133,646,53,43,742
2026-01-30,jungwon,41133,639,47,39,725
2026-01-31,jungwon,41133,647,50,35,732
2026-02-02,jungwon,41133,635,51,36,722
2026-02-03,jungwon,41133,658,47,39,744
2026-02-04,jungwon,41133,683,42,42,767
2026-02-05,jungwon,41133,681,42,40,763
2026-02-06,jungwon,41133,679,44,44,767
2026-02-07,jungwon,41133,680,44,45,769
2026-02-09,jungwon,41133,676,48,42,766
2026-02-10,jungwon,41133,689,50,43,782
2026-02-11,jungwon,41133,708,48,41,797
2026-02-12,jungwon,41133,714,44,40,798
2026-02-13,jungwon,41133,750,47,37,834
2026-02-14,jungwon,41133,760,47,37,844
2026-02-15,jungwon,41133,765,46,33,844
2026-02-16,jungwon,41133,749,46,32,827
2026-02-17,jungwon,41133,738,46,31,815
2026-02-18,jungwon,41133,738,46,31,815
2026-02-19,jungwon,41133,728,46,31,805
2026-02-20,jungwon,41133,773,51,38,862
2026-02-21,jungwon,41133,806,49,43,898
2026-02-22,jungwon,41133,828,45,44,917
2026-02-23,jungwon,41133,817,44,42,903
2026-02-24,jungwon,41133,864,46,44,954
2026-02-25,jungwon,41133,878,47,43,968
2026-02-26,jungwon,41133,891,44,44,979
2026-02-27,jungwon,41133,888,45,36,969
2026-02-28,jungwon,41133,911,48,38,997
2026-03-02,jungwon,41133,916,41,31,988
2026-03-03,jungwon,41133,907,40,30,977
2026-03-04,jungwon,41133,951,47,32,1030
2026-03-05,jungwon,41133,977,48,28,1053
2026-03-06,jungwon,41133,970,47,29,1046
2026-03-07,jungwon,41133,982,47,36,1065
2026-03-08,jungwon,41133,985,46,39,1070
2026-03-09,jungwon,41133,973,47,38,1058
2026-03-10,jungwon,41133,998,49,36,1083
2026-03-11,jungwon,41133,1009,48,34,1091
2026-03-12,jungwon,41133,1011,42,37,1090
2026-03-13,jungwon,41133,1027,36,36,1099
2026-03-14,jungwon,41133,1033,34,38,1105
2026-03-15,jungwon,41133,1015,38,32,1085
2026-03-16,jungwon,41133,1004,38,31,1073
2026-03-17,jungwon,41133,1045,44,36,1125
2026-03-18,jungwon,41133,1045,44,36,1125
2026-03-19,jungwon,41133,1045,44,32,1121
2026-03-20,jungwon,41133,1062,44,35,1141
2026-03-21,jungwon,41133,1069,46,32,1147
2026-03-23,jungwon,41133,1035,41,34,1110
2026-03-24,jungwon,41133,1036,43,36,1115
2026-03-25,jungwon,41133,1044,42,35,1121
2026-03-26,jungwon,41133,1024,42,35,1101
2026-03-27,jungwon,41133,1018,41,35,1094
2026-03-28,jungwon,41133,1016,43,38,1097
2026-03-29,jungwon,41133,991,43,40,1074
2026-03-30,jungwon,41133,972,43,40,1055
2026-03-31,jungwon,41133,971,45,39,1055
2026-04-01,jungwon,41133,992,55,39,1086
2026-04-02,jungwon,41133,1007,55,44,1106
2026-04-03,jungwon,41133,991,59,46,1096
2026-04-04,jungwon,41133,995,61,52,1108
2026-04-05,jungwon,41133,997,58,52,1107
2026-04-06,jungwon,41133,979,58,53,1090
2026-04-07,jungwon,41133,983,60,49,1092
2026-04-08,jungwon,41133,999,63,46,1108
2026-04-09,jungwon,41133,981,61,46,1088
2026-04-10,jungwon,41133,980,62,48,1090
2026-04-11,jungwon,41133,968,60,52,1080
2026-04-12,jungwon,41133,955,56,50,1061
2026-04-13,jungwon,41133,938,56,50,1044
2026-04-14,jungwon,41133,955,52,49,1056
2026-04-15,jungwon,41133,981,58,49,1088
2026-04-16,jungwon,41133,977,60,46,1083
2026-04-17,jungwon,41133,986,61,45,1092
2026-04-18,jungwon,41133,977,58,43,1078
2026-04-19,jungwon,41133,986,51,40,1077
2026-04-20,jungwon,41133,977,51,40,1068
2026-04-21,jungwon,41133,972,55,42,1069
2026-04-22,jungwon,41133,980,51,40,1071
2026-04-23,jungwon,41133,972,53,39,1064
2026-04-24,jungwon,41133,989,48,43,1080
2026-04-25,jungwon,41133,981,50,42,1073
2026-04-26,jungwon,41133,970,48,43,1061
2026-04-27,jungwon,41133,954,47,43,1044
2026-04-28,jungwon,41133,955,46,42,1043
2026-04-29,jungwon,41133,954,47,43,1044
2026-04-30,jungwon,41133,940,46,45,1031
2026-05-01,jungwon,41133,935,43,46,1024
2026-05-02,jungwon,41133,916,42,44,1002
2026-05-04,jungwon,41133,917,44,48,1009
2026-05-05,jungwon,41133,923,52,47,1022
2026-05-06,jungwon,41133,912,51,46,1009
2026-05-07,jungwon,41133,918,51,54,1023
2026-05-08,jungwon,41133,912,50,53,1015
2026-05-09,jungwon,41133,914,51,56,1021
2026-05-10,jungwon,41133,886,50,57,993
2026-05-11,jungwon,41133,872,48,57,977
2026-05-12,jungwon,41133,846,49,57,952
2026-05-13,jungwon,41133,854,46,63,963
2026-05-14,jungwon,41133,862,56,66,984
2026-05-15,jungwon,41133,869,58,65,992
2026-05-16,jungwon,41133,888,53,64,1005
2026-05-17,jungwon,41133,884,54,64,1002
2026-05-18,jungwon,41133,873,54,64,991
2026-05-19,jungwon,41133,871,59,61,991
2026-05-20,jungwon,41133,884,62,63,1009
2026-05-21,jungwon,41133,877,65,62,1004
2026-05-22,jungwon,41133,880,67,60,1007
2026-05-23,jungwon,41133,892,73,61,1026
2026-05-24,jungwon,41133,898,74,61,1033
2026-05-25,jungwon,41133,884,73,60,1017
2026-05-26,jungwon,41133,858,71,57,986
2026-05-27,jungwon,41133,888,73,60,1021
2026-05-28,jungwon,41133,881,84,61,1026
2026-05-29,jungwon,41133,882,84,61,1027
2026-05-30,jungwon,41133,871,86,58,1015
2026-05-31,jungwon,41133,865,82,57,1004
2026-06-01,jungwon,41133,859,82,55,996
2026-06-02,jungwon,41133,852,94,52,998
2026-06-03,jungwon,41133,886,94,51,1031
2026-06-04,jungwon,41133,859,91,49,999
2026-06-05,jungwon,41133,882,94,54,1030
2026-06-06,jungwon,41133,887,92,55,1034
2026-06-07,jungwon,41133,877,85,54,1016
2026-06-08,jungwon,41133,879,85,54,1018
2026-06-09,jungwon,41133,880,90,56,1026
2026-06-10,jungwon,41133,889,90,53,1032
2026-06-11,jungwon,41133,876,89,59,1024
2026-06-12,jungwon,41133,877,94,59,1030
2026-06-13,jungwon,41133,866,93,63,1022
2026-06-14,jungwon,41133,857,83,61,1001
2026-06-15,jungwon,41133,840,82,61,983
2026-06-16,jungwon,41133,840,78,62,980
2026-06-17,jungwon,41133,848,77,62,987
2026-06-18,jungwon,41133,835,80,65,980
2026-06-20,jungwon,41133,847,82,67,996
2026-06-21,jungwon,41133,837,80,63,980
2026-06-22,jungwon,41133,820,78,63,961
2026-06-23,jungwon,41133,809,79,60,948
2026-06-24,jungwon,41133,802,77,57,936
2026-06-25,jungwon,41133,803,78,57,938
2026-06-26,jungwon,41133,787,77,58,922
2026-06-27,jungwon,41133,786,80,58,924
2026-06-28,jungwon,41133,781,78,58,917
2026-06-29,jungwon,41133,775,77,59,911
2026-06-30,jungwon,41133,789,79,58,926
2026-07-01,jungwon,41133,781,81,63,925
2026-07-02,jungwon,41133,792,82,71,945
2026-07-03,jungwon,41133,774,81,71,926
2026-07-04,jungwon,41133,783,86,74,943
2026-07-05,jungwon,41133,765,80,72,917
2026-07-06,jungwon,41133,757,82,73,912
2026-07-07,jungwon,41133,765,83,77,925
2026-07-08,jungwon,41133,781,86,75,942
2026-07-09,jungwon,41133,771,91,80,942
2026-07-10,jungwon,41133,781,96,77,954
2026-07-11,jungwon,41133,792,99,77,968
2026-07-12,jungwon,41133,780,97,79,956
2026-07-13,jungwon,41133,774,95,79,948
2026-07-14,jungwon,41133,782,91,81,954
2026-07-17,jungwon,41133,779,89,88,956
2026-07-18,jungwon,41133,769,85,88,942
2026-07-19,jungwon,41133,772,91,92,955
2026-07-20,jungwon,41133,762,90,91,943
2026-07-21,jungwon,41133,763,89,98,950
2026-07-23,jungwon,41133,771,88,100,959
2026-07-24,jungwon,41133,773,85,98,956
2026-07-25,jungwon,41133,780,83,95,958
2026-07-26,jungwon,41133,773,84,91,948
2026-07-27,jungwon,41133,763,84,91,938
2026-07-28,jungwon,41133,759,85,90,934
2026-07-29,jungwon,41133,768,86,88,942
2026-07-30,jungwon,41133,745,86,81,912
2026-07-31,jungwon,41133,741,88,82,911
2026-08-01,jungwon,41133,739,90,77,906
2026-08-02,jungwon,41133,724,88,76,888
2026-08-03,jungwon,41133,711,84,75,870
2026-08-04,jungwon,41133,719,87,74,880
2026-08-05,jungwon,41133,737,83,75,895
2026-08-06,jungwon,41133,721,83,81,885
2026-08-07,jungwon,41133,732,82,80,894
2026-08-08,jungwon,41133,738,79,81,898
2026-08-09,jungwon,41133,726,84,88,898
2026-08-10,jungwon,41133,720,83,84,887
2026-08-11,jungwon,41133,730,88,84,902
2026-08-12,jungwon,41133,742,91,86,919
2026-08-14,jungwon,41133,753,87,90,930
2026-08-15,jungwon,41133,765,83,92,940
2026-08-16,jungwon,41133,753,78,90,921
2026-08-17,jungwon,41133,747,78,89,914
2026-08-18,jungwon,41133,730,79,89,898
2026-08-19,jungwon,41133,770,94,98,962
2026-08-20,jungwon,41133,772,97,100,969
2026-08-21,jungwon,41133,772,101,100,973
2026-08-22,jungwon,41133,776,101,102,979
2026-08-23,jungwon,41133,763,103,107,973
2026-08-25,jungwon,41133,760,108,115,983
2026-08-26,jungwon,41133,780,111,118,1009
2026-08-27,jungwon,41133,788,112,120,1020
2026-08-28,jungwon,41133,794,118,114,1026
2026-08-29,jungwon,41133,802,119,114,1035
2026-08-30,jungwon,41133,804,118,109,1031
2026-08-31,jungwon,41133,793,117,107,1017
2026-09-01,jungwon,41133,805,122,102,1029
2026-09-03,jungwon,41133,819,121,99,1039
2026-09-04,jungwon,41133,809,127,103,1039
2026-09-05,jungwon,41133,834,128,103,1065
2026-09-06,jungwon,41133,824,126,100,1050
2026-09-07,jungwon,41133,808,125,98,1031
2026-09-09,jungwon,41133,844,128,98,1070
2026-09-11,jungwon,41133,831,136,98,1065
2026-09-12,jungwon,41133,836,127,91,1054
2026-09-13,jungwon,41133,838,130,93,1061
2026-09-14,jungwon,41133,819,129,90,1038
2026-09-15,jungwon,41133,833,127,96,1056
2026-09-16,jungwon,41133,844,133,102,1079
2026-09-17,jungwon,41133,847,132,108,1087
2026-09-18,jungwon,41133,833,130,105,1068
2026-09-19,jungwon,41133,839,135,102,1076
2026-09-21,jungwon,41133,838,127,95,1060
2026-09-22,jungwon,41133,848,128,97,1073
2026-09-23,jungwon,41133,860,127,97,1084
2026-09-24,jungwon,41133,840,126,96,1062
2026-09-25,jungwon,41133,824,122,95,1041
2026-09-27,jungwon,41133,799,121,93,1013
2026-09-28,jungwon,41133,790,121,92,1003
2026-09-29,jungwon,41133,834,128,104,1066
2026-09-30,jungwon,41133,865,132,109,1106
2026-10-01,jungwon,41133,867,131,112,1110
2026-10-02,jungwon,41133,880,138,114,1132
2026-10-03,jungwon,41133,889,151,120,1160
2026-10-04,jungwon,41133,874,146,120,1140
2026-10-05,jungwon,41133,848,147,118,1113
2023-09-01,mangwol,4145010900,752,162,79,993
2023-09-02,mangwol,4145010900,768,160,81,1009
2023-09-03,mangwol,4145010900,762,161,83,1006
2023-09-04,mangwol,4145010900,755,159,83,997
2023-09-05,mangwol,4145010900,761,161,85,1007
2023-09-06,mangwol,4145010900,771,169,86,1026
2023-09-07,mangwol,4145010900,771,164,83,1018
2023-09-08,mangwol,4145010900,776,166,87,1029
2023-09-09,mangwol,4145010900,775,171,90,1036
2023-09-10,mangwol,4145010900,770,175,86,1031
2023-09-11,mangwol,4145010900,767,173,82,1022
2023-09-12,mangwol,4145010900,747,170,83,1000
2023-09-14,mangwol,4145010900,766,180,84,1030
2023-09-15,mangwol,4145010900,774,179,81,1034
2023-09-16,mangwol,4145010900,774,190,81,1045
2023-09-17,mangwol,4145010900,776,188,83,1047
2023-09-18,mangwol,4145010900,766,186,81,1033
2023-09-19,mangwol,4145010900,768,177,79,1024
2023-09-20,mangwol,4145010900,773,176,76,1025
2023-09-21,mangwol,4145010900,779,180,77,1036
2023-09-23,mangwol,4145010900,777,181,74,1032
2023-09-24,mangwol,4145010900,771,179,72,1022
2023-09-25,mangwol,4145010900,772,179,72,1023
2023-09-26,mangwol,4145010900,783,186,73,1042
2023-09-27,mangwol,4145010900,794,189,74,1057
2023-09-28,mangwol,4145010900,789,189,75,1053
2023-09-29,mangwol,4145010900,782,189,75,1046
2023-09-30,mangwol,4145010900,779,188,75,1042
2023-10-01,mangwol,4145010900,773,187,74,1034
2023-10-02,mangwol,4145010900,761,186,69,1016
2023-10-03,mangwol,4145010900,764,186,69,1019
2023-10-04,mangwol,4145010900,776,186,68,1030
2023-10-05,mangwol,4145010900,786,192,73,1051
2023-10-06,mangwol,4145010900,796,198,73,1067
2023-10-07,mangwol,4145010900,807,204,71,1082
2023-10-08,mangwol,4145010900,806,206,69,1081
2023-10-09,mangwol,4145010900,801,203,67,1071
2023-10-10,mangwol,4145010900,799,198,64,1061
2023-10-11,mangwol,4145010900,816,203,66,1085
2023-10-12,mangwol,4145010900,823,211,65,1099
2023-10-13,mangwol,4145010900,822,209,64,1095
2023-10-14,mangwol,4145010900,835,211,65,1111
2023-10-15,mangwol,4145010900,824,214,63,1101
2023-10-16,mangwol,4145010900,815,211,63,1089
2023-10-17,mangwol,4145010900,820,206,60,1086
2023-10-18,mangwol,4145010900,832,206,57,1095
2023-10-19,mangwol,4145010900,828,210,56,1094
2023-10-20,mangwol,4145010900,833,214,56,1103
2023-10-21,mangwol,4145010900,828,219,53,1100
2023-10-22,mangwol,4145010900,826,217,55,1098
2023-10-23,mangwol,4145010900,821,217,55,1093
2023-10-24,mangwol,4145010900,835,221,55,1111
2023-10-25,mangwol,4145010900,850,221,55,1126
2023-10-26,mangwol,4145010900,851,228,57,1136
2023-10-27,mangwol,4145010900,859,236,59,1154
2023-10-28,mangwol,4145010900,857,235,60,1152
2023-10-29,mangwol,4145010900,864,234,59,1157
2023-10-30,mangwol,4145010900,864,232,59,1155
2023-10-31,mangwol,4145010900,868,236,58,1162
2023-11-01,mangwol,4145010900,873,234,60,1167
2023-11-02,mangwol,4145010900,874,234,60,1168
2023-11-03,mangwol,4145010900,875,236,60,1171
2023-11-04,mangwol,4145010900,874,237,60,1171
2023-11-05,mangwol,4145010900,865,236,61,1162
2023-11-06,mangwol,4145010900,857,230,61,1148
2023-11-07,mangwol,4145010900,855,229,62,1146
2023-11-08,mangwol,4145010900,866,229,59,1154
2023-11-09,mangwol,4145010900,866,233,59,1158
2023-11-10,mangwol,4145010900,869,238,66,1173
2023-11-11,mangwol,4145010900,867,233,69,1169
2023-11-12,mangwol,4145010900,880,238,73,1191
2023-11-13,mangwol,4145010900,868,237,73,1178
2023-11-14,mangwol,4145010900,880,239,75,1194
2023-11-15,mangwol,4145010900,889,250,79,1218
2023-11-16,mangwol,4145010900,890,248,76,1214
2023-11-17,mangwol,4145010900,890,245,75,1210
2023-11-18,mangwol,4145010900,897,246,76,1219
2023-11-19,mangwol,4145010900,896,244,75,1215
2023-11-21,mangwol,4145010900,888,246,72,1206
2023-11-22,mangwol,4145010900,897,243,76,1216
2023-11-23,mangwol,4145010900,889,230,72,1191
2023-11-24,mangwol,4145010900,879,234,69,1182
2023-11-25,mangwol,4145010900,884,241,70,1195
2023-11-26,mangwol,4145010900,882,245,69,1196
2023-11-27,mangwol,4145010900,873,243,66,1182
2023-11-28,mangwol,4145010900,878,243,67,1188
2023-11-29,mangwol,4145010900,878,242,68,1188
2023-11-30,mangwol,4145010900,879,242,71,1192
2023-12-01,mangwol,4145010900,875,250,70,1195
2023-12-02,mangwol,4145010900,880,255,68,1203
2023-12-03,mangwol,4145010900,882,252,66,1200
2023-12-04,mangwol,4145010900,872,248,66,1186
2023-12-05,mangwol,4145010900,881,250,66,1197
2023-12-06,mangwol,4145010900,889,250,70,1209
2023-12-07,mangwol,4145010900,892,248,74,1214
2023-12-08,mangwol,4145010900,873,243,72,1188
2023-12-09,mangwol,4145010900,878,243,78,1199
2023-12-10,mangwol,4145010900,882,242,75,1199
2023-12-11,mangwol,4145010900,873,240,75,1188
2023-12-12,mangwol,4145010900,882,242,77,1201
2023-12-13,mangwol,4145010900,886,246,76,1208
2023-12-14,mangwol,4145010900,882,247,74,1203
2023-12-15,mangwol,4145010900,891,245,72,1208
2023-12-16,mangwol,4145010900,890,245,79,1214
2023-12-17,mangwol,4145010900,889,250,77,1216
2023-12-18,mangwol,4145010900,884,248,76,1208
2023-12-19,mangwol,4145010900,893,251,76,1220
2023-12-20,mangwol,4145010900,902,255,75,1232
2023-12-21,mangwol,4145010900,898,254,73,1225
2023-12-22,mangwol,4145010900,890,258,78,1226
2023-12-23,mangwol,4145010900,892,258,75,1225
2023-12-25,mangwol,4145010900,877,253,72,1202
2023-12-26,mangwol,4145010900,875,253,71,1199
2023-12-27,mangwol,4145010900,881,261,72,1214
2023-12-28,mangwol,4145010900,871,262,75,1208
2023-12-29,mangwol,4145010900,885,257,74,1216
2023-12-30,mangwol,4145010900,881,254,75,1210
2023-12-31,mangwol,4145010900,884,251,72,1207
2024-01-01,mangwol,4145010900,860,247,72,1179
2024-01-02,mangwol,4145010900,844,245,72,1161
2024-01-03,mangwol,4145010900,870,244,71,1185
2024-01-04,mangwol,4145010900,874,245,68,1187
2024-01-05,mangwol,4145010900,876,237,67,1180
2024-01-06,mangwol,4145010900,871,238,68,1177
2024-01-07,mangwol,4145010900,879,237,69,1185
2024-01-08,mangwol,4145010900,869,236,68,1173
2024-01-09,mangwol,4145010900,876,240,68,1184
2024-01-10,mangwol,4145010900,881,241,70,1192
2024-01-11,mangwol,4145010900,866,239,73,1178
2024-01-12,mangwol,4145010900,879,244,74,1197
2024-01-13,mangwol,4145010900,878,243,73,1194
2024-01-14,mangwol,4145010900,871,242,71,1184
2024-01-15,mangwol,4145010900,862,240,70,1172
2024-01-16,mangwol,4145010900,866,233,73,1172
2024-01-17,mangwol,4145010900,884,237,78,1199
2024-01-18,mangwol,4145010900,880,238,80,1198
2024-01-19,mangwol,4145010900,874,235,80,1189
2024-01-20,mangwol,4145010900,873,239,80,1192
2024-01-21,mangwol,4145010900,873,237,81,1191
2024-01-22,mangwol,4145010900,872,235,81,1188
2024-01-23,mangwol,4145010900,875,234,79,1188
2024-01-24,mangwol,4145010900,882,236,79,1197
2024-01-25,mangwol,4145010900,884,235,79,1198
2024-01-26,mangwol,4145010900,881,231,80,1192
2024-01-27,mangwol,4145010900,884,226,78,1188
2024-01-28,mangwol,4145010900,879,221,75,1175
2024-01-29,mangwol,4145010900,873,220,74,1167
2024-01-30,mangwol,4145010900,874,219,75,1168
2024-01-31,mangwol,4145010900,885,220,75,1180
2024-02-01,mangwol,4145010900,894,229,74,1197
2024-02-02,mangwol,4145010900,879,228,77,1184
2024-02-03,mangwol,4145010900,891,234,75,1200
2024-02-04,mangwol,4145010900,887,234,77,1198
2024-02-05,mangwol,4145010900,883,232,78,1193
2024-02-06,mangwol,4145010900,885,232,79,1196
2024-02-07,mangwol,4145010900,891,236,79,1206
2024-02-08,mangwol,4145010900,882,233,76,1191
2024-02-09,mangwol,4145010900,882,231,75,1188
2024-02-10,mangwol,4145010900,880,232,75,1187
2024-02-12,mangwol,4145010900,865,228,75,1168
2024-02-13,mangwol,4145010900,863,229,75,1167
2024-02-14,mangwol,4145010900,883,240,78,1201
2024-02-15,mangwol,4145010900,889,240,78,1207
2024-02-16,mangwol,4145010900,882,240,75,1197
2024-02-17,mangwol,4145010900,894,237,77,1208
2024-02-18,mangwol,4145010900,897,234,77,1208
2024-02-19,mangwol,4145010900,892,234,77,1203
2024-02-20,mangwol,4145010900,895,236,77,1208
2024-02-21,mangwol,4145010900,901,244,78,1223
2024-02-22,mangwol,4145010900,899,244,80,1223
2024-02-23,mangwol,4145010900,898,243,79,1220
2024-02-24,mangwol,4145010900,906,250,85,1241
2024-02-25,mangwol,4145010900,906,245,89,1240
2024-02-26,mangwol,4145010900,899,242,89,1230
2024-02-27,mangwol,4145010900,894,250,89,1233
2024-02-28,mangwol,4145010900,908,250,90,1248
2024-03-01,mangwol,4145010900,907,241,93,1241
2024-03-02,mangwol,4145010900,900,236,88,1224
2024-03-03,mangwol,4145010900,904,234,88,1226
2024-03-04,mangwol,4145010900,894,230,87,1211
2024-03-05,mangwol,4145010900,895,232,91,1218
2024-03-06,mangwol,4145010900,908,235,92,1235
2024-03-07,mangwol,4145010900,906,238,91,1235
2024-03-08,mangwol,4145010900,916,235,89,1240
2024-03-09,mangwol,4145010900,909,233,90,1232
2024-03-10,mangwol,4145010900,900,237,90,1227
2024-03-11,mangwol,4145010900,898,231,90,1219
2024-03-12,mangwol,4145010900,907,236,95,1238
2024-03-13,mangwol,4145010900,906,234,97,1237
2024-03-14,mangwol,4145010900,909,234,97,1240
2024-03-15,mangwol,4145010900,911,227,96,1234
2024-03-16,mangwol,4145010900,904,222,96,1222
2024-03-17,mangwol,4145010900,900,219,93,1212
2024-03-18,mangwol,4145010900,890,217,91,1198
2024-03-19,mangwol,4145010900,899,223,94,1216
2024-03-20,mangwol,4145010900,905,218,95,1218
2024-03-21,mangwol,4145010900,902,219,97,1218
2024-03-22,mangwol,4145010900,899,217,100,1216
2024-03-23,mangwol,4145010900,905,221,100,1226
2024-03-24,mangwol,4145010900,897,220,99,1216
2024-03-25,mangwol,4145010900,884,218,100,1202
2024-03-26,mangwol,4145010900,882,220,100,1202
2024-03-27,mangwol,4145010900,887,223,98,1208
2024-03-28,mangwol,4145010900,882,220,97,1199
2024-03-29,mangwol,4145010900,881,222,97,1200
2024-03-30,mangwol,4145010900,890,221,94,1205
2024-03-31,mangwol,4145010900,889,220,92,1201
2024-04-01,mangwol,4145010900,872,224,94,1190
2024-04-02,mangwol,4145010900,880,234,93,1207
2024-04-03,mangwol,4145010900,888,234,96,1218
2024-04-04,mangwol,4145010900,888,230,96,1214
2024-04-05,mangwol,4145010900,887,230,100,1217
2024-04-06,mangwol,4145010900,887,228,102,1217
2024-04-07,mangwol,4145010900,880,229,103,1212
2024-04-08,mangwol,4145010900,877,229,104,1210
2024-04-09,mangwol,4145010900,882,229,104,1215
2024-04-10,mangwol,4145010900,886,233,107,1226
2024-04-11,mangwol,4145010900,884,227,106,1217
2024-04-12,mangwol,4145010900,877,229,105,1211
2024-04-13,mangwol,4145010900,881,234,105,1220
2024-04-14,mangwol,4145010900,876,237,107,1220
2024-04-15,mangwol,4145010900,865,232,104,1201
2024-04-16,mangwol,4145010900,866,225,106,1197
2024-04-17,mangwol,4145010900,874,225,104,1203
2024-04-18,mangwol,4145010900,864,223,98,1185
2024-04-19,mangwol,4145010900,866,223,98,1187
2024-04-20,mangwol,4145010900,865,224,96,1185
2024-04-21,mangwol,4145010900,865,222,95,1182
2024-04-22,mangwol,4145010900,853,220,93,1166
2024-04-23,mangwol,4145010900,857,222,93,1172
2024-04-24,mangwol,4145010900,871,223,95,1189
2024-04-25,mangwol,4145010900,872,219,96,1187
2024-04-26,mangwol,4145010900,879,217,95,1191
2024-04-27,mangwol,4145010900,889,214,93,1196
2024-04-28,mangwol,4145010900,899,214,93,1206
2024-04-29,mangwol,4145010900,890,212,93,1195
2024-04-30,mangwol,4145010900,893,219,93,1205
2024-05-01,mangwol,4145010900,910,219,94,1223
2024-05-02,mangwol,4145010900,901,218,95,1214
2024-05-03,mangwol,4145010900,918,219,95,1232
2024-05-04,mangwol,4145010900,935,217,93,1245
2024-05-05,mangwol,4145010900,934,215,92,1241
2024-05-06,mangwol,4145010900,927,213,92,1232
2024-05-07,mangwol,4145010900,920,213,91,1224
2024-05-08,mangwol,4145010900,936,221,94,1251
2024-05-09,mangwol,4145010900,938,219,94,1251
2024-05-10,mangwol,4145010900,951,226,95,1272
2024-05-11,mangwol,4145010900,959,225,93,1277
2024-05-12,mangwol,4145010900,952,221,92,1265
2024-05-13,mangwol,4145010900,948,219,90,1257
2024-05-14,mangwol,4145010900,944,215,95,1254
2024-05-15,mangwol,4145010900,951,214,94,1259
2024-05-16,mangwol,4145010900,939,206,87,1232
2024-05-17,mangwol,4145010900,938,199,85,1222
2024-05-18,mangwol,4145010900,936,203,80,1219
2024-05-19,mangwol,4145010900,929,204,82,1215
2024-05-20,mangwol,4145010900,922,204,81,1207
2024-05-21,mangwol,4145010900,920,199,85,1204
2024-05-22,mangwol,4145010900,927,199,84,1210
2024-05-23,mangwol,4145010900,925,203,80,1208
2024-05-24,mangwol,4145010900,926,199,81,1206
2024-05-25,mangwol,4145010900,928,211,85,1224
2024-05-26,mangwol,4145010900,929,212,88,1229
2024-05-27,mangwol,4145010900,919,208,87,1214
2024-05-28,mangwol,4145010900,922,205,84,1211
2024-05-29,mangwol,4145010900,920,206,84,1210
2024-05-30,mangwol,4145010900,914,201,86,1201
2024-05-31,mangwol,4145010900,915,205,85,1205
2024-06-01,mangwol,4145010900,905,199,82,1186
2024-06-02,mangwol,4145010900,888,194,80,1162
2024-06-03,mangwol,4145010900,877,194,76,1147
2024-06-04,mangwol,4145010900,873,192,72,1137
2024-06-05,mangwol,4145010900,888,195,74,1157
2024-06-06,mangwol,4145010900,888,193,80,1161
2024-06-07,mangwol,4145010900,877,187,81,1145
2024-06-08,mangwol,4145010900,875,179,80,1134
2024-06-09,mangwol,4145010900,869,181,84,1134
2024-06-10,mangwol,4145010900,863,180,84,1127
2024-06-11,mangwol,4145010900,866,171,81,1118
2024-06-12,mangwol,4145010900,875,170,80,1125
2024-06-13,mangwol,4145010900,890,172,80,1142
2024-06-14,mangwol,4145010900,891,172,84,1147
2024-06-15,mangwol,4145010900,893,175,83,1151
2024-06-16,mangwol,4145010900,888,168,81,1137
2024-06-17,mangwol,4145010900,883,164,81,1128
2024-06-18,mangwol,4145010900,878,166,77,1121
2024-06-19,mangwol,4145010900,883,167,75,1125
2024-06-20,mangwol,4145010900,885,156,76,1117
2024-06-21,mangwol,4145010900,879,163,75,1117
2024-06-23,mangwol,4145010900,873,148,77,1098
2024-06-24,mangwol,4145010900,858,144,77,1079
2024-06-25,mangwol,4145010900,856,151,79,1086
2024-06-26,mangwol,4145010900,858,155,78,1091
2024-06-27,mangwol,4145010900,840,157,77,1074
2024-06-28,mangwol,4145010900,837,159,77,1073
2024-06-29,mangwol,4145010900,838,157,80,1075
2024-06-30,mangwol,4145010900,840,158,82,1080
2024-07-01,mangwol,4145010900,839,155,80,1074
2024-07-02,mangwol,4145010900,840,155,79,1074
2024-07-03,mangwol,4145010900,841,159,79,1079
2024-07-04,mangwol,4145010900,836,160,77,1073
2024-07-05,mangwol,4145010900,835,153,78,1066
2024-07-06,mangwol,4145010900,819,149,78,1046
2024-07-07,mangwol,4145010900,814,147,76,1037
2024-07-08,mangwol,4145010900,804,148,76,1028
2024-07-09,mangwol,4145010900,796,143,74,1013
2024-07-10,mangwol,4145010900,787,139,72,998
2024-07-11,mangwol,4145010900,784,142,72,998
2024-07-12,mangwol,4145010900,780,138,71,989
2024-07-13,mangwol,4145010900,764,141,69,974
2024-07-14,mangwol,4145010900,766,133,65,964
2024-07-15,mangwol,4145010900,762,132,65,959
2024-07-16,mangwol,4145010900,769,135,64,968
2024-07-17,mangwol,4145010900,769,134,62,965
2024-07-18,mangwol,4145010900,766,131,57,954
2024-07-19,mangwol,4145010900,757,127,56,940
2024-07-20,mangwol,4145010900,755,126,57,938
2024-07-21,mangwol,4145010900,744,116,54,914
2024-07-22,mangwol,4145010900,732,116,54,902
2024-07-23,mangwol,4145010900,727,123,53,903
2024-07-24,mangwol,4145010900,724,126,54,904
2024-07-25,mangwol,4145010900,718,127,56,901
2024-07-26,mangwol,4145010900,721,127,54,902
2024-07-27,mangwol,4145010900,712,126,54,892
2024-07-28,mangwol,4145010900,708,120,55,883
2024-07-29,mangwol,4145010900,700,117,56,873
2024-07-30,mangwol,4145010900,696,122,59,877
2024-07-31,mangwol,4145010900,696,123,61,880
2024-08-01,mangwol,4145010900,691,121,62,874
2024-08-02,mangwol,4145010900,694,117,62,873
2024-08-03,mangwol,4145010900,708,116,64,888
2024-08-04,mangwol,4145010900,701,114,61,876
2024-08-05,mangwol,4145010900,694,114,61,869
2024-08-06,mangwol,4145010900,697,114,59,870
2024-08-07,mangwol,4145010900,700,113,58,871
2024-08-08,mangwol,4145010900,696,115,61,872
2024-08-09,mangwol,4145010900,705,108,62,875
2024-08-10,mangwol,4145010900,711,103,64,878
2024-08-11,mangwol,4145010900,712,104,65,881
2024-08-12,mangwol,4145010900,707,102,64,873
2024-08-13,mangwol,4145010900,709,103,66,878
2024-08-14,mangwol,4145010900,719,105,65,889
2024-08-15,mangwol,4145010900,723,107,65,895
2024-08-16,mangwol,4145010900,712,104,61,877
2024-08-17,mangwol,4145010900,712,106,59,877
2024-08-18,mangwol,4145010900,724,101,59,884
2024-08-19,mangwol,4145010900,718,103,58,879
2024-08-20,mangwol,4145010900,711,96,55,862
2024-08-21,mangwol,4145010900,727,101,59,887
2024-08-22,mangwol,4145010900,729,103,59,891
2024-08-23,mangwol,4145010900,727,103,60,890
2024-08-24,mangwol,4145010900,730,99,59,888
2024-08-25,mangwol,4145010900,727,100,55,882
2024-08-26,mangwol,4145010900,724,100,54,878
2024-08-27,mangwol,4145010900,725,101,54,880
2024-08-28,mangwol,4145010900,736,104,57,897
2024-08-29,mangwol,4145010900,741,103,59,903
2024-08-30,mangwol,4145010900,746,111,58,915
2024-08-31,mangwol,4145010900,750,112,57,919
2024-09-01,mangwol,4145010900,760,110,56,926
2024-09-02,mangwol,4145010900,747,108,53,908
2024-09-03,mangwol,4145010900,768,107,56,931
2024-09-04,mangwol,4145010900,774,112,61,947
2024-09-05,mangwol,4145010900,768,109,63,940
2024-09-06,mangwol,4145010900,772,110,65,947
2024-09-07,mangwol,4145010900,776,111,65,952
2024-09-08,mangwol,4145010900,765,110,64,939
2024-09-09,mangwol,4145010900,762,110,64,936
2024-09-10,mangwol,4145010900,777,103,59,939
2024-09-11,mangwol,4145010900,780,98,58,936
2024-09-12,mangwol,4145010900,790,98,57,945
2024-09-13,mangwol,4145010900,794,100,58,952
2024-09-14,mangwol,4145010900,794,103,59,956
2024-09-15,mangwol,4145010900,788,104,57,949
2024-09-16,mangwol,4145010900,786,104,57,947
2024-09-17,mangwol,4145010900,779,104,57,940
2024-09-18,mangwol,4145010900,775,103,57,935
2024-09-19,mangwol,4145010900,776,103,57,936
2024-09-20,mangwol,4145010900,807,102,59,968
2024-09-21,mangwol,4145010900,821,105,61,987
2024-09-22,mangwol,4145010900,821,104,59,984
2024-09-23,mangwol,4145010900,817,104,59,980
2024-09-24,mangwol,4145010900,823,103,57,983
2024-09-25,mangwol,4145010900,833,103,59,995
2024-09-26,mangwol,4145010900,841,105,57,1003
2024-09-27,mangwol,4145010900,841,105,60,1006
2024-09-28,mangwol,4145010900,840,104,56,1000
2024-09-29,mangwol,4145010900,846,104,56,1006
2024-09-30,mangwol,4145010900,842,104,55,1001
2024-10-01,mangwol,4145010900,847,99,53,999
2024-10-02,mangwol,4145010900,865,100,53,1018
2024-10-03,mangwol,4145010900,863,105,51,1019
2024-10-04,mangwol,4145010900,851,102,49,1002
2024-10-05,mangwol,4145010900,870,105,51,1026
2024-10-06,mangwol,4145010900,873,110,50,1033
2024-10-07,mangwol,4145010900,864,109,49,1022
2024-10-08,mangwol,4145010900,880,105,52,1037
2024-10-09,mangwol,4145010900,883,105,54,1042
2024-10-10,mangwol,4145010900,870,105,52,1027
2024-10-11,mangwol,4145010900,888,104,56,1048
2024-10-12,mangwol,4145010900,890,99,55,1044
2024-10-13,mangwol,4145010900,892,101,54,1047
2024-10-14,mangwol,4145010900,887,100,54,1041
2024-10-16,mangwol,4145010900,905,104,53,1062
2024-10-17,mangwol,4145010900,909,109,54,1072
2024-10-18,mangwol,4145010900,924,109,57,1090
2024-10-19,mangwol,4145010900,923,111,58,1092
2024-10-20,mangwol,4145010900,907,111,55,1073
2024-10-21,mangwol,4145010900,890,109,55,1054
2024-10-22,mangwol,4145010900,901,116,59,1076
2024-10-23,mangwol,4145010900,909,116,58,1083
2024-10-24,mangwol,4145010900,914,117,59,1090
2024-10-25,mangwol,4145010900,915,119,61,1095
2024-10-26,mangwol,4145010900,931,120,61,1112
2024-10-27,mangwol,4145010900,929,121,57,1107
2024-10-28,mangwol,4145010900,919,121,56,1096
2024-10-29,mangwol,4145010900,937,123,56,1116
2024-10-30,mangwol,4145010900,941,124,56,1121
2024-10-31,mangwol,4145010900,933,128,55,1116
2024-11-01,mangwol,4145010900,919,130,58,1107
2024-11-02,mangwol,4145010900,936,136,58,1130
2024-11-03,mangwol,4145010900,930,131,56,1117
2024-11-04,mangwol,4145010900,924,130,56,1110
2024-11-05,mangwol,4145010900,926,140,58,1124
2024-11-06,mangwol,4145010900,948,139,62,1149
2024-11-07,mangwol,4145010900,942,142,61,1145
2024-11-08,mangwol,4145010900,946,147,65,1158
2024-11-09,mangwol,4145010900,941,142,65,1148
2024-11-10,mangwol,4145010900,939,137,64,1140
2024-11-11,mangwol,4145010900,934,137,63,1134
2024-11-12,mangwol,4145010900,949,141,62,1152
2024-11-13,mangwol,4145010900,953,138,58,1149
2024-11-14,mangwol,4145010900,950,140,61,1151
2024-11-15,mangwol,4145010900,963,140,62,1165
2024-11-16,mangwol,4145010900,964,133,66,1163
2024-11-17,mangwol,4145010900,964,133,65,1162
2024-11-18,mangwol,4145010900,960,131,65,1156
2024-11-19,mangwol,4145010900,966,137,66,1169
2024-11-20,mangwol,4145010900,974,136,66,1176
2024-11-21,mangwol,4145010900,973,139,67,1179
2024-11-22,mangwol,4145010900,978,139,69,1186
2024-11-23,mangwol,4145010900,983,141,71,1195
2024-11-24,mangwol,4145010900,979,137,71,1187
2024-11-25,mangwol,4145010900,966,135,71,1172
2024-11-26,mangwol,4145010900,978,138,67,1183
2024-11-27,mangwol,4145010900,985,141,69,1195
2024-11-28,mangwol,4145010900,972,141,70,1183
2024-11-29,mangwol,4145010900,982,136,73,1191
2024-11-30,mangwol,4145010900,987,139,74,1200
2024-12-01,mangwol,4145010900,980,145,75,1200
2024-12-02,mangwol,4145010900,959,142,73,1174
2024-12-03,mangwol,4145010900,989,148,72,1209
2024-12-04,mangwol,4145010900,996,152,76,1224
2024-12-05,mangwol,4145010900,997,157,74,1228
2024-12-06,mangwol,4145010900,991,160,72,1223
2024-12-07,mangwol,4145010900,995,161,74,1230
2024-12-08,mangwol,4145010900,998,158,75,1231
2024-12-09,mangwol,4145010900,996,156,73,1225
2024-12-10,mangwol,4145010900,1003,151,72,1226
2024-12-11,mangwol,4145010900,1009,152,72,1233
2024-12-12,mangwol,4145010900,996,150,72,1218
2024-12-13,mangwol,4145010900,996,148,70,1214
2024-12-14,mangwol,4145010900,998,150,69,1217
2024-12-15,mangwol,4145010900,992,144,71,1207
2024-12-16,mangwol,4145010900,985,144,69,1198
2024-12-17,mangwol,4145010900,1008,146,71,1225
2024-12-19,mangwol,4145010900,1006,140,67,1213
2024-12-20,mangwol,4145010900,1003,144,68,1215
2024-12-21,mangwol,4145010900,1000,146,68,1214
2024-12-22,mangwol,4145010900,990,147,69,1206
2024-12-23,mangwol,4145010900,975,147,68,1190
2024-12-24,mangwol,4145010900,986,141,70,1197
2024-12-25,mangwol,4145010900,997,136,70,1203
2024-12-26,mangwol,4145010900,986,135,69,1190
2024-12-27,mangwol,4145010900,998,138,68,1204
2024-12-28,mangwol,4145010900,998,137,69,1204
2024-12-29,mangwol,4145010900,985,132,67,1184
2024-12-30,mangwol,4145010900,976,130,67,1173
2024-12-31,mangwol,4145010900,991,129,68,1188
2025-01-01,mangwol,4145010900,998,129,70,1197
2025-01-02,mangwol,4145010900,968,125,69,1162
2025-01-03,mangwol,4145010900,972,125,66,1163
2025-01-04,mangwol,4145010900,967,124,66,1157
2025-01-05,mangwol,4145010900,980,125,66,1171
2025-01-06,mangwol,4145010900,970,124,64,1158
2025-01-07,mangwol,4145010900,989,123,64,1176
2025-01-08,mangwol,4145010900,998,124,65,1187
2025-01-09,mangwol,4145010900,1002,128,67,1197
2025-01-10,mangwol,4145010900,998,129,66,1193
2025-01-11,mangwol,4145010900,999,133,63,1195
2025-01-12,mangwol,4145010900,992,133,63,1188
2025-01-13,mangwol,4145010900,982,132,63,1177
2025-01-14,mangwol,4145010900,975,136,62,1173
2025-01-15,mangwol,4145010900,988,140,62,1190
2025-01-16,mangwol,4145010900,981,142,62,1185
2025-01-17,mangwol,4145010900,991,144,64,1199
2025-01-18,mangwol,4145010900,991,146,63,1200
2025-01-19,mangwol,4145010900,986,141,63,1190
2025-01-20,mangwol,4145010900,976,140,63,1179
2025-01-21,mangwol,4145010900,1003,143,62,1208
2025-01-22,mangwol,4145010900,1006,140,65,1211
2025-01-23,mangwol,4145010900,1000,137,61,1198
2025-01-24,mangwol,4145010900,1005,131,64,1200
2025-01-25,mangwol,4145010900,1011,132,64,1207
2025-01-26,mangwol,4145010900,996,129,63,1188
2025-01-27,mangwol,4145010900,992,128,63,1183
2025-01-28,mangwol,4145010900,991,126,64,1181
2025-01-29,mangwol,4145010900,992,126,64,1182
2025-01-30,mangwol,4145010900,972,124,62,1158
2025-01-31,mangwol,4145010900,961,123,61,1145
2025-02-01,mangwol,4145010900,974,125,64,1163
2025-02-02,mangwol,4145010900,961,123,65,1149
2025-02-03,mangwol,4145010900,950,120,65,1135
2025-02-04,mangwol,4145010900,928,122,64,1114
2025-02-05,mangwol,4145010900,936,122,66,1124
2025-02-06,mangwol,4145010900,956,133,68,1157
2025-02-07,mangwol,4145010900,989,140,67,1196
2025-02-08,mangwol,4145010900,996,138,67,1201
2025-02-09,mangwol,4145010900,1014,128,65,1207
2025-02-10,mangwol,4145010900,1005,128,64,1197
2025-02-11,mangwol,4145010900,1023,127,67,1217
2025-02-12,mangwol,4145010900,1027,124,63,1214
2025-02-13,mangwol,4145010900,1013,120,66,1199
2025-02-14,mangwol,4145010900,1007,119,62,1188
2025-02-15,mangwol,4145010900,1010,118,63,1191
2025-02-16,mangwol,4145010900,997,114,62,1173
2025-02-17,mangwol,4145010900,991,111,62,1164
2025-02-18,mangwol,4145010900,999,109,64,1172
2025-02-19,mangwol,4145010900,1007,106,62,1175
2025-02-20,mangwol,4145010900,996,107,59,1162
2025-02-21,mangwol,4145010900,998,108,61,1167
2025-02-22,mangwol,4145010900,1003,110,60,1173
2025-02-23,mangwol,4145010900,993,106,58,1157
2025-02-24,mangwol,4145010900,979,104,58,1141
2025-02-25,mangwol,4145010900,994,105,59,1158
2025-02-26,mangwol,4145010900,994,103,59,1156
2025-02-27,mangwol,4145010900,994,104,56,1154
2025-02-28,mangwol,4145010900,1000,104,54,1158
2025-03-01,mangwol,4145010900,1003,104,57,1164
2025-03-02,mangwol,4145010900,1011,110,59,1180
2025-03-03,mangwol,4145010900,999,109,59,1167
2025-03-04,mangwol,4145010900,979,109,58,1146
2025-03-05,mangwol,4145010900,995,115,54,1164
2025-03-06,mangwol,4145010900,993,113,52,1158
2025-03-07,mangwol,4145010900,996,113,51,1160
2025-03-08,mangwol,4145010900,983,113,51,1147
2025-03-09,mangwol,4145010900,970,109,49,1128
2025-03-10,mangwol,4145010900,954,109,49,1112
2025-03-11,mangwol,4145010900,958,106,47,1111
2025-03-12,mangwol,4145010900,963,108,50,1121
2025-03-13,mangwol,4145010900,966,108,51,1125
2025-03-14,mangwol,4145010900,970,107,53,1130
2025-03-15,mangwol,4145010900,981,103,53,1137
2025-03-16,mangwol,4145010900,991,108,51,1150
2025-03-17,mangwol,4145010900,982,107,51,1140
2025-03-18,mangwol,4145010900,981,97,47,1125
2025-03-19,mangwol,4145010900,996,90,47,1133
2025-03-20,mangwol,4145010900,995,88,47,1130
2025-03-21,mangwol,4145010900,995,96,49,1140
2025-03-24,mangwol,4145010900,988,95,47,1130
2025-03-25,mangwol,4145010900,993,98,51,1142
2025-03-26,mangwol,4145010900,1007,100,48,1155
2025-03-27,mangwol,4145010900,1001,93,45,1139
2025-03-28,mangwol,4145010900,1016,95,46,1157
2025-03-29,mangwol,4145010900,1011,97,45,1153
2025-03-30,mangwol,4145010900,1015,96,44,1155
2025-03-31,mangwol,4145010900,1012,96,42,1150
2025-04-01,mangwol,4145010900,1009,97,42,1148
2025-04-02,mangwol,4145010900,1015,90,39,1144
2025-04-03,mangwol,4145010900,1030,92,40,1162
2025-04-04,mangwol,4145010900,1036,90,38,1164
2025-04-05,mangwol,4145010900,1029,84,42,1155
2025-04-06,mangwol,4145010900,1022,80,39,1141
2025-04-07,mangwol,4145010900,1020,80,40,1140
2025-04-08,mangwol,4145010900,1013,78,39,1130
2025-04-09,mangwol,4145010900,1020,74,41,1135
2025-04-10,mangwol,4145010900,1007,75,41,1123
2025-04-11,mangwol,4145010900,1013,74,40,1127
2025-04-12,mangwol,4145010900,1019,71,39,1129
2025-04-13,mangwol,4145010900,1026,65,39,1130
2025-04-14,mangwol,4145010900,1017,64,39,1120
2025-04-15,mangwol,4145010900,1013,67,36,1116
2025-04-16,mangwol,4145010900,1024,64,35,1123
2025-04-17,mangwol,4145010900,1027,67,36,1130
2025-04-18,mangwol,4145010900,1035,69,37,1141
2025-04-19,mangwol,4145010900,1036,70,38,1144
2025-04-20,mangwol,4145010900,1039,68,38,1145
2025-04-21,mangwol,4145010900,1034,67,38,1139
2025-04-22,mangwol,4145010900,1036,71,39,1146
2025-04-23,mangwol,4145010900,1038,70,37,1145
2025-04-24,mangwol,4145010900,1032,69,37,1138
2025-04-25,mangwol,4145010900,1036,66,37,1139
2025-04-26,mangwol,4145010900,1040,63,37,1140
2025-04-27,mangwol,4145010900,1026,62,38,1126
2025-04-28,mangwol,4145010900,1020,61,38,1119
2025-04-29,mangwol,4145010900,1028,63,34,1125
2025-04-30,mangwol,4145010900,1032,65,34,1131
2025-05-01,mangwol,4145010900,1028,67,36,1131
2025-05-02,mangwol,4145010900,1020,64,34,1118
2025-05-03,mangwol,4145010900,1022,66,34,1122
2025-05-04,mangwol,4145010900,1032,70,35,1137
2025-05-05,mangwol,4145010900,1029,70,35,1134
2025-05-06,mangwol,4145010900,1029,69,35,1133
2025-05-07,mangwol,4145010900,1027,67,35,1129
2025-05-08,mangwol,4145010900,1025,75,33,1133
2025-05-09,mangwol,4145010900,1019,78,32,1129
2025-05-10,mangwol,4145010900,1029,78,30,1137
2025-05-11,mangwol,4145010900,1025,73,32,1130
2025-05-12,mangwol,4145010900,1018,74,32,1124
2025-05-13,mangwol,4145010900,1020,78,32,1130
2025-05-14,mangwol,4145010900,1030,82,34,1146
2025-05-15,mangwol,4145010900,1020,83,38,1141
2025-05-16,mangwol,4145010900,1012,79,39,1130
2025-05-17,mangwol,4145010900,1015,78,40,1133
2025-05-18,mangwol,4145010900,999,82,37,1118
2025-05-19,mangwol,4145010900,995,81,38,1114
2025-05-20,mangwol,4145010900,984,84,38,1106
2025-05-21,mangwol,4145010900,993,89,41,1123
2025-05-22,mangwol,4145010900,983,90,42,1115
2025-05-23,mangwol,4145010900,991,89,46,1126
2025-05-24,mangwol,4145010900,989,86,46,1121
2025-05-25,mangwol,4145010900,976,84,45,1105
2025-05-26,mangwol,4145010900,970,83,44,1097
2025-05-27,mangwol,4145010900,964,81,43,1088
2025-05-28,mangwol,4145010900,971,83,45,1099
2025-05-29,mangwol,4145010900,965,86,45,1096
2025-05-30,mangwol,4145010900,965,87,44,1096
2025-05-31,mangwol,4145010900,960,84,41,1085
2025-06-01,mangwol,4145010900,956,87,43,1086
2025-06-02,mangwol,4145010900,946,89,43,1078
2025-06-03,mangwol,4145010900,936,85,46,1067
2025-06-04,mangwol,4145010900,944,84,50,1078
2025-06-05,mangwol,4145010900,948,83,50,1081
2025-06-06,mangwol,4145010900,941,87,52,1080
2025-06-07,mangwol,4145010900,940,82,54,1076
2025-06-08,mangwol,4145010900,932,78,51,1061
2025-06-09,mangwol,4145010900,918,77,52,1047
2025-06-10,mangwol,4145010900,918,76,55,1049
2025-06-11,mangwol,4145010900,917,74,54,1045
2025-06-12,mangwol,4145010900,909,78,54,1041
2025-06-13,mangwol,4145010900,894,82,55,1031
2025-06-14,mangwol,4145010900,893,81,57,1031
2025-06-15,mangwol,4145010900,895,81,56,1032
2025-06-16,mangwol,4145010900,880,80,56,1016
2025-06-17,mangwol,4145010900,869,84,54,1007
2025-06-18,mangwol,4145010900,867,84,50,1001
2025-06-19,mangwol,4145010900,869,90,54,1013
2025-06-20,mangwol,4145010900,860,90,51,1001
2025-06-21,mangwol,4145010900,854,89,54,997
2025-06-22,mangwol,4145010900,841,91,55,987
2025-06-23,mangwol,4145010900,831,89,54,974
2025-06-24,mangwol,4145010900,830,83,53,966
2025-06-25,mangwol,4145010900,825,87,52,964
2025-06-26,mangwol,4145010900,810,87,48,945
2025-06-27,mangwol,4145010900,810,82,41,933
2025-06-28,mangwol,4145010900,807,70,40,917
2025-06-29,mangwol,4145010900,801,68,40,909
2025-06-30,mangwol,4145010900,794,69,38,901
2025-07-01,mangwol,4145010900,808,68,39,915
2025-07-02,mangwol,4145010900,817,72,39,928
2025-07-03,mangwol,4145010900,815,78,38,931
2025-07-04,mangwol,4145010900,811,77,39,927
2025-07-05,mangwol,4145010900,802,77,39,918
2025-07-06,mangwol,4145010900,804,75,35,914
2025-07-07,mangwol,4145010900,799,73,35,907
2025-07-08,mangwol,4145010900,808,78,39,925
2025-07-09,mangwol,4145010900,820,78,39,937
2025-07-10,mangwol,4145010900,814,77,39,930
2025-07-11,mangwol,4145010900,818,74,35,927
2025-07-12,mangwol,4145010900,819,75,34,928
2025-07-13,mangwol,4145010900,818,73,32,923
2025-07-14,mangwol,4145010900,813,71,31,915
2025-07-15,mangwol,4145010900,817,69,29,915
2025-07-16,mangwol,4145010900,815,68,29,912
2025-07-17,mangwol,4145010900,806,67,31,904
2025-07-18,mangwol,4145010900,809,66,33,908
2025-07-19,mangwol,4145010900,807,69,33,909
2025-07-20,mangwol,4145010900,803,64,32,899
2025-07-21,mangwol,4145010900,797,64,31,892
2025-07-22,mangwol,4145010900,806,66,31,903
2025-07-23,mangwol,4145010900,818,63,33,914
2025-07-24,mangwol,4145010900,810,65,31,906
2025-07-25,mangwol,4145010900,803,65,32,900
2025-07-26,mangwol,4145010900,810,66,32,908
2025-07-27,mangwol,4145010900,811,67,30,908
2025-07-28,mangwol,4145010900,804,66,30,900
2025-07-29,mangwol,4145010900,807,66,31,904
2025-07-30,mangwol,4145010900,805,66,32,903
2025-07-31,mangwol,4145010900,797,65,31,893
2025-08-01,mangwol,4145010900,787,66,31,884
2025-08-02,mangwol,4145010900,787,59,30,876
2025-08-03,mangwol,4145010900,784,57,29,870
2025-08-04,mangwol,4145010900,778,57,29,864
2025-08-05,mangwol,4145010900,785,54,31,870
2025-08-06,mangwol,4145010900,788,53,33,874
2025-08-15,mangwol,4145010900,810,42,30,882
2025-08-16,mangwol,4145010900,810,41,28,879
2025-08-17,mangwol,4145010900,804,41,31,876
2025-08-18,mangwol,4145010900,799,41,29,869
2025-08-19,mangwol,4145010900,808,43,30,881
2025-08-20,mangwol,4145010900,817,42,30,889
2025-08-21,mangwol,4145010900,812,40,30,882
2025-08-22,mangwol,4145010900,811,36,35,882
2025-08-23,mangwol,4145010900,812,38,33,883
2025-08-24,mangwol,4145010900,807,30,29,866
2025-08-27,mangwol,4145010900,787,28,26,841
2025-08-28,mangwol,4145010900,782,26,30,838
2025-08-29,mangwol,4145010900,788,25,30,843
2025-08-30,mangwol,4145010900,782,20,28,830
2025-08-31,mangwol,4145010900,790,21,26,837
2025-09-01,mangwol,4145010900,792,25,26,843
2025-09-02,mangwol,4145010900,790,25,25,840
2025-09-03,mangwol,4145010900,790,23,27,840
2025-09-04,mangwol,4145010900,790,25,25,840
2025-09-05,mangwol,4145010900,793,24,27,844
2025-09-06,mangwol,4145010900,789,24,27,840
2025-09-09,mangwol,4145010900,786,26,26,838
2025-09-10,mangwol,4145010900,791,28,24,843
2025-09-11,mangwol,4145010900,792,26,21,839
2025-09-12,mangwol,4145010900,793,28,22,843
2025-09-15,mangwol,4145010900,786,28,23,837
2025-09-16,mangwol,4145010900,779,27,24,830
2025-09-17,mangwol,4145010900,773,25,20,818
2025-09-18,mangwol,4145010900,774,27,22,823
2025-09-19,mangwol,4145010900,765,28,21,814
2025-09-20,mangwol,4145010900,762,30,21,813
2025-09-21,mangwol,4145010900,763,32,20,815
2025-09-22,mangwol,4145010900,760,31,20,811
2025-09-23,mangwol,4145010900,762,35,20,817
2025-09-24,mangwol,4145010900,756,39,19,814
2025-09-25,mangwol,4145010900,746,34,20,800
2025-09-26,mangwol,4145010900,746,30,19,795
2025-09-27,mangwol,4145010900,745,28,19,792
2025-09-28,mangwol,4145010900,733,28,18,779
2025-09-29,mangwol,4145010900,722,28,18,768
2025-09-30,mangwol,4145010900,702,28,21,751
2025-10-01,mangwol,4145010900,699,28,21,748
2025-10-02,mangwol,4145010900,696,28,23,747
2025-10-03,mangwol,4145010900,702,28,23,753
2025-10-04,mangwol,4145010900,688,27,24,739
2025-10-07,mangwol,4145010900,678,29,24,731
2025-10-08,mangwol,4145010900,678,29,24,731
2025-10-09,mangwol,4145010900,664,26,24,714
2025-10-10,mangwol,4145010900,660,26,24,710
2025-10-11,mangwol,4145010900,661,33,24,718
2025-10-12,mangwol,4145010900,655,33,26,714
2025-10-13,mangwol,4145010900,645,34,26,705
2025-10-14,mangwol,4145010900,636,39,28,703
2025-10-15,mangwol,4145010900,631,39,30,700
2025-10-16,mangwol,4145010900,620,42,33,695
2025-10-17,mangwol,4145010900,615,47,31,693
2025-10-18,mangwol,4145010900,620,45,29,694
2025-10-19,mangwol,4145010900,594,47,26,667
2025-10-21,mangwol,4145010900,505,44,27,576
2025-10-22,mangwol,4145010900,477,42,26,545
2025-10-23,mangwol,4145010900,464,40,27,531
2025-10-24,mangwol,4145010900,451,39,24,514
2025-10-25,mangwol,4145010900,452,36,20,508
2025-10-26,mangwol,4145010900,450,36,22,508
2025-10-27,mangwol,4145010900,444,36,21,501
2025-10-28,mangwol,4145010900,434,35,25,494
2025-10-29,mangwol,4145010900,430,36,22,488
2025-10-30,mangwol,4145010900,423,35,23,481
2025-11-01,mangwol,4145010900,405,33,24,462
2025-11-02,mangwol,4145010900,402,29,24,455
2025-11-03,mangwol,4145010900,399,29,24,452
2025-11-04,mangwol,4145010900,396,26,24,446
2025-11-06,mangwol,4145010900,388,27,20,435
2025-11-07,mangwol,4145010900,388,25,21,434
2025-11-08,mangwol,4145010900,394,28,22,444
2025-11-09,mangwol,4145010900,393,28,19,440
2025-11-10,mangwol,4145010900,379,27,19,425
2025-11-11,mangwol,4145010900,376,26,18,420
2025-11-12,mangwol,4145010900,375,27,16,418
2025-11-13,mangwol,4145010900,363,27,18,408
2025-11-14,mangwol,4145010900,354,29,16,399
2025-11-15,mangwol,4145010900,352,30,17,399
2025-11-18,mangwol,4145010900,349,28,22,399
2025-11-19,mangwol,4145010900,349,29,23,401
2025-11-20,mangwol,4145010900,346,26,21,393
2025-11-21,mangwol,4145010900,342,27,20,389
2025-11-22,mangwol,4145010900,340,26,18,384
2025-11-23,mangwol,4145010900,335,29,21,385
2025-11-24,mangwol,4145010900,331,29,21,381
2025-11-25,mangwol,4145010900,337,32,18,387
2025-11-26,mangwol,4145010900,339,34,18,391
2025-11-27,mangwol,4145010900,338,36,20,394
2025-11-28,mangwol,4145010900,335,32,24,391
2025-11-29,mangwol,4145010900,336,30,27,393
2025-11-30,mangwol,4145010900,335,33,26,394
2025-12-01,mangwol,4145010900,332,33,26,391
2025-12-02,mangwol,4145010900,339,30,29,398
2025-12-03,mangwol,4145010900,342,30,34,406
2025-12-04,mangwol,4145010900,340,31,37,408
2025-12-05,mangwol,4145010900,340,33,34,407
2025-12-06,mangwol,4145010900,339,31,35,405
2025-12-07,mangwol,4145010900,335,31,30,396
2025-12-08,mangwol,4145010900,329,29,30,388
2025-12-09,mangwol,4145010900,323,31,28,382
2025-12-10,mangwol,4145010900,321,33,29,383
2025-12-11,mangwol,4145010900,322,30,29,381
2025-12-12,mangwol,4145010900,323,28,26,377
2025-12-13,mangwol,4145010900,320,26,27,373
2025-12-14,mangwol,4145010900,322,24,26,372
2025-12-15,mangwol,4145010900,320,24,25,369
2025-12-16,mangwol,4145010900,322,26,24,372
2025-12-17,mangwol,4145010900,313,29,26,368
2025-12-18,mangwol,4145010900,307,26,27,360
2025-12-19,mangwol,4145010900,304,22,27,353
2025-12-20,mangwol,4145010900,307,20,27,354
2025-12-21,mangwol,4145010900,307,20,29,356
2025-12-22,mangwol,4145010900,305,20,29,354
2025-12-23,mangwol,4145010900,306,20,30,356
2025-12-24,mangwol,4145010900,304,19,31,354
2025-12-26,mangwol,4145010900,281,26,30,337
2025-12-27,mangwol,4145010900,277,26,30,333
2025-12-28,mangwol,4145010900,267,25,32,324
2025-12-29,mangwol,4145010900,267,25,32,324
2025-12-30,mangwol,4145010900,264,29,33,326
2025-12-31,mangwol,4145010900,262,28,31,321
2026-01-01,mangwol,4145010900,259,27,32,318
2026-01-02,mangwol,4145010900,253,27,31,311
2026-01-03,mangwol,4145010900,251,30,33,314
2026-01-04,mangwol,4145010900,248,29,31,308
2026-01-05,mangwol,4145010900,245,30,32,307
2026-01-06,mangwol,4145010900,247,32,34,313
2026-01-07,mangwol,4145010900,246,32,33,311
2026-01-08,mangwol,4145010900,238,32,30,300
2026-01-09,mangwol,4145010900,231,32,27,290
2026-01-10,mangwol,4145010900,234,32,28,294
2026-01-12,mangwol,4145010900,227,25,27,279
2026-01-13,mangwol,4145010900,227,28,28,283
2026-01-14,mangwol,4145010900,228,30,30,288
2026-01-15,mangwol,4145010900,229,33,32,294
2026-01-16,mangwol,4145010900,230,34,32,296
2026-01-17,mangwol,4145010900,230,37,35,302
2026-01-18,mangwol,4145010900,228,33,32,293
2026-01-19,mangwol,4145010900,227,32,31,290
2026-01-20,mangwol,4145010900,230,31,29,290
2026-01-21,mangwol,4145010900,233,29,28,290
2026-01-22,mangwol,4145010900,228,29,25,282
2026-01-23,mangwol,4145010900,232,31,25,288
2026-01-24,mangwol,4145010900,236,29,20,285
2026-01-25,mangwol,4145010900,234,30,21,285
2026-01-26,mangwol,4145010900,233,30,21,284
2026-01-27,mangwol,4145010900,231,29,21,281
2026-01-28,mangwol,4145010900,234,34,23,291
2026-01-29,mangwol,4145010900,239,36,25,300
2026-01-30,mangwol,4145010900,240,37,23,300
2026-01-31,mangwol,4145010900,245,38,20,303
2026-02-02,mangwol,4145010900,237,35,19,291
2026-02-03,mangwol,4145010900,243,31,20,294
2026-02-04,mangwol,4145010900,254,33,21,308
2026-02-05,mangwol,4145010900,261,33,23,317
2026-02-06,mangwol,4145010900,267,35,23,325
2026-02-07,mangwol,4145010900,276,30,25,331
2026-02-09,mangwol,4145010900,282,30,24,336
2026-02-10,mangwol,4145010900,293,30,20,343
2026-02-11,mangwol,4145010900,309,28,21,358
2026-02-12,mangwol,4145010900,320,29,21,370
2026-02-13,mangwol,4145010900,327,30,20,377
2026-02-14,mangwol,4145010900,349,28,21,398
2026-02-15,mangwol,4145010900,349,28,21,398
2026-02-16,mangwol,4145010900,347,27,21,395
2026-02-17,mangwol,4145010900,345,27,20,392
2026-02-18,mangwol,4145010900,344,27,20,391
2026-02-19,mangwol,4145010900,342,28,19,389
2026-02-20,mangwol,4145010900,360,30,21,411
2026-02-21,mangwol,4145010900,372,32,21,425
2026-02-22,mangwol,4145010900,374,32,23,429
2026-02-23,mangwol,4145010900,373,31,23,427
2026-02-24,mangwol,4145010900,373,35,20,428
2026-02-25,mangwol,4145010900,378,40,21,439
2026-02-26,mangwol,4145010900,381,41,22,444
2026-02-27,mangwol,4145010900,380,42,18,440
2026-02-28,mangwol,4145010900,384,42,19,445
2026-03-02,mangwol,4145010900,387,40,18,445
2026-03-03,mangwol,4145010900,386,40,18,444
2026-03-04,mangwol,4145010900,394,39,22,455
2026-03-05,mangwol,4145010900,393,42,23,458
2026-03-06,mangwol,4145010900,392,39,24,455
2026-03-07,mangwol,4145010900,399,36,26,461
2026-03-08,mangwol,4145010900,394,38,26,458
2026-03-09,mangwol,4145010900,393,38,26,457
2026-03-10,mangwol,4145010900,398,37,26,461
2026-03-11,mangwol,4145010900,400,39,28,467
2026-03-12,mangwol,4145010900,401,36,33,470
2026-03-13,mangwol,4145010900,401,39,34,474
2026-03-14,mangwol,4145010900,394,37,34,465
2026-03-15,mangwol,4145010900,397,36,29,462
2026-03-16,mangwol,4145010900,389,35,29,453
2026-03-17,mangwol,4145010900,402,36,28,466
2026-03-18,mangwol,4145010900,402,35,28,465
2026-03-19,mangwol,4145010900,401,34,29,464
2026-03-20,mangwol,4145010900,406,35,32,473
2026-03-21,mangwol,4145010900,408,33,34,475
2026-03-23,mangwol,4145010900,395,34,33,462
2026-03-24,mangwol,4145010900,404,38,34,476
2026-03-25,mangwol,4145010900,405,38,33,476
2026-03-26,mangwol,4145010900,406,38,33,477
2026-03-27,mangwol,4145010900,408,40,34,482
2026-03-28,mangwol,4145010900,404,38,31,473
2026-03-29,mangwol,4145010900,406,39,30,475
2026-03-30,mangwol,4145010900,398,39,29,466
2026-03-31,mangwol,4145010900,397,41,32,470
2026-04-01,mangwol,4145010900,397,44,30,471
2026-04-02,mangwol,4145010900,394,47,30,471
2026-04-03,mangwol,4145010900,394,46,29,469
2026-04-04,mangwol,4145010900,391,45,29,465
2026-04-05,mangwol,4145010900,389,45,25,459
2026-04-06,mangwol,4145010900,387,45,25,457
2026-04-07,mangwol,4145010900,385,44,24,453
2026-04-08,mangwol,4145010900,389,50,28,467
2026-04-09,mangwol,4145010900,385,47,27,459
2026-04-10,mangwol,4145010900,390,44,27,461
2026-04-11,mangwol,4145010900,391,46,26,463
2026-04-12,mangwol,4145010900,389,43,27,459
2026-04-13,mangwol,4145010900,387,43,27,457
2026-04-14,mangwol,4145010900,386,41,25,452
2026-04-15,mangwol,4145010900,390,39,22,451
2026-04-16,mangwol,4145010900,386,37,20,443
2026-04-17,mangwol,4145010900,388,38,20,446
2026-04-18,mangwol,4145010900,396,40,16,452
2026-04-19,mangwol,4145010900,401,41,16,458
2026-04-20,mangwol,4145010900,401,41,16,458
2026-04-21,mangwol,4145010900,402,41,15,458
2026-04-22,mangwol,4145010900,400,39,16,455
2026-04-23,mangwol,4145010900,398,42,18,458
2026-04-24,mangwol,4145010900,403,43,18,464
2026-04-25,mangwol,4145010900,406,47,18,471
2026-04-26,mangwol,4145010900,407,44,18,469
2026-04-27,mangwol,4145010900,403,44,18,465
2026-04-28,mangwol,4145010900,406,44,18,468
2026-04-29,mangwol,4145010900,403,43,18,464
2026-04-30,mangwol,4145010900,399,43,21,463
2026-05-01,mangwol,4145010900,400,44,21,465
2026-05-02,mangwol,4145010900,392,45,19,456
2026-05-04,mangwol,4145010900,386,43,20,449
2026-05-05,mangwol,4145010900,386,43,20,449
2026-05-06,mangwol,4145010900,385,42,21,448
2026-05-07,mangwol,4145010900,381,38,24,443
2026-05-08,mangwol,4145010900,376,33,25,434
2026-05-09,mangwol,4145010900,374,33,24,431
2026-05-10,mangwol,4145010900,364,33,21,418
2026-05-11,mangwol,4145010900,357,30,21,408
2026-05-12,mangwol,4145010900,353,32,21,406
2026-05-13,mangwol,4145010900,359,34,19,412
2026-05-14,mangwol,4145010900,356,33,19,408
2026-05-15,mangwol,4145010900,348,37,20,405
2026-05-16,mangwol,4145010900,356,39,20,415
2026-05-17,mangwol,4145010900,355,35,20,410
2026-05-18,mangwol,4145010900,347,33,21,401
2026-05-19,mangwol,4145010900,349,35,20,404
2026-05-20,mangwol,4145010900,358,37,21,416
2026-05-21,mangwol,4145010900,359,37,21,417
2026-05-22,mangwol,4145010900,369,35,22,426
2026-05-23,mangwol,4145010900,371,32,24,427
2026-05-24,mangwol,4145010900,365,33,22,420
2026-05-25,mangwol,4145010900,363,31,22,416
2026-05-26,mangwol,4145010900,358,29,21,408
2026-05-27,mangwol,4145010900,355,27,22,404
2026-05-28,mangwol,4145010900,350,23,21,394
2026-05-29,mangwol,4145010900,351,25,23,399
2026-05-30,mangwol,4145010900,351,27,22,400
2026-05-31,mangwol,4145010900,352,23,18,393
2026-06-01,mangwol,4145010900,350,23,18,391
2026-06-02,mangwol,4145010900,359,25,20,404
2026-06-03,mangwol,4145010900,363,22,22,407
2026-06-04,mangwol,4145010900,360,22,21,403
2026-06-05,mangwol,4145010900,362,23,20,405
2026-06-06,mangwol,4145010900,362,20,18,400
2026-06-07,mangwol,4145010900,366,21,15,402
2026-06-08,mangwol,4145010900,370,22,16,408
2026-06-09,mangwol,4145010900,366,21,18,405
2026-06-10,mangwol,4145010900,375,21,19,415
2026-06-11,mangwol,4145010900,375,27,22,424
2026-06-12,mangwol,4145010900,370,25,24,419
2026-06-13,mangwol,4145010900,371,27,22,420
2026-06-14,mangwol,4145010900,359,28,20,407
2026-06-15,mangwol,4145010900,357,28,20,405
2026-06-16,mangwol,4145010900,356,31,21,408
2026-06-17,mangwol,4145010900,353,34,22,409
2026-06-18,mangwol,4145010900,349,33,23,405
2026-06-20,mangwol,4145010900,355,35,25,415
2026-06-21,mangwol,4145010900,348,34,24,406
2026-06-22,mangwol,4145010900,347,34,24,405
2026-06-23,mangwol,4145010900,345,35,22,402
2026-06-24,mangwol,4145010900,352,36,21,409
2026-06-25,mangwol,4145010900,355,40,21,416
2026-06-26,mangwol,4145010900,351,41,24,416
2026-06-27,mangwol,4145010900,352,39,23,414
2026-06-28,mangwol,4145010900,346,36,20,402
2026-06-29,mangwol,4145010900,345,36,21,402
2026-06-30,mangwol,4145010900,349,31,17,397
2026-07-01,mangwol,4145010900,353,31,16,400
2026-07-02,mangwol,4145010900,368,36,17,421
2026-07-03,mangwol,4145010900,368,36,17,421
2026-07-04,mangwol,4145010900,363,34,18,415
2026-07-05,mangwol,4145010900,356,32,17,405
2026-07-06,mangwol,4145010900,344,34,17,395
2026-07-07,mangwol,4145010900,337,35,17,389
2026-07-08,mangwol,4145010900,349,36,18,403
2026-07-09,mangwol,4145010900,336,37,19,392
2026-07-10,mangwol,4145010900,330,34,18,382
2026-07-11,mangwol,4145010900,336,35,15,386
2026-07-12,mangwol,4145010900,333,34,14,381
2026-07-13,mangwol,4145010900,327,34,13,374
2026-07-14,mangwol,4145010900,337,35,13,385
2026-07-17,mangwol,4145010900,339,29,19,387
2026-07-18,mangwol,4145010900,340,26,18,384
2026-07-19,mangwol,4145010900,339,27,17,383
2026-07-20,mangwol,4145010900,337,27,15,379
2026-07-21,mangwol,4145010900,334,25,14,373
2026-07-23,mangwol,4145010900,331,24,13,368
2026-07-24,mangwol,4145010900,327,24,15,366
2026-07-25,mangwol,4145010900,328,24,16,368
2026-07-26,mangwol,4145010900,329,26,15,370
2026-07-27,mangwol,4145010900,321,25,15,361
2026-07-28,mangwol,4145010900,329,26,13,368
2026-07-29,mangwol,4145010900,336,24,14,374
2026-07-30,mangwol,4145010900,344,28,14,386
2026-07-31,mangwol,4145010900,342,24,12,378
2026-08-01,mangwol,4145010900,344,28,14,386
2026-08-02,mangwol,4145010900,343,27,14,384
2026-08-03,mangwol,4145010900,341,27,14,382
2026-08-04,mangwol,4145010900,344,28,12,384
2026-08-05,mangwol,4145010900,346,28,13,387
2026-08-06,mangwol,4145010900,347,24,12,383
2026-08-07,mangwol,4145010900,342,25,13,380
2026-08-08,mangwol,4145010900,355,23,14,392
2026-08-09,mangwol,4145010900,355,24,15,394
2026-08-10,mangwol,4145010900,353,23,14,390
2026-08-11,mangwol,4145010900,368,24,18,410
2026-08-12,mangwol,4145010900,373,29,18,420
2026-08-14,mangwol,4145010900,373,22,16,411
2026-08-15,mangwol,4145010900,382,21,20,423
2026-08-16,mangwol,4145010900,379,22,19,420
2026-08-17,mangwol,4145010900,376,22,19,417
2026-08-18,mangwol,4145010900,380,22,23,425
2026-08-19,mangwol,4145010900,390,23,23,436
2026-08-20,mangwol,4145010900,386,24,24,434
2026-08-21,mangwol,4145010900,391,24,23,438
2026-08-22,mangwol,4145010900,391,21,24,436
2026-08-23,mangwol,4145010900,386,21,22,429
2026-08-25,mangwol,4145010900,390,19,22,431
2026-08-26,mangwol,4145010900,399,19,25,443
2026-08-27,mangwol,4145010900,394,18,23,435
2026-08-28,mangwol,4145010900,400,20,22,442
2026-08-29,mangwol,4145010900,398,24,24,446
2026-08-30,mangwol,4145010900,393,24,25,442
2026-08-31,mangwol,4145010900,387,23,24,434
2026-09-01,mangwol,4145010900,393,24,24,441
2026-09-03,mangwol,4145010900,406,26,25,457
2026-09-04,mangwol,4145010900,410,26,29,465
2026-09-05,mangwol,4145010900,409,26,28,463
2026-09-06,mangwol,4145010900,410,25,29,464
2026-09-07,mangwol,4145010900,406,25,29,460
2026-09-09,mangwol,4145010900,413,30,28,471
2026-09-11,mangwol,4145010900,402,34,31,467
2026-09-12,mangwol,4145010900,396,35,31,462
2026-09-13,mangwol,4145010900,392,36,30,458
2026-09-14,mangwol,4145010900,387,36,29,452
2026-09-15,mangwol,4145010900,393,39,30,462
2026-09-16,mangwol,4145010900,393,38,31,462
2026-09-17,mangwol,4145010900,387,38,32,457
2026-09-18,mangwol,4145010900,392,36,33,461
2026-09-19,mangwol,4145010900,406,39,34,479
2026-09-21,mangwol,4145010900,407,39,36,482
2026-09-22,mangwol,4145010900,400,41,35,476
2026-09-23,mangwol,4145010900,401,40,34,475
2026-09-24,mangwol,4145010900,399,40,34,473
2026-09-25,mangwol,4145010900,396,40,34,470
2026-09-27,mangwol,4145010900,392,40,34,466
2026-09-28,mangwol,4145010900,390,39,33,462
2026-09-29,mangwol,4145010900,394,37,32,463
2026-09-30,mangwol,4145010900,396,39,34,469
2026-10-01,mangwol,4145010900,395,41,36,472
2026-10-02,mangwol,4145010900,400,41,37,478
2026-10-03,mangwol,4145010900,413,49,37,499
2026-10-04,mangwol,4145010900,405,48,35,488
2026-10-05,mangwol,4145010900,403,48,35,486
2026-10-06,mangwol,4145010900,405,46,34,485
2026-10-07,mangwol,4145010900,414,46,35,495
2023-09-01,myeongil,1174010100,367,97,40,504
2023-09-02,myeongil,1174010100,375,99,42,516
2023-09-03,myeongil,1174010100,366,105,39,510
2023-09-04,myeongil,1174010100,358,103,39,500
2023-09-05,myeongil,1174010100,364,108,41,513
2023-09-06,myeongil,1174010100,373,111,41,525
2023-09-07,myeongil,1174010100,371,110,42,523
2023-09-08,myeongil,1174010100,377,116,40,533
2023-09-09,myeongil,1174010100,374,116,42,532
2023-09-10,myeongil,1174010100,378,118,41,537
2023-09-11,myeongil,1174010100,373,116,41,530
2023-09-12,myeongil,1174010100,375,118,41,534
2023-09-14,myeongil,1174010100,375,117,41,533
2023-09-15,myeongil,1174010100,384,117,41,542
2023-09-16,myeongil,1174010100,374,117,39,530
2023-09-17,myeongil,1174010100,372,117,38,527
2023-09-18,myeongil,1174010100,365,116,38,519
2023-09-19,myeongil,1174010100,360,111,35,506
2023-09-20,myeongil,1174010100,363,110,35,508
2023-09-21,myeongil,1174010100,362,111,37,510
2023-09-23,myeongil,1174010100,366,110,37,513
2023-09-24,myeongil,1174010100,368,112,36,516
2023-09-25,myeongil,1174010100,364,110,36,510
2023-09-26,myeongil,1174010100,361,107,35,503
2023-09-27,myeongil,1174010100,365,109,38,512
2023-09-28,myeongil,1174010100,367,106,36,509
2023-09-29,myeongil,1174010100,359,104,36,499
2023-09-30,myeongil,1174010100,357,104,36,497
2023-10-01,myeongil,1174010100,350,99,33,482
2023-10-02,myeongil,1174010100,344,98,32,474
2023-10-03,myeongil,1174010100,342,96,32,470
2023-10-04,myeongil,1174010100,342,96,32,470
2023-10-05,myeongil,1174010100,350,102,35,487
2023-10-06,myeongil,1174010100,347,103,35,485
2023-10-07,myeongil,1174010100,358,113,40,511
2023-10-08,myeongil,1174010100,362,117,37,516
2023-10-09,myeongil,1174010100,356,114,35,505
2023-10-10,myeongil,1174010100,350,112,33,495
2023-10-11,myeongil,1174010100,368,117,30,515
2023-10-12,myeongil,1174010100,361,115,31,507
2023-10-13,myeongil,1174010100,357,114,31,502
2023-10-14,myeongil,1174010100,361,117,32,510
2023-10-15,myeongil,1174010100,360,119,33,512
2023-10-16,myeongil,1174010100,358,116,33,507
2023-10-17,myeongil,1174010100,364,120,33,517
2023-10-18,myeongil,1174010100,370,126,33,529
2023-10-19,myeongil,1174010100,375,128,35,538
2023-10-20,myeongil,1174010100,373,127,39,539
2023-10-21,myeongil,1174010100,374,126,41,541
2023-10-22,myeongil,1174010100,372,130,41,543
2023-10-23,myeongil,1174010100,368,130,40,538
2023-10-24,myeongil,1174010100,371,131,41,543
2023-10-25,myeongil,1174010100,378,132,45,555
2023-10-26,myeongil,1174010100,374,129,46,549
2023-10-27,myeongil,1174010100,370,130,46,546
2023-10-28,myeongil,1174010100,380,134,43,557
2023-10-29,myeongil,1174010100,386,138,47,571
2023-10-30,myeongil,1174010100,386,138,47,571
2023-10-31,myeongil,1174010100,386,145,49,580
2023-11-01,myeongil,1174010100,392,149,49,590
2023-11-02,myeongil,1174010100,399,153,52,604
2023-11-03,myeongil,1174010100,403,153,53,609
2023-11-04,myeongil,1174010100,398,151,52,601
2023-11-05,myeongil,1174010100,399,147,51,597
2023-11-06,myeongil,1174010100,386,141,51,578
2023-11-07,myeongil,1174010100,393,141,54,588
2023-11-08,myeongil,1174010100,397,141,54,592
2023-11-09,myeongil,1174010100,401,143,53,597
2023-11-10,myeongil,1174010100,396,142,52,590
2023-11-11,myeongil,1174010100,399,140,52,591
2023-11-12,myeongil,1174010100,394,142,54,590
2023-11-13,myeongil,1174010100,390,140,52,582
2023-11-14,myeongil,1174010100,396,149,52,597
2023-11-15,myeongil,1174010100,394,152,54,600
2023-11-16,myeongil,1174010100,387,149,56,592
2023-11-17,myeongil,1174010100,393,151,60,604
2023-11-18,myeongil,1174010100,389,149,60,598
2023-11-19,myeongil,1174010100,388,152,59,599
2023-11-21,myeongil,1174010100,376,156,56,588
2023-11-22,myeongil,1174010100,383,160,57,600
2023-11-23,myeongil,1174010100,378,162,58,598
2023-11-24,myeongil,1174010100,385,166,58,609
2023-11-25,myeongil,1174010100,387,169,60,616
2023-11-26,myeongil,1174010100,382,164,59,605
2023-11-27,myeongil,1174010100,362,160,59,581
2023-11-28,myeongil,1174010100,378,159,58,595
2023-11-29,myeongil,1174010100,379,161,57,597
2023-11-30,myeongil,1174010100,384,158,57,599
2023-12-01,myeongil,1174010100,381,159,58,598
2023-12-02,myeongil,1174010100,379,166,57,602
2023-12-03,myeongil,1174010100,383,168,57,608
2023-12-04,myeongil,1174010100,376,168,56,600
2023-12-05,myeongil,1174010100,370,167,54,591
2023-12-06,myeongil,1174010100,387,169,55,611
2023-12-07,myeongil,1174010100,379,166,52,597
2023-12-08,myeongil,1174010100,389,166,52,607
2023-12-09,myeongil,1174010100,391,169,51,611
2023-12-10,myeongil,1174010100,392,171,51,614
2023-12-11,myeongil,1174010100,386,170,51,607
2023-12-12,myeongil,1174010100,374,164,48,586
2023-12-13,myeongil,1174010100,393,166,49,608
2023-12-14,myeongil,1174010100,387,167,45,599
2023-12-15,myeongil,1174010100,393,168,41,602
2023-12-16,myeongil,1174010100,395,168,40,603
2023-12-17,myeongil,1174010100,391,168,41,600
2023-12-18,myeongil,1174010100,384,165,40,589
2023-12-19,myeongil,1174010100,391,162,40,593
2023-12-20,myeongil,1174010100,394,167,45,606
2023-12-21,myeongil,1174010100,389,170,47,606
2023-12-22,myeongil,1174010100,393,167,48,608
2023-12-23,myeongil,1174010100,388,172,50,610
2023-12-25,myeongil,1174010100,382,169,46,597
2023-12-26,myeongil,1174010100,383,167,46,596
2023-12-27,myeongil,1174010100,399,178,49,626
2023-12-28,myeongil,1174010100,376,184,48,608
2023-12-29,myeongil,1174010100,387,176,46,609
2023-12-30,myeongil,1174010100,387,177,46,610
2023-12-31,myeongil,1174010100,390,180,47,617
2024-01-01,myeongil,1174010100,388,178,47,613
2024-01-02,myeongil,1174010100,382,174,47,603
2024-01-03,myeongil,1174010100,393,183,47,623
2024-01-04,myeongil,1174010100,393,176,44,613
2024-01-05,myeongil,1174010100,382,175,44,601
2024-01-06,myeongil,1174010100,395,172,46,613
2024-01-07,myeongil,1174010100,399,174,46,619
2024-01-08,myeongil,1174010100,392,171,46,609
2024-01-09,myeongil,1174010100,396,170,42,608
2024-01-10,myeongil,1174010100,404,175,49,628
2024-01-11,myeongil,1174010100,404,178,48,630
2024-01-12,myeongil,1174010100,394,178,45,617
2024-01-13,myeongil,1174010100,402,184,48,634
2024-01-14,myeongil,1174010100,401,183,47,631
2024-01-15,myeongil,1174010100,391,181,47,619
2024-01-16,myeongil,1174010100,410,183,45,638
2024-01-17,myeongil,1174010100,413,181,50,644
2024-01-18,myeongil,1174010100,413,176,48,637
2024-01-19,myeongil,1174010100,418,168,48,634
2024-01-20,myeongil,1174010100,417,168,47,632
2024-01-21,myeongil,1174010100,417,175,45,637
2024-01-22,myeongil,1174010100,413,172,44,629
2024-01-23,myeongil,1174010100,415,175,44,634
2024-01-24,myeongil,1174010100,415,177,46,638
2024-01-25,myeongil,1174010100,416,184,47,647
2024-01-26,myeongil,1174010100,404,188,46,638
2024-01-27,myeongil,1174010100,414,192,48,654
2024-01-28,myeongil,1174010100,404,188,45,637
2024-01-29,myeongil,1174010100,399,185,45,629
2024-01-30,myeongil,1174010100,416,183,44,643
2024-01-31,myeongil,1174010100,422,181,45,648
2024-02-01,myeongil,1174010100,428,181,48,657
2024-02-02,myeongil,1174010100,424,177,48,649
2024-02-03,myeongil,1174010100,426,181,48,655
2024-02-04,myeongil,1174010100,426,180,51,657
2024-02-05,myeongil,1174010100,413,176,49,638
2024-02-06,myeongil,1174010100,405,180,54,639
2024-02-07,myeongil,1174010100,404,178,53,635
2024-02-08,myeongil,1174010100,404,176,54,634
2024-02-09,myeongil,1174010100,393,163,51,607
2024-02-10,myeongil,1174010100,390,160,51,601
2024-02-12,myeongil,1174010100,378,152,49,579
2024-02-13,myeongil,1174010100,374,150,47,571
2024-02-14,myeongil,1174010100,398,157,48,603
2024-02-15,myeongil,1174010100,392,158,48,598
2024-02-16,myeongil,1174010100,397,160,50,607
2024-02-17,myeongil,1174010100,412,164,50,626
2024-02-18,myeongil,1174010100,408,166,50,624
2024-02-19,myeongil,1174010100,403,165,50,618
2024-02-20,myeongil,1174010100,419,163,51,633
2024-02-21,myeongil,1174010100,422,158,54,634
2024-02-22,myeongil,1174010100,425,153,54,632
2024-02-23,myeongil,1174010100,430,149,52,631
2024-02-24,myeongil,1174010100,434,150,52,636
2024-02-25,myeongil,1174010100,439,146,54,639
2024-02-26,myeongil,1174010100,428,143,52,623
2024-02-27,myeongil,1174010100,433,146,52,631
2024-02-28,myeongil,1174010100,445,148,53,646
2024-03-01,myeongil,1174010100,435,148,50,633
2024-03-02,myeongil,1174010100,436,153,46,635
2024-03-03,myeongil,1174010100,445,159,47,651
2024-03-04,myeongil,1174010100,440,154,47,641
2024-03-05,myeongil,1174010100,440,154,46,640
2024-03-06,myeongil,1174010100,443,154,51,648
2024-03-07,myeongil,1174010100,436,155,51,642
2024-03-08,myeongil,1174010100,450,157,52,659
2024-03-09,myeongil,1174010100,444,159,57,660
2024-03-10,myeongil,1174010100,442,157,61,660
2024-03-11,myeongil,1174010100,441,156,61,658
2024-03-12,myeongil,1174010100,449,157,64,670
2024-03-13,myeongil,1174010100,453,159,66,678
2024-03-14,myeongil,1174010100,455,163,66,684
2024-03-15,myeongil,1174010100,470,161,65,696
2024-03-16,myeongil,1174010100,451,157,63,671
2024-03-17,myeongil,1174010100,452,155,63,670
2024-03-18,myeongil,1174010100,434,155,61,650
2024-03-19,myeongil,1174010100,437,155,61,653
2024-03-20,myeongil,1174010100,445,151,61,657
2024-03-21,myeongil,1174010100,435,146,61,642
2024-03-22,myeongil,1174010100,443,150,60,653
2024-03-23,myeongil,1174010100,440,153,59,652
2024-03-24,myeongil,1174010100,446,149,59,654
2024-03-25,myeongil,1174010100,438,147,58,643
2024-03-26,myeongil,1174010100,440,149,61,650
2024-03-27,myeongil,1174010100,441,151,64,656
2024-03-28,myeongil,1174010100,434,155,63,652
2024-03-29,myeongil,1174010100,432,152,65,649
2024-03-30,myeongil,1174010100,430,149,65,644
2024-03-31,myeongil,1174010100,423,143,66,632
2024-04-01,myeongil,1174010100,423,140,67,630
2024-04-02,myeongil,1174010100,418,136,66,620
2024-04-03,myeongil,1174010100,432,138,67,637
2024-04-04,myeongil,1174010100,438,145,63,646
2024-04-05,myeongil,1174010100,434,141,60,635
2024-04-06,myeongil,1174010100,445,140,61,646
2024-04-07,myeongil,1174010100,443,141,60,644
2024-04-08,myeongil,1174010100,441,139,58,638
2024-04-09,myeongil,1174010100,442,144,58,644
2024-04-10,myeongil,1174010100,457,150,58,665
2024-04-11,myeongil,1174010100,438,150,59,647
2024-04-12,myeongil,1174010100,449,156,59,664
2024-04-13,myeongil,1174010100,451,155,60,666
2024-04-14,myeongil,1174010100,441,159,62,662
2024-04-15,myeongil,1174010100,438,158,62,658
2024-04-16,myeongil,1174010100,432,160,63,655
2024-04-17,myeongil,1174010100,447,161,63,671
2024-04-18,myeongil,1174010100,439,161,64,664
2024-04-19,myeongil,1174010100,442,164,62,668
2024-04-20,myeongil,1174010100,453,159,59,671
2024-04-21,myeongil,1174010100,445,155,58,658
2024-04-22,myeongil,1174010100,440,153,58,651
2024-04-23,myeongil,1174010100,450,150,60,660
2024-04-24,myeongil,1174010100,458,153,60,671
2024-04-25,myeongil,1174010100,463,153,56,672
2024-04-26,myeongil,1174010100,465,158,57,680
2024-04-27,myeongil,1174010100,474,157,56,687
2024-04-28,myeongil,1174010100,464,158,58,680
2024-04-29,myeongil,1174010100,456,158,58,672
2024-04-30,myeongil,1174010100,455,157,60,672
2024-05-01,myeongil,1174010100,459,153,61,673
2024-05-02,myeongil,1174010100,450,144,56,650
2024-05-03,myeongil,1174010100,465,156,56,677
2024-05-04,myeongil,1174010100,464,148,56,668
2024-05-05,myeongil,1174010100,466,149,58,673
2024-05-06,myeongil,1174010100,459,146,56,661
2024-05-07,myeongil,1174010100,453,144,55,652
2024-05-08,myeongil,1174010100,466,153,54,673
2024-05-09,myeongil,1174010100,465,151,54,670
2024-05-10,myeongil,1174010100,461,154,57,672
2024-05-11,myeongil,1174010100,465,156,58,679
2024-05-12,myeongil,1174010100,474,151,58,683
2024-05-13,myeongil,1174010100,468,150,58,676
2024-05-14,myeongil,1174010100,467,147,58,672
2024-05-15,myeongil,1174010100,467,151,57,675
2024-05-16,myeongil,1174010100,452,151,56,659
2024-05-17,myeongil,1174010100,463,149,58,670
2024-05-18,myeongil,1174010100,468,149,56,673
2024-05-19,myeongil,1174010100,469,148,54,671
2024-05-20,myeongil,1174010100,462,148,53,663
2024-05-21,myeongil,1174010100,466,149,55,670
2024-05-22,myeongil,1174010100,475,152,58,685
2024-05-23,myeongil,1174010100,469,154,61,684
2024-05-24,myeongil,1174010100,473,148,59,680
2024-05-25,myeongil,1174010100,474,148,59,681
2024-05-26,myeongil,1174010100,469,148,60,677
2024-05-27,myeongil,1174010100,462,145,58,665
2024-05-28,myeongil,1174010100,462,147,58,667
2024-05-29,myeongil,1174010100,464,148,59,671
2024-05-30,myeongil,1174010100,457,141,57,655
2024-05-31,myeongil,1174010100,456,140,60,656
2024-06-01,myeongil,1174010100,449,142,62,653
2024-06-02,myeongil,1174010100,440,133,56,629
2024-06-03,myeongil,1174010100,433,132,55,620
2024-06-04,myeongil,1174010100,428,125,57,610
2024-06-05,myeongil,1174010100,436,125,57,618
2024-06-06,myeongil,1174010100,451,124,53,628
2024-06-07,myeongil,1174010100,436,120,53,609
2024-06-08,myeongil,1174010100,445,119,52,616
2024-06-09,myeongil,1174010100,448,122,51,621
2024-06-10,myeongil,1174010100,443,120,50,613
2024-06-11,myeongil,1174010100,436,121,49,606
2024-06-12,myeongil,1174010100,443,123,48,614
2024-06-13,myeongil,1174010100,439,126,49,614
2024-06-14,myeongil,1174010100,440,124,49,613
2024-06-15,myeongil,1174010100,447,125,47,619
2024-06-16,myeongil,1174010100,441,122,47,610
2024-06-17,myeongil,1174010100,433,120,47,600
2024-06-18,myeongil,1174010100,432,119,48,599
2024-06-19,myeongil,1174010100,433,117,45,595
2024-06-20,myeongil,1174010100,429,118,45,592
2024-06-21,myeongil,1174010100,428,113,42,583
2024-06-23,myeongil,1174010100,405,116,40,561
2024-06-24,myeongil,1174010100,399,116,40,555
2024-06-25,myeongil,1174010100,406,117,39,562
2024-06-26,myeongil,1174010100,421,118,40,579
2024-06-27,myeongil,1174010100,421,115,39,575
2024-06-28,myeongil,1174010100,420,116,38,574
2024-06-29,myeongil,1174010100,421,122,40,583
2024-06-30,myeongil,1174010100,418,118,38,574
2024-07-01,myeongil,1174010100,413,117,37,567
2024-07-02,myeongil,1174010100,418,117,37,572
2024-07-03,myeongil,1174010100,420,116,34,570
2024-07-04,myeongil,1174010100,414,116,37,567
2024-07-05,myeongil,1174010100,409,115,36,560
2024-07-06,myeongil,1174010100,409,117,35,561
2024-07-07,myeongil,1174010100,423,116,38,577
2024-07-08,myeongil,1174010100,413,114,38,565
2024-07-09,myeongil,1174010100,412,117,39,568
2024-07-10,myeongil,1174010100,426,122,39,587
2024-07-11,myeongil,1174010100,421,123,37,581
2024-07-12,myeongil,1174010100,432,124,32,588
2024-07-13,myeongil,1174010100,433,120,31,584
2024-07-14,myeongil,1174010100,431,121,30,582
2024-07-15,myeongil,1174010100,427,121,30,578
2024-07-16,myeongil,1174010100,422,122,30,574
2024-07-17,myeongil,1174010100,415,122,32,569
2024-07-18,myeongil,1174010100,404,116,30,550
2024-07-19,myeongil,1174010100,406,116,31,553
2024-07-20,myeongil,1174010100,399,121,31,551
2024-07-21,myeongil,1174010100,395,118,33,546
2024-07-22,myeongil,1174010100,389,118,33,540
2024-07-23,myeongil,1174010100,401,115,30,546
2024-07-24,myeongil,1174010100,409,115,32,556
2024-07-25,myeongil,1174010100,402,113,34,549
2024-07-26,myeongil,1174010100,394,110,35,539
2024-07-27,myeongil,1174010100,386,111,38,535
2024-07-28,myeongil,1174010100,377,109,38,524
2024-07-29,myeongil,1174010100,372,108,38,518
2024-07-30,myeongil,1174010100,376,111,38,525
2024-07-31,myeongil,1174010100,377,106,38,521
2024-08-01,myeongil,1174010100,377,112,41,530
2024-08-02,myeongil,1174010100,375,110,42,527
2024-08-03,myeongil,1174010100,372,109,41,522
2024-08-04,myeongil,1174010100,369,110,41,520
2024-08-05,myeongil,1174010100,365,108,41,514
2024-08-06,myeongil,1174010100,360,107,41,508
2024-08-07,myeongil,1174010100,370,112,43,525
2024-08-08,myeongil,1174010100,367,108,43,518
2024-08-09,myeongil,1174010100,357,100,38,495
2024-08-10,myeongil,1174010100,367,98,40,505
2024-08-11,myeongil,1174010100,359,99,37,495
2024-08-12,myeongil,1174010100,353,97,36,486
2024-08-13,myeongil,1174010100,349,103,39,491
2024-08-14,myeongil,1174010100,349,106,39,494
2024-08-15,myeongil,1174010100,346,114,41,501
2024-08-16,myeongil,1174010100,336,117,42,495
2024-08-17,myeongil,1174010100,346,121,43,510
2024-08-18,myeongil,1174010100,344,119,43,506
2024-08-19,myeongil,1174010100,336,115,42,493
2024-08-20,myeongil,1174010100,339,118,42,499
2024-08-21,myeongil,1174010100,345,118,40,503
2024-08-22,myeongil,1174010100,331,113,42,486
2024-08-23,myeongil,1174010100,324,116,43,483
2024-08-24,myeongil,1174010100,328,115,45,488
2024-08-25,myeongil,1174010100,325,117,46,488
2024-08-26,myeongil,1174010100,321,115,45,481
2024-08-27,myeongil,1174010100,328,117,47,492
2024-08-28,myeongil,1174010100,321,121,48,490
2024-08-29,myeongil,1174010100,309,120,50,479
2024-08-30,myeongil,1174010100,309,125,52,486
2024-08-31,myeongil,1174010100,302,117,54,473
2024-09-01,myeongil,1174010100,299,116,53,468
2024-09-02,myeongil,1174010100,293,117,53,463
2024-09-03,myeongil,1174010100,294,117,54,465
2024-09-04,myeongil,1174010100,303,127,55,485
2024-09-05,myeongil,1174010100,311,128,59,498
2024-09-06,myeongil,1174010100,306,132,58,496
2024-09-07,myeongil,1174010100,313,133,64,510
2024-09-08,myeongil,1174010100,314,133,61,508
2024-09-09,myeongil,1174010100,309,131,59,499
2024-09-10,myeongil,1174010100,320,132,61,513
2024-09-11,myeongil,1174010100,324,135,60,519
2024-09-12,myeongil,1174010100,323,138,63,524
2024-09-13,myeongil,1174010100,319,136,59,514
2024-09-14,myeongil,1174010100,320,138,61,519
2024-09-15,myeongil,1174010100,316,129,60,505
2024-09-16,myeongil,1174010100,316,129,60,505
2024-09-17,myeongil,1174010100,310,128,60,498
2024-09-18,myeongil,1174010100,309,128,60,497
2024-09-19,myeongil,1174010100,309,127,60,496
2024-09-20,myeongil,1174010100,329,138,65,532
2024-09-21,myeongil,1174010100,330,139,65,534
2024-09-22,myeongil,1174010100,320,141,66,527
2024-09-23,myeongil,1174010100,312,135,66,513
2024-09-24,myeongil,1174010100,318,129,73,520
2024-09-25,myeongil,1174010100,314,133,71,518
2024-09-26,myeongil,1174010100,320,133,72,525
2024-09-27,myeongil,1174010100,323,135,72,530
2024-09-28,myeongil,1174010100,335,130,73,538
2024-09-29,myeongil,1174010100,333,124,73,530
2024-09-30,myeongil,1174010100,329,124,73,526
2024-10-01,myeongil,1174010100,335,122,73,530
2024-10-02,myeongil,1174010100,332,121,72,525
2024-10-03,myeongil,1174010100,341,123,76,540
2024-10-04,myeongil,1174010100,330,115,76,521
2024-10-05,myeongil,1174010100,333,119,76,528
2024-10-06,myeongil,1174010100,338,121,75,534
2024-10-07,myeongil,1174010100,329,118,71,518
2024-10-08,myeongil,1174010100,328,120,71,519
2024-10-09,myeongil,1174010100,338,123,76,537
2024-10-10,myeongil,1174010100,332,113,73,518
2024-10-11,myeongil,1174010100,339,126,72,537
2024-10-12,myeongil,1174010100,342,122,72,536
2024-10-13,myeongil,1174010100,340,121,72,533
2024-10-14,myeongil,1174010100,330,119,72,521
2024-10-16,myeongil,1174010100,344,119,72,535
2024-10-17,myeongil,1174010100,343,112,72,527
2024-10-18,myeongil,1174010100,352,117,73,542
2024-10-19,myeongil,1174010100,355,122,70,547
2024-10-20,myeongil,1174010100,343,118,68,529
2024-10-21,myeongil,1174010100,337,115,68,520
2024-10-22,myeongil,1174010100,334,117,68,519
2024-10-23,myeongil,1174010100,336,119,67,522
2024-10-24,myeongil,1174010100,346,126,67,539
2024-10-25,myeongil,1174010100,345,127,67,539
2024-10-26,myeongil,1174010100,346,130,67,543
2024-10-27,myeongil,1174010100,345,134,65,544
2024-10-28,myeongil,1174010100,339,133,64,536
2024-10-29,myeongil,1174010100,351,139,67,557
2024-10-30,myeongil,1174010100,353,138,68,559
2024-10-31,myeongil,1174010100,347,135,69,551
2024-11-01,myeongil,1174010100,345,134,68,547
2024-11-02,myeongil,1174010100,347,134,67,548
2024-11-03,myeongil,1174010100,339,133,66,538
2024-11-04,myeongil,1174010100,332,131,66,529
2024-11-05,myeongil,1174010100,329,130,64,523
2024-11-06,myeongil,1174010100,337,131,64,532
2024-11-07,myeongil,1174010100,345,134,65,544
2024-11-08,myeongil,1174010100,348,129,62,539
2024-11-09,myeongil,1174010100,346,128,62,536
2024-11-10,myeongil,1174010100,348,130,62,540
2024-11-11,myeongil,1174010100,346,130,62,538
2024-11-12,myeongil,1174010100,351,130,56,537
2024-11-13,myeongil,1174010100,353,126,57,536
2024-11-14,myeongil,1174010100,352,125,55,532
2024-11-15,myeongil,1174010100,356,124,57,537
2024-11-16,myeongil,1174010100,366,124,58,548
2024-11-17,myeongil,1174010100,359,122,55,536
2024-11-18,myeongil,1174010100,357,119,55,531
2024-11-19,myeongil,1174010100,361,123,56,540
2024-11-20,myeongil,1174010100,366,128,53,547
2024-11-21,myeongil,1174010100,366,125,53,544
2024-11-22,myeongil,1174010100,366,123,51,540
2024-11-23,myeongil,1174010100,367,125,51,543
2024-11-24,myeongil,1174010100,372,126,50,548
2024-11-25,myeongil,1174010100,367,125,49,541
2024-11-26,myeongil,1174010100,378,123,45,546
2024-11-27,myeongil,1174010100,382,125,45,552
2024-11-28,myeongil,1174010100,378,122,46,546
2024-11-29,myeongil,1174010100,374,122,45,541
2024-11-30,myeongil,1174010100,376,123,45,544
2024-12-01,myeongil,1174010100,375,113,41,529
2024-12-02,myeongil,1174010100,369,111,40,520
2024-12-03,myeongil,1174010100,374,110,44,528
2024-12-04,myeongil,1174010100,382,115,48,545
2024-12-05,myeongil,1174010100,380,121,50,551
2024-12-06,myeongil,1174010100,377,119,52,548
2024-12-07,myeongil,1174010100,363,113,50,526
2024-12-08,myeongil,1174010100,360,112,51,523
2024-12-09,myeongil,1174010100,355,109,49,513
2024-12-10,myeongil,1174010100,355,110,52,517
2024-12-11,myeongil,1174010100,367,110,52,529
2024-12-12,myeongil,1174010100,365,107,52,524
2024-12-13,myeongil,1174010100,363,107,50,520
2024-12-14,myeongil,1174010100,369,107,50,526
2024-12-15,myeongil,1174010100,365,109,49,523
2024-12-16,myeongil,1174010100,354,108,49,511
2024-12-17,myeongil,1174010100,357,108,50,515
2024-12-19,myeongil,1174010100,372,114,50,536
2024-12-20,myeongil,1174010100,378,118,51,547
2024-12-21,myeongil,1174010100,382,117,49,548
2024-12-22,myeongil,1174010100,375,114,47,536
2024-12-23,myeongil,1174010100,364,110,46,520
2024-12-24,myeongil,1174010100,371,111,44,526
2024-12-25,myeongil,1174010100,380,113,46,539
2024-12-26,myeongil,1174010100,363,108,45,516
2024-12-27,myeongil,1174010100,382,110,44,536
2024-12-28,myeongil,1174010100,385,108,42,535
2024-12-29,myeongil,1174010100,378,105,43,526
2024-12-30,myeongil,1174010100,374,104,42,520
2024-12-31,myeongil,1174010100,388,108,46,542
2025-01-01,myeongil,1174010100,395,110,47,552
2025-01-02,myeongil,1174010100,387,110,46,543
2025-01-03,myeongil,1174010100,391,111,48,550
2025-01-04,myeongil,1174010100,396,109,51,556
2025-01-05,myeongil,1174010100,396,104,47,547
2025-01-06,myeongil,1174010100,396,103,47,546
2025-01-07,myeongil,1174010100,391,103,49,543
2025-01-08,myeongil,1174010100,405,101,45,551
2025-01-09,myeongil,1174010100,404,104,45,553
2025-01-10,myeongil,1174010100,390,104,44,538
2025-01-11,myeongil,1174010100,393,109,47,549
2025-01-12,myeongil,1174010100,399,107,47,553
2025-01-13,myeongil,1174010100,394,106,47,547
2025-01-14,myeongil,1174010100,405,109,47,561
2025-01-15,myeongil,1174010100,406,110,48,564
2025-01-16,myeongil,1174010100,410,109,49,568
2025-01-17,myeongil,1174010100,404,105,48,557
2025-01-18,myeongil,1174010100,400,109,51,560
2025-01-19,myeongil,1174010100,396,104,49,549
2025-01-20,myeongil,1174010100,393,103,49,545
2025-01-21,myeongil,1174010100,400,106,51,557
2025-01-22,myeongil,1174010100,409,108,52,569
2025-01-23,myeongil,1174010100,402,107,51,560
2025-01-24,myeongil,1174010100,405,105,49,559
2025-01-25,myeongil,1174010100,416,106,50,572
2025-01-26,myeongil,1174010100,405,101,49,555
2025-01-27,myeongil,1174010100,396,100,49,545
2025-01-28,myeongil,1174010100,393,100,48,541
2025-01-29,myeongil,1174010100,394,100,48,542
2025-01-30,myeongil,1174010100,387,99,48,534
2025-01-31,myeongil,1174010100,382,98,48,528
2025-02-01,myeongil,1174010100,392,100,51,543
2025-02-02,myeongil,1174010100,378,91,47,516
2025-02-03,myeongil,1174010100,373,87,46,506
2025-02-04,myeongil,1174010100,381,87,50,518
2025-02-05,myeongil,1174010100,388,88,51,527
2025-02-06,myeongil,1174010100,402,101,55,558
2025-02-07,myeongil,1174010100,405,99,60,564
2025-02-08,myeongil,1174010100,408,95,60,563
2025-02-09,myeongil,1174010100,405,91,57,553
2025-02-10,myeongil,1174010100,397,87,58,542
2025-02-11,myeongil,1174010100,401,91,58,550
2025-02-12,myeongil,1174010100,412,91,57,560
2025-02-13,myeongil,1174010100,407,88,53,548
2025-02-14,myeongil,1174010100,411,84,54,549
2025-02-15,myeongil,1174010100,405,86,51,542
2025-02-16,myeongil,1174010100,401,85,52,538
2025-02-17,myeongil,1174010100,398,83,51,532
2025-02-18,myeongil,1174010100,400,82,53,535
2025-02-19,myeongil,1174010100,405,82,53,540
2025-02-20,myeongil,1174010100,392,82,54,528
2025-02-21,myeongil,1174010100,390,79,54,523
2025-02-22,myeongil,1174010100,389,80,54,523
2025-02-23,myeongil,1174010100,386,79,53,518
2025-02-24,myeongil,1174010100,375,79,51,505
2025-02-25,myeongil,1174010100,380,81,46,507
2025-02-26,myeongil,1174010100,389,86,44,519
2025-02-27,myeongil,1174010100,397,84,46,527
2025-02-28,myeongil,1174010100,392,85,48,525
2025-03-01,myeongil,1174010100,386,79,45,510
2025-03-02,myeongil,1174010100,381,77,43,501
2025-03-03,myeongil,1174010100,371,77,42,490
2025-03-04,myeongil,1174010100,369,77,42,488
2025-03-05,myeongil,1174010100,379,81,43,503
2025-03-06,myeongil,1174010100,372,80,40,492
2025-03-07,myeongil,1174010100,357,78,42,477
2025-03-08,myeongil,1174010100,357,80,43,480
2025-03-09,myeongil,1174010100,361,78,41,480
2025-03-10,myeongil,1174010100,350,74,40,464
2025-03-11,myeongil,1174010100,355,72,40,467
2025-03-12,myeongil,1174010100,366,70,40,476
2025-03-13,myeongil,1174010100,364,66,36,466
2025-03-14,myeongil,1174010100,369,70,39,478
2025-03-15,myeongil,1174010100,369,66,41,476
2025-03-16,myeongil,1174010100,368,62,36,466
2025-03-17,myeongil,1174010100,366,62,36,464
2025-03-18,myeongil,1174010100,367,57,34,458
2025-03-19,myeongil,1174010100,373,59,35,467
2025-03-20,myeongil,1174010100,371,60,33,464
2025-03-21,myeongil,1174010100,367,59,33,459
2025-03-24,myeongil,1174010100,368,65,36,469
2025-03-25,myeongil,1174010100,366,67,39,472
2025-03-26,myeongil,1174010100,376,71,39,486
2025-03-27,myeongil,1174010100,371,75,39,485
2025-03-28,myeongil,1174010100,376,77,41,494
2025-03-29,myeongil,1174010100,371,75,39,485
2025-03-30,myeongil,1174010100,377,74,38,489
2025-03-31,myeongil,1174010100,374,74,38,486
2025-04-01,myeongil,1174010100,370,77,40,487
2025-04-02,myeongil,1174010100,375,78,38,491
2025-04-03,myeongil,1174010100,379,72,38,489
2025-04-04,myeongil,1174010100,379,69,40,488
2025-04-05,myeongil,1174010100,376,68,42,486
2025-04-06,myeongil,1174010100,373,67,45,485
2025-04-07,myeongil,1174010100,362,66,44,472
2025-04-08,myeongil,1174010100,361,66,46,473
2025-04-09,myeongil,1174010100,376,66,50,492
2025-04-10,myeongil,1174010100,364,61,54,479
2025-04-11,myeongil,1174010100,367,66,52,485
2025-04-12,myeongil,1174010100,369,63,49,481
2025-04-13,myeongil,1174010100,366,65,48,479
2025-04-14,myeongil,1174010100,359,65,48,472
2025-04-15,myeongil,1174010100,362,67,49,478
2025-04-16,myeongil,1174010100,369,65,51,485
2025-04-17,myeongil,1174010100,364,61,45,470
2025-04-18,myeongil,1174010100,358,57,48,463
2025-04-19,myeongil,1174010100,361,60,46,467
2025-04-20,myeongil,1174010100,362,59,46,467
2025-04-21,myeongil,1174010100,359,57,45,461
2025-04-22,myeongil,1174010100,358,55,45,458
2025-04-23,myeongil,1174010100,350,54,45,449
2025-04-24,myeongil,1174010100,347,55,42,444
2025-04-25,myeongil,1174010100,346,49,45,440
2025-04-26,myeongil,1174010100,339,47,45,431
2025-04-27,myeongil,1174010100,338,50,45,433
2025-04-28,myeongil,1174010100,335,49,45,429
2025-04-29,myeongil,1174010100,338,51,45,434
2025-04-30,myeongil,1174010100,341,51,47,439
2025-05-01,myeongil,1174010100,347,47,45,439
2025-05-02,myeongil,1174010100,343,42,43,428
2025-05-03,myeongil,1174010100,355,46,49,450
2025-05-04,myeongil,1174010100,357,46,49,452
2025-05-05,myeongil,1174010100,354,45,48,447
2025-05-06,myeongil,1174010100,349,44,48,441
2025-05-07,myeongil,1174010100,347,42,44,433
2025-05-08,myeongil,1174010100,358,44,46,448
2025-05-09,myeongil,1174010100,358,40,46,444
2025-05-10,myeongil,1174010100,366,38,45,449
2025-05-11,myeongil,1174010100,365,40,43,448
2025-05-12,myeongil,1174010100,359,40,42,441
2025-05-13,myeongil,1174010100,364,35,44,443
2025-05-14,myeongil,1174010100,361,35,46,442
2025-05-15,myeongil,1174010100,357,35,49,441
2025-05-16,myeongil,1174010100,352,36,48,436
2025-05-17,myeongil,1174010100,350,38,49,437
2025-05-18,myeongil,1174010100,349,41,47,437
2025-05-19,myeongil,1174010100,341,37,47,425
2025-05-20,myeongil,1174010100,343,39,46,428
2025-05-21,myeongil,1174010100,348,43,48,439
2025-05-22,myeongil,1174010100,357,42,48,447
2025-05-23,myeongil,1174010100,358,43,49,450
2025-05-24,myeongil,1174010100,351,43,45,439
2025-05-25,myeongil,1174010100,343,44,44,431
2025-05-26,myeongil,1174010100,340,44,44,428
2025-05-27,myeongil,1174010100,321,46,42,409
2025-05-28,myeongil,1174010100,322,48,43,413
2025-05-29,myeongil,1174010100,315,48,42,405
2025-05-30,myeongil,1174010100,312,45,43,400
2025-05-31,myeongil,1174010100,306,43,42,391
2025-06-01,myeongil,1174010100,301,44,41,386
2025-06-02,myeongil,1174010100,293,41,39,373
2025-06-03,myeongil,1174010100,289,41,40,370
2025-06-04,myeongil,1174010100,268,42,38,348
2025-06-05,myeongil,1174010100,263,43,41,347
2025-06-06,myeongil,1174010100,264,44,40,348
2025-06-07,myeongil,1174010100,252,37,38,327
2025-06-08,myeongil,1174010100,255,37,40,332
2025-06-09,myeongil,1174010100,251,37,40,328
2025-06-10,myeongil,1174010100,238,37,40,315
2025-06-11,myeongil,1174010100,249,39,38,326
2025-06-12,myeongil,1174010100,252,37,36,325
2025-06-13,myeongil,1174010100,262,43,37,342
2025-06-14,myeongil,1174010100,253,36,38,327
2025-06-15,myeongil,1174010100,253,32,39,324
2025-06-16,myeongil,1174010100,246,32,39,317
2025-06-17,myeongil,1174010100,247,30,37,314
2025-06-18,myeongil,1174010100,244,41,37,322
2025-06-19,myeongil,1174010100,250,47,38,335
2025-06-20,myeongil,1174010100,258,36,39,333
2025-06-21,myeongil,1174010100,259,38,40,337
2025-06-22,myeongil,1174010100,259,36,39,334
2025-06-23,myeongil,1174010100,254,36,38,328
2025-06-24,myeongil,1174010100,260,40,37,337
2025-06-25,myeongil,1174010100,257,42,37,336
2025-06-26,myeongil,1174010100,252,44,36,332
2025-06-27,myeongil,1174010100,246,44,37,327
2025-06-28,myeongil,1174010100,248,46,37,331
2025-06-29,myeongil,1174010100,248,45,40,333
2025-06-30,myeongil,1174010100,247,45,40,332
2025-07-01,myeongil,1174010100,246,46,35,327
2025-07-02,myeongil,1174010100,249,48,37,334
2025-07-03,myeongil,1174010100,246,48,38,332
2025-07-04,myeongil,1174010100,251,48,39,338
2025-07-05,myeongil,1174010100,260,46,39,345
2025-07-06,myeongil,1174010100,259,44,39,342
2025-07-07,myeongil,1174010100,257,44,39,340
2025-07-08,myeongil,1174010100,250,45,40,335
2025-07-09,myeongil,1174010100,276,47,37,360
2025-07-10,myeongil,1174010100,277,46,35,358
2025-07-11,myeongil,1174010100,282,52,38,372
2025-07-12,myeongil,1174010100,278,50,39,367
2025-07-13,myeongil,1174010100,277,52,39,368
2025-07-14,myeongil,1174010100,275,52,38,365
2025-07-15,myeongil,1174010100,278,51,40,369
2025-07-16,myeongil,1174010100,283,52,40,375
2025-07-17,myeongil,1174010100,291,51,42,384
2025-07-18,myeongil,1174010100,295,49,40,384
2025-07-19,myeongil,1174010100,291,47,38,376
2025-07-20,myeongil,1174010100,290,47,41,378
2025-07-21,myeongil,1174010100,283,45,41,369
2025-07-22,myeongil,1174010100,282,46,43,371
2025-07-23,myeongil,1174010100,291,47,42,380
2025-07-24,myeongil,1174010100,292,46,41,379
2025-07-25,myeongil,1174010100,291,48,40,379
2025-07-26,myeongil,1174010100,295,46,39,380
2025-07-27,myeongil,1174010100,296,45,37,378
2025-07-28,myeongil,1174010100,291,44,37,372
2025-07-29,myeongil,1174010100,295,43,39,377
2025-07-30,myeongil,1174010100,302,44,41,387
2025-07-31,myeongil,1174010100,309,43,40,392
2025-08-01,myeongil,1174010100,308,44,39,391
2025-08-02,myeongil,1174010100,310,44,39,393
2025-08-03,myeongil,1174010100,309,42,39,390
2025-08-04,myeongil,1174010100,302,42,39,383
2025-08-05,myeongil,1174010100,299,42,39,380
2025-08-06,myeongil,1174010100,305,42,41,388
2025-08-15,myeongil,1174010100,311,47,38,396
2025-08-16,myeongil,1174010100,305,44,39,388
2025-08-17,myeongil,1174010100,305,43,38,386
2025-08-18,myeongil,1174010100,305,43,37,385
2025-08-19,myeongil,1174010100,302,44,39,385
2025-08-20,myeongil,1174010100,306,42,40,388
2025-08-21,myeongil,1174010100,312,39,43,394
2025-08-22,myeongil,1174010100,303,34,44,381
2025-08-23,myeongil,1174010100,310,34,44,388
2025-08-24,myeongil,1174010100,307,36,42,385
2025-08-27,myeongil,1174010100,301,37,36,374
2025-08-28,myeongil,1174010100,305,34,37,376
2025-08-29,myeongil,1174010100,302,35,37,374
2025-08-30,myeongil,1174010100,294,35,34,363
2025-08-31,myeongil,1174010100,304,34,35,373
2025-09-01,myeongil,1174010100,302,33,34,369
2025-09-02,myeongil,1174010100,301,33,34,368
2025-09-03,myeongil,1174010100,312,30,35,377
2025-09-04,myeongil,1174010100,307,27,35,369
2025-09-05,myeongil,1174010100,306,27,37,370
2025-09-06,myeongil,1174010100,311,29,38,378
2025-09-09,myeongil,1174010100,314,26,33,373
2025-09-10,myeongil,1174010100,311,29,32,372
2025-09-11,myeongil,1174010100,311,33,38,382
2025-09-12,myeongil,1174010100,310,38,40,388
2025-09-15,myeongil,1174010100,307,38,35,380
2025-09-16,myeongil,1174010100,298,40,37,375
2025-09-17,myeongil,1174010100,302,41,37,380
2025-09-18,myeongil,1174010100,297,40,36,373
2025-09-19,myeongil,1174010100,300,41,36,377
2025-09-20,myeongil,1174010100,293,44,38,375
2025-09-21,myeongil,1174010100,283,46,38,367
2025-09-22,myeongil,1174010100,270,45,38,353
2025-09-23,myeongil,1174010100,268,41,39,348
2025-09-24,myeongil,1174010100,267,43,33,343
2025-09-25,myeongil,1174010100,263,47,34,344
2025-09-26,myeongil,1174010100,249,48,33,330
2025-09-27,myeongil,1174010100,242,49,31,322
2025-09-28,myeongil,1174010100,235,48,33,316
2025-09-29,myeongil,1174010100,231,48,33,312
2025-09-30,myeongil,1174010100,227,48,32,307
2025-10-01,myeongil,1174010100,225,48,31,304
2025-10-02,myeongil,1174010100,220,50,32,302
2025-10-03,myeongil,1174010100,217,49,30,296
2025-10-04,myeongil,1174010100,210,49,30,289
2025-10-07,myeongil,1174010100,214,45,32,291
2025-10-08,myeongil,1174010100,214,45,32,291
2025-10-09,myeongil,1174010100,207,46,32,285
2025-10-10,myeongil,1174010100,205,46,32,283
2025-10-11,myeongil,1174010100,199,47,33,279
2025-10-12,myeongil,1174010100,191,47,37,275
2025-10-13,myeongil,1174010100,189,45,36,270
2025-10-14,myeongil,1174010100,188,48,39,275
2025-10-15,myeongil,1174010100,186,53,42,281
2025-10-16,myeongil,1174010100,182,52,43,277
2025-10-17,myeongil,1174010100,186,57,46,289
2025-10-18,myeongil,1174010100,196,60,45,301
2025-10-19,myeongil,1174010100,195,58,44,297
2025-10-21,myeongil,1174010100,193,57,40,290
2025-10-22,myeongil,1174010100,179,54,33,266
2025-10-23,myeongil,1174010100,174,52,29,255
2025-10-24,myeongil,1174010100,164,53,28,245
2025-10-25,myeongil,1174010100,162,53,27,242
2025-10-26,myeongil,1174010100,164,50,28,242
2025-10-27,myeongil,1174010100,160,50,28,238
2025-10-28,myeongil,1174010100,153,51,31,235
2025-10-29,myeongil,1174010100,168,52,34,254
2025-10-30,myeongil,1174010100,165,53,35,253
2025-11-01,myeongil,1174010100,166,51,35,252
2025-11-02,myeongil,1174010100,164,55,34,253
2025-11-03,myeongil,1174010100,162,55,34,251
2025-11-04,myeongil,1174010100,159,55,35,249
2025-11-06,myeongil,1174010100,158,55,39,252
2025-11-07,myeongil,1174010100,161,54,42,257
2025-11-08,myeongil,1174010100,165,55,40,260
2025-11-09,myeongil,1174010100,166,54,38,258
2025-11-10,myeongil,1174010100,162,53,37,252
2025-11-11,myeongil,1174010100,160,50,40,250
2025-11-12,myeongil,1174010100,161,49,39,249
2025-11-13,myeongil,1174010100,161,45,38,244
2025-11-14,myeongil,1174010100,161,43,42,246
2025-11-15,myeongil,1174010100,160,43,41,244
2025-11-18,myeongil,1174010100,154,47,36,237
2025-11-19,myeongil,1174010100,154,48,36,238
2025-11-20,myeongil,1174010100,155,49,37,241
2025-11-21,myeongil,1174010100,154,50,39,243
2025-11-22,myeongil,1174010100,158,47,38,243
2025-11-23,myeongil,1174010100,161,49,39,249
2025-11-24,myeongil,1174010100,158,48,38,244
2025-11-25,myeongil,1174010100,154,47,41,242
2025-11-26,myeongil,1174010100,157,46,38,241
2025-11-27,myeongil,1174010100,159,49,41,249
2025-11-28,myeongil,1174010100,154,48,45,247
2025-11-29,myeongil,1174010100,156,47,45,248
2025-11-30,myeongil,1174010100,152,47,44,243
2025-12-01,myeongil,1174010100,151,47,44,242
2025-12-02,myeongil,1174010100,152,46,44,242
2025-12-03,myeongil,1174010100,153,47,49,249
2025-12-04,myeongil,1174010100,150,48,50,248
2025-12-05,myeongil,1174010100,150,46,46,242
2025-12-06,myeongil,1174010100,155,47,50,252
2025-12-07,myeongil,1174010100,154,45,50,249
2025-12-08,myeongil,1174010100,151,44,50,245
2025-12-09,myeongil,1174010100,158,46,49,253
2025-12-10,myeongil,1174010100,161,46,50,257
2025-12-11,myeongil,1174010100,162,51,51,264
2025-12-12,myeongil,1174010100,161,53,52,266
2025-12-13,myeongil,1174010100,163,50,50,263
2025-12-14,myeongil,1174010100,164,50,48,262
2025-12-15,myeongil,1174010100,164,50,48,262
2025-12-16,myeongil,1174010100,162,48,49,259
2025-12-17,myeongil,1174010100,165,52,51,268
2025-12-18,myeongil,1174010100,163,48,49,260
2025-12-19,myeongil,1174010100,157,51,52,260
2025-12-20,myeongil,1174010100,163,54,54,271
2025-12-21,myeongil,1174010100,158,53,52,263
2025-12-22,myeongil,1174010100,157,53,52,262
2025-12-23,myeongil,1174010100,156,49,49,254
2025-12-24,myeongil,1174010100,160,48,52,260
2025-12-26,myeongil,1174010100,162,48,48,258
2025-12-27,myeongil,1174010100,155,48,47,250
2025-12-28,myeongil,1174010100,157,43,47,247
2025-12-29,myeongil,1174010100,156,43,46,245
2025-12-30,myeongil,1174010100,149,46,47,242
2025-12-31,myeongil,1174010100,147,46,47,240
2026-01-01,myeongil,1174010100,146,44,44,234
2026-01-02,myeongil,1174010100,139,44,42,225
2026-01-03,myeongil,1174010100,144,43,42,229
2026-01-04,myeongil,1174010100,145,43,41,229
2026-01-05,myeongil,1174010100,142,43,40,225
2026-01-06,myeongil,1174010100,139,41,42,222
2026-01-07,myeongil,1174010100,147,39,43,229
2026-01-08,myeongil,1174010100,144,36,44,224
2026-01-09,myeongil,1174010100,147,37,45,229
2026-01-10,myeongil,1174010100,148,36,45,229
2026-01-12,myeongil,1174010100,146,29,45,220
2026-01-13,myeongil,1174010100,151,30,46,227
2026-01-14,myeongil,1174010100,151,31,48,230
2026-01-15,myeongil,1174010100,153,34,48,235
2026-01-16,myeongil,1174010100,156,31,45,232
2026-01-17,myeongil,1174010100,163,32,46,241
2026-01-18,myeongil,1174010100,162,34,42,238
2026-01-19,myeongil,1174010100,157,34,42,233
2026-01-20,myeongil,1174010100,157,35,43,235
2026-01-21,myeongil,1174010100,158,34,43,235
2026-01-22,myeongil,1174010100,164,34,41,239
2026-01-23,myeongil,1174010100,165,37,40,242
2026-01-24,myeongil,1174010100,171,33,40,244
2026-01-25,myeongil,1174010100,175,26,32,233
2026-01-26,myeongil,1174010100,173,25,31,229
2026-01-27,myeongil,1174010100,175,24,33,232
2026-01-28,myeongil,1174010100,179,26,32,237
2026-01-29,myeongil,1174010100,185,29,33,247
2026-01-30,myeongil,1174010100,188,27,29,244
2026-01-31,myeongil,1174010100,191,27,29,247
2026-02-02,myeongil,1174010100,195,22,25,242
2026-02-03,myeongil,1174010100,197,22,25,244
2026-02-04,myeongil,1174010100,200,25,26,251
2026-02-05,myeongil,1174010100,205,26,22,253
2026-02-06,myeongil,1174010100,207,26,26,259
2026-02-07,myeongil,1174010100,209,26,25,260
2026-02-09,myeongil,1174010100,209,24,27,260
2026-02-10,myeongil,1174010100,209,19,25,253
2026-02-11,myeongil,1174010100,221,21,26,268
2026-02-12,myeongil,1174010100,230,22,26,278
2026-02-13,myeongil,1174010100,246,20,23,289
2026-02-14,myeongil,1174010100,252,20,22,294
2026-02-15,myeongil,1174010100,251,20,22,293
2026-02-16,myeongil,1174010100,248,19,22,289
2026-02-17,myeongil,1174010100,247,19,22,288
2026-02-18,myeongil,1174010100,247,19,22,288
2026-02-19,myeongil,1174010100,245,18,22,285
2026-02-20,myeongil,1174010100,258,22,23,303
2026-02-21,myeongil,1174010100,272,22,27,321
2026-02-22,myeongil,1174010100,280,21,23,324
2026-02-23,myeongil,1174010100,277,21,23,321
2026-02-24,myeongil,1174010100,279,20,26,325
2026-02-25,myeongil,1174010100,290,22,25,337
2026-02-26,myeongil,1174010100,289,23,25,337
2026-02-27,myeongil,1174010100,293,24,25,342
2026-02-28,myeongil,1174010100,289,24,26,339
2026-03-02,myeongil,1174010100,291,21,26,338
2026-03-03,myeongil,1174010100,290,20,26,336
2026-03-04,myeongil,1174010100,297,20,26,343
2026-03-05,myeongil,1174010100,305,22,28,355
2026-03-06,myeongil,1174010100,313,24,32,369
2026-03-07,myeongil,1174010100,316,24,35,375
2026-03-08,myeongil,1174010100,312,24,33,369
2026-03-09,myeongil,1174010100,307,24,33,364
2026-03-10,myeongil,1174010100,308,27,36,371
2026-03-11,myeongil,1174010100,310,28,37,375
2026-03-12,myeongil,1174010100,307,28,32,367
2026-03-13,myeongil,1174010100,303,29,33,365
2026-03-14,myeongil,1174010100,300,27,32,359
2026-03-15,myeongil,1174010100,306,26,31,363
2026-03-16,myeongil,1174010100,301,26,30,357
2026-03-17,myeongil,1174010100,308,27,31,366
2026-03-18,myeongil,1174010100,313,26,28,367
2026-03-19,myeongil,1174010100,323,26,27,376
2026-03-20,myeongil,1174010100,323,22,26,371
2026-03-21,myeongil,1174010100,316,21,26,363
2026-03-23,myeongil,1174010100,303,20,24,347
2026-03-24,myeongil,1174010100,308,18,22,348
2026-03-25,myeongil,1174010100,302,21,23,346
2026-03-26,myeongil,1174010100,311,19,22,352
2026-03-27,myeongil,1174010100,315,21,22,358
2026-03-28,myeongil,1174010100,317,17,20,354
2026-03-29,myeongil,1174010100,314,16,21,351
2026-03-30,myeongil,1174010100,312,16,20,348
2026-03-31,myeongil,1174010100,324,19,20,363
2026-04-01,myeongil,1174010100,323,19,20,362
2026-04-02,myeongil,1174010100,326,19,20,365
2026-04-03,myeongil,1174010100,330,19,23,372
2026-04-04,myeongil,1174010100,332,19,22,373
2026-04-05,myeongil,1174010100,330,22,21,373
2026-04-06,myeongil,1174010100,327,22,21,370
2026-04-07,myeongil,1174010100,322,22,21,365
2026-04-08,myeongil,1174010100,329,17,22,368
2026-04-09,myeongil,1174010100,319,14,23,356
2026-04-10,myeongil,1174010100,318,14,27,359
2026-04-11,myeongil,1174010100,321,15,26,362
2026-04-12,myeongil,1174010100,324,16,28,368
2026-04-13,myeongil,1174010100,319,16,27,362
2026-04-14,myeongil,1174010100,319,11,27,357
2026-04-15,myeongil,1174010100,321,9,23,353
2026-04-16,myeongil,1174010100,320,9,19,348
2026-04-17,myeongil,1174010100,317,8,20,345
2026-04-18,myeongil,1174010100,315,8,18,341
2026-04-19,myeongil,1174010100,318,10,17,345
2026-04-20,myeongil,1174010100,318,10,16,344
2026-04-21,myeongil,1174010100,316,9,16,341
2026-04-22,myeongil,1174010100,317,9,11,337
2026-04-23,myeongil,1174010100,314,11,10,335
2026-04-24,myeongil,1174010100,323,11,10,344
2026-04-25,myeongil,1174010100,313,11,10,334
2026-04-26,myeongil,1174010100,307,10,12,329
2026-04-27,myeongil,1174010100,301,11,12,324
2026-04-28,myeongil,1174010100,307,9,14,330
2026-04-29,myeongil,1174010100,312,11,15,338
2026-04-30,myeongil,1174010100,309,12,17,338
2026-05-01,myeongil,1174010100,312,10,14,336
2026-05-02,myeongil,1174010100,308,10,14,332
2026-05-04,myeongil,1174010100,308,11,13,332
2026-05-05,myeongil,1174010100,305,10,12,327
2026-05-06,myeongil,1174010100,299,10,11,320
2026-05-07,myeongil,1174010100,299,11,12,322
2026-05-08,myeongil,1174010100,286,13,13,312
2026-05-09,myeongil,1174010100,288,12,14,314
2026-05-10,myeongil,1174010100,273,10,12,295
2026-05-11,myeongil,1174010100,271,10,12,293
2026-05-12,myeongil,1174010100,266,10,14,290
2026-05-13,myeongil,1174010100,270,11,12,293
2026-05-14,myeongil,1174010100,272,13,9,294
2026-05-15,myeongil,1174010100,276,13,9,298
2026-05-16,myeongil,1174010100,277,10,11,298
2026-05-17,myeongil,1174010100,277,11,10,298
2026-05-18,myeongil,1174010100,275,11,10,296
2026-05-19,myeongil,1174010100,274,12,10,296
2026-05-20,myeongil,1174010100,278,13,10,301
2026-05-21,myeongil,1174010100,280,13,12,305
2026-05-22,myeongil,1174010100,281,13,14,308
2026-05-23,myeongil,1174010100,284,15,13,312
2026-05-24,myeongil,1174010100,289,16,13,318
2026-05-25,myeongil,1174010100,282,16,13,311
2026-05-26,myeongil,1174010100,286,14,14,314
2026-05-27,myeongil,1174010100,292,14,13,319
2026-05-28,myeongil,1174010100,287,13,13,313
2026-05-29,myeongil,1174010100,281,12,14,307
2026-05-30,myeongil,1174010100,286,12,12,310
2026-05-31,myeongil,1174010100,284,12,15,311
2026-06-01,myeongil,1174010100,283,12,15,310
2026-06-02,myeongil,1174010100,276,11,15,302
2026-06-03,myeongil,1174010100,283,13,16,312
2026-06-04,myeongil,1174010100,284,11,14,309
2026-06-05,myeongil,1174010100,284,15,16,315
2026-06-06,myeongil,1174010100,276,15,17,308
2026-06-07,myeongil,1174010100,274,11,16,301
2026-06-08,myeongil,1174010100,271,11,16,298
2026-06-09,myeongil,1174010100,284,13,15,312
2026-06-10,myeongil,1174010100,293,11,19,323
2026-06-11,myeongil,1174010100,293,10,18,321
2026-06-12,myeongil,1174010100,295,12,17,324
2026-06-13,myeongil,1174010100,286,12,16,314
2026-06-14,myeongil,1174010100,286,17,15,318
2026-06-15,myeongil,1174010100,285,17,14,316
2026-06-16,myeongil,1174010100,282,17,14,313
2026-06-17,myeongil,1174010100,289,18,15,322
2026-06-18,myeongil,1174010100,294,20,16,330
2026-06-20,myeongil,1174010100,285,23,15,323
2026-06-21,myeongil,1174010100,282,20,12,314
2026-06-22,myeongil,1174010100,278,20,11,309
2026-06-23,myeongil,1174010100,280,19,16,315
2026-06-24,myeongil,1174010100,279,18,17,314
2026-06-25,myeongil,1174010100,279,22,16,317
2026-06-26,myeongil,1174010100,274,25,16,315
2026-06-27,myeongil,1174010100,282,24,16,322
2026-06-28,myeongil,1174010100,278,23,18,319
2026-06-29,myeongil,1174010100,277,23,18,318
2026-06-30,myeongil,1174010100,276,21,16,313
2026-07-01,myeongil,1174010100,274,20,14,308
2026-07-02,myeongil,1174010100,281,24,14,319
2026-07-03,myeongil,1174010100,275,22,14,311
2026-07-04,myeongil,1174010100,272,24,17,313
2026-07-05,myeongil,1174010100,272,24,16,312
2026-07-06,myeongil,1174010100,271,24,16,311
2026-07-07,myeongil,1174010100,272,25,17,314
2026-07-08,myeongil,1174010100,275,28,20,323
2026-07-09,myeongil,1174010100,273,25,13,311
2026-07-10,myeongil,1174010100,268,25,17,310
2026-07-11,myeongil,1174010100,274,31,16,321
2026-07-12,myeongil,1174010100,271,28,14,313
2026-07-13,myeongil,1174010100,266,28,14,308
2026-07-14,myeongil,1174010100,270,24,16,310
2026-07-17,myeongil,1174010100,283,26,22,331
2026-07-18,myeongil,1174010100,277,27,23,327
2026-07-19,myeongil,1174010100,280,27,25,332
2026-07-20,myeongil,1174010100,280,27,25,332
2026-07-21,myeongil,1174010100,280,27,25,332
2026-07-23,myeongil,1174010100,281,31,31,343
2026-07-24,myeongil,1174010100,282,29,31,342
2026-07-25,myeongil,1174010100,289,28,29,346
2026-07-26,myeongil,1174010100,293,30,32,355
2026-07-27,myeongil,1174010100,284,30,32,346
2026-07-28,myeongil,1174010100,285,31,35,351
2026-07-29,myeongil,1174010100,292,33,33,358
2026-07-30,myeongil,1174010100,298,34,34,366
2026-07-31,myeongil,1174010100,299,34,36,369
2026-08-01,myeongil,1174010100,300,33,34,367
2026-08-02,myeongil,1174010100,303,35,35,373
2026-08-03,myeongil,1174010100,302,35,35,372
2026-08-04,myeongil,1174010100,294,36,34,364
2026-08-05,myeongil,1174010100,294,36,35,365
2026-08-06,myeongil,1174010100,295,37,35,367
2026-08-07,myeongil,1174010100,307,38,38,383
2026-08-08,myeongil,1174010100,304,38,39,381
2026-08-09,myeongil,1174010100,311,38,40,389
2026-08-10,myeongil,1174010100,305,37,40,382
2026-08-11,myeongil,1174010100,310,35,39,384
2026-08-12,myeongil,1174010100,326,37,42,405
2026-08-14,myeongil,1174010100,327,39,39,405
2026-08-15,myeongil,1174010100,326,38,38,402
2026-08-16,myeongil,1174010100,328,36,35,399
2026-08-17,myeongil,1174010100,322,36,34,392
2026-08-18,myeongil,1174010100,319,35,34,388
2026-08-19,myeongil,1174010100,331,35,35,401
2026-08-20,myeongil,1174010100,336,34,36,406
2026-08-21,myeongil,1174010100,342,35,36,413
2026-08-22,myeongil,1174010100,346,34,38,418
2026-08-23,myeongil,1174010100,341,33,38,412
2026-08-25,myeongil,1174010100,338,32,38,408
2026-08-26,myeongil,1174010100,341,33,37,411
2026-08-27,myeongil,1174010100,342,33,37,412
2026-08-28,myeongil,1174010100,343,30,37,410
2026-08-29,myeongil,1174010100,338,31,40,409
2026-08-30,myeongil,1174010100,341,31,45,417
2026-08-31,myeongil,1174010100,341,30,44,415
2026-09-01,myeongil,1174010100,336,27,43,406
2026-09-03,myeongil,1174010100,345,29,43,417
2026-09-04,myeongil,1174010100,348,31,41,420
2026-09-05,myeongil,1174010100,347,33,43,423
2026-09-06,myeongil,1174010100,342,32,43,417
2026-09-07,myeongil,1174010100,341,31,43,415
2026-09-09,myeongil,1174010100,348,33,45,426
2026-09-11,myeongil,1174010100,346,38,46,430
2026-09-12,myeongil,1174010100,342,34,47,423
2026-09-13,myeongil,1174010100,342,33,44,419
2026-09-14,myeongil,1174010100,339,33,44,416
2026-09-15,myeongil,1174010100,341,37,47,425
2026-09-16,myeongil,1174010100,350,37,49,436
2026-09-17,myeongil,1174010100,357,41,48,446
2026-09-18,myeongil,1174010100,359,44,51,454
2026-09-19,myeongil,1174010100,360,47,49,456
2026-09-21,myeongil,1174010100,358,44,46,448
2026-09-22,myeongil,1174010100,360,43,45,448
2026-09-23,myeongil,1174010100,367,36,45,448
2026-09-24,myeongil,1174010100,365,36,43,444
2026-09-25,myeongil,1174010100,362,36,43,441
2026-09-27,myeongil,1174010100,354,36,42,432
2026-09-28,myeongil,1174010100,346,36,40,422
2026-09-29,myeongil,1174010100,353,39,39,431
2026-09-30,myeongil,1174010100,355,39,39,433
2026-10-01,myeongil,1174010100,363,44,42,449
2026-10-02,myeongil,1174010100,364,42,43,449
2026-10-03,myeongil,1174010100,367,43,44,454
2026-10-04,myeongil,1174010100,354,44,42,440
2026-10-05,myeongil,1174010100,355,44,42,441
2026-10-06,myeongil,1174010100,358,45,41,444
2026-10-07,myeongil,1174010100,375,50,50,475
2023-09-01,pungsan,4145011000,446,84,32,562
2023-09-02,pungsan,4145011000,448,82,31,561
2023-09-03,pungsan,4145011000,448,82,33,563
2023-09-04,pungsan,4145011000,445,82,34,561
2023-09-05,pungsan,4145011000,450,86,29,565
2023-09-06,pungsan,4145011000,455,87,28,570
2023-09-07,pungsan,4145011000,455,87,30,572
2023-09-08,pungsan,4145011000,451,88,31,570
2023-09-09,pungsan,4145011000,458,89,30,577
2023-09-10,pungsan,4145011000,452,86,30,568
2023-09-11,pungsan,4145011000,452,84,30,566
2023-09-12,pungsan,4145011000,458,89,31,578
2023-09-14,pungsan,4145011000,459,90,32,581
2023-09-15,pungsan,4145011000,460,88,31,579
2023-09-16,pungsan,4145011000,463,89,32,584
2023-09-17,pungsan,4145011000,464,91,32,587
2023-09-18,pungsan,4145011000,455,90,32,577
2023-09-19,pungsan,4145011000,466,93,34,593
2023-09-20,pungsan,4145011000,476,91,34,601
2023-09-21,pungsan,4145011000,474,91,34,599
2023-09-23,pungsan,4145011000,471,92,31,594
2023-09-24,pungsan,4145011000,475,91,31,597
2023-09-25,pungsan,4145011000,471,91,31,593
2023-09-26,pungsan,4145011000,473,92,34,599
2023-09-27,pungsan,4145011000,482,91,35,608
2023-09-28,pungsan,4145011000,482,91,36,609
2023-09-29,pungsan,4145011000,478,90,36,604
2023-09-30,pungsan,4145011000,473,90,36,599
2023-10-01,pungsan,4145011000,471,90,35,596
2023-10-02,pungsan,4145011000,466,90,35,591
2023-10-03,pungsan,4145011000,465,91,33,589
2023-10-04,pungsan,4145011000,464,90,32,586
2023-10-05,pungsan,4145011000,480,95,38,613
2023-10-06,pungsan,4145011000,478,96,40,614
2023-10-07,pungsan,4145011000,482,98,39,619
2023-10-08,pungsan,4145011000,486,97,41,624
2023-10-09,pungsan,4145011000,480,95,40,615
2023-10-10,pungsan,4145011000,487,94,38,619
2023-10-11,pungsan,4145011000,492,94,37,623
2023-10-12,pungsan,4145011000,493,94,41,628
2023-10-13,pungsan,4145011000,491,99,42,632
2023-10-14,pungsan,4145011000,495,100,42,637
2023-10-15,pungsan,4145011000,494,100,41,635
2023-10-16,pungsan,4145011000,487,101,41,629
2023-10-17,pungsan,4145011000,498,106,44,648
2023-10-18,pungsan,4145011000,503,108,42,653
2023-10-19,pungsan,4145011000,507,109,42,658
2023-10-20,pungsan,4145011000,510,114,43,667
2023-10-21,pungsan,4145011000,511,119,45,675
2023-10-22,pungsan,4145011000,508,119,44,671
2023-10-23,pungsan,4145011000,501,118,44,663
2023-10-24,pungsan,4145011000,506,118,44,668
2023-10-25,pungsan,4145011000,518,124,47,689
2023-10-26,pungsan,4145011000,519,118,49,686
2023-10-27,pungsan,4145011000,517,121,49,687
2023-10-28,pungsan,4145011000,516,120,51,687
2023-10-29,pungsan,4145011000,526,119,49,694
2023-10-30,pungsan,4145011000,526,119,49,694
2023-10-31,pungsan,4145011000,528,122,49,699
2023-11-01,pungsan,4145011000,538,118,53,709
2023-11-02,pungsan,4145011000,536,119,51,706
2023-11-03,pungsan,4145011000,544,120,53,717
2023-11-04,pungsan,4145011000,534,119,53,706
2023-11-05,pungsan,4145011000,534,118,55,707
2023-11-06,pungsan,4145011000,532,117,56,705
2023-11-07,pungsan,4145011000,544,114,55,713
2023-11-08,pungsan,4145011000,550,116,58,724
2023-11-09,pungsan,4145011000,544,118,58,720
2023-11-10,pungsan,4145011000,543,121,61,725
2023-11-11,pungsan,4145011000,539,121,60,720
2023-11-12,pungsan,4145011000,539,124,59,722
2023-11-13,pungsan,4145011000,525,123,58,706
2023-11-14,pungsan,4145011000,523,127,58,708
2023-11-15,pungsan,4145011000,528,125,55,708
2023-11-16,pungsan,4145011000,533,127,54,714
2023-11-17,pungsan,4145011000,535,130,55,720
2023-11-18,pungsan,4145011000,535,127,54,716
2023-11-19,pungsan,4145011000,532,133,54,719
2023-11-21,pungsan,4145011000,532,132,51,715
2023-11-22,pungsan,4145011000,538,128,49,715
2023-11-23,pungsan,4145011000,528,125,48,701
2023-11-24,pungsan,4145011000,527,126,46,699
2023-11-25,pungsan,4145011000,529,127,46,702
2023-11-26,pungsan,4145011000,532,124,43,699
2023-11-27,pungsan,4145011000,525,123,42,690
2023-11-28,pungsan,4145011000,530,124,42,696
2023-11-29,pungsan,4145011000,538,127,41,706
2023-11-30,pungsan,4145011000,540,128,37,705
2023-12-01,pungsan,4145011000,543,126,37,706
2023-12-02,pungsan,4145011000,544,129,38,711
2023-12-03,pungsan,4145011000,541,130,39,710
2023-12-04,pungsan,4145011000,536,129,38,703
2023-12-05,pungsan,4145011000,538,129,40,707
2023-12-06,pungsan,4145011000,546,127,42,715
2023-12-07,pungsan,4145011000,529,131,41,701
2023-12-08,pungsan,4145011000,530,130,40,700
2023-12-09,pungsan,4145011000,532,130,39,701
2023-12-10,pungsan,4145011000,534,131,40,705
2023-12-11,pungsan,4145011000,529,128,40,697
2023-12-12,pungsan,4145011000,548,127,42,717
2023-12-13,pungsan,4145011000,554,137,43,734
2023-12-14,pungsan,4145011000,550,139,41,730
2023-12-15,pungsan,4145011000,547,136,37,720
2023-12-16,pungsan,4145011000,547,134,38,719
2023-12-17,pungsan,4145011000,548,134,37,719
2023-12-18,pungsan,4145011000,542,133,37,712
2023-12-19,pungsan,4145011000,541,129,36,706
2023-12-20,pungsan,4145011000,552,129,36,717
2023-12-21,pungsan,4145011000,550,127,37,714
2023-12-22,pungsan,4145011000,544,128,37,709
2023-12-23,pungsan,4145011000,548,127,37,712
2023-12-25,pungsan,4145011000,530,124,35,689
2023-12-26,pungsan,4145011000,527,124,35,686
2023-12-27,pungsan,4145011000,543,128,35,706
2023-12-28,pungsan,4145011000,538,129,38,705
2023-12-29,pungsan,4145011000,545,135,40,720
2023-12-30,pungsan,4145011000,544,135,42,721
2023-12-31,pungsan,4145011000,550,134,41,725
2024-01-01,pungsan,4145011000,545,132,40,717
2024-01-02,pungsan,4145011000,543,130,41,714
2024-01-03,pungsan,4145011000,551,134,44,729
2024-01-04,pungsan,4145011000,547,138,48,733
2024-01-05,pungsan,4145011000,537,140,46,723
2024-01-06,pungsan,4145011000,540,141,46,727
2024-01-07,pungsan,4145011000,536,144,43,723
2024-01-08,pungsan,4145011000,531,141,43,715
2024-01-09,pungsan,4145011000,534,145,44,723
2024-01-10,pungsan,4145011000,543,146,44,733
2024-01-11,pungsan,4145011000,527,150,43,720
2024-01-12,pungsan,4145011000,527,144,42,713
2024-01-13,pungsan,4145011000,532,142,42,716
2024-01-14,pungsan,4145011000,526,145,42,713
2024-01-15,pungsan,4145011000,523,145,41,709
2024-01-16,pungsan,4145011000,521,141,42,704
2024-01-17,pungsan,4145011000,522,139,42,703
2024-01-18,pungsan,4145011000,517,141,44,702
2024-01-19,pungsan,4145011000,514,144,49,707
2024-01-20,pungsan,4145011000,519,149,50,718
2024-01-21,pungsan,4145011000,522,149,50,721
2024-01-22,pungsan,4145011000,515,148,48,711
2024-01-23,pungsan,4145011000,534,147,49,730
2024-01-24,pungsan,4145011000,536,145,48,729
2024-01-25,pungsan,4145011000,537,146,47,730
2024-01-26,pungsan,4145011000,528,147,48,723
2024-01-27,pungsan,4145011000,541,151,50,742
2024-01-28,pungsan,4145011000,546,146,49,741
2024-01-29,pungsan,4145011000,538,145,48,731
2024-01-30,pungsan,4145011000,548,157,47,752
2024-01-31,pungsan,4145011000,555,158,47,760
2024-02-01,pungsan,4145011000,568,157,46,771
2024-02-02,pungsan,4145011000,569,156,48,773
2024-02-03,pungsan,4145011000,581,158,49,788
2024-02-04,pungsan,4145011000,582,165,49,796
2024-02-05,pungsan,4145011000,576,163,49,788
2024-02-06,pungsan,4145011000,579,165,50,794
2024-02-07,pungsan,4145011000,575,166,53,794
2024-02-08,pungsan,4145011000,571,168,53,792
2024-02-09,pungsan,4145011000,561,165,50,776
2024-02-10,pungsan,4145011000,558,165,51,774
2024-02-12,pungsan,4145011000,550,161,52,763
2024-02-13,pungsan,4145011000,550,159,51,760
2024-02-14,pungsan,4145011000,562,160,54,776
2024-02-15,pungsan,4145011000,561,165,54,780
2024-02-16,pungsan,4145011000,562,166,52,780
2024-02-17,pungsan,4145011000,564,170,53,787
2024-02-18,pungsan,4145011000,567,166,52,785
2024-02-19,pungsan,4145011000,566,165,51,782
2024-02-20,pungsan,4145011000,563,166,52,781
2024-02-21,pungsan,4145011000,575,168,50,793
2024-02-22,pungsan,4145011000,568,168,51,787
2024-02-23,pungsan,4145011000,575,166,52,793
2024-02-24,pungsan,4145011000,576,165,50,791
2024-02-25,pungsan,4145011000,573,167,50,790
2024-02-26,pungsan,4145011000,563,167,48,778
2024-02-27,pungsan,4145011000,563,166,50,779
2024-02-28,pungsan,4145011000,572,168,47,787
2024-03-01,pungsan,4145011000,574,165,46,785
2024-03-02,pungsan,4145011000,568,163,47,778
2024-03-03,pungsan,4145011000,568,168,44,780
2024-03-04,pungsan,4145011000,556,166,42,764
2024-03-05,pungsan,4145011000,560,166,42,768
2024-03-06,pungsan,4145011000,562,171,43,776
2024-03-07,pungsan,4145011000,555,172,44,771
2024-03-08,pungsan,4145011000,554,172,43,769
2024-03-09,pungsan,4145011000,560,164,43,767
2024-03-10,pungsan,4145011000,555,161,42,758
2024-03-11,pungsan,4145011000,551,159,42,752
2024-03-12,pungsan,4145011000,565,160,45,770
2024-03-13,pungsan,4145011000,566,157,45,768
2024-03-14,pungsan,4145011000,569,154,47,770
2024-03-15,pungsan,4145011000,565,156,46,767
2024-03-16,pungsan,4145011000,570,156,45,771
2024-03-17,pungsan,4145011000,570,151,47,768
2024-03-18,pungsan,4145011000,564,146,49,759
2024-03-19,pungsan,4145011000,563,144,49,756
2024-03-20,pungsan,4145011000,572,145,50,767
2024-03-21,pungsan,4145011000,569,149,50,768
2024-03-22,pungsan,4145011000,564,152,50,766
2024-03-23,pungsan,4145011000,566,152,51,769
2024-03-24,pungsan,4145011000,561,153,52,766
2024-03-25,pungsan,4145011000,556,152,52,760
2024-03-26,pungsan,4145011000,561,148,52,761
2024-03-27,pungsan,4145011000,561,147,52,760
2024-03-28,pungsan,4145011000,548,147,54,749
2024-03-29,pungsan,4145011000,551,144,53,748
2024-03-30,pungsan,4145011000,542,144,55,741
2024-03-31,pungsan,4145011000,531,148,50,729
2024-04-01,pungsan,4145011000,529,147,51,727
2024-04-02,pungsan,4145011000,542,144,53,739
2024-04-03,pungsan,4145011000,550,145,51,746
2024-04-04,pungsan,4145011000,551,137,50,738
2024-04-05,pungsan,4145011000,551,133,50,734
2024-04-06,pungsan,4145011000,551,133,52,736
2024-04-07,pungsan,4145011000,551,134,51,736
2024-04-08,pungsan,4145011000,546,134,50,730
2024-04-09,pungsan,4145011000,555,133,49,737
2024-04-10,pungsan,4145011000,557,126,48,731
2024-04-11,pungsan,4145011000,542,119,47,708
2024-04-12,pungsan,4145011000,540,124,45,709
2024-04-13,pungsan,4145011000,544,129,44,717
2024-04-14,pungsan,4145011000,549,129,46,724
2024-04-15,pungsan,4145011000,537,128,44,709
2024-04-16,pungsan,4145011000,532,125,46,703
2024-04-17,pungsan,4145011000,540,126,46,712
2024-04-18,pungsan,4145011000,535,127,49,711
2024-04-19,pungsan,4145011000,536,125,49,710
2024-04-20,pungsan,4145011000,538,128,50,716
2024-04-21,pungsan,4145011000,533,125,50,708
2024-04-22,pungsan,4145011000,524,124,50,698
2024-04-23,pungsan,4145011000,531,122,52,705
2024-04-24,pungsan,4145011000,533,122,52,707
2024-04-25,pungsan,4145011000,533,124,54,711
2024-04-26,pungsan,4145011000,539,126,54,719
2024-04-27,pungsan,4145011000,543,118,50,711
2024-04-28,pungsan,4145011000,534,113,50,697
2024-04-29,pungsan,4145011000,531,112,48,691
2024-04-30,pungsan,4145011000,540,115,46,701
2024-05-01,pungsan,4145011000,537,115,48,700
2024-05-02,pungsan,4145011000,536,113,47,696
2024-05-03,pungsan,4145011000,532,111,46,689
2024-05-04,pungsan,4145011000,542,110,42,694
2024-05-05,pungsan,4145011000,552,107,41,700
2024-05-06,pungsan,4145011000,543,108,41,692
2024-05-07,pungsan,4145011000,539,106,40,685
2024-05-08,pungsan,4145011000,553,107,41,701
2024-05-09,pungsan,4145011000,547,105,40,692
2024-05-10,pungsan,4145011000,548,106,40,694
2024-05-11,pungsan,4145011000,555,104,39,698
2024-05-12,pungsan,4145011000,551,105,37,693
2024-05-13,pungsan,4145011000,545,104,37,686
2024-05-14,pungsan,4145011000,545,103,34,682
2024-05-15,pungsan,4145011000,551,107,36,694
2024-05-16,pungsan,4145011000,547,107,36,690
2024-05-17,pungsan,4145011000,542,103,37,682
2024-05-18,pungsan,4145011000,541,101,37,679
2024-05-19,pungsan,4145011000,536,99,35,670
2024-05-20,pungsan,4145011000,531,97,33,661
2024-05-21,pungsan,4145011000,533,95,33,661
2024-05-22,pungsan,4145011000,542,98,32,672
2024-05-23,pungsan,4145011000,537,96,31,664
2024-05-24,pungsan,4145011000,535,98,33,666
2024-05-25,pungsan,4145011000,535,102,29,666
2024-05-26,pungsan,4145011000,532,99,29,660
2024-05-27,pungsan,4145011000,525,99,27,651
2024-05-28,pungsan,4145011000,533,102,27,662
2024-05-29,pungsan,4145011000,533,100,27,660
2024-05-30,pungsan,4145011000,528,98,25,651
2024-05-31,pungsan,4145011000,530,91,25,646
2024-06-01,pungsan,4145011000,524,91,26,641
2024-06-02,pungsan,4145011000,524,95,26,645
2024-06-03,pungsan,4145011000,515,94,26,635
2024-06-04,pungsan,4145011000,523,93,25,641
2024-06-05,pungsan,4145011000,530,90,23,643
2024-06-06,pungsan,4145011000,524,87,20,631
2024-06-07,pungsan,4145011000,513,87,20,620
2024-06-08,pungsan,4145011000,513,92,22,627
2024-06-09,pungsan,4145011000,511,90,22,623
2024-06-10,pungsan,4145011000,510,90,22,622
2024-06-11,pungsan,4145011000,524,89,25,638
2024-06-12,pungsan,4145011000,526,94,25,645
2024-06-13,pungsan,4145011000,524,92,26,642
2024-06-14,pungsan,4145011000,520,88,26,634
2024-06-15,pungsan,4145011000,515,88,26,629
2024-06-16,pungsan,4145011000,513,86,28,627
2024-06-17,pungsan,4145011000,509,86,27,622
2024-06-18,pungsan,4145011000,507,81,26,614
2024-06-19,pungsan,4145011000,506,79,27,612
2024-06-20,pungsan,4145011000,503,80,27,610
2024-06-21,pungsan,4145011000,501,78,28,607
2024-06-23,pungsan,4145011000,498,83,27,608
2024-06-24,pungsan,4145011000,493,79,26,598
2024-06-25,pungsan,4145011000,486,78,27,591
2024-06-26,pungsan,4145011000,492,75,27,594
2024-06-27,pungsan,4145011000,488,73,29,590
2024-06-28,pungsan,4145011000,481,73,29,583
2024-06-29,pungsan,4145011000,482,68,26,576
2024-06-30,pungsan,4145011000,487,65,28,580
2024-07-01,pungsan,4145011000,486,64,27,577
2024-07-02,pungsan,4145011000,482,61,27,570
2024-07-03,pungsan,4145011000,490,59,28,577
2024-07-04,pungsan,4145011000,480,56,26,562
2024-07-05,pungsan,4145011000,478,54,25,557
2024-07-06,pungsan,4145011000,480,54,24,558
2024-07-07,pungsan,4145011000,476,54,25,555
2024-07-08,pungsan,4145011000,472,54,24,550
2024-07-09,pungsan,4145011000,472,55,24,551
2024-07-10,pungsan,4145011000,465,54,24,543
2024-07-11,pungsan,4145011000,462,47,24,533
2024-07-12,pungsan,4145011000,459,43,25,527
2024-07-13,pungsan,4145011000,458,45,25,528
2024-07-14,pungsan,4145011000,454,46,23,523
2024-07-15,pungsan,4145011000,453,46,23,522
2024-07-16,pungsan,4145011000,450,47,23,520
2024-07-17,pungsan,4145011000,452,49,23,524
2024-07-18,pungsan,4145011000,448,43,22,513
2024-07-19,pungsan,4145011000,441,41,21,503
2024-07-20,pungsan,4145011000,446,41,22,509
2024-07-21,pungsan,4145011000,426,39,22,487
2024-07-22,pungsan,4145011000,424,39,22,485
2024-07-23,pungsan,4145011000,429,36,20,485
2024-07-24,pungsan,4145011000,438,35,18,491
2024-07-25,pungsan,4145011000,438,34,18,490
2024-07-26,pungsan,4145011000,436,35,19,490
2024-07-27,pungsan,4145011000,444,38,18,500
2024-07-28,pungsan,4145011000,439,40,18,497
2024-07-29,pungsan,4145011000,435,38,18,491
2024-07-30,pungsan,4145011000,434,38,19,491
2024-07-31,pungsan,4145011000,429,38,19,486
2024-08-01,pungsan,4145011000,428,35,18,481
2024-08-02,pungsan,4145011000,432,41,19,492
2024-08-03,pungsan,4145011000,423,40,19,482
2024-08-04,pungsan,4145011000,423,41,19,483
2024-08-05,pungsan,4145011000,420,41,19,480
2024-08-06,pungsan,4145011000,427,40,20,487
2024-08-07,pungsan,4145011000,426,40,20,486
2024-08-08,pungsan,4145011000,434,38,20,492
2024-08-09,pungsan,4145011000,432,37,19,488
2024-08-10,pungsan,4145011000,427,38,18,483
2024-08-11,pungsan,4145011000,422,39,17,478
2024-08-12,pungsan,4145011000,416,39,16,471
2024-08-13,pungsan,4145011000,413,40,15,468
2024-08-14,pungsan,4145011000,414,39,14,467
2024-08-15,pungsan,4145011000,415,35,15,465
2024-08-16,pungsan,4145011000,421,35,16,472
2024-08-17,pungsan,4145011000,419,36,15,470
2024-08-18,pungsan,4145011000,421,33,14,468
2024-08-19,pungsan,4145011000,412,33,14,459
2024-08-20,pungsan,4145011000,416,36,13,465
2024-08-21,pungsan,4145011000,417,36,13,466
2024-08-22,pungsan,4145011000,423,35,12,470
2024-08-23,pungsan,4145011000,423,37,12,472
2024-08-24,pungsan,4145011000,437,36,12,485
2024-08-25,pungsan,4145011000,437,35,12,484
2024-08-26,pungsan,4145011000,433,34,12,479
2024-08-27,pungsan,4145011000,432,34,14,480
2024-08-28,pungsan,4145011000,441,36,13,490
2024-08-29,pungsan,4145011000,439,37,11,487
2024-08-30,pungsan,4145011000,448,36,11,495
2024-08-31,pungsan,4145011000,445,32,10,487
2024-09-01,pungsan,4145011000,448,34,10,492
2024-09-02,pungsan,4145011000,444,33,9,486
2024-09-03,pungsan,4145011000,453,36,11,500
2024-09-04,pungsan,4145011000,453,36,11,500
2024-09-05,pungsan,4145011000,455,37,11,503
2024-09-06,pungsan,4145011000,452,39,11,502
2024-09-07,pungsan,4145011000,445,39,11,495
2024-09-08,pungsan,4145011000,463,39,13,515
2024-09-09,pungsan,4145011000,459,39,13,511
2024-09-10,pungsan,4145011000,465,41,17,523
2024-09-11,pungsan,4145011000,468,41,18,527
2024-09-12,pungsan,4145011000,472,42,22,536
2024-09-13,pungsan,4145011000,470,45,22,537
2024-09-14,pungsan,4145011000,471,43,22,536
2024-09-15,pungsan,4145011000,469,44,22,535
2024-09-16,pungsan,4145011000,469,44,22,535
2024-09-17,pungsan,4145011000,463,44,22,529
2024-09-18,pungsan,4145011000,463,43,22,528
2024-09-19,pungsan,4145011000,463,42,21,526
2024-09-20,pungsan,4145011000,466,43,22,531
2024-09-21,pungsan,4145011000,475,45,22,542
2024-09-22,pungsan,4145011000,474,43,23,540
2024-09-23,pungsan,4145011000,458,43,23,524
2024-09-24,pungsan,4145011000,460,46,23,529
2024-09-25,pungsan,4145011000,463,45,23,531
2024-09-26,pungsan,4145011000,465,43,25,533
2024-09-27,pungsan,4145011000,466,43,26,535
2024-09-28,pungsan,4145011000,472,47,27,546
2024-09-29,pungsan,4145011000,470,47,26,543
2024-09-30,pungsan,4145011000,465,46,26,537
2024-10-01,pungsan,4145011000,466,44,23,533
2024-10-02,pungsan,4145011000,478,43,22,543
2024-10-03,pungsan,4145011000,475,40,22,537
2024-10-04,pungsan,4145011000,471,42,23,536
2024-10-05,pungsan,4145011000,472,47,25,544
2024-10-06,pungsan,4145011000,473,47,25,545
2024-10-07,pungsan,4145011000,470,47,25,542
2024-10-08,pungsan,4145011000,471,47,26,544
2024-10-09,pungsan,4145011000,480,45,26,551
2024-10-10,pungsan,4145011000,476,46,25,547
2024-10-11,pungsan,4145011000,472,47,23,542
2024-10-12,pungsan,4145011000,477,48,23,548
2024-10-13,pungsan,4145011000,479,46,23,548
2024-10-14,pungsan,4145011000,476,46,23,545
2024-10-16,pungsan,4145011000,484,51,28,563
2024-10-17,pungsan,4145011000,483,52,30,565
2024-10-18,pungsan,4145011000,491,54,32,577
2024-10-19,pungsan,4145011000,494,54,32,580
2024-10-20,pungsan,4145011000,494,51,32,577
2024-10-21,pungsan,4145011000,488,50,32,570
2024-10-22,pungsan,4145011000,496,52,30,578
2024-10-23,pungsan,4145011000,502,56,34,592
2024-10-24,pungsan,4145011000,499,56,34,589
2024-10-25,pungsan,4145011000,499,54,33,586
2024-10-26,pungsan,4145011000,500,59,33,592
2024-10-27,pungsan,4145011000,493,56,33,582
2024-10-28,pungsan,4145011000,484,56,32,572
2024-10-29,pungsan,4145011000,493,55,31,579
2024-10-30,pungsan,4145011000,497,55,32,584
2024-10-31,pungsan,4145011000,492,54,33,579
2024-11-01,pungsan,4145011000,488,55,33,576
2024-11-02,pungsan,4145011000,514,54,34,602
2024-11-03,pungsan,4145011000,515,54,28,597
2024-11-04,pungsan,4145011000,507,53,27,587
2024-11-05,pungsan,4145011000,521,59,28,608
2024-11-06,pungsan,4145011000,524,60,28,612
2024-11-07,pungsan,4145011000,523,58,27,608
2024-11-08,pungsan,4145011000,516,60,27,603
2024-11-09,pungsan,4145011000,517,60,27,604
2024-11-10,pungsan,4145011000,517,58,27,602
2024-11-11,pungsan,4145011000,515,58,27,600
2024-11-12,pungsan,4145011000,521,60,28,609
2024-11-13,pungsan,4145011000,524,65,30,619
2024-11-14,pungsan,4145011000,522,61,29,612
2024-11-15,pungsan,4145011000,525,58,23,606
2024-11-16,pungsan,4145011000,527,55,23,605
2024-11-17,pungsan,4145011000,524,55,24,603
2024-11-18,pungsan,4145011000,523,55,24,602
2024-11-19,pungsan,4145011000,518,59,22,599
2024-11-20,pungsan,4145011000,523,59,24,606
2024-11-21,pungsan,4145011000,520,62,24,606
2024-11-22,pungsan,4145011000,526,60,24,610
2024-11-23,pungsan,4145011000,531,62,24,617
2024-11-24,pungsan,4145011000,531,62,22,615
2024-11-25,pungsan,4145011000,524,61,21,606
2024-11-26,pungsan,4145011000,526,56,23,605
2024-11-27,pungsan,4145011000,532,55,26,613
2024-11-28,pungsan,4145011000,526,57,26,609
2024-11-29,pungsan,4145011000,529,57,28,614
2024-11-30,pungsan,4145011000,526,57,31,614
2024-12-01,pungsan,4145011000,525,57,33,615
2024-12-02,pungsan,4145011000,500,56,32,588
2024-12-03,pungsan,4145011000,526,57,33,616
2024-12-04,pungsan,4145011000,534,58,33,625
2024-12-05,pungsan,4145011000,526,57,34,617
2024-12-06,pungsan,4145011000,525,64,36,625
2024-12-07,pungsan,4145011000,528,64,34,626
2024-12-08,pungsan,4145011000,536,65,30,631
2024-12-09,pungsan,4145011000,532,65,30,627
2024-12-10,pungsan,4145011000,535,68,33,636
2024-12-11,pungsan,4145011000,542,67,34,643
2024-12-12,pungsan,4145011000,536,67,32,635
2024-12-13,pungsan,4145011000,543,70,35,648
2024-12-14,pungsan,4145011000,544,74,34,652
2024-12-15,pungsan,4145011000,537,72,33,642
2024-12-16,pungsan,4145011000,535,71,33,639
2024-12-17,pungsan,4145011000,537,69,34,640
2024-12-19,pungsan,4145011000,539,64,32,635
2024-12-20,pungsan,4145011000,542,63,34,639
2024-12-21,pungsan,4145011000,540,62,35,637
2024-12-22,pungsan,4145011000,540,60,34,634
2024-12-23,pungsan,4145011000,537,60,34,631
2024-12-24,pungsan,4145011000,531,61,34,626
2024-12-25,pungsan,4145011000,536,61,35,632
2024-12-26,pungsan,4145011000,531,61,35,627
2024-12-27,pungsan,4145011000,528,63,34,625
2024-12-28,pungsan,4145011000,527,64,36,627
2024-12-29,pungsan,4145011000,521,63,34,618
2024-12-30,pungsan,4145011000,514,62,32,608
2024-12-31,pungsan,4145011000,519,64,36,619
2025-01-01,pungsan,4145011000,519,65,34,618
2025-01-02,pungsan,4145011000,495,65,34,594
2025-01-03,pungsan,4145011000,518,68,34,620
2025-01-04,pungsan,4145011000,524,69,33,626
2025-01-05,pungsan,4145011000,524,69,34,627
2025-01-06,pungsan,4145011000,520,68,33,621
2025-01-07,pungsan,4145011000,519,67,34,620
2025-01-08,pungsan,4145011000,532,69,35,636
2025-01-09,pungsan,4145011000,533,68,36,637
2025-01-10,pungsan,4145011000,528,72,37,637
2025-01-11,pungsan,4145011000,526,66,40,632
2025-01-12,pungsan,4145011000,528,70,40,638
2025-01-13,pungsan,4145011000,526,70,40,636
2025-01-14,pungsan,4145011000,534,63,37,634
2025-01-15,pungsan,4145011000,542,65,38,645
2025-01-16,pungsan,4145011000,541,66,35,642
2025-01-17,pungsan,4145011000,542,64,33,639
2025-01-18,pungsan,4145011000,540,62,31,633
2025-01-19,pungsan,4145011000,539,58,28,625
2025-01-20,pungsan,4145011000,535,58,28,621
2025-01-21,pungsan,4145011000,537,55,30,622
2025-01-22,pungsan,4145011000,538,57,29,624
2025-01-23,pungsan,4145011000,540,55,30,625
2025-01-24,pungsan,4145011000,539,53,29,621
2025-01-25,pungsan,4145011000,545,54,27,626
2025-01-26,pungsan,4145011000,536,54,28,618
2025-01-27,pungsan,4145011000,534,53,28,615
2025-01-28,pungsan,4145011000,530,53,28,611
2025-01-29,pungsan,4145011000,530,53,28,611
2025-01-30,pungsan,4145011000,522,52,28,602
2025-01-31,pungsan,4145011000,517,52,28,597
2025-02-01,pungsan,4145011000,520,53,27,600
2025-02-02,pungsan,4145011000,493,51,25,569
2025-02-03,pungsan,4145011000,484,51,25,560
2025-02-04,pungsan,4145011000,513,52,25,590
2025-02-05,pungsan,4145011000,520,52,25,597
2025-02-06,pungsan,4145011000,541,56,29,626
2025-02-07,pungsan,4145011000,542,54,29,625
2025-02-08,pungsan,4145011000,556,54,27,637
2025-02-09,pungsan,4145011000,562,53,28,643
2025-02-10,pungsan,4145011000,559,52,26,637
2025-02-11,pungsan,4145011000,566,53,28,647
2025-02-12,pungsan,4145011000,568,55,27,650
2025-02-13,pungsan,4145011000,563,55,28,646
2025-02-14,pungsan,4145011000,562,56,29,647
2025-02-15,pungsan,4145011000,565,53,29,647
2025-02-16,pungsan,4145011000,563,56,27,646
2025-02-17,pungsan,4145011000,561,55,27,643
2025-02-18,pungsan,4145011000,574,53,26,653
2025-02-19,pungsan,4145011000,578,51,25,654
2025-02-20,pungsan,4145011000,571,47,25,643
2025-02-21,pungsan,4145011000,572,45,25,642
2025-02-22,pungsan,4145011000,573,43,21,637
2025-02-23,pungsan,4145011000,572,43,23,638
2025-02-24,pungsan,4145011000,568,41,22,631
2025-02-25,pungsan,4145011000,568,42,22,632
2025-02-26,pungsan,4145011000,569,42,21,632
2025-02-27,pungsan,4145011000,566,40,20,626
2025-02-28,pungsan,4145011000,570,39,21,630
2025-03-01,pungsan,4145011000,572,37,24,633
2025-03-02,pungsan,4145011000,585,36,26,647
2025-03-03,pungsan,4145011000,579,36,26,641
2025-03-04,pungsan,4145011000,579,36,25,640
2025-03-05,pungsan,4145011000,589,36,26,651
2025-03-06,pungsan,4145011000,571,34,26,631
2025-03-07,pungsan,4145011000,582,31,25,638
2025-03-08,pungsan,4145011000,576,33,27,636
2025-03-09,pungsan,4145011000,591,31,29,651
2025-03-10,pungsan,4145011000,584,31,29,644
2025-03-11,pungsan,4145011000,597,29,26,652
2025-03-12,pungsan,4145011000,601,35,28,664
2025-03-13,pungsan,4145011000,606,35,27,668
2025-03-14,pungsan,4145011000,603,35,25,663
2025-03-15,pungsan,4145011000,611,36,24,671
2025-03-16,pungsan,4145011000,604,33,23,660
2025-03-17,pungsan,4145011000,604,32,23,659
2025-03-18,pungsan,4145011000,610,34,25,669
2025-03-19,pungsan,4145011000,616,35,25,676
2025-03-20,pungsan,4145011000,601,32,26,659
2025-03-21,pungsan,4145011000,609,33,26,668
2025-03-24,pungsan,4145011000,614,32,24,670
2025-03-25,pungsan,4145011000,625,30,25,680
2025-03-26,pungsan,4145011000,631,30,25,686
2025-03-27,pungsan,4145011000,627,30,22,679
2025-03-28,pungsan,4145011000,636,29,23,688
2025-03-29,pungsan,4145011000,638,29,23,690
2025-03-30,pungsan,4145011000,637,31,22,690
2025-03-31,pungsan,4145011000,634,31,21,686
2025-04-01,pungsan,4145011000,630,33,21,684
2025-04-02,pungsan,4145011000,638,31,19,688
2025-04-03,pungsan,4145011000,634,30,18,682
2025-04-04,pungsan,4145011000,632,28,18,678
2025-04-05,pungsan,4145011000,637,25,19,681
2025-04-06,pungsan,4145011000,634,21,19,674
2025-04-07,pungsan,4145011000,621,20,18,659
2025-04-08,pungsan,4145011000,632,21,17,670
2025-04-09,pungsan,4145011000,646,22,19,687
2025-04-10,pungsan,4145011000,637,22,14,673
2025-04-11,pungsan,4145011000,648,23,14,685
2025-04-12,pungsan,4145011000,647,26,15,688
2025-04-13,pungsan,4145011000,647,29,14,690
2025-04-14,pungsan,4145011000,640,29,14,683
2025-04-15,pungsan,4145011000,646,30,14,690
2025-04-16,pungsan,4145011000,646,30,15,691
2025-04-17,pungsan,4145011000,644,30,15,689
2025-04-18,pungsan,4145011000,645,31,15,691
2025-04-19,pungsan,4145011000,648,31,15,694
2025-04-20,pungsan,4145011000,645,30,15,690
2025-04-21,pungsan,4145011000,637,28,15,680
2025-04-22,pungsan,4145011000,636,32,17,685
2025-04-23,pungsan,4145011000,636,34,18,688
2025-04-24,pungsan,4145011000,634,31,18,683
2025-04-25,pungsan,4145011000,641,31,18,690
2025-04-26,pungsan,4145011000,641,31,19,691
2025-04-27,pungsan,4145011000,643,30,18,691
2025-04-28,pungsan,4145011000,642,30,18,690
2025-04-29,pungsan,4145011000,646,27,18,691
2025-04-30,pungsan,4145011000,653,25,18,696
2025-05-01,pungsan,4145011000,650,28,17,695
2025-05-02,pungsan,4145011000,642,28,17,687
2025-05-03,pungsan,4145011000,659,31,18,708
2025-05-04,pungsan,4145011000,651,33,20,704
2025-05-05,pungsan,4145011000,644,33,19,696
2025-05-06,pungsan,4145011000,640,33,21,694
2025-05-07,pungsan,4145011000,641,34,22,697
2025-05-08,pungsan,4145011000,628,30,19,677
2025-05-09,pungsan,4145011000,628,29,18,675
2025-05-10,pungsan,4145011000,637,30,18,685
2025-05-11,pungsan,4145011000,634,29,19,682
2025-05-12,pungsan,4145011000,633,29,18,680
2025-05-13,pungsan,4145011000,648,28,18,694
2025-05-14,pungsan,4145011000,651,33,23,707
2025-05-15,pungsan,4145011000,652,32,24,708
2025-05-16,pungsan,4145011000,657,31,25,713
2025-05-17,pungsan,4145011000,659,33,27,719
2025-05-18,pungsan,4145011000,652,32,27,711
2025-05-19,pungsan,4145011000,647,32,27,706
2025-05-20,pungsan,4145011000,651,34,24,709
2025-05-21,pungsan,4145011000,654,35,24,713
2025-05-22,pungsan,4145011000,642,36,24,702
2025-05-23,pungsan,4145011000,639,37,24,700
2025-05-24,pungsan,4145011000,634,37,25,696
2025-05-25,pungsan,4145011000,627,35,25,687
2025-05-26,pungsan,4145011000,622,35,24,681
2025-05-27,pungsan,4145011000,626,34,25,685
2025-05-28,pungsan,4145011000,621,33,22,676
2025-05-29,pungsan,4145011000,615,32,22,669
2025-05-30,pungsan,4145011000,613,32,22,667
2025-05-31,pungsan,4145011000,607,31,23,661
2025-06-01,pungsan,4145011000,607,34,21,662
2025-06-02,pungsan,4145011000,592,33,21,646
2025-06-03,pungsan,4145011000,611,33,22,666
2025-06-04,pungsan,4145011000,619,33,20,672
2025-06-05,pungsan,4145011000,622,32,20,674
2025-06-06,pungsan,4145011000,630,34,21,685
2025-06-07,pungsan,4145011000,629,34,21,684
2025-06-08,pungsan,4145011000,630,37,22,689
2025-06-09,pungsan,4145011000,616,36,22,674
2025-06-10,pungsan,4145011000,617,37,23,677
2025-06-11,pungsan,4145011000,622,36,24,682
2025-06-12,pungsan,4145011000,609,35,23,667
2025-06-13,pungsan,4145011000,611,35,20,666
2025-06-14,pungsan,4145011000,613,34,22,669
2025-06-15,pungsan,4145011000,603,37,22,662
2025-06-16,pungsan,4145011000,597,37,22,656
2025-06-17,pungsan,4145011000,594,36,25,655
2025-06-18,pungsan,4145011000,593,38,28,659
2025-06-19,pungsan,4145011000,581,35,28,644
2025-06-20,pungsan,4145011000,578,35,25,638
2025-06-21,pungsan,4145011000,587,34,24,645
2025-06-22,pungsan,4145011000,590,34,23,647
2025-06-23,pungsan,4145011000,583,36,23,642
2025-06-24,pungsan,4145011000,585,40,24,649
2025-06-25,pungsan,4145011000,577,43,24,644
2025-06-26,pungsan,4145011000,577,44,23,644
2025-06-27,pungsan,4145011000,578,46,23,647
2025-06-28,pungsan,4145011000,591,47,24,662
2025-06-29,pungsan,4145011000,592,46,23,661
2025-06-30,pungsan,4145011000,587,46,23,656
2025-07-01,pungsan,4145011000,597,44,25,666
2025-07-02,pungsan,4145011000,613,42,25,680
2025-07-03,pungsan,4145011000,612,39,24,675
2025-07-04,pungsan,4145011000,607,38,24,669
2025-07-05,pungsan,4145011000,603,41,23,667
2025-07-06,pungsan,4145011000,604,40,24,668
2025-07-07,pungsan,4145011000,603,41,24,668
2025-07-08,pungsan,4145011000,603,39,23,665
2025-07-09,pungsan,4145011000,620,42,25,687
2025-07-10,pungsan,4145011000,608,42,23,673
2025-07-11,pungsan,4145011000,608,45,22,675
2025-07-12,pungsan,4145011000,608,43,21,672
2025-07-13,pungsan,4145011000,609,42,21,672
2025-07-14,pungsan,4145011000,594,42,20,656
2025-07-15,pungsan,4145011000,604,48,21,673
2025-07-16,pungsan,4145011000,606,47,21,674
2025-07-17,pungsan,4145011000,605,45,21,671
2025-07-18,pungsan,4145011000,609,42,21,672
2025-07-19,pungsan,4145011000,612,42,20,674
2025-07-20,pungsan,4145011000,611,39,21,671
2025-07-21,pungsan,4145011000,608,39,21,668
2025-07-22,pungsan,4145011000,605,39,22,666
2025-07-23,pungsan,4145011000,615,40,21,676
2025-07-24,pungsan,4145011000,607,41,20,668
2025-07-25,pungsan,4145011000,602,41,17,660
2025-07-26,pungsan,4145011000,604,40,17,661
2025-07-27,pungsan,4145011000,601,39,17,657
2025-07-28,pungsan,4145011000,597,39,17,653
2025-07-29,pungsan,4145011000,595,38,17,650
2025-07-30,pungsan,4145011000,594,38,17,649
2025-07-31,pungsan,4145011000,586,37,15,638
2025-08-01,pungsan,4145011000,575,38,16,629
2025-08-02,pungsan,4145011000,583,36,16,635
2025-08-03,pungsan,4145011000,588,38,16,642
2025-08-04,pungsan,4145011000,583,36,15,634
2025-08-05,pungsan,4145011000,584,39,14,637
2025-08-06,pungsan,4145011000,584,38,18,640
2025-08-15,pungsan,4145011000,562,28,10,600
2025-08-16,pungsan,4145011000,562,31,10,603
2025-08-17,pungsan,4145011000,560,31,10,601
2025-08-18,pungsan,4145011000,556,32,10,598
2025-08-19,pungsan,4145011000,554,33,12,599
2025-08-20,pungsan,4145011000,554,30,13,597
2025-08-21,pungsan,4145011000,554,30,13,597
2025-08-22,pungsan,4145011000,557,30,13,600
2025-08-23,pungsan,4145011000,558,29,14,601
2025-08-24,pungsan,4145011000,554,29,14,597
2025-08-27,pungsan,4145011000,554,27,14,595
2025-08-28,pungsan,4145011000,552,26,13,591
2025-08-29,pungsan,4145011000,555,29,14,598
2025-08-30,pungsan,4145011000,553,28,17,598
2025-08-31,pungsan,4145011000,551,27,17,595
2025-09-01,pungsan,4145011000,560,26,18,604
2025-09-02,pungsan,4145011000,550,26,18,594
2025-09-03,pungsan,4145011000,566,25,20,611
2025-09-04,pungsan,4145011000,570,27,19,616
2025-09-05,pungsan,4145011000,564,28,18,610
2025-09-06,pungsan,4145011000,565,27,17,609
2025-09-09,pungsan,4145011000,574,23,16,613
2025-09-10,pungsan,4145011000,579,27,15,621
2025-09-11,pungsan,4145011000,581,27,15,623
2025-09-12,pungsan,4145011000,584,27,15,626
2025-09-15,pungsan,4145011000,576,24,11,611
2025-09-16,pungsan,4145011000,573,25,10,608
2025-09-17,pungsan,4145011000,568,24,9,601
2025-09-18,pungsan,4145011000,567,24,10,601
2025-09-19,pungsan,4145011000,562,22,9,593
2025-09-20,pungsan,4145011000,561,22,9,592
2025-09-21,pungsan,4145011000,562,18,9,589
2025-09-22,pungsan,4145011000,558,18,8,584
2025-09-23,pungsan,4145011000,552,16,10,578
2025-09-24,pungsan,4145011000,556,18,12,586
2025-09-25,pungsan,4145011000,555,15,12,582
2025-09-26,pungsan,4145011000,548,15,12,575
2025-09-27,pungsan,4145011000,545,14,12,571
2025-09-28,pungsan,4145011000,542,13,11,566
2025-09-29,pungsan,4145011000,537,13,10,560
2025-09-30,pungsan,4145011000,538,15,9,562
2025-10-01,pungsan,4145011000,536,15,7,558
2025-10-02,pungsan,4145011000,526,16,7,549
2025-10-03,pungsan,4145011000,523,16,7,546
2025-10-04,pungsan,4145011000,526,13,8,547
2025-10-07,pungsan,4145011000,505,13,8,526
2025-10-08,pungsan,4145011000,507,13,8,528
2025-10-09,pungsan,4145011000,497,14,9,520
2025-10-10,pungsan,4145011000,495,14,9,518
2025-10-11,pungsan,4145011000,495,13,9,517
2025-10-12,pungsan,4145011000,492,11,9,512
2025-10-13,pungsan,4145011000,495,12,9,516
2025-10-14,pungsan,4145011000,493,16,9,518
2025-10-15,pungsan,4145011000,495,15,10,520
2025-10-16,pungsan,4145011000,481,14,10,505
2025-10-17,pungsan,4145011000,477,14,10,501
2025-10-18,pungsan,4145011000,478,18,8,504
2025-10-19,pungsan,4145011000,465,17,5,487
2025-10-21,pungsan,4145011000,413,20,5,438
2025-10-22,pungsan,4145011000,401,20,5,426
2025-10-23,pungsan,4145011000,394,18,6,418
2025-10-24,pungsan,4145011000,374,18,7,399
2025-10-25,pungsan,4145011000,366,17,7,390
2025-10-26,pungsan,4145011000,360,15,3,378
2025-10-27,pungsan,4145011000,357,15,3,375
2025-10-28,pungsan,4145011000,345,17,3,365
2025-10-29,pungsan,4145011000,349,17,3,369
2025-10-30,pungsan,4145011000,346,16,3,365
2025-11-01,pungsan,4145011000,337,17,3,357
2025-11-02,pungsan,4145011000,334,18,3,355
2025-11-03,pungsan,4145011000,332,18,3,353
2025-11-04,pungsan,4145011000,333,17,7,357
2025-11-06,pungsan,4145011000,333,22,9,364
2025-11-07,pungsan,4145011000,315,23,9,347
2025-11-08,pungsan,4145011000,317,21,8,346
2025-11-09,pungsan,4145011000,316,21,10,347
2025-11-10,pungsan,4145011000,311,21,10,342
2025-11-11,pungsan,4145011000,306,22,10,338
2025-11-12,pungsan,4145011000,307,24,10,341
2025-11-13,pungsan,4145011000,300,19,10,329
2025-11-14,pungsan,4145011000,297,18,13,328
2025-11-15,pungsan,4145011000,295,18,13,326
2025-11-18,pungsan,4145011000,288,23,14,325
2025-11-19,pungsan,4145011000,288,22,14,324
2025-11-20,pungsan,4145011000,286,19,12,317
2025-11-21,pungsan,4145011000,276,19,12,307
2025-11-22,pungsan,4145011000,281,20,15,316
2025-11-23,pungsan,4145011000,282,20,15,317
2025-11-24,pungsan,4145011000,282,20,15,317
2025-11-25,pungsan,4145011000,278,21,15,314
2025-11-26,pungsan,4145011000,279,22,15,316
2025-11-27,pungsan,4145011000,279,18,15,312
2025-11-28,pungsan,4145011000,280,15,15,310
2025-11-29,pungsan,4145011000,281,16,16,313
2025-11-30,pungsan,4145011000,281,16,15,312
2025-12-01,pungsan,4145011000,276,15,15,306
2025-12-02,pungsan,4145011000,269,19,18,306
2025-12-03,pungsan,4145011000,274,20,20,314
2025-12-04,pungsan,4145011000,268,18,20,306
2025-12-05,pungsan,4145011000,269,18,19,306
2025-12-06,pungsan,4145011000,268,20,19,307
2025-12-07,pungsan,4145011000,270,20,19,309
2025-12-08,pungsan,4145011000,264,19,15,298
2025-12-09,pungsan,4145011000,262,20,14,296
2025-12-10,pungsan,4145011000,269,17,11,297
2025-12-11,pungsan,4145011000,262,19,10,291
2025-12-12,pungsan,4145011000,255,20,10,285
2025-12-13,pungsan,4145011000,258,21,12,291
2025-12-14,pungsan,4145011000,264,22,13,299
2025-12-15,pungsan,4145011000,259,22,13,294
2025-12-16,pungsan,4145011000,259,21,13,293
2025-12-17,pungsan,4145011000,267,22,12,301
2025-12-18,pungsan,4145011000,259,20,13,292
2025-12-19,pungsan,4145011000,262,26,14,302
2025-12-20,pungsan,4145011000,262,25,14,301
2025-12-21,pungsan,4145011000,271,26,15,312
2025-12-22,pungsan,4145011000,266,26,15,307
2025-12-23,pungsan,4145011000,270,28,16,314
2025-12-24,pungsan,4145011000,272,24,13,309
2025-12-26,pungsan,4145011000,263,26,14,303
2025-12-27,pungsan,4145011000,261,27,14,302
2025-12-28,pungsan,4145011000,256,28,14,298
2025-12-29,pungsan,4145011000,256,28,14,298
2025-12-30,pungsan,4145011000,253,28,13,294
2025-12-31,pungsan,4145011000,255,28,18,301
2026-01-01,pungsan,4145011000,250,31,19,300
2026-01-02,pungsan,4145011000,247,31,19,297
2026-01-03,pungsan,4145011000,245,33,20,298
2026-01-04,pungsan,4145011000,249,35,22,306
2026-01-05,pungsan,4145011000,249,35,22,306
2026-01-06,pungsan,4145011000,251,33,21,305
2026-01-07,pungsan,4145011000,254,31,24,309
2026-01-08,pungsan,4145011000,254,31,24,309
2026-01-09,pungsan,4145011000,255,29,23,307
2026-01-10,pungsan,4145011000,248,29,23,300
2026-01-12,pungsan,4145011000,239,30,23,292
2026-01-13,pungsan,4145011000,240,29,24,293
2026-01-14,pungsan,4145011000,246,26,26,298
2026-01-15,pungsan,4145011000,241,22,26,289
2026-01-16,pungsan,4145011000,240,22,30,292
2026-01-17,pungsan,4145011000,239,23,31,293
2026-01-18,pungsan,4145011000,235,22,31,288
2026-01-19,pungsan,4145011000,231,22,31,284
2026-01-20,pungsan,4145011000,225,25,33,283
2026-01-21,pungsan,4145011000,224,18,36,278
2026-01-22,pungsan,4145011000,220,16,35,271
2026-01-23,pungsan,4145011000,215,19,41,275
2026-01-24,pungsan,4145011000,217,20,46,283
2026-01-25,pungsan,4145011000,216,19,48,283
2026-01-26,pungsan,4145011000,211,19,47,277
2026-01-27,pungsan,4145011000,214,20,44,278
2026-01-28,pungsan,4145011000,211,20,45,276
2026-01-29,pungsan,4145011000,209,19,42,270
2026-01-30,pungsan,4145011000,207,19,43,269
2026-01-31,pungsan,4145011000,199,20,40,259
2026-02-02,pungsan,4145011000,198,17,39,254
2026-02-03,pungsan,4145011000,199,16,30,245
2026-02-04,pungsan,4145011000,200,17,31,248
2026-02-05,pungsan,4145011000,196,18,32,246
2026-02-06,pungsan,4145011000,204,15,32,251
2026-02-07,pungsan,4145011000,205,17,30,252
2026-02-09,pungsan,4145011000,203,19,28,250
2026-02-10,pungsan,4145011000,212,20,29,261
2026-02-11,pungsan,4145011000,212,19,28,259
2026-02-12,pungsan,4145011000,215,18,24,257
2026-02-13,pungsan,4145011000,216,18,21,255
2026-02-14,pungsan,4145011000,235,17,18,270
2026-02-15,pungsan,4145011000,231,17,18,266
2026-02-16,pungsan,4145011000,228,17,19,264
2026-02-17,pungsan,4145011000,225,16,19,260
2026-02-18,pungsan,4145011000,225,16,19,260
2026-02-19,pungsan,4145011000,223,16,19,258
2026-02-20,pungsan,4145011000,236,18,20,274
2026-02-21,pungsan,4145011000,238,22,20,280
2026-02-22,pungsan,4145011000,252,21,22,295
2026-02-23,pungsan,4145011000,251,21,20,292
2026-02-24,pungsan,4145011000,262,23,22,307
2026-02-25,pungsan,4145011000,265,23,25,313
2026-02-26,pungsan,4145011000,271,28,24,323
2026-02-27,pungsan,4145011000,279,33,24,336
2026-02-28,pungsan,4145011000,284,33,23,340
2026-03-02,pungsan,4145011000,289,28,24,341
2026-03-03,pungsan,4145011000,287,28,24,339
2026-03-04,pungsan,4145011000,300,28,19,347
2026-03-05,pungsan,4145011000,305,25,19,349
2026-03-06,pungsan,4145011000,298,22,15,335
2026-03-07,pungsan,4145011000,307,20,17,344
2026-03-08,pungsan,4145011000,306,17,17,340
2026-03-09,pungsan,4145011000,305,17,17,339
2026-03-10,pungsan,4145011000,313,16,15,344
2026-03-11,pungsan,4145011000,315,16,14,345
2026-03-12,pungsan,4145011000,324,15,15,354
2026-03-13,pungsan,4145011000,329,19,14,362
2026-03-14,pungsan,4145011000,335,17,13,365
2026-03-15,pungsan,4145011000,338,20,14,372
2026-03-16,pungsan,4145011000,336,20,14,370
2026-03-17,pungsan,4145011000,352,19,14,385
2026-03-18,pungsan,4145011000,352,19,14,385
2026-03-19,pungsan,4145011000,356,20,16,392
2026-03-20,pungsan,4145011000,360,20,18,398
2026-03-21,pungsan,4145011000,362,21,19,402
2026-03-23,pungsan,4145011000,357,20,17,394
2026-03-24,pungsan,4145011000,355,21,16,392
2026-03-25,pungsan,4145011000,364,24,18,406
2026-03-26,pungsan,4145011000,358,24,17,399
2026-03-27,pungsan,4145011000,357,24,17,398
2026-03-28,pungsan,4145011000,357,25,14,396
2026-03-29,pungsan,4145011000,341,25,14,380
2026-03-30,pungsan,4145011000,334,24,14,372
2026-03-31,pungsan,4145011000,344,24,14,382
2026-04-01,pungsan,4145011000,347,22,13,382
2026-04-02,pungsan,4145011000,353,21,13,387
2026-04-03,pungsan,4145011000,354,23,12,389
2026-04-04,pungsan,4145011000,350,26,13,389
2026-04-05,pungsan,4145011000,353,25,13,391
2026-04-06,pungsan,4145011000,347,24,13,384
2026-04-07,pungsan,4145011000,345,25,14,384
2026-04-08,pungsan,4145011000,350,24,17,391
2026-04-09,pungsan,4145011000,353,25,15,393
2026-04-10,pungsan,4145011000,364,25,16,405
2026-04-11,pungsan,4145011000,364,25,16,405
2026-04-12,pungsan,4145011000,358,23,17,398
2026-04-13,pungsan,4145011000,353,23,17,393
2026-04-14,pungsan,4145011000,354,24,18,396
2026-04-15,pungsan,4145011000,360,24,20,404
2026-04-16,pungsan,4145011000,356,25,21,402
2026-04-17,pungsan,4145011000,358,23,22,403
2026-04-18,pungsan,4145011000,352,22,21,395
2026-04-19,pungsan,4145011000,353,23,21,397
2026-04-20,pungsan,4145011000,352,23,21,396
2026-04-21,pungsan,4145011000,347,23,21,391
2026-04-22,pungsan,4145011000,347,23,20,390
2026-04-23,pungsan,4145011000,347,22,21,390
2026-04-24,pungsan,4145011000,351,23,21,395
2026-04-25,pungsan,4145011000,347,23,22,392
2026-04-26,pungsan,4145011000,341,27,25,393
2026-04-27,pungsan,4145011000,337,27,25,389
2026-04-28,pungsan,4145011000,338,28,27,393
2026-04-29,pungsan,4145011000,341,28,28,397
2026-04-30,pungsan,4145011000,330,29,25,384
2026-05-01,pungsan,4145011000,325,28,27,380
2026-05-02,pungsan,4145011000,314,29,28,371
2026-05-04,pungsan,4145011000,306,29,28,363
2026-05-05,pungsan,4145011000,308,30,29,367
2026-05-06,pungsan,4145011000,309,31,25,365
2026-05-07,pungsan,4145011000,300,31,23,354
2026-05-08,pungsan,4145011000,296,29,24,349
2026-05-09,pungsan,4145011000,290,31,24,345
2026-05-10,pungsan,4145011000,293,31,22,346
2026-05-11,pungsan,4145011000,289,31,22,342
2026-05-12,pungsan,4145011000,273,32,24,329
2026-05-13,pungsan,4145011000,276,34,29,339
2026-05-14,pungsan,4145011000,276,35,28,339
2026-05-15,pungsan,4145011000,281,34,29,344
2026-05-16,pungsan,4145011000,285,33,28,346
2026-05-17,pungsan,4145011000,282,34,28,344
2026-05-18,pungsan,4145011000,280,34,28,342
2026-05-19,pungsan,4145011000,278,32,25,335
2026-05-20,pungsan,4145011000,282,31,21,334
2026-05-21,pungsan,4145011000,285,31,21,337
2026-05-22,pungsan,4145011000,297,31,19,347
2026-05-23,pungsan,4145011000,291,37,17,345
2026-05-24,pungsan,4145011000,290,42,17,349
2026-05-25,pungsan,4145011000,287,41,17,345
2026-05-26,pungsan,4145011000,290,37,16,343
2026-05-27,pungsan,4145011000,295,36,16,347
2026-05-28,pungsan,4145011000,296,37,12,345
2026-05-29,pungsan,4145011000,296,37,12,345
2026-05-30,pungsan,4145011000,304,37,12,353
2026-05-31,pungsan,4145011000,304,38,13,355
2026-06-01,pungsan,4145011000,303,37,13,353
2026-06-02,pungsan,4145011000,296,39,13,348
2026-06-03,pungsan,4145011000,301,40,14,355
2026-06-04,pungsan,4145011000,297,39,17,353
2026-06-05,pungsan,4145011000,303,44,16,363
2026-06-06,pungsan,4145011000,308,43,16,367
2026-06-07,pungsan,4145011000,310,39,15,364
2026-06-08,pungsan,4145011000,304,38,15,357
2026-06-09,pungsan,4145011000,305,36,15,356
2026-06-10,pungsan,4145011000,313,38,16,367
2026-06-11,pungsan,4145011000,309,37,18,364
2026-06-12,pungsan,4145011000,309,39,18,366
2026-06-13,pungsan,4145011000,301,39,17,357
2026-06-14,pungsan,4145011000,296,39,16,351
2026-06-15,pungsan,4145011000,294,40,16,350
2026-06-16,pungsan,4145011000,288,32,10,330
2026-06-17,pungsan,4145011000,285,29,8,322
2026-06-18,pungsan,4145011000,280,29,8,317
2026-06-20,pungsan,4145011000,291,30,7,328
2026-06-21,pungsan,4145011000,286,29,8,323
2026-06-22,pungsan,4145011000,281,29,8,318
2026-06-23,pungsan,4145011000,271,30,8,309
2026-06-24,pungsan,4145011000,275,30,8,313
2026-06-25,pungsan,4145011000,276,29,9,314
2026-06-26,pungsan,4145011000,276,30,9,315
2026-06-27,pungsan,4145011000,280,29,8,317
2026-06-28,pungsan,4145011000,270,30,6,306
2026-06-29,pungsan,4145011000,268,30,6,304
2026-06-30,pungsan,4145011000,269,28,5,302
2026-07-01,pungsan,4145011000,269,27,5,301
2026-07-02,pungsan,4145011000,282,27,5,314
2026-07-03,pungsan,4145011000,280,26,5,311
2026-07-04,pungsan,4145011000,281,24,5,310
2026-07-05,pungsan,4145011000,276,27,7,310
2026-07-06,pungsan,4145011000,276,27,7,310
2026-07-07,pungsan,4145011000,269,25,7,301
2026-07-08,pungsan,4145011000,267,25,8,300
2026-07-09,pungsan,4145011000,251,22,9,282
2026-07-10,pungsan,4145011000,252,23,9,284
2026-07-11,pungsan,4145011000,255,20,8,283
2026-07-12,pungsan,4145011000,255,20,8,283
2026-07-13,pungsan,4145011000,256,20,9,285
2026-07-14,pungsan,4145011000,254,20,9,283
2026-07-17,pungsan,4145011000,255,22,8,285
2026-07-18,pungsan,4145011000,252,18,8,278
2026-07-19,pungsan,4145011000,243,18,7,268
2026-07-20,pungsan,4145011000,241,18,7,266
2026-07-21,pungsan,4145011000,236,18,7,261
2026-07-23,pungsan,4145011000,237,17,6,260
2026-07-24,pungsan,4145011000,233,17,7,257
2026-07-25,pungsan,4145011000,229,16,8,253
2026-07-26,pungsan,4145011000,230,19,6,255
2026-07-27,pungsan,4145011000,229,19,6,254
2026-07-28,pungsan,4145011000,226,18,6,250
2026-07-29,pungsan,4145011000,226,18,6,250
2026-07-30,pungsan,4145011000,223,18,7,248
2026-07-31,pungsan,4145011000,228,14,6,248
2026-08-01,pungsan,4145011000,232,15,8,255
2026-08-02,pungsan,4145011000,235,16,8,259
2026-08-03,pungsan,4145011000,234,16,8,258
2026-08-04,pungsan,4145011000,238,18,8,264
2026-08-05,pungsan,4145011000,242,20,9,271
2026-08-06,pungsan,4145011000,242,21,11,274
2026-08-07,pungsan,4145011000,237,19,12,268
2026-08-08,pungsan,4145011000,237,20,10,267
2026-08-09,pungsan,4145011000,231,20,12,263
2026-08-10,pungsan,4145011000,226,20,12,258
2026-08-11,pungsan,4145011000,231,21,14,266
2026-08-12,pungsan,4145011000,234,20,14,268
2026-08-14,pungsan,4145011000,232,20,14,266
2026-08-15,pungsan,4145011000,234,20,10,264
2026-08-16,pungsan,4145011000,228,20,10,258
2026-08-17,pungsan,4145011000,227,20,10,257
2026-08-18,pungsan,4145011000,229,21,10,260
2026-08-19,pungsan,4145011000,241,20,8,269
2026-08-20,pungsan,4145011000,242,20,6,268
2026-08-21,pungsan,4145011000,241,20,5,266
2026-08-22,pungsan,4145011000,237,19,5,261
2026-08-23,pungsan,4145011000,237,20,5,262
2026-08-25,pungsan,4145011000,239,19,5,263
2026-08-26,pungsan,4145011000,242,21,7,270
2026-08-27,pungsan,4145011000,244,20,7,271
2026-08-28,pungsan,4145011000,249,18,7,274
2026-08-29,pungsan,4145011000,251,18,7,276
2026-08-30,pungsan,4145011000,250,22,7,279
2026-08-31,pungsan,4145011000,246,22,7,275
2026-09-01,pungsan,4145011000,247,20,8,275
2026-09-03,pungsan,4145011000,252,25,8,285
2026-09-04,pungsan,4145011000,254,25,8,287
2026-09-05,pungsan,4145011000,265,21,8,294
2026-09-06,pungsan,4145011000,266,21,8,295
2026-09-07,pungsan,4145011000,265,21,8,294
2026-09-09,pungsan,4145011000,262,18,8,288
2026-09-11,pungsan,4145011000,258,16,9,283
2026-09-12,pungsan,4145011000,257,15,9,281
2026-09-13,pungsan,4145011000,261,17,9,287
2026-09-14,pungsan,4145011000,254,17,9,280
2026-09-15,pungsan,4145011000,259,16,9,284
2026-09-16,pungsan,4145011000,263,17,11,291
2026-09-17,pungsan,4145011000,262,20,11,293
2026-09-18,pungsan,4145011000,265,19,12,296
2026-09-19,pungsan,4145011000,263,22,11,296
2026-09-21,pungsan,4145011000,257,20,11,288
2026-09-22,pungsan,4145011000,255,20,11,286
2026-09-23,pungsan,4145011000,259,20,11,290
2026-09-24,pungsan,4145011000,255,18,9,282
2026-09-25,pungsan,4145011000,253,17,8,278
2026-09-27,pungsan,4145011000,249,17,8,274
2026-09-28,pungsan,4145011000,248,17,8,273
2026-09-29,pungsan,4145011000,248,21,8,277
2026-09-30,pungsan,4145011000,262,21,5,288
2026-10-01,pungsan,4145011000,267,17,6,290
2026-10-02,pungsan,4145011000,269,20,7,296
2026-10-03,pungsan,4145011000,274,19,7,300
2026-10-04,pungsan,4145011000,281,17,7,305
2026-10-05,pungsan,4145011000,276,18,7,301
2026-10-06,pungsan,4145011000,280,20,7,307
2026-10-07,pungsan,4145011000,283,18,7,308
2023-09-01,sangil,1174010300,541,126,56,723
2023-09-02,sangil,1174010300,544,124,58,726
2023-09-03,sangil,1174010300,548,121,59,728
2023-09-04,sangil,1174010300,540,117,59,716
2023-09-05,sangil,1174010300,551,118,65,734
2023-09-06,sangil,1174010300,550,120,62,732
2023-09-07,sangil,1174010300,554,124,61,739
2023-09-08,sangil,1174010300,548,124,62,734
2023-09-09,sangil,1174010300,553,128,65,746
2023-09-10,sangil,1174010300,559,127,68,754
2023-09-11,sangil,1174010300,549,125,66,740
2023-09-12,sangil,1174010300,558,124,62,744
2023-09-14,sangil,1174010300,555,129,61,745
2023-09-15,sangil,1174010300,553,133,64,750
2023-09-16,sangil,1174010300,552,130,66,748
2023-09-17,sangil,1174010300,549,130,61,740
2023-09-18,sangil,1174010300,543,130,60,733
2023-09-19,sangil,1174010300,541,132,62,735
2023-09-20,sangil,1174010300,549,142,61,752
2023-09-21,sangil,1174010300,559,142,63,764
2023-09-23,sangil,1174010300,564,146,65,775
2023-09-24,sangil,1174010300,566,142,68,776
2023-09-25,sangil,1174010300,555,138,67,760
2023-09-26,sangil,1174010300,570,132,68,770
2023-09-27,sangil,1174010300,582,133,68,783
2023-09-28,sangil,1174010300,587,139,69,795
2023-09-29,sangil,1174010300,580,137,69,786
2023-09-30,sangil,1174010300,578,137,68,783
2023-10-01,sangil,1174010300,572,135,68,775
2023-10-02,sangil,1174010300,560,134,67,761
2023-10-03,sangil,1174010300,561,137,65,763
2023-10-04,sangil,1174010300,561,139,65,765
2023-10-05,sangil,1174010300,569,149,73,791
2023-10-06,sangil,1174010300,573,155,70,798
2023-10-07,sangil,1174010300,571,159,70,800
2023-10-08,sangil,1174010300,576,164,71,811
2023-10-09,sangil,1174010300,570,164,71,805
2023-10-10,sangil,1174010300,569,163,68,800
2023-10-11,sangil,1174010300,584,184,69,837
2023-10-12,sangil,1174010300,586,182,69,837
2023-10-13,sangil,1174010300,585,188,67,840
2023-10-14,sangil,1174010300,588,193,71,852
2023-10-15,sangil,1174010300,584,198,72,854
2023-10-16,sangil,1174010300,573,195,70,838
2023-10-17,sangil,1174010300,579,192,76,847
2023-10-18,sangil,1174010300,596,204,80,880
2023-10-19,sangil,1174010300,597,210,81,888
2023-10-20,sangil,1174010300,604,209,88,901
2023-10-21,sangil,1174010300,601,214,91,906
2023-10-22,sangil,1174010300,604,214,94,912
2023-10-23,sangil,1174010300,594,212,91,897
2023-10-24,sangil,1174010300,601,213,96,910
2023-10-25,sangil,1174010300,610,225,96,931
2023-10-26,sangil,1174010300,600,238,98,936
2023-10-27,sangil,1174010300,601,239,105,945
2023-10-28,sangil,1174010300,600,249,108,957
2023-10-29,sangil,1174010300,608,251,111,970
2023-10-30,sangil,1174010300,607,251,106,964
2023-10-31,sangil,1174010300,614,259,110,983
2023-11-01,sangil,1174010300,621,271,118,1010
2023-11-02,sangil,1174010300,622,269,124,1015
2023-11-03,sangil,1174010300,626,274,128,1028
2023-11-04,sangil,1174010300,628,276,124,1028
2023-11-05,sangil,1174010300,612,279,124,1015
2023-11-06,sangil,1174010300,604,273,124,1001
2023-11-07,sangil,1174010300,604,276,121,1001
2023-11-08,sangil,1174010300,609,286,124,1019
2023-11-09,sangil,1174010300,619,292,130,1041
2023-11-10,sangil,1174010300,616,304,133,1053
2023-11-11,sangil,1174010300,612,306,135,1053
2023-11-12,sangil,1174010300,610,301,135,1046
2023-11-13,sangil,1174010300,607,298,133,1038
2023-11-14,sangil,1174010300,608,309,137,1054
2023-11-15,sangil,1174010300,610,311,144,1065
2023-11-16,sangil,1174010300,603,317,139,1059
2023-11-17,sangil,1174010300,595,326,145,1066
2023-11-18,sangil,1174010300,601,331,145,1077
2023-11-19,sangil,1174010300,597,328,152,1077
2023-11-21,sangil,1174010300,579,327,147,1053
2023-11-22,sangil,1174010300,587,331,148,1066
2023-11-23,sangil,1174010300,571,325,147,1043
2023-11-24,sangil,1174010300,569,310,144,1023
2023-11-25,sangil,1174010300,565,317,143,1025
2023-11-26,sangil,1174010300,557,316,141,1014
2023-11-27,sangil,1174010300,550,312,140,1002
2023-11-28,sangil,1174010300,560,320,147,1027
2023-11-29,sangil,1174010300,574,319,147,1040
2023-11-30,sangil,1174010300,577,329,148,1054
2023-12-01,sangil,1174010300,569,323,142,1034
2023-12-02,sangil,1174010300,569,327,143,1039
2023-12-03,sangil,1174010300,565,325,141,1031
2023-12-04,sangil,1174010300,556,320,138,1014
2023-12-05,sangil,1174010300,559,318,143,1020
2023-12-06,sangil,1174010300,565,317,149,1031
2023-12-07,sangil,1174010300,563,329,151,1043
2023-12-08,sangil,1174010300,550,331,154,1035
2023-12-09,sangil,1174010300,558,336,158,1052
2023-12-10,sangil,1174010300,558,337,162,1057
2023-12-11,sangil,1174010300,549,334,160,1043
2023-12-12,sangil,1174010300,557,340,160,1057
2023-12-13,sangil,1174010300,564,346,171,1081
2023-12-14,sangil,1174010300,566,355,169,1090
2023-12-15,sangil,1174010300,563,349,177,1089
2023-12-16,sangil,1174010300,568,356,179,1103
2023-12-17,sangil,1174010300,568,355,181,1104
2023-12-18,sangil,1174010300,560,351,180,1091
2023-12-19,sangil,1174010300,555,356,178,1089
2023-12-20,sangil,1174010300,557,353,186,1096
2023-12-21,sangil,1174010300,554,357,193,1104
2023-12-22,sangil,1174010300,565,347,188,1100
2023-12-23,sangil,1174010300,564,349,195,1108
2023-12-25,sangil,1174010300,560,344,191,1095
2023-12-26,sangil,1174010300,556,341,191,1088
2023-12-27,sangil,1174010300,563,342,192,1097
2023-12-28,sangil,1174010300,559,348,192,1099
2023-12-29,sangil,1174010300,544,347,192,1083
2023-12-30,sangil,1174010300,555,353,185,1093
2023-12-31,sangil,1174010300,547,354,187,1088
2024-01-01,sangil,1174010300,536,347,184,1067
2024-01-02,sangil,1174010300,532,344,184,1060
2024-01-03,sangil,1174010300,541,350,186,1077
2024-01-04,sangil,1174010300,542,352,188,1082
2024-01-05,sangil,1174010300,542,355,182,1079
2024-01-06,sangil,1174010300,545,366,184,1095
2024-01-07,sangil,1174010300,549,372,181,1102
2024-01-08,sangil,1174010300,539,369,180,1088
2024-01-09,sangil,1174010300,559,373,184,1116
2024-01-10,sangil,1174010300,559,382,183,1124
2024-01-11,sangil,1174010300,563,380,177,1120
2024-01-12,sangil,1174010300,574,383,180,1137
2024-01-13,sangil,1174010300,565,380,176,1121
2024-01-14,sangil,1174010300,565,387,174,1126
2024-01-15,sangil,1174010300,556,378,168,1102
2024-01-16,sangil,1174010300,565,379,175,1119
2024-01-17,sangil,1174010300,568,383,170,1121
2024-01-18,sangil,1174010300,565,379,167,1111
2024-01-19,sangil,1174010300,575,381,168,1124
2024-01-20,sangil,1174010300,579,381,170,1130
2024-01-21,sangil,1174010300,574,382,169,1125
2024-01-22,sangil,1174010300,571,373,161,1105
2024-01-23,sangil,1174010300,568,375,162,1105
2024-01-24,sangil,1174010300,585,379,166,1130
2024-01-25,sangil,1174010300,587,378,169,1134
2024-01-26,sangil,1174010300,577,369,170,1116
2024-01-27,sangil,1174010300,574,364,175,1113
2024-01-28,sangil,1174010300,576,369,172,1117
2024-01-29,sangil,1174010300,564,367,170,1101
2024-01-30,sangil,1174010300,570,362,173,1105
2024-01-31,sangil,1174010300,575,369,173,1117
2024-02-01,sangil,1174010300,579,375,179,1133
2024-02-02,sangil,1174010300,574,372,176,1122
2024-02-03,sangil,1174010300,569,378,183,1130
2024-02-04,sangil,1174010300,571,369,183,1123
2024-02-05,sangil,1174010300,562,364,179,1105
2024-02-06,sangil,1174010300,567,367,180,1114
2024-02-07,sangil,1174010300,571,373,184,1128
2024-02-08,sangil,1174010300,563,365,186,1114
2024-02-09,sangil,1174010300,559,364,185,1108
2024-02-10,sangil,1174010300,539,357,184,1080
2024-02-12,sangil,1174010300,525,344,181,1050
2024-02-13,sangil,1174010300,523,342,178,1043
2024-02-14,sangil,1174010300,530,356,173,1059
2024-02-15,sangil,1174010300,538,363,180,1081
2024-02-16,sangil,1174010300,528,367,182,1077
2024-02-17,sangil,1174010300,528,360,186,1074
2024-02-18,sangil,1174010300,532,370,188,1090
2024-02-19,sangil,1174010300,525,361,184,1070
2024-02-20,sangil,1174010300,522,361,179,1062
2024-02-21,sangil,1174010300,529,360,182,1071
2024-02-22,sangil,1174010300,533,373,182,1088
2024-02-23,sangil,1174010300,530,371,185,1086
2024-02-24,sangil,1174010300,535,381,187,1103
2024-02-25,sangil,1174010300,544,384,186,1114
2024-02-26,sangil,1174010300,532,376,181,1089
2024-02-27,sangil,1174010300,542,382,180,1104
2024-02-28,sangil,1174010300,548,388,182,1118
2024-03-01,sangil,1174010300,534,371,182,1087
2024-03-02,sangil,1174010300,532,370,181,1083
2024-03-03,sangil,1174010300,533,379,181,1093
2024-03-04,sangil,1174010300,527,371,177,1075
2024-03-05,sangil,1174010300,529,372,178,1079
2024-03-06,sangil,1174010300,538,376,175,1089
2024-03-07,sangil,1174010300,541,383,177,1101
2024-03-08,sangil,1174010300,542,386,181,1109
2024-03-09,sangil,1174010300,536,388,181,1105
2024-03-10,sangil,1174010300,531,388,181,1100
2024-03-11,sangil,1174010300,530,386,181,1097
2024-03-12,sangil,1174010300,545,396,185,1126
2024-03-13,sangil,1174010300,549,401,188,1138
2024-03-14,sangil,1174010300,554,402,190,1146
2024-03-15,sangil,1174010300,554,408,191,1153
2024-03-16,sangil,1174010300,553,390,195,1138
2024-03-17,sangil,1174010300,557,390,198,1145
2024-03-18,sangil,1174010300,545,384,196,1125
2024-03-19,sangil,1174010300,554,387,198,1139
2024-03-20,sangil,1174010300,564,388,200,1152
2024-03-21,sangil,1174010300,565,387,201,1153
2024-03-22,sangil,1174010300,553,381,199,1133
2024-03-23,sangil,1174010300,557,378,196,1131
2024-03-24,sangil,1174010300,556,384,203,1143
2024-03-25,sangil,1174010300,552,382,202,1136
2024-03-26,sangil,1174010300,551,383,205,1139
2024-03-27,sangil,1174010300,553,388,206,1147
2024-03-28,sangil,1174010300,553,382,207,1142
2024-03-29,sangil,1174010300,550,380,204,1134
2024-03-30,sangil,1174010300,552,373,204,1129
2024-03-31,sangil,1174010300,549,373,199,1121
2024-04-01,sangil,1174010300,538,359,195,1092
2024-04-02,sangil,1174010300,543,356,199,1098
2024-04-03,sangil,1174010300,539,356,202,1097
2024-04-04,sangil,1174010300,542,357,202,1101
2024-04-05,sangil,1174010300,546,358,199,1103
2024-04-06,sangil,1174010300,547,357,195,1099
2024-04-07,sangil,1174010300,546,346,189,1081
2024-04-08,sangil,1174010300,539,341,183,1063
2024-04-09,sangil,1174010300,542,341,186,1069
2024-04-10,sangil,1174010300,548,345,191,1084
2024-04-11,sangil,1174010300,532,342,191,1065
2024-04-12,sangil,1174010300,545,330,185,1060
2024-04-13,sangil,1174010300,544,325,185,1054
2024-04-14,sangil,1174010300,552,318,181,1051
2024-04-15,sangil,1174010300,546,311,175,1032
2024-04-16,sangil,1174010300,549,310,175,1034
2024-04-17,sangil,1174010300,554,302,178,1034
2024-04-18,sangil,1174010300,549,297,182,1028
2024-04-19,sangil,1174010300,554,293,184,1031
2024-04-20,sangil,1174010300,564,292,187,1043
2024-04-21,sangil,1174010300,569,287,191,1047
2024-04-22,sangil,1174010300,565,276,186,1027
2024-04-23,sangil,1174010300,568,273,188,1029
2024-04-24,sangil,1174010300,569,271,191,1031
2024-04-25,sangil,1174010300,565,269,185,1019
2024-04-26,sangil,1174010300,564,270,181,1015
2024-04-27,sangil,1174010300,568,265,181,1014
2024-04-28,sangil,1174010300,571,261,179,1011
2024-04-29,sangil,1174010300,569,256,179,1004
2024-04-30,sangil,1174010300,576,251,172,999
2024-05-01,sangil,1174010300,583,253,174,1010
2024-05-02,sangil,1174010300,571,241,171,983
2024-05-03,sangil,1174010300,579,249,170,998
2024-05-04,sangil,1174010300,574,241,173,988
2024-05-05,sangil,1174010300,579,239,167,985
2024-05-06,sangil,1174010300,572,232,166,970
2024-05-07,sangil,1174010300,567,221,164,952
2024-05-08,sangil,1174010300,576,222,165,963
2024-05-09,sangil,1174010300,576,223,162,961
2024-05-10,sangil,1174010300,580,225,159,964
2024-05-11,sangil,1174010300,585,224,155,964
2024-05-12,sangil,1174010300,586,218,150,954
2024-05-13,sangil,1174010300,580,214,147,941
2024-05-14,sangil,1174010300,588,218,147,953
2024-05-15,sangil,1174010300,601,218,151,970
2024-05-16,sangil,1174010300,595,210,144,949
2024-05-17,sangil,1174010300,595,214,140,949
2024-05-18,sangil,1174010300,596,212,136,944
2024-05-19,sangil,1174010300,594,212,133,939
2024-05-20,sangil,1174010300,587,212,125,924
2024-05-21,sangil,1174010300,586,209,123,918
2024-05-22,sangil,1174010300,591,212,121,924
2024-05-23,sangil,1174010300,593,213,127,933
2024-05-24,sangil,1174010300,594,210,122,926
2024-05-25,sangil,1174010300,585,206,113,904
2024-05-26,sangil,1174010300,585,198,108,891
2024-05-27,sangil,1174010300,572,197,107,876
2024-05-28,sangil,1174010300,574,201,106,881
2024-05-29,sangil,1174010300,578,199,110,887
2024-05-30,sangil,1174010300,571,190,105,866
2024-05-31,sangil,1174010300,571,185,106,862
2024-06-01,sangil,1174010300,575,180,103,858
2024-06-02,sangil,1174010300,577,173,101,851
2024-06-03,sangil,1174010300,574,170,99,843
2024-06-04,sangil,1174010300,581,168,95,844
2024-06-05,sangil,1174010300,585,166,92,843
2024-06-06,sangil,1174010300,593,166,89,848
2024-06-07,sangil,1174010300,586,163,84,833
2024-06-08,sangil,1174010300,580,159,86,825
2024-06-09,sangil,1174010300,572,157,85,814
2024-06-10,sangil,1174010300,565,155,85,805
2024-06-11,sangil,1174010300,562,151,87,800
2024-06-12,sangil,1174010300,570,150,82,802
2024-06-13,sangil,1174010300,558,145,77,780
2024-06-14,sangil,1174010300,557,140,74,771
2024-06-15,sangil,1174010300,549,137,74,760
2024-06-16,sangil,1174010300,553,133,74,760
2024-06-17,sangil,1174010300,545,127,72,744
2024-06-18,sangil,1174010300,558,117,69,744
2024-06-19,sangil,1174010300,558,117,71,746
2024-06-20,sangil,1174010300,551,112,64,727
2024-06-21,sangil,1174010300,551,110,61,722
2024-06-23,sangil,1174010300,534,104,57,695
2024-06-24,sangil,1174010300,521,104,56,681
2024-06-25,sangil,1174010300,526,102,57,685
2024-06-26,sangil,1174010300,520,101,57,678
2024-06-27,sangil,1174010300,507,98,60,665
2024-06-28,sangil,1174010300,505,96,57,658
2024-06-29,sangil,1174010300,504,89,59,652
2024-06-30,sangil,1174010300,504,87,60,651
2024-07-01,sangil,1174010300,499,87,60,646
2024-07-02,sangil,1174010300,497,94,61,652
2024-07-03,sangil,1174010300,498,96,60,654
2024-07-04,sangil,1174010300,496,98,64,658
2024-07-05,sangil,1174010300,498,102,67,667
2024-07-06,sangil,1174010300,500,104,65,669
2024-07-07,sangil,1174010300,503,100,63,666
2024-07-08,sangil,1174010300,499,99,62,660
2024-07-09,sangil,1174010300,511,98,65,674
2024-07-10,sangil,1174010300,518,98,66,682
2024-07-11,sangil,1174010300,518,99,63,680
2024-07-12,sangil,1174010300,520,100,60,680
2024-07-13,sangil,1174010300,517,96,59,672
2024-07-14,sangil,1174010300,513,96,57,666
2024-07-15,sangil,1174010300,511,95,57,663
2024-07-16,sangil,1174010300,521,91,55,667
2024-07-17,sangil,1174010300,531,93,55,679
2024-07-18,sangil,1174010300,532,92,56,680
2024-07-19,sangil,1174010300,539,93,52,684
2024-07-20,sangil,1174010300,540,93,53,686
2024-07-21,sangil,1174010300,543,92,49,684
2024-07-22,sangil,1174010300,536,89,46,671
2024-07-23,sangil,1174010300,538,89,44,671
2024-07-24,sangil,1174010300,544,89,43,676
2024-07-25,sangil,1174010300,547,87,38,672
2024-07-26,sangil,1174010300,549,83,37,669
2024-07-27,sangil,1174010300,543,83,33,659
2024-07-28,sangil,1174010300,539,82,35,656
2024-07-29,sangil,1174010300,535,81,33,649
2024-07-30,sangil,1174010300,541,79,33,653
2024-07-31,sangil,1174010300,550,82,35,667
2024-08-01,sangil,1174010300,543,83,35,661
2024-08-02,sangil,1174010300,543,83,35,661
2024-08-03,sangil,1174010300,541,82,36,659
2024-08-04,sangil,1174010300,531,80,34,645
2024-08-05,sangil,1174010300,525,77,34,636
2024-08-06,sangil,1174010300,522,78,31,631
2024-08-07,sangil,1174010300,530,84,32,646
2024-08-08,sangil,1174010300,533,85,33,651
2024-08-09,sangil,1174010300,532,86,34,652
2024-08-10,sangil,1174010300,537,82,37,656
2024-08-11,sangil,1174010300,530,86,37,653
2024-08-12,sangil,1174010300,526,86,36,648
2024-08-13,sangil,1174010300,533,87,40,660
2024-08-14,sangil,1174010300,537,90,42,669
2024-08-15,sangil,1174010300,536,89,44,669
2024-08-16,sangil,1174010300,530,88,42,660
2024-08-17,sangil,1174010300,549,87,40,676
2024-08-18,sangil,1174010300,559,84,38,681
2024-08-19,sangil,1174010300,553,84,37,674
2024-08-20,sangil,1174010300,559,87,39,685
2024-08-21,sangil,1174010300,572,85,37,694
2024-08-22,sangil,1174010300,573,83,36,692
2024-08-23,sangil,1174010300,575,82,38,695
2024-08-24,sangil,1174010300,569,86,35,690
2024-08-25,sangil,1174010300,571,87,38,696
2024-08-26,sangil,1174010300,567,87,39,693
2024-08-27,sangil,1174010300,534,83,38,655
2024-08-28,sangil,1174010300,536,85,39,660
2024-08-29,sangil,1174010300,534,86,39,659
2024-08-30,sangil,1174010300,533,85,35,653
2024-08-31,sangil,1174010300,531,90,38,659
2024-09-01,sangil,1174010300,533,94,38,665
2024-09-02,sangil,1174010300,530,94,37,661
2024-09-03,sangil,1174010300,539,94,44,677
2024-09-04,sangil,1174010300,545,96,47,688
2024-09-05,sangil,1174010300,541,97,47,685
2024-09-06,sangil,1174010300,546,97,46,689
2024-09-07,sangil,1174010300,549,105,43,697
2024-09-08,sangil,1174010300,546,102,41,689
2024-09-09,sangil,1174010300,540,101,41,682
2024-09-10,sangil,1174010300,550,101,39,690
2024-09-11,sangil,1174010300,553,103,42,698
2024-09-12,sangil,1174010300,558,108,41,707
2024-09-13,sangil,1174010300,557,113,42,712
2024-09-14,sangil,1174010300,559,115,39,713
2024-09-15,sangil,1174010300,552,116,42,710
2024-09-16,sangil,1174010300,549,116,43,708
2024-09-17,sangil,1174010300,540,116,43,699
2024-09-18,sangil,1174010300,540,116,43,699
2024-09-19,sangil,1174010300,540,116,43,699
2024-09-20,sangil,1174010300,556,121,45,722
2024-09-21,sangil,1174010300,554,117,45,716
2024-09-22,sangil,1174010300,563,117,46,726
2024-09-23,sangil,1174010300,554,115,45,714
2024-09-24,sangil,1174010300,561,120,46,727
2024-09-25,sangil,1174010300,564,119,48,731
2024-09-26,sangil,1174010300,568,123,50,741
2024-09-27,sangil,1174010300,574,123,52,749
2024-09-28,sangil,1174010300,573,120,54,747
2024-09-29,sangil,1174010300,569,119,52,740
2024-09-30,sangil,1174010300,563,117,51,731
2024-10-01,sangil,1174010300,573,124,50,747
2024-10-02,sangil,1174010300,572,125,53,750
2024-10-03,sangil,1174010300,577,122,55,754
2024-10-04,sangil,1174010300,572,119,54,745
2024-10-05,sangil,1174010300,580,125,59,764
2024-10-06,sangil,1174010300,579,120,57,756
2024-10-07,sangil,1174010300,573,119,56,748
2024-10-08,sangil,1174010300,578,122,60,760
2024-10-09,sangil,1174010300,585,116,59,760
2024-10-10,sangil,1174010300,571,113,62,746
2024-10-11,sangil,1174010300,581,118,60,759
2024-10-12,sangil,1174010300,585,119,63,767
2024-10-13,sangil,1174010300,581,119,64,764
2024-10-14,sangil,1174010300,570,118,65,753
2024-10-16,sangil,1174010300,579,120,61,760
2024-10-17,sangil,1174010300,586,129,64,779
2024-10-18,sangil,1174010300,586,133,62,781
2024-10-19,sangil,1174010300,587,139,63,789
2024-10-20,sangil,1174010300,578,139,61,778
2024-10-21,sangil,1174010300,570,138,61,769
2024-10-22,sangil,1174010300,585,146,70,801
2024-10-23,sangil,1174010300,587,150,69,806
2024-10-24,sangil,1174010300,584,144,73,801
2024-10-25,sangil,1174010300,585,150,72,807
2024-10-26,sangil,1174010300,590,157,66,813
2024-10-27,sangil,1174010300,589,162,67,818
2024-10-28,sangil,1174010300,585,161,66,812
2024-10-29,sangil,1174010300,593,164,69,826
2024-10-30,sangil,1174010300,600,169,72,841
2024-10-31,sangil,1174010300,597,173,71,841
2024-11-01,sangil,1174010300,599,174,72,845
2024-11-02,sangil,1174010300,600,174,76,850
2024-11-03,sangil,1174010300,601,172,76,849
2024-11-04,sangil,1174010300,595,172,75,842
2024-11-05,sangil,1174010300,607,173,79,859
2024-11-06,sangil,1174010300,620,175,74,869
2024-11-07,sangil,1174010300,614,176,76,866
2024-11-08,sangil,1174010300,611,177,76,864
2024-11-09,sangil,1174010300,629,182,78,889
2024-11-10,sangil,1174010300,624,184,83,891
2024-11-11,sangil,1174010300,618,182,82,882
2024-11-12,sangil,1174010300,624,180,83,887
2024-11-13,sangil,1174010300,631,184,83,898
2024-11-14,sangil,1174010300,633,182,85,900
2024-11-15,sangil,1174010300,631,181,85,897
2024-11-16,sangil,1174010300,635,182,83,900
2024-11-17,sangil,1174010300,634,177,83,894
2024-11-18,sangil,1174010300,631,174,82,887
2024-11-19,sangil,1174010300,632,184,83,899
2024-11-20,sangil,1174010300,638,185,84,907
2024-11-21,sangil,1174010300,633,185,86,904
2024-11-22,sangil,1174010300,632,187,90,909
2024-11-23,sangil,1174010300,632,191,90,913
2024-11-24,sangil,1174010300,640,180,90,910
2024-11-25,sangil,1174010300,633,172,88,893
2024-11-26,sangil,1174010300,647,166,92,905
2024-11-27,sangil,1174010300,653,175,94,922
2024-11-28,sangil,1174010300,651,174,96,921
2024-11-29,sangil,1174010300,647,170,95,912
2024-11-30,sangil,1174010300,648,168,93,909
2024-12-01,sangil,1174010300,643,165,92,900
2024-12-02,sangil,1174010300,638,164,90,892
2024-12-03,sangil,1174010300,653,167,87,907
2024-12-04,sangil,1174010300,659,171,86,916
2024-12-05,sangil,1174010300,659,172,89,920
2024-12-06,sangil,1174010300,658,177,93,928
2024-12-07,sangil,1174010300,661,178,92,931
2024-12-08,sangil,1174010300,658,181,93,932
2024-12-09,sangil,1174010300,644,178,91,913
2024-12-10,sangil,1174010300,648,176,90,914
2024-12-11,sangil,1174010300,650,180,90,920
2024-12-12,sangil,1174010300,651,176,89,916
2024-12-13,sangil,1174010300,649,173,89,911
2024-12-14,sangil,1174010300,650,171,84,905
2024-12-15,sangil,1174010300,652,173,86,911
2024-12-16,sangil,1174010300,643,170,85,898
2024-12-17,sangil,1174010300,650,164,85,899
2024-12-19,sangil,1174010300,652,168,84,904
2024-12-20,sangil,1174010300,648,163,76,887
2024-12-21,sangil,1174010300,656,165,77,898
2024-12-22,sangil,1174010300,659,162,77,898
2024-12-23,sangil,1174010300,656,158,76,890
2024-12-24,sangil,1174010300,659,160,76,895
2024-12-25,sangil,1174010300,661,161,75,897
2024-12-26,sangil,1174010300,647,155,73,875
2024-12-27,sangil,1174010300,644,148,73,865
2024-12-28,sangil,1174010300,642,152,70,864
2024-12-29,sangil,1174010300,631,153,67,851
2024-12-30,sangil,1174010300,622,152,67,841
2024-12-31,sangil,1174010300,632,151,68,851
2025-01-01,sangil,1174010300,642,150,70,862
2025-01-02,sangil,1174010300,622,147,69,838
2025-01-03,sangil,1174010300,621,153,70,844
2025-01-04,sangil,1174010300,635,158,73,866
2025-01-05,sangil,1174010300,632,157,71,860
2025-01-06,sangil,1174010300,626,155,71,852
2025-01-07,sangil,1174010300,639,160,75,874
2025-01-08,sangil,1174010300,645,163,75,883
2025-01-09,sangil,1174010300,642,162,78,882
2025-01-10,sangil,1174010300,642,157,81,880
2025-01-11,sangil,1174010300,638,153,83,874
2025-01-12,sangil,1174010300,640,149,80,869
2025-01-13,sangil,1174010300,634,147,80,861
2025-01-14,sangil,1174010300,638,152,79,869
2025-01-15,sangil,1174010300,646,148,79,873
2025-01-16,sangil,1174010300,641,148,80,869
2025-01-17,sangil,1174010300,641,144,85,870
2025-01-18,sangil,1174010300,647,146,86,879
2025-01-19,sangil,1174010300,640,142,83,865
2025-01-20,sangil,1174010300,632,140,83,855
2025-01-21,sangil,1174010300,632,137,86,855
2025-01-22,sangil,1174010300,639,135,81,855
2025-01-23,sangil,1174010300,637,134,77,848
2025-01-24,sangil,1174010300,642,134,77,853
2025-01-25,sangil,1174010300,645,137,77,859
2025-01-26,sangil,1174010300,638,131,74,843
2025-01-27,sangil,1174010300,632,129,73,834
2025-01-28,sangil,1174010300,630,126,73,829
2025-01-29,sangil,1174010300,630,126,73,829
2025-01-30,sangil,1174010300,621,125,73,819
2025-01-31,sangil,1174010300,613,123,72,808
2025-02-01,sangil,1174010300,619,121,70,810
2025-02-02,sangil,1174010300,613,115,68,796
2025-02-03,sangil,1174010300,596,111,67,774
2025-02-04,sangil,1174010300,603,118,66,787
2025-02-05,sangil,1174010300,619,121,74,814
2025-02-06,sangil,1174010300,634,122,79,835
2025-02-07,sangil,1174010300,659,130,89,878
2025-02-08,sangil,1174010300,664,133,87,884
2025-02-09,sangil,1174010300,659,126,88,873
2025-02-10,sangil,1174010300,656,125,88,869
2025-02-11,sangil,1174010300,673,129,88,890
2025-02-12,sangil,1174010300,684,132,92,908
2025-02-13,sangil,1174010300,684,134,91,909
2025-02-14,sangil,1174010300,688,137,94,919
2025-02-15,sangil,1174010300,687,139,92,918
2025-02-16,sangil,1174010300,676,132,92,900
2025-02-17,sangil,1174010300,670,132,92,894
2025-02-18,sangil,1174010300,686,129,89,904
2025-02-19,sangil,1174010300,689,123,89,901
2025-02-20,sangil,1174010300,687,126,87,900
2025-02-21,sangil,1174010300,690,130,86,906
2025-02-22,sangil,1174010300,691,132,85,908
2025-02-23,sangil,1174010300,689,134,82,905
2025-02-24,sangil,1174010300,680,133,82,895
2025-02-25,sangil,1174010300,695,137,78,910
2025-02-26,sangil,1174010300,695,138,80,913
2025-02-27,sangil,1174010300,695,136,80,911
2025-02-28,sangil,1174010300,690,137,81,908
2025-03-01,sangil,1174010300,694,132,80,906
2025-03-02,sangil,1174010300,695,132,82,909
2025-03-03,sangil,1174010300,689,129,83,901
2025-03-04,sangil,1174010300,678,130,82,890
2025-03-05,sangil,1174010300,684,136,83,903
2025-03-06,sangil,1174010300,677,131,84,892
2025-03-07,sangil,1174010300,672,133,79,884
2025-03-08,sangil,1174010300,670,132,76,878
2025-03-09,sangil,1174010300,662,132,74,868
2025-03-10,sangil,1174010300,655,132,74,861
2025-03-11,sangil,1174010300,650,128,76,854
2025-03-12,sangil,1174010300,656,126,78,860
2025-03-13,sangil,1174010300,647,127,80,854
2025-03-14,sangil,1174010300,664,126,80,870
2025-03-15,sangil,1174010300,654,119,84,857
2025-03-16,sangil,1174010300,647,120,88,855
2025-03-17,sangil,1174010300,644,118,88,850
2025-03-18,sangil,1174010300,657,111,86,854
2025-03-19,sangil,1174010300,652,111,86,849
2025-03-20,sangil,1174010300,646,107,80,833
2025-03-21,sangil,1174010300,654,102,75,831
2025-03-24,sangil,1174010300,640,98,77,815
2025-03-25,sangil,1174010300,641,95,74,810
2025-03-26,sangil,1174010300,645,99,74,818
2025-03-27,sangil,1174010300,643,97,70,810
2025-03-28,sangil,1174010300,640,99,66,805
2025-03-29,sangil,1174010300,638,102,66,806
2025-03-30,sangil,1174010300,637,103,65,805
2025-03-31,sangil,1174010300,635,103,63,801
2025-04-01,sangil,1174010300,642,99,69,810
2025-04-02,sangil,1174010300,653,101,69,823
2025-04-03,sangil,1174010300,653,102,69,824
2025-04-04,sangil,1174010300,645,97,70,812
2025-04-05,sangil,1174010300,652,95,73,820
2025-04-06,sangil,1174010300,653,94,69,816
2025-04-07,sangil,1174010300,648,93,68,809
2025-04-08,sangil,1174010300,657,95,69,821
2025-04-09,sangil,1174010300,662,91,72,825
2025-04-10,sangil,1174010300,662,91,72,825
2025-04-11,sangil,1174010300,658,88,72,818
2025-04-12,sangil,1174010300,655,85,71,811
2025-04-13,sangil,1174010300,653,85,69,807
2025-04-14,sangil,1174010300,643,84,68,795
2025-04-15,sangil,1174010300,643,78,65,786
2025-04-16,sangil,1174010300,645,77,65,787
2025-04-17,sangil,1174010300,643,76,63,782
2025-04-18,sangil,1174010300,646,80,63,789
2025-04-19,sangil,1174010300,643,79,64,786
2025-04-20,sangil,1174010300,641,75,62,778
2025-04-21,sangil,1174010300,635,75,62,772
2025-04-22,sangil,1174010300,646,76,62,784
2025-04-23,sangil,1174010300,653,76,66,795
2025-04-24,sangil,1174010300,646,81,64,791
2025-04-25,sangil,1174010300,642,80,59,781
2025-04-26,sangil,1174010300,646,81,56,783
2025-04-27,sangil,1174010300,650,81,56,787
2025-04-28,sangil,1174010300,647,78,56,781
2025-04-29,sangil,1174010300,650,79,57,786
2025-04-30,sangil,1174010300,655,77,60,792
2025-05-01,sangil,1174010300,657,72,60,789
2025-05-02,sangil,1174010300,649,71,59,779
2025-05-03,sangil,1174010300,654,76,62,792
2025-05-04,sangil,1174010300,651,77,63,791
2025-05-05,sangil,1174010300,642,75,63,780
2025-05-06,sangil,1174010300,634,76,62,772
2025-05-07,sangil,1174010300,633,76,61,770
2025-05-08,sangil,1174010300,637,75,58,770
2025-05-09,sangil,1174010300,630,79,61,770
2025-05-10,sangil,1174010300,633,85,60,778
2025-05-11,sangil,1174010300,635,83,60,778
2025-05-12,sangil,1174010300,626,83,59,768
2025-05-13,sangil,1174010300,618,82,61,761
2025-05-14,sangil,1174010300,627,81,59,767
2025-05-15,sangil,1174010300,625,84,60,769
2025-05-16,sangil,1174010300,619,83,64,766
2025-05-17,sangil,1174010300,615,85,59,759
2025-05-18,sangil,1174010300,607,85,56,748
2025-05-19,sangil,1174010300,602,84,55,741
2025-05-20,sangil,1174010300,605,89,58,752
2025-05-21,sangil,1174010300,618,89,62,769
2025-05-22,sangil,1174010300,616,87,61,764
2025-05-23,sangil,1174010300,619,86,59,764
2025-05-24,sangil,1174010300,614,79,59,752
2025-05-25,sangil,1174010300,610,80,60,750
2025-05-26,sangil,1174010300,602,79,60,741
2025-05-27,sangil,1174010300,606,78,64,748
2025-05-28,sangil,1174010300,609,74,61,744
2025-05-29,sangil,1174010300,605,73,61,739
2025-05-30,sangil,1174010300,607,71,63,741
2025-05-31,sangil,1174010300,601,71,64,736
2025-06-01,sangil,1174010300,594,70,65,729
2025-06-02,sangil,1174010300,583,69,65,717
2025-06-03,sangil,1174010300,584,67,66,717
2025-06-04,sangil,1174010300,582,66,64,712
2025-06-05,sangil,1174010300,587,70,63,720
2025-06-06,sangil,1174010300,585,70,60,715
2025-06-07,sangil,1174010300,579,69,61,709
2025-06-08,sangil,1174010300,572,60,59,691
2025-06-09,sangil,1174010300,564,58,59,681
2025-06-10,sangil,1174010300,573,61,59,693
2025-06-11,sangil,1174010300,561,60,62,683
2025-06-12,sangil,1174010300,551,61,61,673
2025-06-13,sangil,1174010300,538,57,61,656
2025-06-14,sangil,1174010300,536,56,62,654
2025-06-15,sangil,1174010300,532,54,58,644
2025-06-16,sangil,1174010300,526,52,58,636
2025-06-17,sangil,1174010300,529,57,62,648
2025-06-18,sangil,1174010300,521,61,59,641
2025-06-19,sangil,1174010300,519,62,55,636
2025-06-20,sangil,1174010300,507,63,50,620
2025-06-21,sangil,1174010300,506,62,53,621
2025-06-22,sangil,1174010300,503,62,53,618
2025-06-23,sangil,1174010300,503,61,52,616
2025-06-24,sangil,1174010300,503,62,52,617
2025-06-25,sangil,1174010300,490,65,48,603
2025-06-26,sangil,1174010300,487,64,47,598
2025-06-27,sangil,1174010300,481,69,46,596
2025-06-28,sangil,1174010300,480,75,44,599
2025-06-29,sangil,1174010300,480,76,48,604
2025-06-30,sangil,1174010300,477,75,47,599
2025-07-01,sangil,1174010300,478,77,50,605
2025-07-02,sangil,1174010300,491,73,50,614
2025-07-03,sangil,1174010300,486,74,53,613
2025-07-04,sangil,1174010300,480,75,52,607
2025-07-05,sangil,1174010300,478,73,58,609
2025-07-06,sangil,1174010300,475,75,58,608
2025-07-07,sangil,1174010300,470,73,56,599
2025-07-08,sangil,1174010300,472,69,54,595
2025-07-09,sangil,1174010300,480,70,50,600
2025-07-10,sangil,1174010300,468,69,50,587
2025-07-11,sangil,1174010300,476,74,52,602
2025-07-12,sangil,1174010300,489,74,49,612
2025-07-13,sangil,1174010300,483,73,50,606
2025-07-14,sangil,1174010300,481,72,50,603
2025-07-15,sangil,1174010300,488,72,46,606
2025-07-16,sangil,1174010300,491,73,49,613
2025-07-17,sangil,1174010300,497,75,49,621
2025-07-18,sangil,1174010300,496,77,50,623
2025-07-19,sangil,1174010300,504,75,51,630
2025-07-20,sangil,1174010300,507,79,52,638
2025-07-21,sangil,1174010300,496,79,52,627
2025-07-22,sangil,1174010300,505,79,51,635
2025-07-23,sangil,1174010300,511,82,50,643
2025-07-24,sangil,1174010300,512,81,52,645
2025-07-25,sangil,1174010300,506,79,52,637
2025-07-26,sangil,1174010300,515,81,50,646
2025-07-27,sangil,1174010300,521,81,49,651
2025-07-28,sangil,1174010300,517,80,49,646
2025-07-29,sangil,1174010300,520,82,47,649
2025-07-30,sangil,1174010300,528,82,46,656
2025-07-31,sangil,1174010300,531,81,47,659
2025-08-01,sangil,1174010300,525,79,46,650
2025-08-02,sangil,1174010300,525,76,46,647
2025-08-03,sangil,1174010300,523,73,46,642
2025-08-04,sangil,1174010300,519,74,46,639
2025-08-05,sangil,1174010300,524,71,46,641
2025-08-06,sangil,1174010300,526,72,47,645
2025-08-15,sangil,1174010300,544,84,47,675
2025-08-16,sangil,1174010300,540,81,46,667
2025-08-17,sangil,1174010300,535,84,47,666
2025-08-18,sangil,1174010300,529,83,46,658
2025-08-19,sangil,1174010300,530,83,48,661
2025-08-20,sangil,1174010300,536,81,48,665
2025-08-21,sangil,1174010300,536,76,44,656
2025-08-22,sangil,1174010300,534,73,44,651
2025-08-23,sangil,1174010300,544,69,40,653
2025-08-24,sangil,1174010300,547,66,38,651
2025-08-27,sangil,1174010300,545,57,37,639
2025-08-28,sangil,1174010300,546,61,35,642
2025-08-29,sangil,1174010300,545,62,35,642
2025-08-30,sangil,1174010300,548,59,32,639
2025-08-31,sangil,1174010300,549,60,28,637
2025-09-01,sangil,1174010300,550,62,29,641
2025-09-02,sangil,1174010300,554,63,27,644
2025-09-03,sangil,1174010300,553,63,26,642
2025-09-04,sangil,1174010300,563,60,26,649
2025-09-05,sangil,1174010300,563,62,28,653
2025-09-06,sangil,1174010300,553,60,29,642
2025-09-09,sangil,1174010300,551,61,29,641
2025-09-10,sangil,1174010300,553,62,31,646
2025-09-11,sangil,1174010300,560,58,32,650
2025-09-12,sangil,1174010300,556,67,33,656
2025-09-15,sangil,1174010300,552,68,32,652
2025-09-16,sangil,1174010300,547,66,36,649
2025-09-17,sangil,1174010300,538,73,34,645
2025-09-18,sangil,1174010300,531,71,34,636
2025-09-19,sangil,1174010300,519,73,33,625
2025-09-20,sangil,1174010300,516,73,35,624
2025-09-21,sangil,1174010300,521,74,32,627
2025-09-22,sangil,1174010300,507,74,32,613
2025-09-23,sangil,1174010300,501,77,33,611
2025-09-24,sangil,1174010300,506,79,33,618
2025-09-25,sangil,1174010300,487,81,32,600
2025-09-26,sangil,1174010300,477,78,33,588
2025-09-27,sangil,1174010300,468,78,33,579
2025-09-28,sangil,1174010300,468,77,31,576
2025-09-29,sangil,1174010300,462,77,31,570
2025-09-30,sangil,1174010300,455,84,35,574
2025-10-01,sangil,1174010300,455,83,34,572
2025-10-02,sangil,1174010300,447,81,35,563
2025-10-03,sangil,1174010300,445,82,35,562
2025-10-04,sangil,1174010300,430,81,34,545
2025-10-07,sangil,1174010300,436,84,33,553
2025-10-08,sangil,1174010300,436,84,33,553
2025-10-09,sangil,1174010300,431,82,33,546
2025-10-10,sangil,1174010300,428,83,33,544
2025-10-11,sangil,1174010300,426,88,35,549
2025-10-12,sangil,1174010300,423,87,36,546
2025-10-13,sangil,1174010300,412,86,35,533
2025-10-14,sangil,1174010300,424,94,36,554
2025-10-15,sangil,1174010300,432,101,37,570
2025-10-16,sangil,1174010300,439,102,32,573
2025-10-17,sangil,1174010300,442,108,34,584
2025-10-18,sangil,1174010300,436,111,35,582
2025-10-19,sangil,1174010300,437,108,34,579
2025-10-21,sangil,1174010300,369,105,36,510
2025-10-22,sangil,1174010300,347,103,36,486
2025-10-23,sangil,1174010300,353,106,37,496
2025-10-24,sangil,1174010300,349,103,34,486
2025-10-25,sangil,1174010300,344,106,35,485
2025-10-26,sangil,1174010300,339,103,38,480
2025-10-27,sangil,1174010300,334,103,37,474
2025-10-28,sangil,1174010300,333,106,45,484
2025-10-29,sangil,1174010300,332,107,43,482
2025-10-30,sangil,1174010300,328,111,45,484
2025-11-01,sangil,1174010300,318,108,45,471
2025-11-02,sangil,1174010300,316,107,42,465
2025-11-03,sangil,1174010300,312,107,42,461
2025-11-04,sangil,1174010300,300,103,41,444
2025-11-06,sangil,1174010300,311,108,49,468
2025-11-07,sangil,1174010300,310,112,49,471
2025-11-08,sangil,1174010300,317,117,53,487
2025-11-09,sangil,1174010300,318,120,54,492
2025-11-10,sangil,1174010300,312,118,54,484
2025-11-11,sangil,1174010300,313,115,58,486
2025-11-12,sangil,1174010300,317,118,60,495
2025-11-13,sangil,1174010300,312,118,63,493
2025-11-14,sangil,1174010300,310,117,70,497
2025-11-15,sangil,1174010300,313,121,73,507
2025-11-18,sangil,1174010300,315,125,71,511
2025-11-19,sangil,1174010300,312,124,73,509
2025-11-20,sangil,1174010300,309,131,78,518
2025-11-21,sangil,1174010300,316,127,80,523
2025-11-22,sangil,1174010300,323,128,79,530
2025-11-23,sangil,1174010300,324,127,78,529
2025-11-24,sangil,1174010300,321,127,78,526
2025-11-25,sangil,1174010300,327,126,76,529
2025-11-26,sangil,1174010300,327,124,76,527
2025-11-27,sangil,1174010300,319,127,77,523
2025-11-28,sangil,1174010300,316,129,78,523
2025-11-29,sangil,1174010300,318,128,76,522
2025-11-30,sangil,1174010300,322,126,73,521
2025-12-01,sangil,1174010300,318,124,73,515
2025-12-02,sangil,1174010300,324,131,77,532
2025-12-03,sangil,1174010300,334,134,77,545
2025-12-04,sangil,1174010300,338,133,80,551
2025-12-05,sangil,1174010300,338,130,77,545
2025-12-06,sangil,1174010300,338,125,75,538
2025-12-07,sangil,1174010300,333,127,73,533
2025-12-08,sangil,1174010300,331,123,73,527
2025-12-09,sangil,1174010300,329,123,76,528
2025-12-10,sangil,1174010300,331,120,79,530
2025-12-11,sangil,1174010300,329,118,74,521
2025-12-12,sangil,1174010300,328,114,75,517
2025-12-13,sangil,1174010300,333,111,77,521
2025-12-14,sangil,1174010300,331,111,77,519
2025-12-15,sangil,1174010300,327,110,77,514
2025-12-16,sangil,1174010300,321,117,77,515
2025-12-17,sangil,1174010300,324,119,78,521
2025-12-18,sangil,1174010300,325,119,81,525
2025-12-19,sangil,1174010300,324,123,85,532
2025-12-20,sangil,1174010300,325,125,90,540
2025-12-21,sangil,1174010300,326,126,91,543
2025-12-22,sangil,1174010300,320,124,91,535
2025-12-23,sangil,1174010300,316,126,95,537
2025-12-24,sangil,1174010300,324,127,95,546
2025-12-26,sangil,1174010300,328,130,98,556
2025-12-27,sangil,1174010300,324,129,98,551
2025-12-28,sangil,1174010300,319,128,98,545
2025-12-29,sangil,1174010300,313,128,97,538
2025-12-30,sangil,1174010300,323,125,97,545
2025-12-31,sangil,1174010300,323,125,98,546
2026-01-01,sangil,1174010300,326,115,101,542
2026-01-02,sangil,1174010300,317,113,101,531
2026-01-03,sangil,1174010300,317,112,97,526
2026-01-04,sangil,1174010300,314,108,95,517
2026-01-05,sangil,1174010300,311,108,96,515
2026-01-06,sangil,1174010300,313,110,98,521
2026-01-07,sangil,1174010300,312,118,101,531
2026-01-08,sangil,1174010300,310,124,104,538
2026-01-09,sangil,1174010300,309,128,105,542
2026-01-10,sangil,1174010300,299,129,110,538
2026-01-12,sangil,1174010300,291,128,111,530
2026-01-13,sangil,1174010300,290,130,106,526
2026-01-14,sangil,1174010300,291,134,106,531
2026-01-15,sangil,1174010300,291,134,104,529
2026-01-16,sangil,1174010300,291,133,100,524
2026-01-17,sangil,1174010300,296,133,97,526
2026-01-18,sangil,1174010300,293,130,97,520
2026-01-19,sangil,1174010300,291,129,97,517
2026-01-20,sangil,1174010300,295,131,95,521
2026-01-21,sangil,1174010300,299,135,95,529
2026-01-22,sangil,1174010300,301,130,96,527
2026-01-23,sangil,1174010300,304,130,95,529
2026-01-24,sangil,1174010300,311,126,95,532
2026-01-25,sangil,1174010300,309,127,96,532
2026-01-26,sangil,1174010300,305,123,93,521
2026-01-27,sangil,1174010300,304,123,90,517
2026-01-28,sangil,1174010300,311,124,93,528
2026-01-29,sangil,1174010300,316,122,94,532
2026-01-30,sangil,1174010300,314,119,92,525
2026-01-31,sangil,1174010300,317,122,91,530
2026-02-02,sangil,1174010300,315,120,94,529
2026-02-03,sangil,1174010300,317,127,95,539
2026-02-04,sangil,1174010300,328,128,99,555
2026-02-05,sangil,1174010300,329,127,101,557
2026-02-06,sangil,1174010300,332,123,99,554
2026-02-07,sangil,1174010300,329,123,99,551
2026-02-09,sangil,1174010300,335,120,97,552
2026-02-10,sangil,1174010300,337,115,98,550
2026-02-11,sangil,1174010300,338,112,101,551
2026-02-12,sangil,1174010300,355,113,100,568
2026-02-13,sangil,1174010300,361,107,100,568
2026-02-14,sangil,1174010300,373,107,97,577
2026-02-15,sangil,1174010300,375,110,99,584
2026-02-16,sangil,1174010300,373,110,97,580
2026-02-17,sangil,1174010300,368,109,97,574
2026-02-18,sangil,1174010300,368,109,97,574
2026-02-19,sangil,1174010300,367,108,96,571
2026-02-20,sangil,1174010300,376,107,94,577
2026-02-21,sangil,1174010300,378,101,91,570
2026-02-22,sangil,1174010300,379,100,89,568
2026-02-23,sangil,1174010300,374,100,88,562
2026-02-24,sangil,1174010300,385,104,90,579
2026-02-25,sangil,1174010300,401,107,93,601
2026-02-26,sangil,1174010300,397,109,93,599
2026-02-27,sangil,1174010300,398,107,90,595
2026-02-28,sangil,1174010300,397,101,95,593
2026-03-02,sangil,1174010300,398,101,88,587
2026-03-03,sangil,1174010300,394,101,87,582
2026-03-04,sangil,1174010300,418,105,89,612
2026-03-05,sangil,1174010300,428,104,86,618
2026-03-06,sangil,1174010300,423,104,85,612
2026-03-07,sangil,1174010300,438,108,86,632
2026-03-08,sangil,1174010300,441,107,82,630
2026-03-09,sangil,1174010300,438,106,82,626
2026-03-10,sangil,1174010300,447,106,85,638
2026-03-11,sangil,1174010300,442,109,84,635
2026-03-12,sangil,1174010300,445,105,77,627
2026-03-13,sangil,1174010300,445,106,81,632
2026-03-14,sangil,1174010300,441,105,81,627
2026-03-15,sangil,1174010300,448,108,83,639
2026-03-16,sangil,1174010300,437,108,83,628
2026-03-17,sangil,1174010300,433,107,84,624
2026-03-18,sangil,1174010300,442,107,83,632
2026-03-19,sangil,1174010300,445,104,83,632
2026-03-20,sangil,1174010300,446,111,83,640
2026-03-21,sangil,1174010300,454,112,84,650
2026-03-23,sangil,1174010300,442,111,84,637
2026-03-24,sangil,1174010300,442,109,84,635
2026-03-25,sangil,1174010300,443,112,82,637
2026-03-26,sangil,1174010300,441,108,79,628
2026-03-27,sangil,1174010300,432,104,77,613
2026-03-28,sangil,1174010300,427,101,77,605
2026-03-29,sangil,1174010300,423,101,73,597
2026-03-30,sangil,1174010300,421,101,72,594
2026-03-31,sangil,1174010300,422,93,74,589
2026-04-01,sangil,1174010300,421,97,72,590
2026-04-02,sangil,1174010300,414,97,70,581
2026-04-03,sangil,1174010300,407,94,73,574
2026-04-04,sangil,1174010300,407,94,72,573
2026-04-05,sangil,1174010300,408,95,74,577
2026-04-06,sangil,1174010300,401,93,74,568
2026-04-07,sangil,1174010300,400,92,72,564
2026-04-08,sangil,1174010300,409,93,76,578
2026-04-09,sangil,1174010300,411,96,78,585
2026-04-10,sangil,1174010300,406,95,79,580
2026-04-11,sangil,1174010300,399,95,80,574
2026-04-12,sangil,1174010300,397,99,84,580
2026-04-13,sangil,1174010300,393,98,84,575
2026-04-14,sangil,1174010300,398,101,85,584
2026-04-15,sangil,1174010300,400,100,90,590
2026-04-16,sangil,1174010300,393,100,88,581
2026-04-17,sangil,1174010300,393,96,87,576
2026-04-18,sangil,1174010300,383,94,87,564
2026-04-19,sangil,1174010300,376,92,86,554
2026-04-20,sangil,1174010300,372,90,86,548
2026-04-21,sangil,1174010300,373,87,87,547
2026-04-22,sangil,1174010300,375,84,85,544
2026-04-23,sangil,1174010300,372,84,83,539
2026-04-24,sangil,1174010300,370,80,82,532
2026-04-25,sangil,1174010300,371,80,82,533
2026-04-26,sangil,1174010300,370,78,80,528
2026-04-27,sangil,1174010300,369,77,79,525
2026-04-28,sangil,1174010300,363,80,76,519
2026-04-29,sangil,1174010300,365,76,78,519
2026-04-30,sangil,1174010300,361,74,75,510
2026-05-01,sangil,1174010300,360,71,73,504
2026-05-02,sangil,1174010300,356,69,70,495
2026-05-04,sangil,1174010300,355,70,66,491
2026-05-05,sangil,1174010300,358,67,67,492
2026-05-06,sangil,1174010300,358,64,65,487
2026-05-07,sangil,1174010300,358,61,61,480
2026-05-08,sangil,1174010300,347,60,55,462
2026-05-09,sangil,1174010300,340,62,56,458
2026-05-10,sangil,1174010300,333,56,60,449
2026-05-11,sangil,1174010300,321,56,58,435
2026-05-12,sangil,1174010300,307,54,61,422
2026-05-13,sangil,1174010300,307,52,59,418
2026-05-14,sangil,1174010300,302,52,55,409
2026-05-15,sangil,1174010300,295,52,58,405
2026-05-16,sangil,1174010300,290,52,57,399
2026-05-17,sangil,1174010300,293,49,59,401
2026-05-18,sangil,1174010300,287,47,59,393
2026-05-19,sangil,1174010300,286,48,60,394
2026-05-20,sangil,1174010300,290,50,57,397
2026-05-21,sangil,1174010300,288,48,53,389
2026-05-22,sangil,1174010300,279,46,49,374
2026-05-23,sangil,1174010300,286,45,52,383
2026-05-24,sangil,1174010300,284,45,53,382
2026-05-25,sangil,1174010300,282,44,53,379
2026-05-26,sangil,1174010300,279,40,49,368
2026-05-27,sangil,1174010300,292,39,55,386
2026-05-28,sangil,1174010300,293,37,55,385
2026-05-29,sangil,1174010300,292,37,54,383
2026-05-30,sangil,1174010300,292,36,52,380
2026-05-31,sangil,1174010300,292,36,51,379
2026-06-01,sangil,1174010300,292,34,51,377
2026-06-02,sangil,1174010300,291,36,48,375
2026-06-03,sangil,1174010300,291,37,46,374
2026-06-04,sangil,1174010300,286,36,46,368
2026-06-05,sangil,1174010300,296,37,43,376
2026-06-06,sangil,1174010300,302,36,44,382
2026-06-07,sangil,1174010300,297,35,46,378
2026-06-08,sangil,1174010300,293,35,44,372
2026-06-09,sangil,1174010300,294,36,44,374
2026-06-10,sangil,1174010300,305,37,43,385
2026-06-11,sangil,1174010300,305,34,42,381
2026-06-12,sangil,1174010300,304,33,41,378
2026-06-13,sangil,1174010300,307,30,39,376
2026-06-14,sangil,1174010300,309,31,39,379
2026-06-15,sangil,1174010300,308,30,39,377
2026-06-16,sangil,1174010300,306,30,40,376
2026-06-17,sangil,1174010300,306,29,45,380
2026-06-18,sangil,1174010300,307,29,40,376
2026-06-20,sangil,1174010300,298,31,33,362
2026-06-21,sangil,1174010300,301,31,33,365
2026-06-22,sangil,1174010300,297,31,33,361
2026-06-23,sangil,1174010300,295,30,32,357
2026-06-24,sangil,1174010300,298,31,31,360
2026-06-25,sangil,1174010300,303,30,31,364
2026-06-26,sangil,1174010300,303,31,30,364
2026-06-27,sangil,1174010300,301,31,29,361
2026-06-28,sangil,1174010300,309,31,27,367
2026-06-29,sangil,1174010300,307,31,27,365
2026-06-30,sangil,1174010300,313,33,27,373
2026-07-01,sangil,1174010300,317,31,25,373
2026-07-02,sangil,1174010300,330,36,31,397
2026-07-03,sangil,1174010300,329,35,30,394
2026-07-04,sangil,1174010300,333,38,31,402
2026-07-05,sangil,1174010300,331,46,27,404
2026-07-06,sangil,1174010300,321,46,26,393
2026-07-07,sangil,1174010300,324,49,24,397
2026-07-08,sangil,1174010300,329,47,27,403
2026-07-09,sangil,1174010300,324,46,26,396
2026-07-10,sangil,1174010300,323,44,28,395
2026-07-11,sangil,1174010300,321,46,30,397
2026-07-12,sangil,1174010300,317,45,28,390
2026-07-13,sangil,1174010300,312,45,28,385
2026-07-14,sangil,1174010300,319,43,29,391
2026-07-17,sangil,1174010300,333,51,26,410
2026-07-18,sangil,1174010300,332,50,26,408
2026-07-19,sangil,1174010300,341,50,23,414
2026-07-20,sangil,1174010300,338,50,23,411
2026-07-21,sangil,1174010300,334,53,22,409
2026-07-23,sangil,1174010300,340,53,32,425
2026-07-24,sangil,1174010300,344,54,32,430
2026-07-25,sangil,1174010300,340,55,31,426
2026-07-26,sangil,1174010300,336,57,31,424
2026-07-27,sangil,1174010300,333,55,31,419
2026-07-28,sangil,1174010300,333,56,36,425
2026-07-29,sangil,1174010300,337,54,35,426
2026-07-30,sangil,1174010300,336,53,37,426
2026-07-31,sangil,1174010300,345,57,40,442
2026-08-01,sangil,1174010300,344,56,42,442
2026-08-02,sangil,1174010300,339,50,37,426
2026-08-03,sangil,1174010300,335,51,38,424
2026-08-04,sangil,1174010300,333,50,40,423
2026-08-05,sangil,1174010300,333,50,43,426
2026-08-06,sangil,1174010300,331,47,41,419
2026-08-07,sangil,1174010300,341,49,43,433
2026-08-08,sangil,1174010300,348,52,43,443
2026-08-09,sangil,1174010300,354,53,43,450
2026-08-10,sangil,1174010300,346,52,43,441
2026-08-11,sangil,1174010300,350,55,45,450
2026-08-12,sangil,1174010300,353,55,47,455
2026-08-14,sangil,1174010300,357,59,44,460
2026-08-15,sangil,1174010300,359,58,45,462
2026-08-16,sangil,1174010300,351,56,44,451
2026-08-17,sangil,1174010300,351,56,45,452
2026-08-18,sangil,1174010300,345,54,45,444
2026-08-19,sangil,1174010300,363,57,47,467
2026-08-20,sangil,1174010300,371,55,46,472
2026-08-21,sangil,1174010300,375,54,46,475
2026-08-22,sangil,1174010300,372,53,45,470
2026-08-23,sangil,1174010300,373,56,43,472
2026-08-25,sangil,1174010300,370,51,41,462
2026-08-26,sangil,1174010300,373,51,40,464
2026-08-27,sangil,1174010300,376,51,41,468
2026-08-28,sangil,1174010300,379,50,41,470
2026-08-29,sangil,1174010300,380,50,40,470
2026-08-30,sangil,1174010300,375,50,36,461
2026-08-31,sangil,1174010300,373,50,36,459
2026-09-01,sangil,1174010300,382,53,37,472
2026-09-03,sangil,1174010300,396,56,42,494
2026-09-04,sangil,1174010300,403,61,45,509
2026-09-05,sangil,1174010300,409,60,41,510
2026-09-06,sangil,1174010300,405,59,41,505
2026-09-07,sangil,1174010300,401,57,40,498
2026-09-09,sangil,1174010300,409,61,46,516
2026-09-11,sangil,1174010300,412,60,43,515
2026-09-12,sangil,1174010300,416,60,44,520
2026-09-13,sangil,1174010300,411,64,45,520
2026-09-14,sangil,1174010300,408,64,44,516
2026-09-15,sangil,1174010300,412,63,42,517
2026-09-16,sangil,1174010300,413,66,45,524
2026-09-17,sangil,1174010300,412,66,45,523
2026-09-18,sangil,1174010300,409,65,45,519
2026-09-19,sangil,1174010300,405,67,46,518
2026-09-21,sangil,1174010300,400,67,47,514
2026-09-22,sangil,1174010300,397,65,48,510
2026-09-23,sangil,1174010300,400,67,47,514
2026-09-24,sangil,1174010300,401,67,48,516
2026-09-25,sangil,1174010300,400,65,48,513
2026-09-27,sangil,1174010300,390,65,46,501
2026-09-28,sangil,1174010300,386,65,46,497
2026-09-29,sangil,1174010300,386,66,44,496
2026-09-30,sangil,1174010300,394,67,45,506
2026-10-01,sangil,1174010300,392,69,44,505
2026-10-02,sangil,1174010300,394,70,47,511
2026-10-03,sangil,1174010300,398,66,46,510
2026-10-04,sangil,1174010300,397,64,41,502
2026-10-05,sangil,1174010300,390,64,41,495
2026-10-06,sangil,1174010300,395,65,41,501
2026-10-07,sangil,1174010300,416,67,46,529
2023-09-01,yatap,4113510700,589,196,55,840
2023-09-02,yatap,4113510700,594,203,57,854
2023-09-03,yatap,4113510700,597,206,55,858
2023-09-04,yatap,4113510700,578,202,54,834
2023-09-05,yatap,4113510700,591,204,53,848
2023-09-06,yatap,4113510700,598,205,51,854
2023-09-07,yatap,4113510700,588,204,51,843
2023-09-08,yatap,4113510700,588,200,52,840
2023-09-09,yatap,4113510700,600,199,54,853
2023-09-10,yatap,4113510700,591,196,54,841
2023-09-11,yatap,4113510700,589,195,53,837
2023-09-12,yatap,4113510700,594,195,50,839
2023-09-14,yatap,4113510700,607,201,51,859
2023-09-15,yatap,4113510700,620,202,52,874
2023-09-16,yatap,4113510700,608,204,55,867
2023-09-17,yatap,4113510700,608,199,57,864
2023-09-18,yatap,4113510700,602,197,56,855
2023-09-19,yatap,4113510700,609,196,59,864
2023-09-20,yatap,4113510700,618,203,63,884
2023-09-21,yatap,4113510700,612,202,63,877
2023-09-23,yatap,4113510700,614,202,63,879
2023-09-24,yatap,4113510700,608,197,66,871
2023-09-25,yatap,4113510700,598,190,66,854
2023-09-26,yatap,4113510700,620,189,66,875
2023-09-27,yatap,4113510700,629,196,67,892
2023-09-28,yatap,4113510700,614,196,70,880
2023-09-29,yatap,4113510700,607,194,69,870
2023-09-30,yatap,4113510700,604,190,68,862
2023-10-01,yatap,4113510700,595,189,68,852
2023-10-02,yatap,4113510700,592,188,68,848
2023-10-03,yatap,4113510700,586,188,68,842
2023-10-04,yatap,4113510700,585,188,68,841
2023-10-05,yatap,4113510700,606,197,68,871
2023-10-06,yatap,4113510700,608,219,70,897
2023-10-07,yatap,4113510700,609,223,72,904
2023-10-08,yatap,4113510700,616,225,72,913
2023-10-09,yatap,4113510700,606,225,71,902
2023-10-10,yatap,4113510700,601,217,67,885
2023-10-11,yatap,4113510700,634,227,65,926
2023-10-12,yatap,4113510700,642,218,68,928
2023-10-13,yatap,4113510700,637,220,66,923
2023-10-14,yatap,4113510700,634,219,65,918
2023-10-15,yatap,4113510700,620,219,65,904
2023-10-16,yatap,4113510700,612,218,63,893
2023-10-17,yatap,4113510700,622,212,63,897
2023-10-18,yatap,4113510700,629,220,62,911
2023-10-19,yatap,4113510700,630,221,66,917
2023-10-20,yatap,4113510700,634,222,70,926
2023-10-21,yatap,4113510700,634,219,74,927
2023-10-22,yatap,4113510700,617,211,78,906
2023-10-23,yatap,4113510700,610,209,78,897
2023-10-24,yatap,4113510700,632,205,73,910
2023-10-25,yatap,4113510700,636,199,71,906
2023-10-26,yatap,4113510700,632,196,70,898
2023-10-27,yatap,4113510700,644,191,66,901
2023-10-28,yatap,4113510700,642,190,63,895
2023-10-29,yatap,4113510700,642,190,63,895
2023-10-30,yatap,4113510700,642,190,62,894
2023-10-31,yatap,4113510700,651,190,70,911
2023-11-01,yatap,4113510700,660,190,65,915
2023-11-02,yatap,4113510700,668,194,66,928
2023-11-03,yatap,4113510700,678,200,71,949
2023-11-04,yatap,4113510700,665,206,73,944
2023-11-05,yatap,4113510700,652,207,76,935
2023-11-06,yatap,4113510700,648,204,76,928
2023-11-07,yatap,4113510700,646,199,80,925
2023-11-08,yatap,4113510700,652,199,83,934
2023-11-09,yatap,4113510700,659,193,84,936
2023-11-10,yatap,4113510700,647,193,79,919
2023-11-11,yatap,4113510700,640,191,73,904
2023-11-12,yatap,4113510700,642,193,74,909
2023-11-13,yatap,4113510700,628,191,74,893
2023-11-14,yatap,4113510700,639,197,82,918
2023-11-15,yatap,4113510700,648,197,81,926
2023-11-16,yatap,4113510700,649,197,85,931
2023-11-17,yatap,4113510700,647,202,86,935
2023-11-18,yatap,4113510700,644,206,86,936
2023-11-19,yatap,4113510700,644,208,87,939
2023-11-21,yatap,4113510700,629,215,90,934
2023-11-22,yatap,4113510700,655,220,91,966
2023-11-23,yatap,4113510700,644,222,96,962
2023-11-24,yatap,4113510700,651,221,94,966
2023-11-25,yatap,4113510700,650,224,99,973
2023-11-26,yatap,4113510700,643,221,100,964
2023-11-27,yatap,4113510700,641,221,100,962
2023-11-28,yatap,4113510700,654,219,99,972
2023-11-29,yatap,4113510700,657,224,100,981
2023-11-30,yatap,4113510700,655,225,103,983
2023-12-01,yatap,4113510700,653,223,104,980
2023-12-02,yatap,4113510700,656,228,108,992
2023-12-03,yatap,4113510700,663,232,106,1001
2023-12-04,yatap,4113510700,655,232,105,992
2023-12-05,yatap,4113510700,645,218,100,963
2023-12-06,yatap,4113510700,662,227,94,983
2023-12-07,yatap,4113510700,666,233,99,998
2023-12-08,yatap,4113510700,668,235,93,996
2023-12-09,yatap,4113510700,668,238,92,998
2023-12-10,yatap,4113510700,667,236,91,994
2023-12-11,yatap,4113510700,653,231,89,973
2023-12-12,yatap,4113510700,657,231,85,973
2023-12-13,yatap,4113510700,672,236,83,991
2023-12-14,yatap,4113510700,668,231,84,983
2023-12-15,yatap,4113510700,668,237,80,985
2023-12-16,yatap,4113510700,656,240,83,979
2023-12-17,yatap,4113510700,660,232,82,974
2023-12-18,yatap,4113510700,652,230,81,963
2023-12-19,yatap,4113510700,643,221,82,946
2023-12-20,yatap,4113510700,651,234,82,967
2023-12-21,yatap,4113510700,650,232,87,969
2023-12-22,yatap,4113510700,634,234,88,956
2023-12-23,yatap,4113510700,636,225,88,949
2023-12-25,yatap,4113510700,622,227,88,937
2023-12-26,yatap,4113510700,622,224,88,934
2023-12-27,yatap,4113510700,651,226,88,965
2023-12-28,yatap,4113510700,644,227,88,959
2023-12-29,yatap,4113510700,643,227,89,959
2023-12-30,yatap,4113510700,632,222,81,935
2023-12-31,yatap,4113510700,634,230,82,946
2024-01-01,yatap,4113510700,624,228,80,932
2024-01-02,yatap,4113510700,609,224,80,913
2024-01-03,yatap,4113510700,615,224,82,921
2024-01-04,yatap,4113510700,629,222,87,938
2024-01-05,yatap,4113510700,626,219,87,932
2024-01-06,yatap,4113510700,632,222,87,941
2024-01-07,yatap,4113510700,644,221,86,951
2024-01-08,yatap,4113510700,633,219,86,938
2024-01-09,yatap,4113510700,650,222,82,954
2024-01-10,yatap,4113510700,653,220,82,955
2024-01-11,yatap,4113510700,645,217,77,939
2024-01-12,yatap,4113510700,652,217,76,945
2024-01-13,yatap,4113510700,658,220,72,950
2024-01-14,yatap,4113510700,645,220,71,936
2024-01-15,yatap,4113510700,635,216,70,921
2024-01-16,yatap,4113510700,637,220,75,932
2024-01-17,yatap,4113510700,649,236,81,966
2024-01-18,yatap,4113510700,647,238,83,968
2024-01-19,yatap,4113510700,654,238,84,976
2024-01-20,yatap,4113510700,654,249,84,987
2024-01-21,yatap,4113510700,649,247,82,978
2024-01-22,yatap,4113510700,630,245,80,955
2024-01-23,yatap,4113510700,652,247,83,982
2024-01-24,yatap,4113510700,651,251,82,984
2024-01-25,yatap,4113510700,662,251,85,998
2024-01-26,yatap,4113510700,628,248,90,966
2024-01-27,yatap,4113510700,636,243,85,964
2024-01-28,yatap,4113510700,633,246,82,961
2024-01-29,yatap,4113510700,628,243,82,953
2024-01-30,yatap,4113510700,641,246,79,966
2024-01-31,yatap,4113510700,648,248,78,974
2024-02-01,yatap,4113510700,648,247,79,974
2024-02-02,yatap,4113510700,653,247,78,978
2024-02-03,yatap,4113510700,640,240,71,951
2024-02-04,yatap,4113510700,636,239,70,945
2024-02-05,yatap,4113510700,629,237,70,936
2024-02-06,yatap,4113510700,631,242,69,942
2024-02-07,yatap,4113510700,641,233,69,943
2024-02-08,yatap,4113510700,646,231,70,947
2024-02-09,yatap,4113510700,647,227,73,947
2024-02-10,yatap,4113510700,641,225,73,939
2024-02-12,yatap,4113510700,616,221,72,909
2024-02-13,yatap,4113510700,615,221,72,908
2024-02-14,yatap,4113510700,632,223,76,931
2024-02-15,yatap,4113510700,647,218,73,938
2024-02-16,yatap,4113510700,634,208,70,912
2024-02-17,yatap,4113510700,643,203,71,917
2024-02-18,yatap,4113510700,647,197,66,910
2024-02-19,yatap,4113510700,638,195,66,899
2024-02-20,yatap,4113510700,642,195,67,904
2024-02-21,yatap,4113510700,656,199,69,924
2024-02-22,yatap,4113510700,656,192,69,917
2024-02-23,yatap,4113510700,666,191,63,920
2024-02-24,yatap,4113510700,667,188,64,919
2024-02-25,yatap,4113510700,663,191,64,918
2024-02-26,yatap,4113510700,654,191,64,909
2024-02-27,yatap,4113510700,654,193,65,912
2024-02-28,yatap,4113510700,667,191,66,924
2024-03-01,yatap,4113510700,668,183,72,923
2024-03-02,yatap,4113510700,664,174,71,909
2024-03-03,yatap,4113510700,668,186,73,927
2024-03-04,yatap,4113510700,655,185,73,913
2024-03-05,yatap,4113510700,654,181,69,904
2024-03-06,yatap,4113510700,667,183,68,918
2024-03-07,yatap,4113510700,669,183,72,924
2024-03-08,yatap,4113510700,653,178,70,901
2024-03-09,yatap,4113510700,674,176,67,917
2024-03-10,yatap,4113510700,672,179,68,919
2024-03-11,yatap,4113510700,671,178,67,916
2024-03-12,yatap,4113510700,683,173,67,923
2024-03-13,yatap,4113510700,692,177,70,939
2024-03-14,yatap,4113510700,713,176,67,956
2024-03-15,yatap,4113510700,713,172,71,956
2024-03-16,yatap,4113510700,695,167,75,937
2024-03-17,yatap,4113510700,713,159,69,941
2024-03-18,yatap,4113510700,699,153,67,919
2024-03-19,yatap,4113510700,707,145,73,925
2024-03-20,yatap,4113510700,712,149,72,933
2024-03-21,yatap,4113510700,710,149,76,935
2024-03-22,yatap,4113510700,704,139,77,920
2024-03-23,yatap,4113510700,709,143,77,929
2024-03-24,yatap,4113510700,706,141,76,923
2024-03-25,yatap,4113510700,695,140,75,910
2024-03-26,yatap,4113510700,711,144,75,930
2024-03-27,yatap,4113510700,718,150,76,944
2024-03-28,yatap,4113510700,718,149,77,944
2024-03-29,yatap,4113510700,710,152,80,942
2024-03-30,yatap,4113510700,708,156,79,943
2024-03-31,yatap,4113510700,698,155,80,933
2024-04-01,yatap,4113510700,694,154,80,928
2024-04-02,yatap,4113510700,693,155,78,926
2024-04-03,yatap,4113510700,704,162,72,938
2024-04-04,yatap,4113510700,706,160,70,936
2024-04-05,yatap,4113510700,709,158,67,934
2024-04-06,yatap,4113510700,693,155,68,916
2024-04-07,yatap,4113510700,707,151,71,929
2024-04-08,yatap,4113510700,675,149,71,895
2024-04-09,yatap,4113510700,697,144,72,913
2024-04-10,yatap,4113510700,709,150,69,928
2024-04-11,yatap,4113510700,701,144,68,913
2024-04-12,yatap,4113510700,703,146,72,921
2024-04-13,yatap,4113510700,689,149,69,907
2024-04-14,yatap,4113510700,686,150,70,906
2024-04-15,yatap,4113510700,674,148,69,891
2024-04-16,yatap,4113510700,682,146,69,897
2024-04-17,yatap,4113510700,689,147,73,909
2024-04-18,yatap,4113510700,681,149,74,904
2024-04-19,yatap,4113510700,685,151,72,908
2024-04-20,yatap,4113510700,682,154,72,908
2024-04-21,yatap,4113510700,679,157,72,908
2024-04-22,yatap,4113510700,668,154,71,893
2024-04-23,yatap,4113510700,682,155,69,906
2024-04-24,yatap,4113510700,690,153,74,917
2024-04-25,yatap,4113510700,689,152,75,916
2024-04-26,yatap,4113510700,684,148,76,908
2024-04-27,yatap,4113510700,679,147,77,903
2024-04-28,yatap,4113510700,674,147,76,897
2024-04-29,yatap,4113510700,663,146,75,884
2024-04-30,yatap,4113510700,685,134,71,890
2024-05-01,yatap,4113510700,688,127,69,884
2024-05-02,yatap,4113510700,670,120,63,853
2024-05-03,yatap,4113510700,671,120,66,857
2024-05-04,yatap,4113510700,680,119,66,865
2024-05-05,yatap,4113510700,678,123,70,871
2024-05-06,yatap,4113510700,669,123,70,862
2024-05-07,yatap,4113510700,653,120,69,842
2024-05-08,yatap,4113510700,677,127,72,876
2024-05-09,yatap,4113510700,677,137,71,885
2024-05-10,yatap,4113510700,686,130,69,885
2024-05-11,yatap,4113510700,698,123,68,889
2024-05-12,yatap,4113510700,692,123,67,882
2024-05-13,yatap,4113510700,688,122,65,875
2024-05-14,yatap,4113510700,700,123,64,887
2024-05-15,yatap,4113510700,701,125,68,894
2024-05-16,yatap,4113510700,680,118,66,864
2024-05-17,yatap,4113510700,693,121,66,880
2024-05-18,yatap,4113510700,696,121,64,881
2024-05-19,yatap,4113510700,702,119,64,885
2024-05-20,yatap,4113510700,691,119,64,874
2024-05-21,yatap,4113510700,693,118,70,881
2024-05-22,yatap,4113510700,701,120,72,893
2024-05-23,yatap,4113510700,705,124,74,903
2024-05-24,yatap,4113510700,702,126,73,901
2024-05-25,yatap,4113510700,705,124,75,904
2024-05-26,yatap,4113510700,701,123,76,900
2024-05-27,yatap,4113510700,695,122,76,893
2024-05-28,yatap,4113510700,716,130,78,924
2024-05-29,yatap,4113510700,715,127,78,920
2024-05-30,yatap,4113510700,710,139,81,930
2024-05-31,yatap,4113510700,703,144,80,927
2024-06-01,yatap,4113510700,703,143,80,926
2024-06-02,yatap,4113510700,694,139,76,909
2024-06-03,yatap,4113510700,677,139,75,891
2024-06-04,yatap,4113510700,675,133,76,884
2024-06-05,yatap,4113510700,686,134,77,897
2024-06-06,yatap,4113510700,694,141,82,917
2024-06-07,yatap,4113510700,675,141,79,895
2024-06-08,yatap,4113510700,680,143,82,905
2024-06-09,yatap,4113510700,669,141,83,893
2024-06-10,yatap,4113510700,641,141,80,862
2024-06-11,yatap,4113510700,668,142,77,887
2024-06-12,yatap,4113510700,671,144,82,897
2024-06-13,yatap,4113510700,674,138,81,893
2024-06-14,yatap,4113510700,680,137,84,901
2024-06-15,yatap,4113510700,686,138,80,904
2024-06-16,yatap,4113510700,672,134,76,882
2024-06-17,yatap,4113510700,653,131,75,859
2024-06-18,yatap,4113510700,658,131,76,865
2024-06-19,yatap,4113510700,671,126,73,870
2024-06-20,yatap,4113510700,661,131,72,864
2024-06-21,yatap,4113510700,658,129,68,855
2024-06-23,yatap,4113510700,669,135,71,875
2024-06-24,yatap,4113510700,655,134,69,858
2024-06-25,yatap,4113510700,665,136,69,870
2024-06-26,yatap,4113510700,670,146,73,889
2024-06-27,yatap,4113510700,665,143,72,880
2024-06-28,yatap,4113510700,666,147,74,887
2024-06-29,yatap,4113510700,661,147,75,883
2024-06-30,yatap,4113510700,665,148,73,886
2024-07-01,yatap,4113510700,650,148,72,870
2024-07-02,yatap,4113510700,653,148,76,877
2024-07-03,yatap,4113510700,663,150,74,887
2024-07-04,yatap,4113510700,649,152,74,875
2024-07-05,yatap,4113510700,631,147,78,856
2024-07-06,yatap,4113510700,637,146,79,862
2024-07-07,yatap,4113510700,641,150,78,869
2024-07-08,yatap,4113510700,630,149,78,857
2024-07-09,yatap,4113510700,638,151,75,864
2024-07-10,yatap,4113510700,640,150,74,864
2024-07-11,yatap,4113510700,630,151,71,852
2024-07-12,yatap,4113510700,627,151,68,846
2024-07-13,yatap,4113510700,626,146,68,840
2024-07-14,yatap,4113510700,623,146,67,836
2024-07-15,yatap,4113510700,615,146,67,828
2024-07-16,yatap,4113510700,618,150,65,833
2024-07-17,yatap,4113510700,625,151,67,843
2024-07-18,yatap,4113510700,617,143,70,830
2024-07-19,yatap,4113510700,624,142,70,836
2024-07-20,yatap,4113510700,633,146,70,849
2024-07-21,yatap,4113510700,630,143,70,843
2024-07-22,yatap,4113510700,616,140,68,824
2024-07-23,yatap,4113510700,627,140,68,835
2024-07-24,yatap,4113510700,629,141,68,838
2024-07-25,yatap,4113510700,630,143,67,840
2024-07-26,yatap,4113510700,610,140,58,808
2024-07-27,yatap,4113510700,601,140,61,802
2024-07-28,yatap,4113510700,596,138,62,796
2024-07-29,yatap,4113510700,583,137,62,782
2024-07-30,yatap,4113510700,582,142,67,791
2024-07-31,yatap,4113510700,583,139,71,793
2024-08-01,yatap,4113510700,578,146,68,792
2024-08-02,yatap,4113510700,564,145,68,777
2024-08-03,yatap,4113510700,562,146,68,776
2024-08-04,yatap,4113510700,554,146,68,768
2024-08-05,yatap,4113510700,539,145,68,752
2024-08-06,yatap,4113510700,540,143,67,750
2024-08-07,yatap,4113510700,568,149,64,781
2024-08-08,yatap,4113510700,569,153,67,789
2024-08-09,yatap,4113510700,573,155,67,795
2024-08-10,yatap,4113510700,567,151,68,786
2024-08-11,yatap,4113510700,562,153,67,782
2024-08-12,yatap,4113510700,549,152,66,767
2024-08-13,yatap,4113510700,556,152,65,773
2024-08-14,yatap,4113510700,567,150,69,786
2024-08-15,yatap,4113510700,572,151,71,794
2024-08-16,yatap,4113510700,561,147,65,773
2024-08-17,yatap,4113510700,576,154,65,795
2024-08-18,yatap,4113510700,565,156,65,786
2024-08-19,yatap,4113510700,550,153,65,768
2024-08-20,yatap,4113510700,552,141,62,755
2024-08-21,yatap,4113510700,554,140,64,758
2024-08-22,yatap,4113510700,552,139,67,758
2024-08-23,yatap,4113510700,558,139,72,769
2024-08-24,yatap,4113510700,546,140,73,759
2024-08-25,yatap,4113510700,542,141,74,757
2024-08-26,yatap,4113510700,525,136,72,733
2024-08-27,yatap,4113510700,537,141,72,750
2024-08-28,yatap,4113510700,553,143,80,776
2024-08-29,yatap,4113510700,548,152,82,782
2024-08-30,yatap,4113510700,553,157,86,796
2024-08-31,yatap,4113510700,548,163,87,798
2024-09-01,yatap,4113510700,555,165,86,806
2024-09-02,yatap,4113510700,554,163,86,803
2024-09-03,yatap,4113510700,552,166,87,805
2024-09-04,yatap,4113510700,563,166,86,815
2024-09-05,yatap,4113510700,565,166,76,807
2024-09-06,yatap,4113510700,545,163,75,783
2024-09-07,yatap,4113510700,558,165,75,798
2024-09-08,yatap,4113510700,551,165,77,793
2024-09-09,yatap,4113510700,547,164,77,788
2024-09-10,yatap,4113510700,556,169,80,805
2024-09-11,yatap,4113510700,558,171,81,810
2024-09-12,yatap,4113510700,570,174,86,830
2024-09-13,yatap,4113510700,566,173,88,827
2024-09-14,yatap,4113510700,570,172,86,828
2024-09-15,yatap,4113510700,566,170,86,822
2024-09-16,yatap,4113510700,565,169,86,820
2024-09-17,yatap,4113510700,559,169,86,814
2024-09-18,yatap,4113510700,558,169,86,813
2024-09-19,yatap,4113510700,553,169,86,808
2024-09-20,yatap,4113510700,563,176,83,822
2024-09-21,yatap,4113510700,558,182,86,826
2024-09-22,yatap,4113510700,554,184,82,820
2024-09-23,yatap,4113510700,539,183,82,804
2024-09-24,yatap,4113510700,553,187,80,820
2024-09-25,yatap,4113510700,562,199,80,841
2024-09-26,yatap,4113510700,565,194,79,838
2024-09-27,yatap,4113510700,576,194,75,845
2024-09-28,yatap,4113510700,571,197,78,846
2024-09-29,yatap,4113510700,558,196,77,831
2024-09-30,yatap,4113510700,552,194,77,823
2024-10-01,yatap,4113510700,555,202,78,835
2024-10-02,yatap,4113510700,550,198,73,821
2024-10-03,yatap,4113510700,557,205,84,846
2024-10-04,yatap,4113510700,543,195,84,822
2024-10-05,yatap,4113510700,546,201,85,832
2024-10-06,yatap,4113510700,543,199,83,825
2024-10-07,yatap,4113510700,523,198,80,801
2024-10-08,yatap,4113510700,534,187,77,798
2024-10-09,yatap,4113510700,548,194,83,825
2024-10-10,yatap,4113510700,537,192,78,807
2024-10-11,yatap,4113510700,542,198,79,819
2024-10-12,yatap,4113510700,538,212,76,826
2024-10-13,yatap,4113510700,534,213,76,823
2024-10-14,yatap,4113510700,524,211,76,811
2024-10-16,yatap,4113510700,550,207,81,838
2024-10-17,yatap,4113510700,559,207,79,845
2024-10-18,yatap,4113510700,562,205,82,849
2024-10-19,yatap,4113510700,566,206,85,857
2024-10-20,yatap,4113510700,550,210,80,840
2024-10-21,yatap,4113510700,536,202,79,817
2024-10-22,yatap,4113510700,551,197,81,829
2024-10-23,yatap,4113510700,571,201,90,862
2024-10-24,yatap,4113510700,560,197,95,852
2024-10-25,yatap,4113510700,566,194,92,852
2024-10-26,yatap,4113510700,566,194,91,851
2024-10-27,yatap,4113510700,554,190,89,833
2024-10-28,yatap,4113510700,546,188,88,822
2024-10-29,yatap,4113510700,550,191,84,825
2024-10-30,yatap,4113510700,562,194,82,838
2024-10-31,yatap,4113510700,561,189,81,831
2024-11-01,yatap,4113510700,572,188,84,844
2024-11-02,yatap,4113510700,564,186,83,833
2024-11-03,yatap,4113510700,556,178,82,816
2024-11-04,yatap,4113510700,548,176,82,806
2024-11-05,yatap,4113510700,557,177,84,818
2024-11-06,yatap,4113510700,562,179,86,827
2024-11-07,yatap,4113510700,550,180,87,817
2024-11-08,yatap,4113510700,572,189,89,850
2024-11-09,yatap,4113510700,575,192,93,860
2024-11-10,yatap,4113510700,560,190,92,842
2024-11-11,yatap,4113510700,554,189,91,834
2024-11-12,yatap,4113510700,551,185,95,831
2024-11-13,yatap,4113510700,564,179,91,834
2024-11-14,yatap,4113510700,563,175,96,834
2024-11-15,yatap,4113510700,572,183,92,847
2024-11-16,yatap,4113510700,570,180,84,834
2024-11-17,yatap,4113510700,575,177,86,838
2024-11-18,yatap,4113510700,571,177,85,833
2024-11-19,yatap,4113510700,575,179,89,843
2024-11-20,yatap,4113510700,581,175,94,850
2024-11-21,yatap,4113510700,574,176,89,839
2024-11-22,yatap,4113510700,578,178,89,845
2024-11-23,yatap,4113510700,577,181,90,848
2024-11-24,yatap,4113510700,568,181,89,838
2024-11-25,yatap,4113510700,565,181,89,835
2024-11-26,yatap,4113510700,585,180,87,852
2024-11-27,yatap,4113510700,589,183,92,864
2024-11-28,yatap,4113510700,579,189,88,856
2024-11-29,yatap,4113510700,569,185,87,841
2024-11-30,yatap,4113510700,558,184,88,830
2024-12-01,yatap,4113510700,549,183,87,819
2024-12-02,yatap,4113510700,538,180,86,804
2024-12-03,yatap,4113510700,556,186,86,828
2024-12-04,yatap,4113510700,571,190,82,843
2024-12-05,yatap,4113510700,567,199,87,853
2024-12-06,yatap,4113510700,570,198,90,858
2024-12-07,yatap,4113510700,573,196,85,854
2024-12-08,yatap,4113510700,567,199,86,852
2024-12-09,yatap,4113510700,563,198,85,846
2024-12-10,yatap,4113510700,565,196,84,845
2024-12-11,yatap,4113510700,579,194,83,856
2024-12-12,yatap,4113510700,576,190,82,848
2024-12-13,yatap,4113510700,576,188,83,847
2024-12-14,yatap,4113510700,563,186,85,834
2024-12-15,yatap,4113510700,553,185,84,822
2024-12-16,yatap,4113510700,540,183,83,806
2024-12-17,yatap,4113510700,561,191,78,830
2024-12-19,yatap,4113510700,568,194,80,842
2024-12-20,yatap,4113510700,578,193,81,852
2024-12-21,yatap,4113510700,584,192,82,858
2024-12-22,yatap,4113510700,577,190,80,847
2024-12-23,yatap,4113510700,570,189,77,836
2024-12-24,yatap,4113510700,583,188,78,849
2024-12-25,yatap,4113510700,579,185,75,839
2024-12-26,yatap,4113510700,563,185,74,822
2024-12-27,yatap,4113510700,571,185,71,827
2024-12-28,yatap,4113510700,577,186,74,837
2024-12-29,yatap,4113510700,575,186,74,835
2024-12-30,yatap,4113510700,561,186,74,821
2024-12-31,yatap,4113510700,577,185,73,835
2025-01-01,yatap,4113510700,593,184,73,850
2025-01-02,yatap,4113510700,575,179,73,827
2025-01-03,yatap,4113510700,583,183,76,842
2025-01-04,yatap,4113510700,578,188,75,841
2025-01-05,yatap,4113510700,577,192,76,845
2025-01-06,yatap,4113510700,565,191,73,829
2025-01-07,yatap,4113510700,568,190,71,829
2025-01-08,yatap,4113510700,584,193,73,850
2025-01-09,yatap,4113510700,577,194,71,842
2025-01-10,yatap,4113510700,578,195,67,840
2025-01-11,yatap,4113510700,580,198,70,848
2025-01-12,yatap,4113510700,574,198,67,839
2025-01-13,yatap,4113510700,569,196,65,830
2025-01-14,yatap,4113510700,580,195,63,838
2025-01-15,yatap,4113510700,591,195,69,855
2025-01-16,yatap,4113510700,583,194,70,847
2025-01-17,yatap,4113510700,591,189,69,849
2025-01-18,yatap,4113510700,592,196,71,859
2025-01-19,yatap,4113510700,574,187,66,827
2025-01-20,yatap,4113510700,562,186,66,814
2025-01-21,yatap,4113510700,579,181,70,830
2025-01-22,yatap,4113510700,591,178,72,841
2025-01-23,yatap,4113510700,591,177,72,840
2025-01-24,yatap,4113510700,593,173,75,841
2025-01-25,yatap,4113510700,602,175,76,853
2025-01-26,yatap,4113510700,593,174,74,841
2025-01-27,yatap,4113510700,585,173,74,832
2025-01-28,yatap,4113510700,585,173,74,832
2025-01-29,yatap,4113510700,585,173,74,832
2025-01-30,yatap,4113510700,579,171,74,824
2025-01-31,yatap,4113510700,571,169,74,814
2025-02-01,yatap,4113510700,561,157,69,787
2025-02-02,yatap,4113510700,537,147,63,747
2025-02-03,yatap,4113510700,524,144,62,730
2025-02-04,yatap,4113510700,522,145,64,731
2025-02-05,yatap,4113510700,547,150,63,760
2025-02-06,yatap,4113510700,573,163,65,801
2025-02-07,yatap,4113510700,582,164,62,808
2025-02-08,yatap,4113510700,596,168,58,822
2025-02-09,yatap,4113510700,582,170,58,810
2025-02-10,yatap,4113510700,568,166,56,790
2025-02-11,yatap,4113510700,587,175,57,819
2025-02-12,yatap,4113510700,601,173,58,832
2025-02-13,yatap,4113510700,595,163,56,814
2025-02-14,yatap,4113510700,603,158,55,816
2025-02-15,yatap,4113510700,614,164,57,835
2025-02-16,yatap,4113510700,599,162,55,816
2025-02-17,yatap,4113510700,597,160,53,810
2025-02-18,yatap,4113510700,617,162,49,828
2025-02-19,yatap,4113510700,626,168,45,839
2025-02-20,yatap,4113510700,619,163,38,820
2025-02-21,yatap,4113510700,631,165,40,836
2025-02-22,yatap,4113510700,641,158,39,838
2025-02-23,yatap,4113510700,636,156,38,830
2025-02-24,yatap,4113510700,622,156,37,815
2025-02-25,yatap,4113510700,637,167,41,845
2025-02-26,yatap,4113510700,634,170,42,846
2025-02-27,yatap,4113510700,637,177,43,857
2025-02-28,yatap,4113510700,643,174,41,858
2025-03-01,yatap,4113510700,647,173,43,863
2025-03-02,yatap,4113510700,647,173,42,862
2025-03-03,yatap,4113510700,644,173,42,859
2025-03-04,yatap,4113510700,637,166,41,844
2025-03-05,yatap,4113510700,639,169,45,853
2025-03-06,yatap,4113510700,635,169,48,852
2025-03-07,yatap,4113510700,629,171,47,847
2025-03-08,yatap,4113510700,622,179,50,851
2025-03-09,yatap,4113510700,624,182,49,855
2025-03-10,yatap,4113510700,615,181,49,845
2025-03-11,yatap,4113510700,634,185,49,868
2025-03-12,yatap,4113510700,651,178,50,879
2025-03-13,yatap,4113510700,645,178,57,880
2025-03-14,yatap,4113510700,653,174,60,887
2025-03-15,yatap,4113510700,664,165,59,888
2025-03-16,yatap,4113510700,657,161,59,877
2025-03-17,yatap,4113510700,648,156,57,861
2025-03-18,yatap,4113510700,646,145,59,850
2025-03-19,yatap,4113510700,652,135,65,852
2025-03-20,yatap,4113510700,642,137,64,843
2025-03-21,yatap,4113510700,651,137,59,847
2025-03-24,yatap,4113510700,629,136,52,817
2025-03-25,yatap,4113510700,635,139,51,825
2025-03-26,yatap,4113510700,646,136,55,837
2025-03-27,yatap,4113510700,634,137,55,826
2025-03-28,yatap,4113510700,636,132,54,822
2025-03-29,yatap,4113510700,639,142,58,839
2025-03-30,yatap,4113510700,641,141,58,840
2025-03-31,yatap,4113510700,635,141,58,834
2025-04-01,yatap,4113510700,642,147,59,848
2025-04-02,yatap,4113510700,649,146,59,854
2025-04-03,yatap,4113510700,654,153,55,862
2025-04-04,yatap,4113510700,645,154,52,851
2025-04-05,yatap,4113510700,645,151,53,849
2025-04-06,yatap,4113510700,646,153,51,850
2025-04-07,yatap,4113510700,633,149,51,833
2025-04-08,yatap,4113510700,643,135,53,831
2025-04-09,yatap,4113510700,647,143,53,843
2025-04-10,yatap,4113510700,631,143,52,826
2025-04-11,yatap,4113510700,622,143,51,816
2025-04-12,yatap,4113510700,632,149,49,830
2025-04-13,yatap,4113510700,617,150,48,815
2025-04-14,yatap,4113510700,603,150,48,801
2025-04-15,yatap,4113510700,634,145,51,830
2025-04-16,yatap,4113510700,637,146,54,837
2025-04-17,yatap,4113510700,633,142,53,828
2025-04-18,yatap,4113510700,626,144,53,823
2025-04-19,yatap,4113510700,624,141,56,821
2025-04-20,yatap,4113510700,625,136,57,818
2025-04-21,yatap,4113510700,618,135,57,810
2025-04-22,yatap,4113510700,637,131,58,826
2025-04-23,yatap,4113510700,636,131,59,826
2025-04-24,yatap,4113510700,621,130,66,817
2025-04-25,yatap,4113510700,622,125,65,812
2025-04-26,yatap,4113510700,621,124,65,810
2025-04-27,yatap,4113510700,610,122,65,797
2025-04-28,yatap,4113510700,601,122,62,785
2025-04-29,yatap,4113510700,618,120,65,803
2025-04-30,yatap,4113510700,622,127,69,818
2025-05-01,yatap,4113510700,616,128,70,814
2025-05-02,yatap,4113510700,607,123,66,796
2025-05-03,yatap,4113510700,612,126,69,807
2025-05-04,yatap,4113510700,609,124,68,801
2025-05-05,yatap,4113510700,601,123,67,791
2025-05-06,yatap,4113510700,599,123,67,789
2025-05-07,yatap,4113510700,594,121,64,779
2025-05-08,yatap,4113510700,593,121,65,779
2025-05-09,yatap,4113510700,615,126,62,803
2025-05-10,yatap,4113510700,617,132,66,815
2025-05-11,yatap,4113510700,612,129,66,807
2025-05-12,yatap,4113510700,602,129,66,797
2025-05-13,yatap,4113510700,612,135,65,812
2025-05-14,yatap,4113510700,622,140,65,827
2025-05-15,yatap,4113510700,605,136,68,809
2025-05-16,yatap,4113510700,618,136,71,825
2025-05-17,yatap,4113510700,616,132,70,818
2025-05-18,yatap,4113510700,609,131,69,809
2025-05-19,yatap,4113510700,604,130,68,802
2025-05-20,yatap,4113510700,603,136,71,810
2025-05-21,yatap,4113510700,594,142,73,809
2025-05-22,yatap,4113510700,585,139,75,799
2025-05-23,yatap,4113510700,588,140,71,799
2025-05-24,yatap,4113510700,583,135,69,787
2025-05-25,yatap,4113510700,569,134,69,772
2025-05-26,yatap,4113510700,567,134,69,770
2025-05-27,yatap,4113510700,574,140,73,787
2025-05-28,yatap,4113510700,581,142,74,797
2025-05-29,yatap,4113510700,561,145,75,781
2025-05-30,yatap,4113510700,567,138,71,776
2025-05-31,yatap,4113510700,563,140,71,774
2025-06-01,yatap,4113510700,562,140,71,773
2025-06-02,yatap,4113510700,553,139,70,762
2025-06-03,yatap,4113510700,557,134,67,758
2025-06-04,yatap,4113510700,547,128,64,739
2025-06-05,yatap,4113510700,558,128,67,753
2025-06-06,yatap,4113510700,543,129,68,740
2025-06-07,yatap,4113510700,511,127,61,699
2025-06-08,yatap,4113510700,514,126,70,710
2025-06-09,yatap,4113510700,508,123,69,700
2025-06-10,yatap,4113510700,511,127,70,708
2025-06-11,yatap,4113510700,514,130,71,715
2025-06-12,yatap,4113510700,514,130,69,713
2025-06-13,yatap,4113510700,509,136,69,714
2025-06-14,yatap,4113510700,509,144,68,721
2025-06-15,yatap,4113510700,502,146,69,717
2025-06-16,yatap,4113510700,499,146,69,714
2025-06-17,yatap,4113510700,487,152,71,710
2025-06-18,yatap,4113510700,502,166,72,740
2025-06-19,yatap,4113510700,497,163,74,734
2025-06-20,yatap,4113510700,485,158,69,712
2025-06-21,yatap,4113510700,481,163,67,711
2025-06-22,yatap,4113510700,465,158,67,690
2025-06-23,yatap,4113510700,456,159,67,682
2025-06-24,yatap,4113510700,456,157,67,680
2025-06-25,yatap,4113510700,448,157,72,677
2025-06-26,yatap,4113510700,425,156,69,650
2025-06-27,yatap,4113510700,425,156,68,649
2025-06-28,yatap,4113510700,424,150,72,646
2025-06-29,yatap,4113510700,419,150,72,641
2025-06-30,yatap,4113510700,418,150,71,639
2025-07-01,yatap,4113510700,420,150,72,642
2025-07-02,yatap,4113510700,431,150,74,655
2025-07-03,yatap,4113510700,428,146,72,646
2025-07-04,yatap,4113510700,438,145,76,659
2025-07-05,yatap,4113510700,442,146,77,665
2025-07-06,yatap,4113510700,446,151,76,673
2025-07-07,yatap,4113510700,444,151,76,671
2025-07-08,yatap,4113510700,436,154,78,668
2025-07-09,yatap,4113510700,435,145,83,663
2025-07-10,yatap,4113510700,428,139,83,650
2025-07-11,yatap,4113510700,426,139,83,648
2025-07-12,yatap,4113510700,433,132,81,646
2025-07-13,yatap,4113510700,423,133,79,635
2025-07-14,yatap,4113510700,414,133,79,626
2025-07-15,yatap,4113510700,429,127,78,634
2025-07-16,yatap,4113510700,438,130,74,642
2025-07-17,yatap,4113510700,440,132,73,645
2025-07-18,yatap,4113510700,445,135,69,649
2025-07-19,yatap,4113510700,447,129,72,648
2025-07-20,yatap,4113510700,444,130,71,645
2025-07-21,yatap,4113510700,435,129,70,634
2025-07-22,yatap,4113510700,448,127,67,642
2025-07-23,yatap,4113510700,458,120,69,647
2025-07-24,yatap,4113510700,454,112,67,633
2025-07-25,yatap,4113510700,462,115,65,642
2025-07-26,yatap,4113510700,468,120,67,655
2025-07-27,yatap,4113510700,461,119,69,649
2025-07-28,yatap,4113510700,458,118,66,642
2025-07-29,yatap,4113510700,457,118,66,641
2025-07-30,yatap,4113510700,469,122,66,657
2025-07-31,yatap,4113510700,462,120,71,653
2025-08-01,yatap,4113510700,469,116,71,656
2025-08-02,yatap,4113510700,466,116,71,653
2025-08-03,yatap,4113510700,462,116,71,649
2025-08-04,yatap,4113510700,457,116,70,643
2025-08-05,yatap,4113510700,455,115,67,637
2025-08-06,yatap,4113510700,456,117,67,640
2025-08-15,yatap,4113510700,457,144,79,680
2025-08-16,yatap,4113510700,449,137,77,663
2025-08-17,yatap,4113510700,461,136,81,678
2025-08-18,yatap,4113510700,459,133,78,670
2025-08-19,yatap,4113510700,466,130,80,676
2025-08-20,yatap,4113510700,474,130,79,683
2025-08-21,yatap,4113510700,465,132,78,675
2025-08-22,yatap,4113510700,459,127,80,666
2025-08-23,yatap,4113510700,459,129,86,674
2025-08-24,yatap,4113510700,455,125,87,667
2025-08-27,yatap,4113510700,465,125,83,673
2025-08-28,yatap,4113510700,456,118,82,656
2025-08-29,yatap,4113510700,454,119,82,655
2025-08-30,yatap,4113510700,448,112,85,645
2025-08-31,yatap,4113510700,439,112,84,635
2025-09-01,yatap,4113510700,440,105,87,632
2025-09-02,yatap,4113510700,438,108,88,634
2025-09-03,yatap,4113510700,431,103,86,620
2025-09-04,yatap,4113510700,432,100,86,618
2025-09-05,yatap,4113510700,429,98,91,618
2025-09-06,yatap,4113510700,428,96,91,615
2025-09-09,yatap,4113510700,417,86,93,596
2025-09-10,yatap,4113510700,426,91,94,611
2025-09-11,yatap,4113510700,412,90,97,599
2025-09-12,yatap,4113510700,411,87,91,589
2025-09-15,yatap,4113510700,402,89,89,580
2025-09-16,yatap,4113510700,381,90,92,563
2025-09-17,yatap,4113510700,392,102,94,588
2025-09-18,yatap,4113510700,394,105,95,594
2025-09-19,yatap,4113510700,389,106,94,589
2025-09-20,yatap,4113510700,371,107,86,564
2025-09-21,yatap,4113510700,359,100,86,545
2025-09-22,yatap,4113510700,352,97,81,530
2025-09-23,yatap,4113510700,340,90,84,514
2025-09-24,yatap,4113510700,345,90,87,522
2025-09-25,yatap,4113510700,327,88,88,503
2025-09-26,yatap,4113510700,307,91,84,482
2025-09-27,yatap,4113510700,289,91,87,467
2025-09-28,yatap,4113510700,289,91,86,466
2025-09-29,yatap,4113510700,287,90,86,463
2025-09-30,yatap,4113510700,283,99,85,467
2025-10-01,yatap,4113510700,274,101,90,465
2025-10-02,yatap,4113510700,241,103,96,440
2025-10-03,yatap,4113510700,236,93,95,424
2025-10-04,yatap,4113510700,234,90,93,417
2025-10-07,yatap,4113510700,237,90,90,417
2025-10-08,yatap,4113510700,237,91,90,418
2025-10-09,yatap,4113510700,231,91,89,411
2025-10-10,yatap,4113510700,230,90,89,409
2025-10-11,yatap,4113510700,240,96,91,427
2025-10-12,yatap,4113510700,241,97,92,430
2025-10-13,yatap,4113510700,236,97,92,425
2025-10-14,yatap,4113510700,244,103,93,440
2025-10-15,yatap,4113510700,257,111,96,464
2025-10-16,yatap,4113510700,265,117,88,470
2025-10-17,yatap,4113510700,269,121,85,475
2025-10-18,yatap,4113510700,273,119,84,476
2025-10-19,yatap,4113510700,274,122,84,480
2025-10-21,yatap,4113510700,223,118,73,414
2025-10-22,yatap,4113510700,226,127,87,440
2025-10-23,yatap,4113510700,223,136,88,447
2025-10-24,yatap,4113510700,236,134,88,458
2025-10-25,yatap,4113510700,235,134,88,457
2025-10-26,yatap,4113510700,232,132,87,451
2025-10-27,yatap,4113510700,230,132,87,449
2025-10-28,yatap,4113510700,233,122,86,441
2025-10-29,yatap,4113510700,238,119,85,442
2025-10-30,yatap,4113510700,239,120,85,444
2025-11-01,yatap,4113510700,238,122,87,447
2025-11-02,yatap,4113510700,234,126,85,445
2025-11-03,yatap,4113510700,234,125,85,444
2025-11-04,yatap,4113510700,232,123,91,446
2025-11-06,yatap,4113510700,241,129,100,470
2025-11-07,yatap,4113510700,242,128,97,467
2025-11-08,yatap,4113510700,243,126,102,471
2025-11-09,yatap,4113510700,242,126,102,470
2025-11-10,yatap,4113510700,237,124,101,462
2025-11-11,yatap,4113510700,236,125,99,460
2025-11-12,yatap,4113510700,241,118,106,465
2025-11-13,yatap,4113510700,235,115,110,460
2025-11-14,yatap,4113510700,228,117,109,454
2025-11-15,yatap,4113510700,232,116,107,455
2025-11-18,yatap,4113510700,225,114,106,445
2025-11-19,yatap,4113510700,223,114,105,442
2025-11-20,yatap,4113510700,225,120,104,449
2025-11-21,yatap,4113510700,225,125,103,453
2025-11-22,yatap,4113510700,223,115,102,440
2025-11-23,yatap,4113510700,217,112,103,432
2025-11-24,yatap,4113510700,216,110,103,429
2025-11-25,yatap,4113510700,221,112,102,435
2025-11-26,yatap,4113510700,229,111,107,447
2025-11-27,yatap,4113510700,227,106,105,438
2025-11-28,yatap,4113510700,225,105,100,430
2025-11-29,yatap,4113510700,224,101,98,423
2025-11-30,yatap,4113510700,224,101,99,424
2025-12-01,yatap,4113510700,220,100,96,416
2025-12-02,yatap,4113510700,221,105,95,421
2025-12-03,yatap,4113510700,224,113,93,430
2025-12-04,yatap,4113510700,226,116,95,437
2025-12-05,yatap,4113510700,223,116,97,436
2025-12-06,yatap,4113510700,222,116,94,432
2025-12-07,yatap,4113510700,219,119,90,428
2025-12-08,yatap,4113510700,221,118,86,425
2025-12-09,yatap,4113510700,221,117,85,423
2025-12-10,yatap,4113510700,221,124,85,430
2025-12-11,yatap,4113510700,215,125,84,424
2025-12-12,yatap,4113510700,217,122,87,426
2025-12-13,yatap,4113510700,214,122,88,424
2025-12-14,yatap,4113510700,211,121,93,425
2025-12-15,yatap,4113510700,208,121,92,421
2025-12-16,yatap,4113510700,211,124,97,432
2025-12-17,yatap,4113510700,213,121,99,433
2025-12-18,yatap,4113510700,212,120,96,428
2025-12-19,yatap,4113510700,217,118,94,429
2025-12-20,yatap,4113510700,220,118,94,432
2025-12-21,yatap,4113510700,215,122,93,430
2025-12-22,yatap,4113510700,213,122,92,427
2025-12-23,yatap,4113510700,208,123,88,419
2025-12-24,yatap,4113510700,209,130,92,431
2025-12-26,yatap,4113510700,209,134,92,435
2025-12-27,yatap,4113510700,209,132,92,433
2025-12-28,yatap,4113510700,205,132,91,428
2025-12-29,yatap,4113510700,201,132,90,423
2025-12-30,yatap,4113510700,189,128,87,404
2025-12-31,yatap,4113510700,192,136,85,413
2026-01-01,yatap,4113510700,190,131,80,401
2026-01-02,yatap,4113510700,189,129,79,397
2026-01-03,yatap,4113510700,186,129,76,391
2026-01-04,yatap,4113510700,184,131,73,388
2026-01-05,yatap,4113510700,182,129,72,383
2026-01-06,yatap,4113510700,174,130,68,372
2026-01-07,yatap,4113510700,173,128,70,371
2026-01-08,yatap,4113510700,179,119,67,365
2026-01-09,yatap,4113510700,185,116,64,365
2026-01-10,yatap,4113510700,186,123,67,376
2026-01-12,yatap,4113510700,180,122,63,365
2026-01-13,yatap,4113510700,184,126,62,372
2026-01-14,yatap,4113510700,189,126,64,379
2026-01-15,yatap,4113510700,185,126,63,374
2026-01-16,yatap,4113510700,187,124,64,375
2026-01-17,yatap,4113510700,187,123,63,373
2026-01-18,yatap,4113510700,184,119,64,367
2026-01-19,yatap,4113510700,178,119,64,361
2026-01-20,yatap,4113510700,187,111,64,362
2026-01-21,yatap,4113510700,193,110,66,369
2026-01-22,yatap,4113510700,190,116,71,377
2026-01-23,yatap,4113510700,191,114,70,375
2026-01-24,yatap,4113510700,202,113,72,387
2026-01-25,yatap,4113510700,205,114,72,391
2026-01-26,yatap,4113510700,200,114,70,384
2026-01-27,yatap,4113510700,220,115,63,398
2026-01-28,yatap,4113510700,235,112,67,414
2026-01-29,yatap,4113510700,231,109,70,410
2026-01-30,yatap,4113510700,235,108,64,407
2026-01-31,yatap,4113510700,239,108,63,410
2026-02-02,yatap,4113510700,240,107,62,409
2026-02-03,yatap,4113510700,249,98,65,412
2026-02-04,yatap,4113510700,256,81,61,398
2026-02-05,yatap,4113510700,257,84,56,397
2026-02-06,yatap,4113510700,272,86,58,416
2026-02-07,yatap,4113510700,281,80,53,414
2026-02-09,yatap,4113510700,293,70,52,415
2026-02-10,yatap,4113510700,306,71,50,427
2026-02-11,yatap,4113510700,318,68,53,439
2026-02-12,yatap,4113510700,344,59,46,449
2026-02-13,yatap,4113510700,365,49,45,459
2026-02-14,yatap,4113510700,380,50,46,476
2026-02-15,yatap,4113510700,374,50,46,470
2026-02-16,yatap,4113510700,373,49,45,467
2026-02-17,yatap,4113510700,369,49,45,463
2026-02-18,yatap,4113510700,369,49,45,463
2026-02-19,yatap,4113510700,363,47,45,455
2026-02-20,yatap,4113510700,379,44,47,470
2026-02-21,yatap,4113510700,398,40,47,485
2026-02-22,yatap,4113510700,414,37,53,504
2026-02-23,yatap,4113510700,406,36,53,495
2026-02-24,yatap,4113510700,438,39,52,529
2026-02-25,yatap,4113510700,452,39,53,544
2026-02-26,yatap,4113510700,458,40,49,547
2026-02-27,yatap,4113510700,455,42,49,546
2026-02-28,yatap,4113510700,470,42,43,555
2026-03-02,yatap,4113510700,451,38,35,524
2026-03-03,yatap,4113510700,451,38,35,524
2026-03-04,yatap,4113510700,487,46,41,574
2026-03-05,yatap,4113510700,510,45,35,590
2026-03-06,yatap,4113510700,514,47,29,590
2026-03-07,yatap,4113510700,517,46,29,592
2026-03-08,yatap,4113510700,512,44,27,583
2026-03-09,yatap,4113510700,509,44,27,580
2026-03-10,yatap,4113510700,513,37,31,581
2026-03-11,yatap,4113510700,519,34,35,588
2026-03-12,yatap,4113510700,515,33,36,584
2026-03-13,yatap,4113510700,512,27,34,573
2026-03-14,yatap,4113510700,519,28,35,582
2026-03-15,yatap,4113510700,516,28,36,580
2026-03-16,yatap,4113510700,505,28,35,568
2026-03-17,yatap,4113510700,530,24,37,591
2026-03-18,yatap,4113510700,529,24,36,589
2026-03-19,yatap,4113510700,527,21,39,587
2026-03-20,yatap,4113510700,529,25,40,594
2026-03-21,yatap,4113510700,535,26,41,602
2026-03-23,yatap,4113510700,528,27,38,593
2026-03-24,yatap,4113510700,530,28,35,593
2026-03-25,yatap,4113510700,534,23,37,594
2026-03-26,yatap,4113510700,530,25,36,591
2026-03-27,yatap,4113510700,528,27,37,592
2026-03-28,yatap,4113510700,524,29,35,588
2026-03-29,yatap,4113510700,519,28,35,582
2026-03-30,yatap,4113510700,508,28,35,571
2026-03-31,yatap,4113510700,517,30,33,580
2026-04-01,yatap,4113510700,525,33,32,590
2026-04-02,yatap,4113510700,531,27,31,589
2026-04-03,yatap,4113510700,525,34,34,593
2026-04-04,yatap,4113510700,526,35,37,598
2026-04-05,yatap,4113510700,519,34,34,587
2026-04-06,yatap,4113510700,511,34,34,579
2026-04-07,yatap,4113510700,511,35,34,580
2026-04-08,yatap,4113510700,519,39,36,594
2026-04-09,yatap,4113510700,518,43,36,597
2026-04-10,yatap,4113510700,514,44,35,593
2026-04-11,yatap,4113510700,520,45,34,599
2026-04-12,yatap,4113510700,520,41,34,595
2026-04-13,yatap,4113510700,510,41,34,585
2026-04-14,yatap,4113510700,523,43,38,604
2026-04-15,yatap,4113510700,529,44,40,613
2026-04-16,yatap,4113510700,516,41,43,600
2026-04-17,yatap,4113510700,516,37,48,601
2026-04-18,yatap,4113510700,516,38,51,605
2026-04-19,yatap,4113510700,513,43,52,608
2026-04-20,yatap,4113510700,508,42,52,602
2026-04-21,yatap,4113510700,504,41,54,599
2026-04-22,yatap,4113510700,509,44,56,609
2026-04-23,yatap,4113510700,509,40,54,603
2026-04-24,yatap,4113510700,501,44,54,599
2026-04-25,yatap,4113510700,491,45,55,591
2026-04-26,yatap,4113510700,489,44,54,587
2026-04-27,yatap,4113510700,482,44,53,579
2026-04-28,yatap,4113510700,491,49,55,595
2026-04-29,yatap,4113510700,488,53,54,595
2026-04-30,yatap,4113510700,478,52,52,582
2026-05-01,yatap,4113510700,468,50,54,572
2026-05-02,yatap,4113510700,455,48,53,556
2026-05-04,yatap,4113510700,459,50,52,561
2026-05-05,yatap,4113510700,457,53,52,562
2026-05-06,yatap,4113510700,453,51,50,554
2026-05-07,yatap,4113510700,444,51,49,544
2026-05-08,yatap,4113510700,443,55,54,552
2026-05-09,yatap,4113510700,428,59,54,541
2026-05-10,yatap,4113510700,407,58,58,523
2026-05-11,yatap,4113510700,398,57,57,512
2026-05-12,yatap,4113510700,387,61,58,506
2026-05-13,yatap,4113510700,389,56,57,502
2026-05-14,yatap,4113510700,379,58,56,493
2026-05-15,yatap,4113510700,381,56,51,488
2026-05-16,yatap,4113510700,386,56,45,487
2026-05-17,yatap,4113510700,386,55,45,486
2026-05-18,yatap,4113510700,383,55,43,481
2026-05-19,yatap,4113510700,385,50,44,479
2026-05-20,yatap,4113510700,385,49,41,475
2026-05-21,yatap,4113510700,386,49,38,473
2026-05-22,yatap,4113510700,389,55,37,481
2026-05-23,yatap,4113510700,399,59,38,496
2026-05-24,yatap,4113510700,398,60,39,497
2026-05-25,yatap,4113510700,398,60,39,497
2026-05-26,yatap,4113510700,397,58,39,494
2026-05-27,yatap,4113510700,408,56,42,506
2026-05-28,yatap,4113510700,417,56,43,516
2026-05-29,yatap,4113510700,424,54,44,522
2026-05-30,yatap,4113510700,433,54,49,536
2026-05-31,yatap,4113510700,433,54,50,537
2026-06-01,yatap,4113510700,432,54,50,536
2026-06-02,yatap,4113510700,430,57,56,543
2026-06-03,yatap,4113510700,440,57,60,557
2026-06-04,yatap,4113510700,428,52,58,538
2026-06-05,yatap,4113510700,430,55,57,542
2026-06-06,yatap,4113510700,414,53,51,518
2026-06-07,yatap,4113510700,389,50,45,484
2026-06-08,yatap,4113510700,402,53,44,499
2026-06-09,yatap,4113510700,408,53,46,507
2026-06-10,yatap,4113510700,416,57,46,519
2026-06-11,yatap,4113510700,409,55,48,512
2026-06-12,yatap,4113510700,403,55,47,505
2026-06-13,yatap,4113510700,402,59,47,508
2026-06-14,yatap,4113510700,403,57,47,507
2026-06-15,yatap,4113510700,398,56,47,501
2026-06-16,yatap,4113510700,400,62,49,511
2026-06-17,yatap,4113510700,400,65,52,517
2026-06-18,yatap,4113510700,401,65,50,516
2026-06-20,yatap,4113510700,407,61,50,518
2026-06-21,yatap,4113510700,405,61,49,515
2026-06-22,yatap,4113510700,397,60,49,506
2026-06-23,yatap,4113510700,403,57,45,505
2026-06-24,yatap,4113510700,411,55,47,513
2026-06-25,yatap,4113510700,414,55,44,513
2026-06-26,yatap,4113510700,414,58,42,514
2026-06-27,yatap,4113510700,422,58,41,521
2026-06-28,yatap,4113510700,415,57,41,513
2026-06-29,yatap,4113510700,409,56,41,506
2026-06-30,yatap,4113510700,411,57,40,508
2026-07-01,yatap,4113510700,416,60,41,517
2026-07-02,yatap,4113510700,422,59,39,520
2026-07-03,yatap,4113510700,413,59,38,510
2026-07-04,yatap,4113510700,408,60,40,508
2026-07-05,yatap,4113510700,404,58,35,497
2026-07-06,yatap,4113510700,403,61,34,498
2026-07-07,yatap,4113510700,409,70,33,512
2026-07-08,yatap,4113510700,408,74,29,511
2026-07-09,yatap,4113510700,403,74,28,505
2026-07-10,yatap,4113510700,408,71,29,508
2026-07-11,yatap,4113510700,412,74,37,523
2026-07-12,yatap,4113510700,407,73,37,517
2026-07-13,yatap,4113510700,402,72,37,511
2026-07-14,yatap,4113510700,406,79,38,523
2026-07-17,yatap,4113510700,398,79,35,512
2026-07-18,yatap,4113510700,393,77,33,503
2026-07-19,yatap,4113510700,406,80,32,518
2026-07-20,yatap,4113510700,402,78,32,512
2026-07-21,yatap,4113510700,401,78,35,514
2026-07-23,yatap,4113510700,402,81,35,518
2026-07-24,yatap,4113510700,403,80,33,516
2026-07-25,yatap,4113510700,397,80,36,513
2026-07-26,yatap,4113510700,396,78,35,509
2026-07-27,yatap,4113510700,388,77,35,500
2026-07-28,yatap,4113510700,393,84,34,511
2026-07-29,yatap,4113510700,397,82,35,514
2026-07-30,yatap,4113510700,396,80,37,513
2026-07-31,yatap,4113510700,398,78,43,519
2026-08-01,yatap,4113510700,404,77,46,527
2026-08-02,yatap,4113510700,408,75,45,528
2026-08-03,yatap,4113510700,404,75,45,524
2026-08-04,yatap,4113510700,403,74,43,520
2026-08-05,yatap,4113510700,406,75,43,524
2026-08-06,yatap,4113510700,401,71,43,515
2026-08-07,yatap,4113510700,411,71,44,526
2026-08-08,yatap,4113510700,406,73,44,523
2026-08-09,yatap,4113510700,396,75,43,514
2026-08-10,yatap,4113510700,385,75,43,503
2026-08-11,yatap,4113510700,398,73,45,516
2026-08-12,yatap,4113510700,408,72,46,526
2026-08-14,yatap,4113510700,435,82,48,565
2026-08-15,yatap,4113510700,445,82,50,577
2026-08-16,yatap,4113510700,431,77,49,557
2026-08-17,yatap,4113510700,430,77,49,556
2026-08-18,yatap,4113510700,420,76,45,541
2026-08-19,yatap,4113510700,441,89,43,573
2026-08-20,yatap,4113510700,437,85,43,565
2026-08-21,yatap,4113510700,440,81,42,563
2026-08-22,yatap,4113510700,435,79,42,556
2026-08-23,yatap,4113510700,428,78,41,547
2026-08-25,yatap,4113510700,437,89,39,565
2026-08-26,yatap,4113510700,440,86,39,565
2026-08-27,yatap,4113510700,438,88,43,569
2026-08-28,yatap,4113510700,441,91,45,577
2026-08-29,yatap,4113510700,438,92,42,572
2026-08-30,yatap,4113510700,439,93,44,576
2026-08-31,yatap,4113510700,432,93,44,569
2026-09-01,yatap,4113510700,447,90,44,581
2026-09-03,yatap,4113510700,466,87,41,594
2026-09-04,yatap,4113510700,470,87,40,597
2026-09-05,yatap,4113510700,476,86,44,606
2026-09-06,yatap,4113510700,477,88,42,607
2026-09-07,yatap,4113510700,471,87,42,600
2026-09-09,yatap,4113510700,481,90,46,617
2026-09-11,yatap,4113510700,482,86,47,615
2026-09-12,yatap,4113510700,485,90,44,619
2026-09-13,yatap,4113510700,484,89,45,618
2026-09-14,yatap,4113510700,475,88,43,606
2026-09-15,yatap,4113510700,492,93,44,629
2026-09-16,yatap,4113510700,494,92,46,632
2026-09-17,yatap,4113510700,494,96,50,640
2026-09-18,yatap,4113510700,488,94,50,632
2026-09-19,yatap,4113510700,481,93,42,616
2026-09-21,yatap,4113510700,483,91,37,611
2026-09-22,yatap,4113510700,489,88,35,612
2026-09-23,yatap,4113510700,495,90,34,619
2026-09-24,yatap,4113510700,484,88,37,609
2026-09-25,yatap,4113510700,479,87,37,603
2026-09-27,yatap,4113510700,467,86,37,590
2026-09-28,yatap,4113510700,462,85,37,584
2026-09-29,yatap,4113510700,482,92,35,609
2026-09-30,yatap,4113510700,486,93,44,623
2026-10-01,yatap,4113510700,489,98,49,636
2026-10-02,yatap,4113510700,488,95,47,630
2026-10-03,yatap,4113510700,488,99,49,636
2026-10-04,yatap,4113510700,469,96,47,612
2026-10-05,yatap,4113510700,464,94,47,605
2026-10-06,yatap,4113510700,460,93,49,602
2026-10-07,yatap,4113510700,493,97,51,641
2023-09-01,yeosu,4113310600,107,5,4,116
2023-09-02,yeosu,4113310600,108,4,4,116
2023-09-03,yeosu,4113310600,111,4,4,119
2023-09-04,yeosu,4113310600,110,4,4,118
2023-09-05,yeosu,4113310600,111,4,3,118
2023-09-06,yeosu,4113310600,112,6,3,121
2023-09-07,yeosu,4113310600,112,6,4,122
2023-09-08,yeosu,4113310600,103,5,4,112
2023-09-09,yeosu,4113310600,102,6,4,112
2023-09-10,yeosu,4113310600,100,6,4,110
2023-09-11,yeosu,4113310600,98,6,4,108
2023-09-12,yeosu,4113310600,104,6,4,114
2023-09-14,yeosu,4113310600,108,10,4,122
2023-09-15,yeosu,4113310600,107,10,4,121
2023-09-16,yeosu,4113310600,104,12,4,120
2023-09-17,yeosu,4113310600,102,11,4,117
2023-09-18,yeosu,4113310600,101,11,4,116
2023-09-19,yeosu,4113310600,100,11,4,115
2023-09-20,yeosu,4113310600,97,12,4,113
2023-09-21,yeosu,4113310600,100,12,3,115
2023-09-23,yeosu,4113310600,97,15,3,115
2023-09-24,yeosu,4113310600,101,16,3,120
2023-09-25,yeosu,4113310600,99,16,3,118
2023-09-26,yeosu,4113310600,98,16,3,117
2023-09-27,yeosu,4113310600,100,16,3,119
2023-09-28,yeosu,4113310600,98,17,3,118
2023-09-29,yeosu,4113310600,97,17,3,117
2023-09-30,yeosu,4113310600,93,17,3,113
2023-10-01,yeosu,4113310600,91,17,3,111
2023-10-02,yeosu,4113310600,90,17,3,110
2023-10-03,yeosu,4113310600,89,17,2,108
2023-10-04,yeosu,4113310600,89,17,2,108
2023-10-05,yeosu,4113310600,102,19,2,123
2023-10-06,yeosu,4113310600,106,20,2,128
2023-10-07,yeosu,4113310600,109,22,2,133
2023-10-08,yeosu,4113310600,111,25,2,138
2023-10-09,yeosu,4113310600,110,25,2,137
2023-10-10,yeosu,4113310600,110,24,2,136
2023-10-11,yeosu,4113310600,115,26,3,144
2023-10-12,yeosu,4113310600,112,29,3,144
2023-10-13,yeosu,4113310600,114,29,2,145
2023-10-14,yeosu,4113310600,112,30,3,145
2023-10-15,yeosu,4113310600,113,30,3,146
2023-10-16,yeosu,4113310600,112,28,3,143
2023-10-17,yeosu,4113310600,110,28,3,141
2023-10-18,yeosu,4113310600,112,29,4,145
2023-10-19,yeosu,4113310600,112,29,4,145
2023-10-20,yeosu,4113310600,113,29,5,147
2023-10-21,yeosu,4113310600,112,33,6,151
2023-10-22,yeosu,4113310600,112,34,7,153
2023-10-23,yeosu,4113310600,111,33,7,151
2023-10-24,yeosu,4113310600,110,35,8,153
2023-10-25,yeosu,4113310600,113,37,8,158
2023-10-26,yeosu,4113310600,112,38,10,160
2023-10-27,yeosu,4113310600,114,39,11,164
2023-10-28,yeosu,4113310600,113,38,11,162
2023-10-29,yeosu,4113310600,113,38,11,162
2023-10-30,yeosu,4113310600,113,38,11,162
2023-10-31,yeosu,4113310600,114,37,11,162
2023-11-01,yeosu,4113310600,113,35,8,156
2023-11-02,yeosu,4113310600,119,33,8,160
2023-11-03,yeosu,4113310600,123,34,8,165
2023-11-04,yeosu,4113310600,119,32,8,159
2023-11-05,yeosu,4113310600,121,29,9,159
2023-11-06,yeosu,4113310600,119,29,9,157
2023-11-07,yeosu,4113310600,120,29,8,157
2023-11-08,yeosu,4113310600,119,28,9,156
2023-11-09,yeosu,4113310600,119,28,9,156
2023-11-10,yeosu,4113310600,116,31,9,156
2023-11-11,yeosu,4113310600,117,31,9,157
2023-11-12,yeosu,4113310600,116,32,9,157
2023-11-13,yeosu,4113310600,110,30,8,148
2023-11-14,yeosu,4113310600,110,30,9,149
2023-11-15,yeosu,4113310600,117,28,9,154
2023-11-16,yeosu,4113310600,117,28,9,154
2023-11-17,yeosu,4113310600,118,29,9,156
2023-11-18,yeosu,4113310600,117,32,9,158
2023-11-19,yeosu,4113310600,116,35,9,160
2023-11-21,yeosu,4113310600,117,39,9,165
2023-11-22,yeosu,4113310600,119,39,10,168
2023-11-23,yeosu,4113310600,117,36,8,161
2023-11-24,yeosu,4113310600,118,37,8,163
2023-11-25,yeosu,4113310600,116,39,8,163
2023-11-26,yeosu,4113310600,112,38,8,158
2023-11-27,yeosu,4113310600,111,38,8,157
2023-11-28,yeosu,4113310600,120,38,9,167
2023-11-29,yeosu,4113310600,122,37,9,168
2023-11-30,yeosu,4113310600,130,36,8,174
2023-12-01,yeosu,4113310600,129,36,8,173
2023-12-02,yeosu,4113310600,127,41,7,175
2023-12-03,yeosu,4113310600,127,41,7,175
2023-12-04,yeosu,4113310600,122,41,7,170
2023-12-05,yeosu,4113310600,122,40,6,168
2023-12-06,yeosu,4113310600,126,41,8,175
2023-12-07,yeosu,4113310600,125,39,8,172
2023-12-08,yeosu,4113310600,125,37,8,170
2023-12-09,yeosu,4113310600,128,38,7,173
2023-12-10,yeosu,4113310600,123,38,7,168
2023-12-11,yeosu,4113310600,119,38,7,164
2023-12-12,yeosu,4113310600,123,38,8,169
2023-12-13,yeosu,4113310600,128,39,10,177
2023-12-14,yeosu,4113310600,126,39,8,173
2023-12-15,yeosu,4113310600,125,38,11,174
2023-12-16,yeosu,4113310600,124,40,12,176
2023-12-17,yeosu,4113310600,124,43,12,179
2023-12-18,yeosu,4113310600,123,41,12,176
2023-12-19,yeosu,4113310600,120,41,12,173
2023-12-20,yeosu,4113310600,120,41,12,173
2023-12-21,yeosu,4113310600,118,39,12,169
2023-12-22,yeosu,4113310600,118,41,11,170
2023-12-23,yeosu,4113310600,119,41,11,171
2023-12-25,yeosu,4113310600,118,38,9,165
2023-12-26,yeosu,4113310600,118,38,9,165
2023-12-27,yeosu,4113310600,115,38,11,164
2023-12-28,yeosu,4113310600,111,40,12,163
2023-12-29,yeosu,4113310600,113,40,11,164
2023-12-30,yeosu,4113310600,103,40,12,155
2023-12-31,yeosu,4113310600,101,40,12,153
2024-01-01,yeosu,4113310600,98,40,12,150
2024-01-02,yeosu,4113310600,96,39,12,147
2024-01-03,yeosu,4113310600,99,42,12,153
2024-01-04,yeosu,4113310600,100,43,12,155
2024-01-05,yeosu,4113310600,108,47,10,165
2024-01-06,yeosu,4113310600,106,46,10,162
2024-01-07,yeosu,4113310600,105,42,11,158
2024-01-08,yeosu,4113310600,103,42,11,156
2024-01-09,yeosu,4113310600,104,47,12,163
2024-01-10,yeosu,4113310600,103,52,13,168
2024-01-11,yeosu,4113310600,98,55,13,166
2024-01-12,yeosu,4113310600,93,54,12,159
2024-01-13,yeosu,4113310600,97,54,14,165
2024-01-14,yeosu,4113310600,95,54,15,164
2024-01-15,yeosu,4113310600,91,54,14,159
2024-01-16,yeosu,4113310600,90,51,15,156
2024-01-17,yeosu,4113310600,92,51,15,158
2024-01-18,yeosu,4113310600,95,53,15,163
2024-01-19,yeosu,4113310600,92,51,14,157
2024-01-20,yeosu,4113310600,92,51,14,157
2024-01-21,yeosu,4113310600,92,51,13,156
2024-01-22,yeosu,4113310600,89,51,13,153
2024-01-23,yeosu,4113310600,89,54,12,155
2024-01-24,yeosu,4113310600,90,52,10,152
2024-01-25,yeosu,4113310600,92,49,8,149
2024-01-26,yeosu,4113310600,92,49,7,148
2024-01-27,yeosu,4113310600,92,46,7,145
2024-01-28,yeosu,4113310600,84,48,8,140
2024-01-29,yeosu,4113310600,82,48,8,138
2024-01-30,yeosu,4113310600,82,46,8,136
2024-01-31,yeosu,4113310600,84,43,8,135
2024-02-01,yeosu,4113310600,86,43,8,137
2024-02-02,yeosu,4113310600,85,42,8,135
2024-02-03,yeosu,4113310600,87,43,9,139
2024-02-04,yeosu,4113310600,78,39,9,126
2024-02-05,yeosu,4113310600,78,39,9,126
2024-02-06,yeosu,4113310600,77,39,8,124
2024-02-07,yeosu,4113310600,77,40,8,125
2024-02-08,yeosu,4113310600,78,36,8,122
2024-02-09,yeosu,4113310600,78,36,9,123
2024-02-10,yeosu,4113310600,78,35,9,122
2024-02-12,yeosu,4113310600,76,35,9,120
2024-02-13,yeosu,4113310600,76,35,8,119
2024-02-14,yeosu,4113310600,79,36,8,123
2024-02-15,yeosu,4113310600,80,36,8,124
2024-02-16,yeosu,4113310600,86,37,8,131
2024-02-17,yeosu,4113310600,86,36,9,131
2024-02-18,yeosu,4113310600,87,36,11,134
2024-02-19,yeosu,4113310600,87,35,11,133
2024-02-20,yeosu,4113310600,89,33,12,134
2024-02-21,yeosu,4113310600,80,33,13,126
2024-02-22,yeosu,4113310600,80,31,13,124
2024-02-23,yeosu,4113310600,84,33,13,130
2024-02-24,yeosu,4113310600,86,32,13,131
2024-02-25,yeosu,4113310600,88,33,13,134
2024-02-26,yeosu,4113310600,87,33,12,132
2024-02-27,yeosu,4113310600,88,34,12,134
2024-02-28,yeosu,4113310600,89,35,13,137
2024-03-01,yeosu,4113310600,93,30,14,137
2024-03-02,yeosu,4113310600,94,31,14,139
2024-03-03,yeosu,4113310600,96,29,15,140
2024-03-04,yeosu,4113310600,93,28,14,135
2024-03-05,yeosu,4113310600,89,26,12,127
2024-03-06,yeosu,4113310600,93,27,13,133
2024-03-07,yeosu,4113310600,95,27,13,135
2024-03-08,yeosu,4113310600,94,28,13,135
2024-03-09,yeosu,4113310600,97,26,13,136
2024-03-10,yeosu,4113310600,96,25,13,134
2024-03-11,yeosu,4113310600,94,26,13,133
2024-03-12,yeosu,4113310600,91,27,9,127
2024-03-13,yeosu,4113310600,92,27,10,129
2024-03-14,yeosu,4113310600,94,25,10,129
2024-03-15,yeosu,4113310600,95,20,10,125
2024-03-16,yeosu,4113310600,95,20,9,124
2024-03-17,yeosu,4113310600,95,21,10,126
2024-03-18,yeosu,4113310600,96,20,10,126
2024-03-19,yeosu,4113310600,95,19,9,123
2024-03-20,yeosu,4113310600,101,19,8,128
2024-03-21,yeosu,4113310600,108,19,10,137
2024-03-22,yeosu,4113310600,107,21,10,138
2024-03-23,yeosu,4113310600,109,24,12,145
2024-03-24,yeosu,4113310600,108,24,11,143
2024-03-25,yeosu,4113310600,107,23,11,141
2024-03-26,yeosu,4113310600,106,21,12,139
2024-03-27,yeosu,4113310600,106,23,13,142
2024-03-28,yeosu,4113310600,108,22,14,144
2024-03-29,yeosu,4113310600,105,23,14,142
2024-03-30,yeosu,4113310600,97,23,13,133
2024-03-31,yeosu,4113310600,94,23,13,130
2024-04-01,yeosu,4113310600,94,23,13,130
2024-04-02,yeosu,4113310600,95,23,10,128
2024-04-03,yeosu,4113310600,98,23,9,130
2024-04-04,yeosu,4113310600,98,22,7,127
2024-04-05,yeosu,4113310600,99,23,7,129
2024-04-06,yeosu,4113310600,100,23,7,130
2024-04-07,yeosu,4113310600,101,23,7,131
2024-04-08,yeosu,4113310600,97,23,6,126
2024-04-09,yeosu,4113310600,99,20,7,126
2024-04-10,yeosu,4113310600,103,20,6,129
2024-04-11,yeosu,4113310600,106,19,6,131
2024-04-12,yeosu,4113310600,108,20,6,134
2024-04-13,yeosu,4113310600,107,19,6,132
2024-04-14,yeosu,4113310600,102,18,7,127
2024-04-15,yeosu,4113310600,100,18,7,125
2024-04-16,yeosu,4113310600,100,20,7,127
2024-04-17,yeosu,4113310600,100,20,8,128
2024-04-18,yeosu,4113310600,99,19,8,126
2024-04-19,yeosu,4113310600,99,20,8,127
2024-04-20,yeosu,4113310600,96,20,8,124
2024-04-21,yeosu,4113310600,97,18,6,121
2024-04-22,yeosu,4113310600,93,18,6,117
2024-04-23,yeosu,4113310600,100,19,7,126
2024-04-24,yeosu,4113310600,101,20,7,128
2024-04-25,yeosu,4113310600,106,20,7,133
2024-04-26,yeosu,4113310600,105,21,7,133
2024-04-27,yeosu,4113310600,104,21,7,132
2024-04-28,yeosu,4113310600,104,20,7,131
2024-04-29,yeosu,4113310600,103,19,6,128
2024-04-30,yeosu,4113310600,104,20,6,130
2024-05-01,yeosu,4113310600,110,23,5,138
2024-05-02,yeosu,4113310600,110,23,4,137
2024-05-03,yeosu,4113310600,117,23,3,143
2024-05-04,yeosu,4113310600,114,24,3,141
2024-05-05,yeosu,4113310600,113,24,3,140
2024-05-06,yeosu,4113310600,112,24,3,139
2024-05-07,yeosu,4113310600,112,24,3,139
2024-05-08,yeosu,4113310600,121,20,4,145
2024-05-09,yeosu,4113310600,123,18,3,144
2024-05-10,yeosu,4113310600,121,18,3,142
2024-05-11,yeosu,4113310600,121,18,3,142
2024-05-12,yeosu,4113310600,121,19,3,143
2024-05-13,yeosu,4113310600,116,19,3,138
2024-05-14,yeosu,4113310600,117,20,2,139
2024-05-15,yeosu,4113310600,121,20,1,142
2024-05-16,yeosu,4113310600,118,19,1,138
2024-05-17,yeosu,4113310600,122,20,1,143
2024-05-18,yeosu,4113310600,120,19,1,140
2024-05-19,yeosu,4113310600,118,20,2,140
2024-05-20,yeosu,4113310600,117,20,2,139
2024-05-21,yeosu,4113310600,116,20,2,138
2024-05-22,yeosu,4113310600,116,20,4,140
2024-05-23,yeosu,4113310600,114,22,5,141
2024-05-24,yeosu,4113310600,116,21,5,142
2024-05-25,yeosu,4113310600,117,22,6,145
2024-05-26,yeosu,4113310600,115,23,6,144
2024-05-27,yeosu,4113310600,115,23,6,144
2024-05-28,yeosu,4113310600,115,24,6,145
2024-05-29,yeosu,4113310600,114,24,6,144
2024-05-30,yeosu,4113310600,112,22,6,140
2024-05-31,yeosu,4113310600,109,22,6,137
2024-06-01,yeosu,4113310600,108,23,6,137
2024-06-02,yeosu,4113310600,105,24,5,134
2024-06-03,yeosu,4113310600,105,23,5,133
2024-06-04,yeosu,4113310600,102,24,5,131
2024-06-05,yeosu,4113310600,105,28,5,138
2024-06-06,yeosu,4113310600,106,29,5,140
2024-06-07,yeosu,4113310600,107,29,5,141
2024-06-08,yeosu,4113310600,111,31,5,147
2024-06-09,yeosu,4113310600,111,32,5,148
2024-06-10,yeosu,4113310600,111,31,5,147
2024-06-11,yeosu,4113310600,113,32,5,150
2024-06-12,yeosu,4113310600,110,31,6,147
2024-06-13,yeosu,4113310600,109,33,7,149
2024-06-14,yeosu,4113310600,105,32,7,144
2024-06-15,yeosu,4113310600,104,33,8,145
2024-06-16,yeosu,4113310600,99,33,8,140
2024-06-17,yeosu,4113310600,98,33,8,139
2024-06-18,yeosu,4113310600,100,33,7,140
2024-06-19,yeosu,4113310600,102,33,9,144
2024-06-20,yeosu,4113310600,103,34,9,146
2024-06-21,yeosu,4113310600,101,34,8,143
2024-06-23,yeosu,4113310600,104,31,8,143
2024-06-24,yeosu,4113310600,103,31,8,142
2024-06-25,yeosu,4113310600,103,32,9,144
2024-06-26,yeosu,4113310600,103,35,9,147
2024-06-27,yeosu,4113310600,102,34,9,145
2024-06-28,yeosu,4113310600,101,33,9,143
2024-06-29,yeosu,4113310600,96,32,9,137
2024-06-30,yeosu,4113310600,97,32,9,138
2024-07-01,yeosu,4113310600,96,31,9,136
2024-07-02,yeosu,4113310600,91,34,10,135
2024-07-03,yeosu,4113310600,98,36,10,144
2024-07-04,yeosu,4113310600,100,35,11,146
2024-07-05,yeosu,4113310600,97,36,10,143
2024-07-06,yeosu,4113310600,95,36,11,142
2024-07-07,yeosu,4113310600,93,36,12,141
2024-07-08,yeosu,4113310600,93,36,12,141
2024-07-09,yeosu,4113310600,92,35,13,140
2024-07-10,yeosu,4113310600,91,34,13,138
2024-07-11,yeosu,4113310600,91,34,12,137
2024-07-12,yeosu,4113310600,90,33,12,135
2024-07-13,yeosu,4113310600,92,32,12,136
2024-07-14,yeosu,4113310600,91,31,12,134
2024-07-15,yeosu,4113310600,91,31,12,134
2024-07-16,yeosu,4113310600,95,25,13,133
2024-07-17,yeosu,4113310600,95,27,12,134
2024-07-18,yeosu,4113310600,93,28,12,133
2024-07-19,yeosu,4113310600,97,28,11,136
2024-07-20,yeosu,4113310600,96,26,11,133
2024-07-21,yeosu,4113310600,99,23,11,133
2024-07-22,yeosu,4113310600,98,23,11,132
2024-07-23,yeosu,4113310600,97,21,11,129
2024-07-24,yeosu,4113310600,99,21,11,131
2024-07-25,yeosu,4113310600,100,23,11,134
2024-07-26,yeosu,4113310600,104,24,11,139
2024-07-27,yeosu,4113310600,100,24,9,133
2024-07-28,yeosu,4113310600,101,24,9,134
2024-07-29,yeosu,4113310600,101,24,9,134
2024-07-30,yeosu,4113310600,100,26,10,136
2024-07-31,yeosu,4113310600,99,28,10,137
2024-08-01,yeosu,4113310600,100,28,10,138
2024-08-02,yeosu,4113310600,99,28,12,139
2024-08-03,yeosu,4113310600,98,28,11,137
2024-08-04,yeosu,4113310600,97,25,11,133
2024-08-05,yeosu,4113310600,97,24,11,132
2024-08-06,yeosu,4113310600,99,24,9,132
2024-08-07,yeosu,4113310600,102,24,11,137
2024-08-08,yeosu,4113310600,102,24,11,137
2024-08-09,yeosu,4113310600,103,24,12,139
2024-08-10,yeosu,4113310600,102,23,12,137
2024-08-11,yeosu,4113310600,101,24,12,137
2024-08-12,yeosu,4113310600,98,24,12,134
2024-08-13,yeosu,4113310600,99,22,13,134
2024-08-14,yeosu,4113310600,98,21,14,133
2024-08-15,yeosu,4113310600,94,21,15,130
2024-08-16,yeosu,4113310600,92,21,15,128
2024-08-17,yeosu,4113310600,93,22,16,131
2024-08-18,yeosu,4113310600,90,18,17,125
2024-08-19,yeosu,4113310600,90,18,17,125
2024-08-20,yeosu,4113310600,91,19,18,128
2024-08-21,yeosu,4113310600,88,18,19,125
2024-08-22,yeosu,4113310600,89,19,18,126
2024-08-23,yeosu,4113310600,86,19,19,124
2024-08-24,yeosu,4113310600,88,20,19,127
2024-08-25,yeosu,4113310600,84,19,19,122
2024-08-26,yeosu,4113310600,82,19,19,120
2024-08-27,yeosu,4113310600,86,19,19,124
2024-08-28,yeosu,4113310600,86,19,19,124
2024-08-29,yeosu,4113310600,85,21,17,123
2024-08-30,yeosu,4113310600,90,21,16,127
2024-08-31,yeosu,4113310600,87,21,16,124
2024-09-01,yeosu,4113310600,87,21,16,124
2024-09-02,yeosu,4113310600,87,21,16,124
2024-09-03,yeosu,4113310600,91,21,16,128
2024-09-04,yeosu,4113310600,94,23,17,134
2024-09-05,yeosu,4113310600,97,24,17,138
2024-09-06,yeosu,4113310600,97,24,16,137
2024-09-07,yeosu,4113310600,99,24,16,139
2024-09-08,yeosu,4113310600,100,25,16,141
2024-09-09,yeosu,4113310600,99,25,16,140
2024-09-10,yeosu,4113310600,105,24,17,146
2024-09-11,yeosu,4113310600,105,26,18,149
2024-09-12,yeosu,4113310600,107,26,19,152
2024-09-13,yeosu,4113310600,101,25,18,144
2024-09-14,yeosu,4113310600,99,25,17,141
2024-09-15,yeosu,4113310600,99,25,17,141
2024-09-16,yeosu,4113310600,99,25,17,141
2024-09-17,yeosu,4113310600,97,25,17,139
2024-09-18,yeosu,4113310600,97,25,17,139
2024-09-19,yeosu,4113310600,96,23,16,135
2024-09-20,yeosu,4113310600,97,24,16,137
2024-09-21,yeosu,4113310600,95,24,14,133
2024-09-22,yeosu,4113310600,99,23,14,136
2024-09-23,yeosu,4113310600,98,22,12,132
2024-09-24,yeosu,4113310600,101,24,14,139
2024-09-25,yeosu,4113310600,106,25,15,146
2024-09-26,yeosu,4113310600,114,26,15,155
2024-09-27,yeosu,4113310600,112,28,17,157
2024-09-28,yeosu,4113310600,116,28,19,163
2024-09-29,yeosu,4113310600,115,27,20,162
2024-09-30,yeosu,4113310600,114,27,20,161
2024-10-01,yeosu,4113310600,114,27,21,162
2024-10-02,yeosu,4113310600,114,26,20,160
2024-10-03,yeosu,4113310600,123,26,20,169
2024-10-04,yeosu,4113310600,118,26,19,163
2024-10-05,yeosu,4113310600,125,25,18,168
2024-10-06,yeosu,4113310600,125,24,18,167
2024-10-07,yeosu,4113310600,124,23,17,164
2024-10-08,yeosu,4113310600,122,24,17,163
2024-10-09,yeosu,4113310600,125,24,18,167
2024-10-10,yeosu,4113310600,120,23,17,160
2024-10-11,yeosu,4113310600,121,22,17,160
2024-10-12,yeosu,4113310600,121,21,18,160
2024-10-13,yeosu,4113310600,122,21,20,163
2024-10-14,yeosu,4113310600,120,20,19,159
2024-10-16,yeosu,4113310600,121,18,15,154
2024-10-17,yeosu,4113310600,123,20,15,158
2024-10-18,yeosu,4113310600,124,20,17,161
2024-10-19,yeosu,4113310600,126,21,17,164
2024-10-20,yeosu,4113310600,127,20,17,164
2024-10-21,yeosu,4113310600,125,20,17,162
2024-10-22,yeosu,4113310600,124,20,17,161
2024-10-23,yeosu,4113310600,125,20,17,162
2024-10-24,yeosu,4113310600,131,20,17,168
2024-10-25,yeosu,4113310600,127,19,16,162
2024-10-26,yeosu,4113310600,121,17,14,152
2024-10-27,yeosu,4113310600,121,17,13,151
2024-10-28,yeosu,4113310600,119,16,13,148
2024-10-29,yeosu,4113310600,121,16,15,152
2024-10-30,yeosu,4113310600,125,15,16,156
2024-10-31,yeosu,4113310600,128,17,15,160
2024-11-01,yeosu,4113310600,130,16,15,161
2024-11-02,yeosu,4113310600,130,15,18,163
2024-11-03,yeosu,4113310600,128,16,19,163
2024-11-04,yeosu,4113310600,123,16,19,158
2024-11-05,yeosu,4113310600,128,17,21,166
2024-11-06,yeosu,4113310600,132,17,20,169
2024-11-07,yeosu,4113310600,133,17,19,169
2024-11-08,yeosu,4113310600,134,15,19,168
2024-11-09,yeosu,4113310600,137,15,19,171
2024-11-10,yeosu,4113310600,136,15,19,170
2024-11-11,yeosu,4113310600,134,15,19,168
2024-11-12,yeosu,4113310600,136,15,18,169
2024-11-13,yeosu,4113310600,136,15,18,169
2024-11-14,yeosu,4113310600,134,15,17,166
2024-11-15,yeosu,4113310600,140,15,18,173
2024-11-16,yeosu,4113310600,142,14,18,174
2024-11-17,yeosu,4113310600,142,16,17,175
2024-11-18,yeosu,4113310600,142,16,17,175
2024-11-19,yeosu,4113310600,139,17,19,175
2024-11-20,yeosu,4113310600,140,17,20,177
2024-11-21,yeosu,4113310600,138,18,19,175
2024-11-22,yeosu,4113310600,142,19,17,178
2024-11-23,yeosu,4113310600,140,19,17,176
2024-11-24,yeosu,4113310600,138,20,17,175
2024-11-25,yeosu,4113310600,138,20,17,175
2024-11-26,yeosu,4113310600,138,20,17,175
2024-11-27,yeosu,4113310600,139,20,16,175
2024-11-28,yeosu,4113310600,138,18,16,172
2024-11-29,yeosu,4113310600,136,18,15,169
2024-11-30,yeosu,4113310600,136,16,15,167
2024-12-01,yeosu,4113310600,134,16,15,165
2024-12-02,yeosu,4113310600,131,16,14,161
2024-12-03,yeosu,4113310600,133,18,14,165
2024-12-04,yeosu,4113310600,137,17,15,169
2024-12-05,yeosu,4113310600,134,18,14,166
2024-12-06,yeosu,4113310600,139,19,16,174
2024-12-07,yeosu,4113310600,139,22,16,177
2024-12-08,yeosu,4113310600,141,23,17,181
2024-12-09,yeosu,4113310600,140,20,16,176
2024-12-10,yeosu,4113310600,142,25,15,182
2024-12-11,yeosu,4113310600,144,25,15,184
2024-12-12,yeosu,4113310600,143,26,15,184
2024-12-13,yeosu,4113310600,145,26,11,182
2024-12-14,yeosu,4113310600,147,26,11,184
2024-12-15,yeosu,4113310600,143,25,11,179
2024-12-16,yeosu,4113310600,140,25,11,176
2024-12-17,yeosu,4113310600,144,23,11,178
2024-12-19,yeosu,4113310600,149,23,11,183
2024-12-20,yeosu,4113310600,152,23,12,187
2024-12-21,yeosu,4113310600,153,23,12,188
2024-12-22,yeosu,4113310600,151,22,12,185
2024-12-23,yeosu,4113310600,149,22,12,183
2024-12-24,yeosu,4113310600,151,24,12,187
2024-12-25,yeosu,4113310600,153,25,12,190
2024-12-26,yeosu,4113310600,152,26,12,190
2024-12-27,yeosu,4113310600,152,26,12,190
2024-12-28,yeosu,4113310600,151,27,13,191
2024-12-29,yeosu,4113310600,149,27,13,189
2024-12-30,yeosu,4113310600,148,27,13,188
2024-12-31,yeosu,4113310600,151,28,12,191
2025-01-01,yeosu,4113310600,149,24,13,186
2025-01-02,yeosu,4113310600,147,22,12,181
2025-01-03,yeosu,4113310600,143,22,13,178
2025-01-04,yeosu,4113310600,138,22,14,174
2025-01-05,yeosu,4113310600,137,23,14,174
2025-01-06,yeosu,4113310600,132,22,14,168
2025-01-07,yeosu,4113310600,142,24,12,178
2025-01-08,yeosu,4113310600,148,22,14,184
2025-01-09,yeosu,4113310600,146,18,15,179
2025-01-10,yeosu,4113310600,150,23,15,188
2025-01-11,yeosu,4113310600,148,24,15,187
2025-01-12,yeosu,4113310600,147,23,15,185
2025-01-13,yeosu,4113310600,145,22,14,181
2025-01-14,yeosu,4113310600,151,27,14,192
2025-01-15,yeosu,4113310600,153,28,14,195
2025-01-16,yeosu,4113310600,153,28,12,193
2025-01-17,yeosu,4113310600,150,26,12,188
2025-01-18,yeosu,4113310600,150,26,13,189
2025-01-19,yeosu,4113310600,142,25,11,178
2025-01-20,yeosu,4113310600,138,25,11,174
2025-01-21,yeosu,4113310600,138,26,12,176
2025-01-22,yeosu,4113310600,139,27,12,178
2025-01-23,yeosu,4113310600,135,28,12,175
2025-01-24,yeosu,4113310600,134,29,12,175
2025-01-25,yeosu,4113310600,134,29,8,171
2025-01-26,yeosu,4113310600,134,29,8,171
2025-01-27,yeosu,4113310600,134,29,8,171
2025-01-28,yeosu,4113310600,134,29,8,171
2025-01-29,yeosu,4113310600,134,29,8,171
2025-01-30,yeosu,4113310600,132,29,8,169
2025-01-31,yeosu,4113310600,131,29,8,168
2025-02-01,yeosu,4113310600,128,27,8,163
2025-02-02,yeosu,4113310600,128,27,8,163
2025-02-03,yeosu,4113310600,125,27,8,160
2025-02-04,yeosu,4113310600,127,26,8,161
2025-02-05,yeosu,4113310600,129,26,8,163
2025-02-06,yeosu,4113310600,124,23,8,155
2025-02-07,yeosu,4113310600,118,25,7,150
2025-02-08,yeosu,4113310600,124,25,7,156
2025-02-09,yeosu,4113310600,122,23,7,152
2025-02-10,yeosu,4113310600,119,23,7,149
2025-02-11,yeosu,4113310600,122,23,8,153
2025-02-12,yeosu,4113310600,127,22,8,157
2025-02-13,yeosu,4113310600,121,22,8,151
2025-02-14,yeosu,4113310600,123,21,8,152
2025-02-15,yeosu,4113310600,124,25,8,157
2025-02-16,yeosu,4113310600,130,25,8,163
2025-02-17,yeosu,4113310600,129,25,8,162
2025-02-18,yeosu,4113310600,129,26,9,164
2025-02-19,yeosu,4113310600,130,26,9,165
2025-02-20,yeosu,4113310600,133,23,9,165
2025-02-21,yeosu,4113310600,137,22,9,168
2025-02-22,yeosu,4113310600,138,21,9,168
2025-02-23,yeosu,4113310600,133,21,10,164
2025-02-24,yeosu,4113310600,133,21,10,164
2025-02-25,yeosu,4113310600,131,21,10,162
2025-02-26,yeosu,4113310600,131,20,11,162
2025-02-27,yeosu,4113310600,135,21,12,168
2025-02-28,yeosu,4113310600,137,21,12,170
2025-03-01,yeosu,4113310600,140,21,12,173
2025-03-02,yeosu,4113310600,140,21,12,173
2025-03-03,yeosu,4113310600,140,19,12,171
2025-03-04,yeosu,4113310600,135,18,12,165
2025-03-05,yeosu,4113310600,138,21,13,172
2025-03-06,yeosu,4113310600,136,23,13,172
2025-03-07,yeosu,4113310600,138,23,13,174
2025-03-08,yeosu,4113310600,135,22,13,170
2025-03-09,yeosu,4113310600,133,21,13,167
2025-03-10,yeosu,4113310600,126,20,13,159
2025-03-11,yeosu,4113310600,136,19,12,167
2025-03-12,yeosu,4113310600,136,17,12,165
2025-03-13,yeosu,4113310600,135,16,12,163
2025-03-14,yeosu,4113310600,133,17,12,162
2025-03-15,yeosu,4113310600,138,17,12,167
2025-03-16,yeosu,4113310600,135,17,12,164
2025-03-17,yeosu,4113310600,132,16,12,160
2025-03-18,yeosu,4113310600,132,16,13,161
2025-03-19,yeosu,4113310600,141,17,14,172
2025-03-20,yeosu,4113310600,144,18,12,174
2025-03-21,yeosu,4113310600,139,15,12,166
2025-03-24,yeosu,4113310600,139,12,9,160
2025-03-25,yeosu,4113310600,141,12,9,162
2025-03-26,yeosu,4113310600,143,15,9,167
2025-03-27,yeosu,4113310600,143,16,9,168
2025-03-28,yeosu,4113310600,143,16,11,170
2025-03-29,yeosu,4113310600,145,15,11,171
2025-03-30,yeosu,4113310600,146,16,10,172
2025-03-31,yeosu,4113310600,145,16,10,171
2025-04-01,yeosu,4113310600,146,17,12,175
2025-04-02,yeosu,4113310600,149,17,13,179
2025-04-03,yeosu,4113310600,152,17,14,183
2025-04-04,yeosu,4113310600,153,19,15,187
2025-04-05,yeosu,4113310600,155,20,16,191
2025-04-06,yeosu,4113310600,154,21,17,192
2025-04-07,yeosu,4113310600,151,21,17,189
2025-04-08,yeosu,4113310600,152,22,17,191
2025-04-09,yeosu,4113310600,154,18,17,189
2025-04-10,yeosu,4113310600,150,18,15,183
2025-04-11,yeosu,4113310600,150,17,15,182
2025-04-12,yeosu,4113310600,150,17,15,182
2025-04-13,yeosu,4113310600,148,17,16,181
2025-04-14,yeosu,4113310600,144,16,16,176
2025-04-15,yeosu,4113310600,149,18,13,180
2025-04-16,yeosu,4113310600,151,19,12,182
2025-04-17,yeosu,4113310600,149,21,11,181
2025-04-18,yeosu,4113310600,146,22,11,179
2025-04-19,yeosu,4113310600,151,20,9,180
2025-04-20,yeosu,4113310600,153,20,10,183
2025-04-21,yeosu,4113310600,152,20,10,182
2025-04-22,yeosu,4113310600,150,17,11,178
2025-04-23,yeosu,4113310600,151,18,14,183
2025-04-24,yeosu,4113310600,152,18,16,186
2025-04-25,yeosu,4113310600,151,18,16,185
2025-04-26,yeosu,4113310600,150,23,16,189
2025-04-27,yeosu,4113310600,150,23,14,187
2025-04-28,yeosu,4113310600,147,23,14,184
2025-04-29,yeosu,4113310600,146,24,15,185
2025-04-30,yeosu,4113310600,146,23,17,186
2025-05-01,yeosu,4113310600,146,23,17,186
2025-05-02,yeosu,4113310600,141,23,16,180
2025-05-03,yeosu,4113310600,143,24,16,183
2025-05-04,yeosu,4113310600,133,24,16,173
2025-05-05,yeosu,4113310600,128,23,16,167
2025-05-06,yeosu,4113310600,126,23,16,165
2025-05-07,yeosu,4113310600,126,23,16,165
2025-05-08,yeosu,4113310600,126,23,16,165
2025-05-09,yeosu,4113310600,135,26,17,178
2025-05-10,yeosu,4113310600,133,24,17,174
2025-05-11,yeosu,4113310600,132,24,17,173
2025-05-12,yeosu,4113310600,132,24,17,173
2025-05-13,yeosu,4113310600,135,25,18,178
2025-05-14,yeosu,4113310600,138,26,17,181
2025-05-15,yeosu,4113310600,138,25,17,180
2025-05-16,yeosu,4113310600,140,27,17,184
2025-05-17,yeosu,4113310600,135,29,20,184
2025-05-18,yeosu,4113310600,131,29,20,180
2025-05-19,yeosu,4113310600,124,29,20,173
2025-05-20,yeosu,4113310600,141,30,23,194
2025-05-21,yeosu,4113310600,142,29,21,192
2025-05-22,yeosu,4113310600,144,29,20,193
2025-05-23,yeosu,4113310600,141,27,19,187
2025-05-24,yeosu,4113310600,137,28,19,184
2025-05-25,yeosu,4113310600,137,28,19,184
2025-05-26,yeosu,4113310600,135,27,19,181
2025-05-27,yeosu,4113310600,133,27,18,178
2025-05-28,yeosu,4113310600,131,27,19,177
2025-05-29,yeosu,4113310600,131,26,19,176
2025-05-30,yeosu,4113310600,127,27,19,173
2025-05-31,yeosu,4113310600,126,29,20,175
2025-06-01,yeosu,4113310600,128,29,20,177
2025-06-02,yeosu,4113310600,125,29,19,173
2025-06-03,yeosu,4113310600,123,29,19,171
2025-06-04,yeosu,4113310600,121,28,19,168
2025-06-05,yeosu,4113310600,127,29,21,177
2025-06-06,yeosu,4113310600,127,29,21,177
2025-06-07,yeosu,4113310600,122,29,20,171
2025-06-08,yeosu,4113310600,118,28,20,166
2025-06-09,yeosu,4113310600,116,27,20,163
2025-06-10,yeosu,4113310600,113,25,18,156
2025-06-11,yeosu,4113310600,114,27,18,159
2025-06-12,yeosu,4113310600,119,23,18,160
2025-06-13,yeosu,4113310600,124,25,18,167
2025-06-14,yeosu,4113310600,122,24,18,164
2025-06-15,yeosu,4113310600,125,25,18,168
2025-06-16,yeosu,4113310600,125,23,18,166
2025-06-17,yeosu,4113310600,125,22,17,164
2025-06-18,yeosu,4113310600,120,22,17,159
2025-06-19,yeosu,4113310600,111,22,16,149
2025-06-20,yeosu,4113310600,115,22,16,153
2025-06-21,yeosu,4113310600,113,23,15,151
2025-06-22,yeosu,4113310600,115,24,15,154
2025-06-23,yeosu,4113310600,114,24,15,153
2025-06-24,yeosu,4113310600,122,24,15,161
2025-06-25,yeosu,4113310600,118,28,17,163
2025-06-26,yeosu,4113310600,116,28,17,161
2025-06-27,yeosu,4113310600,121,27,17,165
2025-06-28,yeosu,4113310600,122,28,18,168
2025-06-29,yeosu,4113310600,123,28,16,167
2025-06-30,yeosu,4113310600,122,28,16,166
2025-07-01,yeosu,4113310600,118,26,16,160
2025-07-02,yeosu,4113310600,118,27,16,161
2025-07-03,yeosu,4113310600,118,25,17,160
2025-07-04,yeosu,4113310600,122,26,17,165
2025-07-05,yeosu,4113310600,122,22,18,162
2025-07-06,yeosu,4113310600,122,24,18,164
2025-07-07,yeosu,4113310600,122,24,18,164
2025-07-08,yeosu,4113310600,119,24,17,160
2025-07-09,yeosu,4113310600,119,22,13,154
2025-07-10,yeosu,4113310600,118,21,13,152
2025-07-11,yeosu,4113310600,119,20,15,154
2025-07-12,yeosu,4113310600,117,21,15,153
2025-07-13,yeosu,4113310600,112,21,14,147
2025-07-14,yeosu,4113310600,111,21,14,146
2025-07-15,yeosu,4113310600,114,23,14,151
2025-07-16,yeosu,4113310600,117,23,15,155
2025-07-17,yeosu,4113310600,116,20,14,150
2025-07-18,yeosu,4113310600,112,19,15,146
2025-07-19,yeosu,4113310600,115,18,15,148
2025-07-20,yeosu,4113310600,116,18,14,148
2025-07-21,yeosu,4113310600,115,18,14,147
2025-07-22,yeosu,4113310600,116,18,14,148
2025-07-23,yeosu,4113310600,120,18,15,153
2025-07-24,yeosu,4113310600,119,19,16,154
2025-07-25,yeosu,4113310600,121,20,18,159
2025-07-26,yeosu,4113310600,122,20,18,160
2025-07-27,yeosu,4113310600,119,20,17,156
2025-07-28,yeosu,4113310600,118,20,16,154
2025-07-29,yeosu,4113310600,121,20,19,160
2025-07-30,yeosu,4113310600,124,20,19,163
2025-07-31,yeosu,4113310600,120,20,19,159
2025-08-01,yeosu,4113310600,122,18,18,158
2025-08-02,yeosu,4113310600,121,18,18,157
2025-08-03,yeosu,4113310600,117,17,18,152
2025-08-04,yeosu,4113310600,115,17,18,150
2025-08-05,yeosu,4113310600,114,17,18,149
2025-08-06,yeosu,4113310600,114,18,19,151
2025-08-15,yeosu,4113310600,118,14,17,149
2025-08-16,yeosu,4113310600,118,14,17,149
2025-08-17,yeosu,4113310600,116,16,17,149
2025-08-18,yeosu,4113310600,108,16,17,141
2025-08-19,yeosu,4113310600,111,16,16,143
2025-08-20,yeosu,4113310600,113,16,15,144
2025-08-21,yeosu,4113310600,121,17,14,152
2025-08-22,yeosu,4113310600,124,17,14,155
2025-08-23,yeosu,4113310600,124,16,16,156
2025-08-24,yeosu,4113310600,122,16,16,154
2025-08-27,yeosu,4113310600,120,19,17,156
2025-08-28,yeosu,4113310600,120,18,16,154
2025-08-29,yeosu,4113310600,125,19,15,159
2025-08-30,yeosu,4113310600,125,17,17,159
2025-08-31,yeosu,4113310600,121,17,17,155
2025-09-01,yeosu,4113310600,126,19,18,163
2025-09-02,yeosu,4113310600,129,19,19,167
2025-09-03,yeosu,4113310600,131,19,19,169
2025-09-04,yeosu,4113310600,132,17,19,168
2025-09-05,yeosu,4113310600,128,17,18,163
2025-09-06,yeosu,4113310600,128,18,18,164
2025-09-09,yeosu,4113310600,122,13,17,152
2025-09-10,yeosu,4113310600,120,13,12,145
2025-09-11,yeosu,4113310600,123,10,10,143
2025-09-12,yeosu,4113310600,124,13,9,146
2025-09-15,yeosu,4113310600,118,13,9,140
2025-09-16,yeosu,4113310600,119,14,9,142
2025-09-17,yeosu,4113310600,119,13,9,141
2025-09-18,yeosu,4113310600,120,11,9,140
2025-09-19,yeosu,4113310600,122,13,9,144
2025-09-20,yeosu,4113310600,115,13,9,137
2025-09-21,yeosu,4113310600,113,13,9,135
2025-09-22,yeosu,4113310600,112,13,9,134
2025-09-23,yeosu,4113310600,115,12,9,136
2025-09-24,yeosu,4113310600,114,12,9,135
2025-09-25,yeosu,4113310600,111,12,9,132
2025-09-26,yeosu,4113310600,107,15,8,130
2025-09-27,yeosu,4113310600,111,15,8,134
2025-09-28,yeosu,4113310600,103,16,8,127
2025-09-29,yeosu,4113310600,102,15,8,125
2025-09-30,yeosu,4113310600,106,16,8,130
2025-10-01,yeosu,4113310600,101,17,6,124
2025-10-02,yeosu,4113310600,96,17,6,119
2025-10-03,yeosu,4113310600,92,18,7,117
2025-10-04,yeosu,4113310600,91,15,7,113
2025-10-07,yeosu,4113310600,91,15,7,113
2025-10-08,yeosu,4113310600,91,15,7,113
2025-10-09,yeosu,4113310600,89,15,7,111
2025-10-10,yeosu,4113310600,88,15,7,110
2025-10-11,yeosu,4113310600,78,18,7,103
2025-10-12,yeosu,4113310600,73,19,6,98
2025-10-13,yeosu,4113310600,70,19,6,95
2025-10-14,yeosu,4113310600,59,18,6,83
2025-10-15,yeosu,4113310600,62,18,7,87
2025-10-16,yeosu,4113310600,66,16,7,89
2025-10-17,yeosu,4113310600,66,16,6,88
2025-10-18,yeosu,4113310600,64,20,5,89
2025-10-19,yeosu,4113310600,63,20,5,88
2025-10-21,yeosu,4113310600,58,19,5,82
2025-10-22,yeosu,4113310600,60,20,6,86
2025-10-23,yeosu,4113310600,58,19,6,83
2025-10-24,yeosu,4113310600,53,17,7,77
2025-10-25,yeosu,4113310600,52,17,7,76
2025-10-26,yeosu,4113310600,53,18,7,78
2025-10-27,yeosu,4113310600,53,18,7,78
2025-10-28,yeosu,4113310600,50,17,7,74
2025-10-29,yeosu,4113310600,50,18,7,75
2025-10-30,yeosu,4113310600,51,18,8,77
2025-11-01,yeosu,4113310600,50,14,7,71
2025-11-02,yeosu,4113310600,53,12,7,72
2025-11-03,yeosu,4113310600,53,12,7,72
2025-11-04,yeosu,4113310600,55,16,7,78
2025-11-06,yeosu,4113310600,54,17,8,79
2025-11-07,yeosu,4113310600,58,17,9,84
2025-11-08,yeosu,4113310600,57,17,8,82
2025-11-09,yeosu,4113310600,59,17,8,84
2025-11-10,yeosu,4113310600,58,17,8,83
2025-11-11,yeosu,4113310600,62,19,8,89
2025-11-12,yeosu,4113310600,60,20,7,87
2025-11-13,yeosu,4113310600,61,21,6,88
2025-11-14,yeosu,4113310600,62,22,7,91
2025-11-15,yeosu,4113310600,61,21,8,90
2025-11-18,yeosu,4113310600,57,15,7,79
2025-11-19,yeosu,4113310600,56,15,7,78
2025-11-20,yeosu,4113310600,61,15,6,82
2025-11-21,yeosu,4113310600,59,17,7,83
2025-11-22,yeosu,4113310600,61,17,8,86
2025-11-23,yeosu,4113310600,60,17,7,84
2025-11-24,yeosu,4113310600,60,17,7,84
2025-11-25,yeosu,4113310600,61,18,7,86
2025-11-26,yeosu,4113310600,61,17,7,85
2025-11-27,yeosu,4113310600,62,17,7,86
2025-11-28,yeosu,4113310600,58,15,7,80
2025-11-29,yeosu,4113310600,58,15,8,81
2025-11-30,yeosu,4113310600,59,17,8,84
2025-12-01,yeosu,4113310600,59,17,8,84
2025-12-02,yeosu,4113310600,62,17,8,87
2025-12-03,yeosu,4113310600,62,17,6,85
2025-12-04,yeosu,4113310600,63,17,6,86
2025-12-05,yeosu,4113310600,63,16,6,85
2025-12-06,yeosu,4113310600,65,14,4,83
2025-12-07,yeosu,4113310600,61,13,5,79
2025-12-08,yeosu,4113310600,61,15,5,81
2025-12-09,yeosu,4113310600,59,17,9,85
2025-12-10,yeosu,4113310600,63,16,11,90
2025-12-11,yeosu,4113310600,63,15,10,88
2025-12-12,yeosu,4113310600,64,15,10,89
2025-12-13,yeosu,4113310600,67,12,10,89
2025-12-14,yeosu,4113310600,68,11,10,89
2025-12-15,yeosu,4113310600,67,11,10,88
2025-12-16,yeosu,4113310600,64,11,10,85
2025-12-17,yeosu,4113310600,66,11,10,87
2025-12-18,yeosu,4113310600,63,10,10,83
2025-12-19,yeosu,4113310600,64,9,9,82
2025-12-20,yeosu,4113310600,61,7,8,76
2025-12-21,yeosu,4113310600,61,3,6,70
2025-12-22,yeosu,4113310600,59,3,6,68
2025-12-23,yeosu,4113310600,61,3,6,70
2025-12-24,yeosu,4113310600,59,3,6,68
2025-12-26,yeosu,4113310600,50,4,5,59
2025-12-27,yeosu,4113310600,50,4,5,59
2025-12-28,yeosu,4113310600,51,4,5,60
2025-12-29,yeosu,4113310600,50,4,5,59
2025-12-30,yeosu,4113310600,44,4,5,53
2025-12-31,yeosu,4113310600,43,5,5,53
2026-01-01,yeosu,4113310600,44,6,5,55
2026-01-02,yeosu,4113310600,44,6,5,55
2026-01-03,yeosu,4113310600,45,7,4,56
2026-01-04,yeosu,4113310600,48,7,4,59
2026-01-05,yeosu,4113310600,48,5,3,56
2026-01-06,yeosu,4113310600,48,5,3,56
2026-01-07,yeosu,4113310600,48,4,4,56
2026-01-08,yeosu,4113310600,47,5,5,57
2026-01-09,yeosu,4113310600,47,5,5,57
2026-01-10,yeosu,4113310600,48,5,5,58
2026-01-12,yeosu,4113310600,43,4,5,52
2026-01-13,yeosu,4113310600,45,6,7,58
2026-01-14,yeosu,4113310600,49,8,9,66
2026-01-15,yeosu,4113310600,51,9,10,70
2026-01-16,yeosu,4113310600,51,9,10,70
2026-01-17,yeosu,4113310600,51,9,9,69
2026-01-18,yeosu,4113310600,50,7,9,66
2026-01-19,yeosu,4113310600,50,7,9,66
2026-01-20,yeosu,4113310600,53,9,9,71
2026-01-21,yeosu,4113310600,54,11,9,74
2026-01-22,yeosu,4113310600,49,11,8,68
2026-01-23,yeosu,4113310600,48,10,8,66
2026-01-24,yeosu,4113310600,48,10,8,66
2026-01-25,yeosu,4113310600,49,10,8,67
2026-01-26,yeosu,4113310600,49,10,8,67
2026-01-27,yeosu,4113310600,47,8,9,64
2026-01-28,yeosu,4113310600,51,9,9,69
2026-01-29,yeosu,4113310600,49,8,10,67
2026-01-30,yeosu,4113310600,49,8,11,68
2026-01-31,yeosu,4113310600,47,6,9,62
2026-02-02,yeosu,4113310600,47,6,11,64
2026-02-03,yeosu,4113310600,50,7,12,69
2026-02-04,yeosu,4113310600,55,7,12,74
2026-02-05,yeosu,4113310600,58,8,10,76
2026-02-06,yeosu,4113310600,56,10,10,76
2026-02-07,yeosu,4113310600,57,10,10,77
2026-02-09,yeosu,4113310600,54,11,9,74
2026-02-10,yeosu,4113310600,57,10,9,76
2026-02-11,yeosu,4113310600,56,8,8,72
2026-02-12,yeosu,4113310600,53,6,7,66
2026-02-13,yeosu,4113310600,54,6,6,66
2026-02-14,yeosu,4113310600,59,6,5,70
2026-02-15,yeosu,4113310600,58,6,6,70
2026-02-16,yeosu,4113310600,58,6,6,70
2026-02-17,yeosu,4113310600,58,6,6,70
2026-02-18,yeosu,4113310600,58,6,6,70
2026-02-19,yeosu,4113310600,57,6,6,69
2026-02-20,yeosu,4113310600,55,6,7,68
2026-02-21,yeosu,4113310600,59,8,7,74
2026-02-22,yeosu,4113310600,60,7,7,74
2026-02-23,yeosu,4113310600,60,7,6,73
2026-02-24,yeosu,4113310600,69,6,6,81
2026-02-25,yeosu,4113310600,68,6,7,81
2026-02-26,yeosu,4113310600,70,6,7,83
2026-02-27,yeosu,4113310600,73,6,5,84
2026-02-28,yeosu,4113310600,75,6,5,86
2026-03-02,yeosu,4113310600,76,5,4,85
2026-03-03,yeosu,4113310600,76,5,4,85
2026-03-04,yeosu,4113310600,78,4,4,86
2026-03-05,yeosu,4113310600,82,5,4,91
2026-03-06,yeosu,4113310600,80,5,4,89
2026-03-07,yeosu,4113310600,82,5,6,93
2026-03-08,yeosu,4113310600,87,5,6,98
2026-03-09,yeosu,4113310600,86,5,6,97
2026-03-10,yeosu,4113310600,87,5,6,98
2026-03-11,yeosu,4113310600,85,4,5,94
2026-03-12,yeosu,4113310600,82,1,4,87
2026-03-13,yeosu,4113310600,83,1,4,88
2026-03-14,yeosu,4113310600,84,1,4,89
2026-03-15,yeosu,4113310600,85,2,4,91
2026-03-16,yeosu,4113310600,84,2,4,90
2026-03-17,yeosu,4113310600,89,1,3,93
2026-03-18,yeosu,4113310600,89,1,3,93
2026-03-19,yeosu,4113310600,88,1,3,92
2026-03-20,yeosu,4113310600,89,2,3,94
2026-03-21,yeosu,4113310600,87,2,3,92
2026-03-23,yeosu,4113310600,84,1,3,88
2026-03-24,yeosu,4113310600,80,2,3,85
2026-03-25,yeosu,4113310600,78,3,3,84
2026-03-26,yeosu,4113310600,70,2,3,75
2026-03-27,yeosu,4113310600,72,2,3,77
2026-03-28,yeosu,4113310600,71,2,2,75
2026-03-29,yeosu,4113310600,69,2,3,74
2026-03-30,yeosu,4113310600,66,2,3,71
2026-03-31,yeosu,4113310600,67,1,3,71
2026-04-01,yeosu,4113310600,67,1,3,71
2026-04-02,yeosu,4113310600,68,1,3,72
2026-04-03,yeosu,4113310600,67,1,2,70
2026-04-04,yeosu,4113310600,66,1,2,69
2026-04-05,yeosu,4113310600,69,1,2,72
2026-04-06,yeosu,4113310600,68,1,2,71
2026-04-07,yeosu,4113310600,62,1,2,65
2026-04-08,yeosu,4113310600,61,1,1,63
2026-04-09,yeosu,4113310600,60,1,1,62
2026-04-10,yeosu,4113310600,59,2,1,62
2026-04-11,yeosu,4113310600,60,4,1,65
2026-04-12,yeosu,4113310600,64,4,1,69
2026-04-13,yeosu,4113310600,62,4,1,67
2026-04-14,yeosu,4113310600,64,4,2,70
2026-04-15,yeosu,4113310600,66,7,2,75
2026-04-16,yeosu,4113310600,70,7,1,78
2026-04-17,yeosu,4113310600,67,8,1,76
2026-04-18,yeosu,4113310600,65,6,1,72
2026-04-19,yeosu,4113310600,66,3,1,70
2026-04-20,yeosu,4113310600,66,3,1,70
2026-04-21,yeosu,4113310600,62,2,1,65
2026-04-22,yeosu,4113310600,62,2,1,65
2026-04-23,yeosu,4113310600,61,2,1,64
2026-04-24,yeosu,4113310600,64,2,1,67
2026-04-25,yeosu,4113310600,64,1,1,66
2026-04-26,yeosu,4113310600,64,1,0,65
2026-04-27,yeosu,4113310600,64,1,0,65
2026-04-28,yeosu,4113310600,64,2,0,66
2026-04-29,yeosu,4113310600,63,2,0,65
2026-04-30,yeosu,4113310600,60,2,1,63
2026-05-01,yeosu,4113310600,62,2,1,65
2026-05-02,yeosu,4113310600,58,2,0,60
2026-05-04,yeosu,4113310600,60,2,0,62
2026-05-05,yeosu,4113310600,58,2,0,60
2026-05-06,yeosu,4113310600,59,2,0,61
2026-05-07,yeosu,4113310600,56,2,0,58
2026-05-08,yeosu,4113310600,53,2,0,55
2026-05-09,yeosu,4113310600,53,2,0,55
2026-05-10,yeosu,4113310600,52,2,0,54
2026-05-11,yeosu,4113310600,52,2,0,54
2026-05-12,yeosu,4113310600,49,2,0,51
2026-05-13,yeosu,4113310600,49,2,1,52
2026-05-14,yeosu,4113310600,56,2,3,61
2026-05-15,yeosu,4113310600,57,3,3,63
2026-05-16,yeosu,4113310600,57,4,5,66
2026-05-17,yeosu,4113310600,57,4,5,66
2026-05-18,yeosu,4113310600,57,4,5,66
2026-05-19,yeosu,4113310600,54,4,4,62
2026-05-20,yeosu,4113310600,57,5,4,66
2026-05-21,yeosu,4113310600,56,5,4,65
2026-05-22,yeosu,4113310600,56,8,4,68
2026-05-23,yeosu,4113310600,57,6,2,65
2026-05-24,yeosu,4113310600,58,7,2,67
2026-05-25,yeosu,4113310600,58,7,2,67
2026-05-26,yeosu,4113310600,58,6,2,66
2026-05-27,yeosu,4113310600,59,6,2,67
2026-05-28,yeosu,4113310600,63,6,1,70
2026-05-29,yeosu,4113310600,63,6,1,70
2026-05-30,yeosu,4113310600,61,6,1,68
2026-05-31,yeosu,4113310600,60,5,1,66
2026-06-01,yeosu,4113310600,60,5,1,66
2026-06-02,yeosu,4113310600,59,6,2,67
2026-06-03,yeosu,4113310600,60,6,2,68
2026-06-04,yeosu,4113310600,58,6,2,66
2026-06-05,yeosu,4113310600,59,6,1,66
2026-06-06,yeosu,4113310600,57,7,1,65
2026-06-07,yeosu,4113310600,59,6,1,66
2026-06-08,yeosu,4113310600,57,5,1,63
2026-06-09,yeosu,4113310600,58,5,1,64
2026-06-10,yeosu,4113310600,59,5,1,65
2026-06-11,yeosu,4113310600,58,6,3,67
2026-06-12,yeosu,4113310600,57,6,3,66
2026-06-13,yeosu,4113310600,54,6,4,64
2026-06-14,yeosu,4113310600,54,6,4,64
2026-06-15,yeosu,4113310600,53,6,4,63
2026-06-16,yeosu,4113310600,56,4,4,64
2026-06-17,yeosu,4113310600,59,4,2,65
2026-06-18,yeosu,4113310600,62,4,2,68
2026-06-20,yeosu,4113310600,62,4,2,68
2026-06-21,yeosu,4113310600,63,4,2,69
2026-06-22,yeosu,4113310600,62,4,2,68
2026-06-23,yeosu,4113310600,64,4,3,71
2026-06-24,yeosu,4113310600,64,4,3,71
2026-06-25,yeosu,4113310600,63,5,4,72
2026-06-26,yeosu,4113310600,60,5,4,69
2026-06-27,yeosu,4113310600,61,6,4,71
2026-06-28,yeosu,4113310600,61,6,4,71
2026-06-29,yeosu,4113310600,61,6,4,71
2026-06-30,yeosu,4113310600,62,8,3,73
2026-07-01,yeosu,4113310600,62,8,3,73
2026-07-02,yeosu,4113310600,58,6,3,67
2026-07-03,yeosu,4113310600,58,6,3,67
2026-07-04,yeosu,4113310600,60,6,2,68
2026-07-05,yeosu,4113310600,57,7,4,68
2026-07-06,yeosu,4113310600,57,8,4,69
2026-07-07,yeosu,4113310600,55,7,4,66
2026-07-08,yeosu,4113310600,54,6,4,64
2026-07-09,yeosu,4113310600,53,5,4,62
2026-07-10,yeosu,4113310600,56,4,3,63
2026-07-11,yeosu,4113310600,56,5,3,64
2026-07-12,yeosu,4113310600,54,5,3,62
2026-07-13,yeosu,4113310600,54,5,3,62
2026-07-14,yeosu,4113310600,53,4,2,59
2026-07-17,yeosu,4113310600,50,4,2,56
2026-07-18,yeosu,4113310600,47,4,3,54
2026-07-19,yeosu,4113310600,48,5,3,56
2026-07-20,yeosu,4113310600,47,4,3,54
2026-07-21,yeosu,4113310600,44,4,3,51
2026-07-23,yeosu,4113310600,45,5,3,53
2026-07-24,yeosu,4113310600,42,5,3,50
2026-07-25,yeosu,4113310600,37,7,3,47
2026-07-26,yeosu,4113310600,37,7,3,47
2026-07-27,yeosu,4113310600,35,7,3,45
2026-07-28,yeosu,4113310600,37,5,2,44
2026-07-29,yeosu,4113310600,37,4,2,43
2026-07-30,yeosu,4113310600,36,4,2,42
2026-07-31,yeosu,4113310600,38,5,2,45
2026-08-01,yeosu,4113310600,39,7,2,48
2026-08-02,yeosu,4113310600,39,7,2,48
2026-08-03,yeosu,4113310600,39,5,2,46
2026-08-04,yeosu,4113310600,36,6,2,44
2026-08-05,yeosu,4113310600,37,6,2,45
2026-08-06,yeosu,4113310600,38,6,2,46
2026-08-07,yeosu,4113310600,39,6,2,47
2026-08-08,yeosu,4113310600,37,4,3,44
2026-08-09,yeosu,4113310600,36,4,3,43
2026-08-10,yeosu,4113310600,36,4,3,43
2026-08-11,yeosu,4113310600,40,3,4,47
2026-08-12,yeosu,4113310600,41,2,4,47
2026-08-14,yeosu,4113310600,39,2,4,45
2026-08-15,yeosu,4113310600,43,2,4,49
2026-08-16,yeosu,4113310600,43,3,4,50
2026-08-17,yeosu,4113310600,43,3,3,49
2026-08-18,yeosu,4113310600,41,3,3,47
2026-08-19,yeosu,4113310600,43,6,3,52
2026-08-20,yeosu,4113310600,48,6,3,57
2026-08-21,yeosu,4113310600,48,6,3,57
2026-08-22,yeosu,4113310600,48,4,3,55
2026-08-23,yeosu,4113310600,47,3,3,53
2026-08-25,yeosu,4113310600,47,4,3,54
2026-08-26,yeosu,4113310600,52,5,3,60
2026-08-27,yeosu,4113310600,52,5,4,61
2026-08-28,yeosu,4113310600,52,5,3,60
2026-08-29,yeosu,4113310600,54,6,3,63
2026-08-30,yeosu,4113310600,52,5,2,59
2026-08-31,yeosu,4113310600,50,5,2,57
2026-09-01,yeosu,4113310600,54,6,3,63
2026-09-03,yeosu,4113310600,55,6,3,64
2026-09-04,yeosu,4113310600,54,6,3,63
2026-09-05,yeosu,4113310600,57,6,3,66
2026-09-06,yeosu,4113310600,50,6,3,59
2026-09-07,yeosu,4113310600,50,6,3,59
2026-09-09,yeosu,4113310600,55,6,5,66
2026-09-11,yeosu,4113310600,59,7,5,71
2026-09-12,yeosu,4113310600,59,7,4,70
2026-09-13,yeosu,4113310600,59,7,4,70
2026-09-14,yeosu,4113310600,55,7,4,66
2026-09-15,yeosu,4113310600,57,7,4,68
2026-09-16,yeosu,4113310600,57,7,5,69
2026-09-17,yeosu,4113310600,57,7,5,69
2026-09-18,yeosu,4113310600,56,7,5,68
2026-09-19,yeosu,4113310600,54,7,5,66
2026-09-21,yeosu,4113310600,56,5,5,66
2026-09-22,yeosu,4113310600,58,4,5,67
2026-09-23,yeosu,4113310600,58,4,5,67
2026-09-24,yeosu,4113310600,56,5,5,66
2026-09-25,yeosu,4113310600,55,4,5,64
2026-09-27,yeosu,4113310600,54,4,5,63
2026-09-28,yeosu,4113310600,53,4,5,62
2026-09-29,yeosu,4113310600,62,5,6,73
2026-09-30,yeosu,4113310600,62,7,6,75
2026-10-01,yeosu,4113310600,65,7,6,78
2026-10-02,yeosu,4113310600,65,10,8,83
2026-10-03,yeosu,4113310600,65,14,7,86
2026-10-04,yeosu,4113310600,64,14,7,85
2026-10-05,yeosu,4113310600,63,15,7,85
2026-10-06,yeosu,4113310600,64,15,8,87
2026-10-07,yeosu,4113310600,69,17,9,95
