date,complex_id,naver_id,sale,jeonse,wolse,total
2023-09-01,godeok_central_ipark,118210,96,21,8,125
2023-09-02,godeok_central_ipark,118210,93,21,8,122
2023-09-03,godeok_central_ipark,118210,93,21,9,123
2023-09-04,godeok_central_ipark,118210,91,20,9,120
2023-09-05,godeok_central_ipark,118210,94,19,10,123
2023-09-06,godeok_central_ipark,118210,96,21,11,128
2023-09-07,godeok_central_ipark,118210,104,24,11,139
2023-09-08,godeok_central_ipark,118210,104,24,8,136
2023-09-09,godeok_central_ipark,118210,102,24,8,134
2023-09-10,godeok_central_ipark,118210,104,22,8,134
2023-09-11,godeok_central_ipark,118210,103,22,8,133
2023-09-12,godeok_central_ipark,118210,108,23,8,139
2023-09-14,godeok_central_ipark,118210,105,26,9,140
2023-09-15,godeok_central_ipark,118210,105,26,9,140
2023-09-16,godeok_central_ipark,118210,106,26,9,141
2023-09-17,godeok_central_ipark,118210,102,26,8,136
2023-09-18,godeok_central_ipark,118210,100,26,8,134
2023-09-19,godeok_central_ipark,118210,100,26,9,135
2023-09-20,godeok_central_ipark,118210,104,27,10,141
2023-09-21,godeok_central_ipark,118210,106,27,10,143
2023-09-23,godeok_central_ipark,118210,105,27,10,142
2023-09-24,godeok_central_ipark,118210,106,27,12,145
2023-09-25,godeok_central_ipark,118210,104,26,12,142
2023-09-26,godeok_central_ipark,118210,103,23,13,139
2023-09-27,godeok_central_ipark,118210,104,21,12,137
2023-09-28,godeok_central_ipark,118210,105,22,13,140
2023-09-29,godeok_central_ipark,118210,104,21,13,138
2023-09-30,godeok_central_ipark,118210,104,21,13,138
2023-10-01,godeok_central_ipark,118210,104,21,13,138
2023-10-02,godeok_central_ipark,118210,104,21,13,138
2023-10-03,godeok_central_ipark,118210,104,22,13,139
2023-10-04,godeok_central_ipark,118210,105,22,13,140
2023-10-05,godeok_central_ipark,118210,105,25,15,145
2023-10-06,godeok_central_ipark,118210,107,26,14,147
2023-10-07,godeok_central_ipark,118210,105,25,14,144
2023-10-08,godeok_central_ipark,118210,106,29,16,151
2023-10-09,godeok_central_ipark,118210,106,29,16,151
2023-10-10,godeok_central_ipark,118210,108,30,15,153
2023-10-11,godeok_central_ipark,118210,110,37,15,162
2023-10-12,godeok_central_ipark,118210,107,38,14,159
2023-10-13,godeok_central_ipark,118210,106,40,13,159
2023-10-14,godeok_central_ipark,118210,108,46,15,169
2023-10-15,godeok_central_ipark,118210,105,50,14,169
2023-10-16,godeok_central_ipark,118210,104,49,14,167
2023-10-17,godeok_central_ipark,118210,106,50,14,170
2023-10-18,godeok_central_ipark,118210,106,54,15,175
2023-10-19,godeok_central_ipark,118210,107,60,16,183
2023-10-20,godeok_central_ipark,118210,114,60,16,190
2023-10-21,godeok_central_ipark,118210,110,62,17,189
2023-10-22,godeok_central_ipark,118210,111,61,19,191
2023-10-23,godeok_central_ipark,118210,109,61,19,189
2023-10-24,godeok_central_ipark,118210,108,59,19,186
2023-10-25,godeok_central_ipark,118210,110,64,19,193
2023-10-26,godeok_central_ipark,118210,109,72,19,200
2023-10-27,godeok_central_ipark,118210,109,72,20,201
2023-10-28,godeok_central_ipark,118210,111,75,22,208
2023-10-29,godeok_central_ipark,118210,113,75,23,211
2023-10-30,godeok_central_ipark,118210,113,75,23,211
2023-10-31,godeok_central_ipark,118210,114,76,22,212
2023-11-01,godeok_central_ipark,118210,114,79,26,219
2023-11-02,godeok_central_ipark,118210,115,82,27,224
2023-11-03,godeok_central_ipark,118210,115,81,26,222
2023-11-04,godeok_central_ipark,118210,116,79,25,220
2023-11-05,godeok_central_ipark,118210,116,78,27,221
2023-11-06,godeok_central_ipark,118210,115,76,28,219
2023-11-07,godeok_central_ipark,118210,115,80,27,222
2023-11-08,godeok_central_ipark,118210,115,83,28,226
2023-11-09,godeok_central_ipark,118210,116,88,33,237
2023-11-10,godeok_central_ipark,118210,118,88,32,238
2023-11-11,godeok_central_ipark,118210,119,86,32,237
2023-11-12,godeok_central_ipark,118210,116,87,32,235
2023-11-13,godeok_central_ipark,118210,116,85,32,233
2023-11-14,godeok_central_ipark,118210,116,85,33,234
2023-11-15,godeok_central_ipark,118210,116,85,33,234
2023-11-16,godeok_central_ipark,118210,116,84,33,233
2023-11-17,godeok_central_ipark,118210,115,88,34,237
2023-11-18,godeok_central_ipark,118210,115,85,34,234
2023-11-19,godeok_central_ipark,118210,112,81,33,226
2023-11-21,godeok_central_ipark,118210,110,81,34,225
2023-11-22,godeok_central_ipark,118210,110,78,34,222
2023-11-23,godeok_central_ipark,118210,107,76,34,217
2023-11-24,godeok_central_ipark,118210,106,76,32,214
2023-11-25,godeok_central_ipark,118210,106,78,31,215
2023-11-26,godeok_central_ipark,118210,107,76,30,213
2023-11-27,godeok_central_ipark,118210,105,75,29,209
2023-11-28,godeok_central_ipark,118210,106,75,31,212
2023-11-29,godeok_central_ipark,118210,105,77,31,213
2023-11-30,godeok_central_ipark,118210,105,83,32,220
2023-12-01,godeok_central_ipark,118210,103,80,31,214
2023-12-02,godeok_central_ipark,118210,100,81,31,212
2023-12-03,godeok_central_ipark,118210,102,81,30,213
2023-12-04,godeok_central_ipark,118210,101,80,30,211
2023-12-05,godeok_central_ipark,118210,101,80,32,213
2023-12-06,godeok_central_ipark,118210,102,84,33,219
2023-12-07,godeok_central_ipark,118210,103,85,33,221
2023-12-08,godeok_central_ipark,118210,102,84,33,219
2023-12-09,godeok_central_ipark,118210,103,85,33,221
2023-12-10,godeok_central_ipark,118210,102,84,34,220
2023-12-11,godeok_central_ipark,118210,99,84,34,217
2023-12-12,godeok_central_ipark,118210,101,86,33,220
2023-12-13,godeok_central_ipark,118210,103,86,36,225
2023-12-14,godeok_central_ipark,118210,101,89,33,223
2023-12-15,godeok_central_ipark,118210,104,86,33,223
2023-12-16,godeok_central_ipark,118210,104,85,31,220
2023-12-17,godeok_central_ipark,118210,105,83,29,217
2023-12-18,godeok_central_ipark,118210,104,81,29,214
2023-12-19,godeok_central_ipark,118210,104,78,28,210
2023-12-20,godeok_central_ipark,118210,105,75,29,209
2023-12-21,godeok_central_ipark,118210,104,72,30,206
2023-12-22,godeok_central_ipark,118210,107,72,30,209
2023-12-23,godeok_central_ipark,118210,105,69,29,203
2023-12-24,godeok_central_ipark,118210,105,70,28,203
2023-12-25,godeok_central_ipark,118210,104,67,28,199
2023-12-26,godeok_central_ipark,118210,103,67,28,198
2023-12-27,godeok_central_ipark,118210,102,66,27,195
2023-12-28,godeok_central_ipark,118210,101,64,27,192
2023-12-29,godeok_central_ipark,118210,100,62,27,189
2023-12-30,godeok_central_ipark,118210,101,61,27,189
2023-12-31,godeok_central_ipark,118210,100,60,27,187
2024-01-01,godeok_central_ipark,118210,98,56,27,181
2024-01-02,godeok_central_ipark,118210,94,55,27,176
2024-01-03,godeok_central_ipark,118210,99,55,28,182
2024-01-04,godeok_central_ipark,118210,99,57,28,184
2024-01-05,godeok_central_ipark,118210,99,54,26,179
2024-01-06,godeok_central_ipark,118210,100,54,25,179
2024-01-07,godeok_central_ipark,118210,101,54,22,177
2024-01-08,godeok_central_ipark,118210,100,54,22,176
2024-01-09,godeok_central_ipark,118210,102,58,21,181
2024-01-10,godeok_central_ipark,118210,103,63,21,187
2024-01-11,godeok_central_ipark,118210,102,64,20,186
2024-01-12,godeok_central_ipark,118210,106,65,20,191
2024-01-13,godeok_central_ipark,118210,105,64,19,188
2024-01-14,godeok_central_ipark,118210,99,64,19,182
2024-01-15,godeok_central_ipark,118210,97,62,18,177
2024-01-16,godeok_central_ipark,118210,97,62,18,177
2024-01-17,godeok_central_ipark,118210,96,63,18,177
2024-01-18,godeok_central_ipark,118210,95,62,18,175
2024-01-19,godeok_central_ipark,118210,98,64,18,180
2024-01-20,godeok_central_ipark,118210,97,63,17,177
2024-01-21,godeok_central_ipark,118210,95,59,17,171
2024-01-22,godeok_central_ipark,118210,94,58,17,169
2024-01-23,godeok_central_ipark,118210,94,55,16,165
2024-01-24,godeok_central_ipark,118210,97,54,17,168
2024-01-25,godeok_central_ipark,118210,97,54,18,169
2024-01-26,godeok_central_ipark,118210,98,52,20,170
2024-01-27,godeok_central_ipark,118210,98,52,21,171
2024-01-28,godeok_central_ipark,118210,99,54,20,173
2024-01-29,godeok_central_ipark,118210,99,54,20,173
2024-01-30,godeok_central_ipark,118210,98,56,20,174
2024-01-31,godeok_central_ipark,118210,99,55,21,175
2024-02-01,godeok_central_ipark,118210,101,57,21,179
2024-02-02,godeok_central_ipark,118210,101,57,21,179
2024-02-03,godeok_central_ipark,118210,103,58,23,184
2024-02-04,godeok_central_ipark,118210,103,58,24,185
2024-02-05,godeok_central_ipark,118210,103,57,24,184
2024-02-06,godeok_central_ipark,118210,101,56,26,183
2024-02-07,godeok_central_ipark,118210,101,57,28,186
2024-02-08,godeok_central_ipark,118210,101,58,29,188
2024-02-09,godeok_central_ipark,118210,102,58,30,190
2024-02-10,godeok_central_ipark,118210,99,57,30,186
2024-02-11,godeok_central_ipark,118210,96,56,30,182
2024-02-12,godeok_central_ipark,118210,96,55,30,181
2024-02-13,godeok_central_ipark,118210,97,54,30,181
2024-02-14,godeok_central_ipark,118210,101,54,28,183
2024-02-15,godeok_central_ipark,118210,102,57,28,187
2024-02-16,godeok_central_ipark,118210,102,57,30,189
2024-02-17,godeok_central_ipark,118210,103,56,31,190
2024-02-18,godeok_central_ipark,118210,102,55,32,189
2024-02-19,godeok_central_ipark,118210,102,53,32,187
2024-02-20,godeok_central_ipark,118210,102,55,33,190
2024-02-21,godeok_central_ipark,118210,103,56,34,193
2024-02-22,godeok_central_ipark,118210,104,60,33,197
2024-02-23,godeok_central_ipark,118210,103,56,35,194
2024-02-24,godeok_central_ipark,118210,103,58,33,194
2024-02-25,godeok_central_ipark,118210,106,57,33,196
2024-02-26,godeok_central_ipark,118210,106,55,33,194
2024-02-27,godeok_central_ipark,118210,107,53,32,192
2024-02-28,godeok_central_ipark,118210,107,54,32,193
2024-02-29,godeok_central_ipark,118210,107,56,32,195
2024-03-01,godeok_central_ipark,118210,108,56,34,198
2024-03-02,godeok_central_ipark,118210,108,57,34,199
2024-03-03,godeok_central_ipark,118210,107,55,32,194
2024-03-04,godeok_central_ipark,118210,103,54,31,188
2024-03-05,godeok_central_ipark,118210,103,53,31,187
2024-03-06,godeok_central_ipark,118210,104,53,29,186
2024-03-07,godeok_central_ipark,118210,104,51,30,185
2024-03-08,godeok_central_ipark,118210,106,50,33,189
2024-03-09,godeok_central_ipark,118210,104,46,32,182
2024-03-10,godeok_central_ipark,118210,103,44,31,178
2024-03-11,godeok_central_ipark,118210,103,44,31,178
2024-03-12,godeok_central_ipark,118210,104,45,31,180
2024-03-13,godeok_central_ipark,118210,106,45,32,183
2024-03-14,godeok_central_ipark,118210,106,46,34,186
2024-03-15,godeok_central_ipark,118210,106,44,35,185
2024-03-16,godeok_central_ipark,118210,105,43,37,185
2024-03-17,godeok_central_ipark,118210,106,43,37,186
2024-03-18,godeok_central_ipark,118210,105,42,37,184
2024-03-19,godeok_central_ipark,118210,107,40,37,184
2024-03-20,godeok_central_ipark,118210,108,41,37,186
2024-03-21,godeok_central_ipark,118210,106,40,36,182
2024-03-22,godeok_central_ipark,118210,103,37,34,174
2024-03-23,godeok_central_ipark,118210,102,36,36,174
2024-03-24,godeok_central_ipark,118210,103,37,36,176
2024-03-25,godeok_central_ipark,118210,103,36,36,175
2024-03-26,godeok_central_ipark,118210,100,36,39,175
2024-03-27,godeok_central_ipark,118210,103,37,39,179
2024-03-28,godeok_central_ipark,118210,104,38,38,180
2024-03-29,godeok_central_ipark,118210,103,37,36,176
2024-03-30,godeok_central_ipark,118210,104,34,36,174
2024-03-31,godeok_central_ipark,118210,101,35,35,171
2024-04-01,godeok_central_ipark,118210,100,35,34,169
2024-04-02,godeok_central_ipark,118210,100,38,35,173
2024-04-03,godeok_central_ipark,118210,99,39,32,170
2024-04-04,godeok_central_ipark,118210,99,40,31,170
2024-04-05,godeok_central_ipark,118210,99,38,31,168
2024-04-06,godeok_central_ipark,118210,99,38,30,167
2024-04-07,godeok_central_ipark,118210,99,37,30,166
2024-04-08,godeok_central_ipark,118210,97,37,28,162
2024-04-09,godeok_central_ipark,118210,99,35,29,163
2024-04-10,godeok_central_ipark,118210,97,35,29,161
2024-04-11,godeok_central_ipark,118210,93,32,29,154
2024-04-12,godeok_central_ipark,118210,94,36,28,158
2024-04-13,godeok_central_ipark,118210,96,33,27,156
2024-04-14,godeok_central_ipark,118210,97,34,26,157
2024-04-15,godeok_central_ipark,118210,94,33,24,151
2024-04-16,godeok_central_ipark,118210,95,31,23,149
2024-04-17,godeok_central_ipark,118210,96,30,23,149
2024-04-18,godeok_central_ipark,118210,93,30,25,148
2024-04-19,godeok_central_ipark,118210,94,31,24,149
2024-04-20,godeok_central_ipark,118210,95,31,26,152
2024-04-21,godeok_central_ipark,118210,95,32,27,154
2024-04-22,godeok_central_ipark,118210,94,31,25,150
2024-04-23,godeok_central_ipark,118210,96,31,28,155
2024-04-24,godeok_central_ipark,118210,96,30,28,154
2024-04-25,godeok_central_ipark,118210,96,31,26,153
2024-04-26,godeok_central_ipark,118210,96,30,27,153
2024-04-27,godeok_central_ipark,118210,96,28,27,151
2024-04-28,godeok_central_ipark,118210,98,27,27,152
2024-04-29,godeok_central_ipark,118210,96,25,27,148
2024-04-30,godeok_central_ipark,118210,96,26,26,148
2024-05-01,godeok_central_ipark,118210,97,27,25,149
2024-05-02,godeok_central_ipark,118210,93,24,25,142
2024-05-03,godeok_central_ipark,118210,96,23,25,144
2024-05-04,godeok_central_ipark,118210,98,24,25,147
2024-05-05,godeok_central_ipark,118210,99,24,24,147
2024-05-06,godeok_central_ipark,118210,99,23,24,146
2024-05-07,godeok_central_ipark,118210,96,22,25,143
2024-05-08,godeok_central_ipark,118210,95,21,26,142
2024-05-09,godeok_central_ipark,118210,96,23,27,146
2024-05-10,godeok_central_ipark,118210,98,21,27,146
2024-05-11,godeok_central_ipark,118210,101,22,27,150
2024-05-12,godeok_central_ipark,118210,99,21,27,147
2024-05-13,godeok_central_ipark,118210,98,21,27,146
2024-05-14,godeok_central_ipark,118210,96,21,26,143
2024-05-15,godeok_central_ipark,118210,97,21,26,144
2024-05-16,godeok_central_ipark,118210,95,21,23,139
2024-05-17,godeok_central_ipark,118210,97,21,24,142
2024-05-18,godeok_central_ipark,118210,97,20,23,140
2024-05-19,godeok_central_ipark,118210,95,18,23,136
2024-05-20,godeok_central_ipark,118210,93,18,22,133
2024-05-21,godeok_central_ipark,118210,95,18,22,135
2024-05-22,godeok_central_ipark,118210,94,19,22,135
2024-05-23,godeok_central_ipark,118210,94,20,22,136
2024-05-24,godeok_central_ipark,118210,94,20,23,137
2024-05-25,godeok_central_ipark,118210,91,19,20,130
2024-05-26,godeok_central_ipark,118210,92,19,19,130
2024-05-27,godeok_central_ipark,118210,88,19,19,126
2024-05-28,godeok_central_ipark,118210,90,19,19,128
2024-05-29,godeok_central_ipark,118210,93,20,18,131
2024-05-30,godeok_central_ipark,118210,99,20,15,134
2024-05-31,godeok_central_ipark,118210,98,19,16,133
2024-06-01,godeok_central_ipark,118210,99,18,14,131
2024-06-02,godeok_central_ipark,118210,99,18,13,130
2024-06-03,godeok_central_ipark,118210,98,18,12,128
2024-06-04,godeok_central_ipark,118210,96,18,13,127
2024-06-05,godeok_central_ipark,118210,96,18,13,127
2024-06-06,godeok_central_ipark,118210,97,18,13,128
2024-06-07,godeok_central_ipark,118210,96,17,13,126
2024-06-08,godeok_central_ipark,118210,91,15,13,119
2024-06-09,godeok_central_ipark,118210,86,15,13,114
2024-06-10,godeok_central_ipark,118210,85,15,13,113
2024-06-11,godeok_central_ipark,118210,86,15,13,114
2024-06-12,godeok_central_ipark,118210,88,16,12,116
2024-06-13,godeok_central_ipark,118210,85,15,12,112
2024-06-14,godeok_central_ipark,118210,87,15,12,114
2024-06-15,godeok_central_ipark,118210,84,14,12,110
2024-06-16,godeok_central_ipark,118210,83,14,11,108
2024-06-17,godeok_central_ipark,118210,82,12,10,104
2024-06-18,godeok_central_ipark,118210,83,11,10,104
2024-06-19,godeok_central_ipark,118210,82,12,10,104
2024-06-20,godeok_central_ipark,118210,81,10,9,100
2024-06-21,godeok_central_ipark,118210,78,12,9,99
2024-06-22,godeok_central_ipark,118210,75,11,10,96
2024-06-23,godeok_central_ipark,118210,76,8,10,94
2024-06-24,godeok_central_ipark,118210,75,8,10,93
2024-06-25,godeok_central_ipark,118210,77,8,10,95
2024-06-26,godeok_central_ipark,118210,76,7,10,93
2024-06-27,godeok_central_ipark,118210,68,10,11,89
2024-06-28,godeok_central_ipark,118210,68,10,12,90
2024-06-29,godeok_central_ipark,118210,67,8,14,89
2024-06-30,godeok_central_ipark,118210,67,7,14,88
2024-07-01,godeok_central_ipark,118210,67,7,14,88
2024-07-02,godeok_central_ipark,118210,68,8,15,91
2024-07-03,godeok_central_ipark,118210,68,9,15,92
2024-07-04,godeok_central_ipark,118210,68,8,15,91
2024-07-05,godeok_central_ipark,118210,73,10,15,98
2024-07-06,godeok_central_ipark,118210,72,10,14,96
2024-07-07,godeok_central_ipark,118210,70,9,15,94
2024-07-08,godeok_central_ipark,118210,70,9,15,94
2024-07-09,godeok_central_ipark,118210,71,10,13,94
2024-07-10,godeok_central_ipark,118210,71,9,14,94
2024-07-11,godeok_central_ipark,118210,71,9,14,94
2024-07-12,godeok_central_ipark,118210,71,10,14,95
2024-07-13,godeok_central_ipark,118210,72,9,14,95
2024-07-14,godeok_central_ipark,118210,70,9,14,93
2024-07-15,godeok_central_ipark,118210,69,9,14,92
2024-07-16,godeok_central_ipark,118210,69,8,13,90
2024-07-17,godeok_central_ipark,118210,71,8,13,92
2024-07-18,godeok_central_ipark,118210,71,9,13,93
2024-07-19,godeok_central_ipark,118210,72,8,14,94
2024-07-20,godeok_central_ipark,118210,73,8,14,95
2024-07-21,godeok_central_ipark,118210,71,8,11,90
2024-07-22,godeok_central_ipark,118210,71,8,11,90
2024-07-23,godeok_central_ipark,118210,70,8,9,87
2024-07-24,godeok_central_ipark,118210,72,9,8,89
2024-07-25,godeok_central_ipark,118210,71,9,7,87
2024-07-26,godeok_central_ipark,118210,73,7,6,86
2024-07-27,godeok_central_ipark,118210,73,7,6,86
2024-07-28,godeok_central_ipark,118210,71,7,7,85
2024-07-29,godeok_central_ipark,118210,71,7,6,84
2024-07-30,godeok_central_ipark,118210,71,8,7,86
2024-07-31,godeok_central_ipark,118210,70,8,7,85
2024-08-01,godeok_central_ipark,118210,67,8,7,82
2024-08-02,godeok_central_ipark,118210,66,8,7,81
2024-08-03,godeok_central_ipark,118210,65,8,7,80
2024-08-04,godeok_central_ipark,118210,63,8,7,78
2024-08-05,godeok_central_ipark,118210,63,7,7,77
2024-08-06,godeok_central_ipark,118210,62,7,7,76
2024-08-07,godeok_central_ipark,118210,64,7,7,78
2024-08-08,godeok_central_ipark,118210,66,7,8,81
2024-08-09,godeok_central_ipark,118210,69,7,8,84
2024-08-10,godeok_central_ipark,118210,72,6,8,86
2024-08-11,godeok_central_ipark,118210,70,7,7,84
2024-08-12,godeok_central_ipark,118210,70,7,7,84
2024-08-13,godeok_central_ipark,118210,69,7,8,84
2024-08-14,godeok_central_ipark,118210,71,7,8,86
2024-08-15,godeok_central_ipark,118210,69,8,8,85
2024-08-16,godeok_central_ipark,118210,69,7,8,84
2024-08-17,godeok_central_ipark,118210,72,7,7,86
2024-08-18,godeok_central_ipark,118210,73,7,6,86
2024-08-19,godeok_central_ipark,118210,71,7,6,84
2024-08-20,godeok_central_ipark,118210,71,7,6,84
2024-08-21,godeok_central_ipark,118210,70,7,6,83
2024-08-22,godeok_central_ipark,118210,73,5,6,84
2024-08-23,godeok_central_ipark,118210,72,5,8,85
2024-08-24,godeok_central_ipark,118210,75,5,8,88
2024-08-25,godeok_central_ipark,118210,74,5,8,87
2024-08-26,godeok_central_ipark,118210,74,5,8,87
2024-08-27,godeok_central_ipark,118210,69,5,8,82
2024-08-28,godeok_central_ipark,118210,70,5,8,83
2024-08-29,godeok_central_ipark,118210,68,4,7,79
2024-08-30,godeok_central_ipark,118210,67,4,6,77
2024-08-31,godeok_central_ipark,118210,66,4,6,76
2024-09-01,godeok_central_ipark,118210,68,5,6,79
2024-09-02,godeok_central_ipark,118210,68,5,6,79
2024-09-03,godeok_central_ipark,118210,68,5,7,80
2024-09-04,godeok_central_ipark,118210,72,5,7,84
2024-09-05,godeok_central_ipark,118210,72,5,8,85
2024-09-06,godeok_central_ipark,118210,74,4,8,86
2024-09-07,godeok_central_ipark,118210,75,6,7,88
2024-09-08,godeok_central_ipark,118210,75,5,7,87
2024-09-09,godeok_central_ipark,118210,74,5,7,86
2024-09-10,godeok_central_ipark,118210,74,4,6,84
2024-09-11,godeok_central_ipark,118210,76,5,6,87
2024-09-12,godeok_central_ipark,118210,74,5,5,84
2024-09-13,godeok_central_ipark,118210,75,5,5,85
2024-09-14,godeok_central_ipark,118210,81,5,4,90
2024-09-15,godeok_central_ipark,118210,80,5,4,89
2024-09-16,godeok_central_ipark,118210,79,5,4,88
2024-09-17,godeok_central_ipark,118210,77,5,4,86
2024-09-18,godeok_central_ipark,118210,77,5,4,86
2024-09-19,godeok_central_ipark,118210,77,5,4,86
2024-09-20,godeok_central_ipark,118210,79,6,4,89
2024-09-21,godeok_central_ipark,118210,78,6,4,88
2024-09-22,godeok_central_ipark,118210,81,7,3,91
2024-09-23,godeok_central_ipark,118210,80,7,3,90
2024-09-24,godeok_central_ipark,118210,79,9,3,91
2024-09-25,godeok_central_ipark,118210,78,8,3,89
2024-09-26,godeok_central_ipark,118210,80,8,4,92
2024-09-27,godeok_central_ipark,118210,80,8,5,93
2024-09-28,godeok_central_ipark,118210,78,8,5,91
2024-09-29,godeok_central_ipark,118210,78,7,3,88
2024-09-30,godeok_central_ipark,118210,78,7,3,88
2024-10-01,godeok_central_ipark,118210,82,7,3,92
2024-10-02,godeok_central_ipark,118210,79,7,3,89
2024-10-03,godeok_central_ipark,118210,80,7,3,90
2024-10-04,godeok_central_ipark,118210,79,7,3,89
2024-10-05,godeok_central_ipark,118210,77,7,3,87
2024-10-06,godeok_central_ipark,118210,77,7,2,86
2024-10-07,godeok_central_ipark,118210,76,6,2,84
2024-10-08,godeok_central_ipark,118210,78,7,2,87
2024-10-09,godeok_central_ipark,118210,79,7,1,87
2024-10-10,godeok_central_ipark,118210,75,6,1,82
2024-10-11,godeok_central_ipark,118210,76,7,2,85
2024-10-12,godeok_central_ipark,118210,76,8,3,87
2024-10-13,godeok_central_ipark,118210,77,8,3,88
2024-10-14,godeok_central_ipark,118210,71,8,3,82
2024-10-16,godeok_central_ipark,118210,70,9,2,81
2024-10-17,godeok_central_ipark,118210,71,10,2,83
2024-10-18,godeok_central_ipark,118210,69,10,2,81
2024-10-19,godeok_central_ipark,118210,70,10,2,82
2024-10-20,godeok_central_ipark,118210,68,10,3,81
2024-10-21,godeok_central_ipark,118210,67,10,3,80
2024-10-22,godeok_central_ipark,118210,68,11,3,82
2024-10-23,godeok_central_ipark,118210,68,10,3,81
2024-10-24,godeok_central_ipark,118210,69,10,3,82
2024-10-25,godeok_central_ipark,118210,70,10,3,83
2024-10-26,godeok_central_ipark,118210,69,12,2,83
2024-10-27,godeok_central_ipark,118210,69,13,2,84
2024-10-28,godeok_central_ipark,118210,69,13,2,84
2024-10-29,godeok_central_ipark,118210,69,12,2,83
2024-10-30,godeok_central_ipark,118210,71,14,3,88
2024-10-31,godeok_central_ipark,118210,71,13,3,87
2024-11-01,godeok_central_ipark,118210,70,12,5,87
2024-11-02,godeok_central_ipark,118210,70,12,5,87
2024-11-03,godeok_central_ipark,118210,70,12,5,87
2024-11-04,godeok_central_ipark,118210,70,12,5,87
2024-11-05,godeok_central_ipark,118210,71,11,4,86
2024-11-06,godeok_central_ipark,118210,74,13,2,89
2024-11-07,godeok_central_ipark,118210,74,12,2,88
2024-11-08,godeok_central_ipark,118210,76,12,1,89
2024-11-09,godeok_central_ipark,118210,80,13,1,94
2024-11-10,godeok_central_ipark,118210,78,14,2,94
2024-11-11,godeok_central_ipark,118210,77,14,2,93
2024-11-12,godeok_central_ipark,118210,76,14,2,92
2024-11-13,godeok_central_ipark,118210,78,15,2,95
2024-11-14,godeok_central_ipark,118210,80,13,3,96
2024-11-15,godeok_central_ipark,118210,78,13,3,94
2024-11-16,godeok_central_ipark,118210,79,14,3,96
2024-11-17,godeok_central_ipark,118210,78,12,4,94
2024-11-18,godeok_central_ipark,118210,78,11,4,93
2024-11-19,godeok_central_ipark,118210,78,12,5,95
2024-11-20,godeok_central_ipark,118210,79,12,5,96
2024-11-21,godeok_central_ipark,118210,80,12,6,98
2024-11-22,godeok_central_ipark,118210,79,12,5,96
2024-11-23,godeok_central_ipark,118210,78,12,4,94
2024-11-24,godeok_central_ipark,118210,83,13,5,101
2024-11-25,godeok_central_ipark,118210,82,12,5,99
2024-11-26,godeok_central_ipark,118210,87,12,5,104
2024-11-27,godeok_central_ipark,118210,88,14,6,108
2024-11-28,godeok_central_ipark,118210,87,13,6,106
2024-11-29,godeok_central_ipark,118210,86,12,6,104
2024-11-30,godeok_central_ipark,118210,86,12,6,104
2024-12-01,godeok_central_ipark,118210,85,11,6,102
2024-12-02,godeok_central_ipark,118210,84,11,6,101
2024-12-03,godeok_central_ipark,118210,85,11,6,102
2024-12-04,godeok_central_ipark,118210,85,13,6,104
2024-12-05,godeok_central_ipark,118210,87,12,6,105
2024-12-06,godeok_central_ipark,118210,85,13,7,105
2024-12-07,godeok_central_ipark,118210,85,13,6,104
2024-12-08,godeok_central_ipark,118210,84,13,7,104
2024-12-09,godeok_central_ipark,118210,82,13,7,102
2024-12-10,godeok_central_ipark,118210,84,12,7,103
2024-12-11,godeok_central_ipark,118210,84,13,8,105
2024-12-12,godeok_central_ipark,118210,84,13,8,105
2024-12-13,godeok_central_ipark,118210,83,13,8,104
2024-12-14,godeok_central_ipark,118210,83,13,7,103
2024-12-15,godeok_central_ipark,118210,82,13,8,103
2024-12-16,godeok_central_ipark,118210,80,12,8,100
2024-12-17,godeok_central_ipark,118210,83,12,7,102
2024-12-19,godeok_central_ipark,118210,88,12,8,108
2024-12-20,godeok_central_ipark,118210,87,12,7,106
2024-12-21,godeok_central_ipark,118210,86,12,7,105
2024-12-22,godeok_central_ipark,118210,87,12,6,105
2024-12-23,godeok_central_ipark,118210,88,12,6,106
2024-12-24,godeok_central_ipark,118210,86,12,4,102
2024-12-25,godeok_central_ipark,118210,84,14,5,103
2024-12-26,godeok_central_ipark,118210,79,14,5,98
2024-12-27,godeok_central_ipark,118210,79,13,5,97
2024-12-28,godeok_central_ipark,118210,79,14,5,98
2024-12-29,godeok_central_ipark,118210,78,14,5,97
2024-12-30,godeok_central_ipark,118210,78,14,5,97
2024-12-31,godeok_central_ipark,118210,79,15,6,100
2025-01-01,godeok_central_ipark,118210,84,14,6,104
2025-01-02,godeok_central_ipark,118210,81,14,6,101
2025-01-03,godeok_central_ipark,118210,82,14,6,102
2025-01-04,godeok_central_ipark,118210,82,14,6,102
2025-01-05,godeok_central_ipark,118210,80,13,6,99
2025-01-06,godeok_central_ipark,118210,80,13,6,99
2025-01-07,godeok_central_ipark,118210,81,13,8,102
2025-01-08,godeok_central_ipark,118210,81,11,8,100
2025-01-09,godeok_central_ipark,118210,80,11,9,100
2025-01-10,godeok_central_ipark,118210,79,11,9,99
2025-01-11,godeok_central_ipark,118210,80,10,8,98
2025-01-12,godeok_central_ipark,118210,80,10,8,98
2025-01-13,godeok_central_ipark,118210,80,10,8,98
2025-01-14,godeok_central_ipark,118210,80,12,8,100
2025-01-15,godeok_central_ipark,118210,79,12,9,100
2025-01-16,godeok_central_ipark,118210,79,13,9,101
2025-01-17,godeok_central_ipark,118210,80,13,8,101
2025-01-18,godeok_central_ipark,118210,78,14,9,101
2025-01-19,godeok_central_ipark,118210,76,13,9,98
2025-01-20,godeok_central_ipark,118210,76,13,9,98
2025-01-21,godeok_central_ipark,118210,75,11,9,95
2025-01-22,godeok_central_ipark,118210,78,13,9,100
2025-01-23,godeok_central_ipark,118210,79,13,9,101
2025-01-24,godeok_central_ipark,118210,77,13,8,98
2025-01-25,godeok_central_ipark,118210,77,14,8,99
2025-01-26,godeok_central_ipark,118210,75,14,8,97
2025-01-27,godeok_central_ipark,118210,75,14,8,97
2025-01-28,godeok_central_ipark,118210,75,13,8,96
2025-01-29,godeok_central_ipark,118210,75,13,8,96
2025-01-30,godeok_central_ipark,118210,74,13,8,95
2025-01-31,godeok_central_ipark,118210,73,13,8,94
2025-02-01,godeok_central_ipark,118210,74,14,8,96
2025-02-02,godeok_central_ipark,118210,76,13,9,98
2025-02-03,godeok_central_ipark,118210,76,12,9,97
2025-02-04,godeok_central_ipark,118210,79,12,7,98
2025-02-05,godeok_central_ipark,118210,84,12,7,103
2025-02-06,godeok_central_ipark,118210,86,12,7,105
2025-02-07,godeok_central_ipark,118210,90,15,9,114
2025-02-08,godeok_central_ipark,118210,89,15,8,112
2025-02-09,godeok_central_ipark,118210,86,15,9,110
2025-02-10,godeok_central_ipark,118210,84,15,9,108
2025-02-11,godeok_central_ipark,118210,87,15,10,112
2025-02-12,godeok_central_ipark,118210,86,14,10,110
2025-02-13,godeok_central_ipark,118210,86,13,9,108
2025-02-14,godeok_central_ipark,118210,87,13,9,109
2025-02-15,godeok_central_ipark,118210,87,13,9,109
2025-02-16,godeok_central_ipark,118210,83,12,9,104
2025-02-17,godeok_central_ipark,118210,83,12,9,104
2025-02-18,godeok_central_ipark,118210,85,14,9,108
2025-02-19,godeok_central_ipark,118210,86,13,9,108
2025-02-20,godeok_central_ipark,118210,85,13,9,107
2025-02-21,godeok_central_ipark,118210,84,12,9,105
2025-02-22,godeok_central_ipark,118210,85,12,9,106
2025-02-23,godeok_central_ipark,118210,83,12,9,104
2025-02-24,godeok_central_ipark,118210,79,12,9,100
2025-02-25,godeok_central_ipark,118210,83,14,9,106
2025-02-26,godeok_central_ipark,118210,82,14,9,105
2025-02-27,godeok_central_ipark,118210,81,14,9,104
2025-02-28,godeok_central_ipark,118210,80,13,8,101
2025-03-01,godeok_central_ipark,118210,80,14,10,104
2025-03-02,godeok_central_ipark,118210,81,14,10,105
2025-03-03,godeok_central_ipark,118210,80,14,10,104
2025-03-04,godeok_central_ipark,118210,75,15,9,99
2025-03-05,godeok_central_ipark,118210,78,14,8,100
2025-03-06,godeok_central_ipark,118210,78,13,9,100
2025-03-07,godeok_central_ipark,118210,77,14,9,100
2025-03-08,godeok_central_ipark,118210,79,14,9,102
2025-03-09,godeok_central_ipark,118210,83,13,8,104
2025-03-10,godeok_central_ipark,118210,82,13,8,103
2025-03-11,godeok_central_ipark,118210,85,14,7,106
2025-03-12,godeok_central_ipark,118210,88,14,7,109
2025-03-13,godeok_central_ipark,118210,82,14,7,103
2025-03-14,godeok_central_ipark,118210,90,13,7,110
2025-03-15,godeok_central_ipark,118210,89,11,4,104
2025-03-16,godeok_central_ipark,118210,90,11,6,107
2025-03-17,godeok_central_ipark,118210,90,11,6,107
2025-03-18,godeok_central_ipark,118210,92,10,6,108
2025-03-19,godeok_central_ipark,118210,91,10,6,107
2025-03-20,godeok_central_ipark,118210,91,9,6,106
2025-03-21,godeok_central_ipark,118210,91,9,5,105
2025-03-24,godeok_central_ipark,118210,92,9,5,106
2025-03-25,godeok_central_ipark,118210,91,10,5,106
2025-03-26,godeok_central_ipark,118210,91,10,5,106
2025-03-27,godeok_central_ipark,118210,88,9,5,102
2025-03-28,godeok_central_ipark,118210,89,9,5,103
2025-03-29,godeok_central_ipark,118210,88,10,5,103
2025-03-30,godeok_central_ipark,118210,89,9,5,103
2025-03-31,godeok_central_ipark,118210,89,9,5,103
2025-04-01,godeok_central_ipark,118210,89,9,5,103
2025-04-02,godeok_central_ipark,118210,90,10,5,105
2025-04-03,godeok_central_ipark,118210,92,9,5,106
2025-04-04,godeok_central_ipark,118210,92,8,6,106
2025-04-05,godeok_central_ipark,118210,90,7,6,103
2025-04-06,godeok_central_ipark,118210,89,8,6,103
2025-04-07,godeok_central_ipark,118210,88,8,6,102
2025-04-08,godeok_central_ipark,118210,92,8,6,106
2025-04-09,godeok_central_ipark,118210,91,8,6,105
2025-04-10,godeok_central_ipark,118210,92,8,6,106
2025-04-11,godeok_central_ipark,118210,91,8,6,105
2025-04-12,godeok_central_ipark,118210,92,8,6,106
2025-04-13,godeok_central_ipark,118210,90,8,5,103
2025-04-14,godeok_central_ipark,118210,89,8,5,102
2025-04-15,godeok_central_ipark,118210,86,7,6,99
2025-04-16,godeok_central_ipark,118210,85,9,5,99
2025-04-17,godeok_central_ipark,118210,87,7,5,99
2025-04-18,godeok_central_ipark,118210,92,8,5,105
2025-04-19,godeok_central_ipark,118210,90,7,5,102
2025-04-20,godeok_central_ipark,118210,91,6,5,102
2025-04-21,godeok_central_ipark,118210,90,6,5,101
2025-04-22,godeok_central_ipark,118210,88,7,5,100
2025-04-23,godeok_central_ipark,118210,88,6,5,99
2025-04-24,godeok_central_ipark,118210,85,7,5,97
2025-04-25,godeok_central_ipark,118210,86,6,5,97
2025-04-26,godeok_central_ipark,118210,85,6,5,96
2025-04-27,godeok_central_ipark,118210,83,6,5,94
2025-04-28,godeok_central_ipark,118210,83,6,5,94
2025-04-29,godeok_central_ipark,118210,84,7,5,96
2025-04-30,godeok_central_ipark,118210,84,7,5,96
2025-05-01,godeok_central_ipark,118210,86,7,5,98
2025-05-02,godeok_central_ipark,118210,87,7,5,99
2025-05-03,godeok_central_ipark,118210,87,9,6,102
2025-05-04,godeok_central_ipark,118210,86,9,6,101
2025-05-05,godeok_central_ipark,118210,86,9,6,101
2025-05-06,godeok_central_ipark,118210,86,9,6,101
2025-05-07,godeok_central_ipark,118210,85,9,5,99
2025-05-08,godeok_central_ipark,118210,84,8,3,95
2025-05-09,godeok_central_ipark,118210,79,9,4,92
2025-05-10,godeok_central_ipark,118210,79,10,5,94
2025-05-11,godeok_central_ipark,118210,80,10,5,95
2025-05-12,godeok_central_ipark,118210,78,10,5,93
2025-05-13,godeok_central_ipark,118210,80,10,5,95
2025-05-14,godeok_central_ipark,118210,80,10,6,96
2025-05-15,godeok_central_ipark,118210,81,10,6,97
2025-05-16,godeok_central_ipark,118210,81,10,6,97
2025-05-17,godeok_central_ipark,118210,79,11,5,95
2025-05-18,godeok_central_ipark,118210,76,12,5,93
2025-05-19,godeok_central_ipark,118210,75,12,5,92
2025-05-20,godeok_central_ipark,118210,81,12,5,98
2025-05-21,godeok_central_ipark,118210,90,12,7,109
2025-05-22,godeok_central_ipark,118210,93,12,7,112
2025-05-23,godeok_central_ipark,118210,94,13,7,114
2025-05-24,godeok_central_ipark,118210,92,13,7,112
2025-05-25,godeok_central_ipark,118210,91,13,7,111
2025-05-26,godeok_central_ipark,118210,89,12,7,108
2025-05-27,godeok_central_ipark,118210,95,15,7,117
2025-05-28,godeok_central_ipark,118210,94,12,6,112
2025-05-29,godeok_central_ipark,118210,89,13,5,107
2025-05-30,godeok_central_ipark,118210,94,13,5,112
2025-05-31,godeok_central_ipark,118210,93,13,5,111
2025-06-01,godeok_central_ipark,118210,90,12,5,107
2025-06-02,godeok_central_ipark,118210,88,12,5,105
2025-06-03,godeok_central_ipark,118210,84,12,5,101
2025-06-04,godeok_central_ipark,118210,87,12,5,104
2025-06-05,godeok_central_ipark,118210,85,14,4,103
2025-06-06,godeok_central_ipark,118210,81,13,2,96
2025-06-07,godeok_central_ipark,118210,82,13,2,97
2025-06-08,godeok_central_ipark,118210,81,12,2,95
2025-06-09,godeok_central_ipark,118210,80,12,1,93
2025-06-10,godeok_central_ipark,118210,80,12,1,93
2025-06-11,godeok_central_ipark,118210,75,10,1,86
2025-06-12,godeok_central_ipark,118210,77,12,1,90
2025-06-13,godeok_central_ipark,118210,76,10,1,87
2025-06-14,godeok_central_ipark,118210,73,10,1,84
2025-06-15,godeok_central_ipark,118210,71,9,1,81
2025-06-16,godeok_central_ipark,118210,71,9,1,81
2025-06-17,godeok_central_ipark,118210,70,9,2,81
2025-06-18,godeok_central_ipark,118210,68,9,2,79
2025-06-19,godeok_central_ipark,118210,73,9,2,84
2025-06-20,godeok_central_ipark,118210,68,10,1,79
2025-06-21,godeok_central_ipark,118210,64,10,1,75
2025-06-22,godeok_central_ipark,118210,63,9,1,73
2025-06-23,godeok_central_ipark,118210,64,9,1,74
2025-06-24,godeok_central_ipark,118210,60,9,1,70
2025-06-25,godeok_central_ipark,118210,58,9,0,67
2025-06-26,godeok_central_ipark,118210,59,10,0,69
2025-06-27,godeok_central_ipark,118210,59,10,0,69
2025-06-28,godeok_central_ipark,118210,62,10,0,72
2025-06-29,godeok_central_ipark,118210,63,11,0,74
2025-06-30,godeok_central_ipark,118210,62,11,0,73
2025-07-01,godeok_central_ipark,118210,58,12,0,70
2025-07-02,godeok_central_ipark,118210,63,12,0,75
2025-07-03,godeok_central_ipark,118210,62,11,0,73
2025-07-04,godeok_central_ipark,118210,63,11,0,74
2025-07-05,godeok_central_ipark,118210,63,11,0,74
2025-07-06,godeok_central_ipark,118210,65,13,0,78
2025-07-07,godeok_central_ipark,118210,65,13,0,78
2025-07-08,godeok_central_ipark,118210,65,10,0,75
2025-07-09,godeok_central_ipark,118210,66,9,0,75
2025-07-10,godeok_central_ipark,118210,66,9,0,75
2025-07-11,godeok_central_ipark,118210,67,8,1,76
2025-07-12,godeok_central_ipark,118210,66,7,1,74
2025-07-13,godeok_central_ipark,118210,66,7,1,74
2025-07-14,godeok_central_ipark,118210,66,7,1,74
2025-07-15,godeok_central_ipark,118210,66,6,1,73
2025-07-16,godeok_central_ipark,118210,68,7,2,77
2025-07-17,godeok_central_ipark,118210,70,7,2,79
2025-07-18,godeok_central_ipark,118210,69,7,2,78
2025-07-19,godeok_central_ipark,118210,72,7,2,81
2025-07-20,godeok_central_ipark,118210,72,8,2,82
2025-07-21,godeok_central_ipark,118210,72,8,2,82
2025-07-22,godeok_central_ipark,118210,74,8,2,84
2025-07-23,godeok_central_ipark,118210,72,8,2,82
2025-07-24,godeok_central_ipark,118210,73,6,3,82
2025-07-25,godeok_central_ipark,118210,71,6,3,80
2025-07-26,godeok_central_ipark,118210,69,6,3,78
2025-07-27,godeok_central_ipark,118210,69,6,3,78
2025-07-28,godeok_central_ipark,118210,66,6,3,75
2025-07-29,godeok_central_ipark,118210,67,7,3,77
2025-07-30,godeok_central_ipark,118210,68,6,3,77
2025-07-31,godeok_central_ipark,118210,67,6,4,77
2025-08-01,godeok_central_ipark,118210,66,6,4,76
2025-08-02,godeok_central_ipark,118210,67,6,4,77
2025-08-03,godeok_central_ipark,118210,67,6,4,77
2025-08-04,godeok_central_ipark,118210,65,6,4,75
2025-08-05,godeok_central_ipark,118210,66,6,6,78
2025-08-06,godeok_central_ipark,118210,67,5,6,78
2025-08-14,godeok_central_ipark,118210,71,4,8,83
2025-08-15,godeok_central_ipark,118210,70,4,8,82
2025-08-16,godeok_central_ipark,118210,70,5,8,83
2025-08-17,godeok_central_ipark,118210,66,6,8,80
2025-08-18,godeok_central_ipark,118210,66,6,8,80
2025-08-19,godeok_central_ipark,118210,67,6,8,81
2025-08-20,godeok_central_ipark,118210,68,6,9,83
2025-08-21,godeok_central_ipark,118210,69,5,9,83
2025-08-22,godeok_central_ipark,118210,70,5,9,84
2025-08-23,godeok_central_ipark,118210,71,5,8,84
2025-08-24,godeok_central_ipark,118210,72,5,8,85
2025-08-25,godeok_central_ipark,118210,71,5,8,84
2025-08-27,godeok_central_ipark,118210,71,5,8,84
2025-08-28,godeok_central_ipark,118210,69,5,8,82
2025-08-29,godeok_central_ipark,118210,69,5,7,81
2025-08-30,godeok_central_ipark,118210,68,3,5,76
2025-08-31,godeok_central_ipark,118210,65,3,4,72
2025-09-01,godeok_central_ipark,118210,67,3,4,74
2025-09-02,godeok_central_ipark,118210,69,3,3,75
2025-09-03,godeok_central_ipark,118210,70,4,3,77
2025-09-04,godeok_central_ipark,118210,72,5,3,80
2025-09-05,godeok_central_ipark,118210,74,5,3,82
2025-09-06,godeok_central_ipark,118210,72,5,3,80
2025-09-09,godeok_central_ipark,118210,71,5,3,79
2025-09-10,godeok_central_ipark,118210,71,6,3,80
2025-09-11,godeok_central_ipark,118210,72,5,3,80
2025-09-12,godeok_central_ipark,118210,73,5,3,81
2025-09-13,godeok_central_ipark,118210,71,4,3,78
2025-09-15,godeok_central_ipark,118210,71,3,3,77
2025-09-16,godeok_central_ipark,118210,69,3,6,78
2025-09-17,godeok_central_ipark,118210,69,5,6,80
2025-09-18,godeok_central_ipark,118210,65,5,6,76
2025-09-19,godeok_central_ipark,118210,63,5,6,74
2025-09-20,godeok_central_ipark,118210,63,4,5,72
2025-09-21,godeok_central_ipark,118210,63,5,5,73
2025-09-22,godeok_central_ipark,118210,62,5,5,72
2025-09-23,godeok_central_ipark,118210,58,5,6,69
2025-09-24,godeok_central_ipark,118210,60,6,6,72
2025-09-25,godeok_central_ipark,118210,55,6,6,67
2025-09-26,godeok_central_ipark,118210,54,5,5,64
2025-09-27,godeok_central_ipark,118210,52,7,6,65
2025-09-28,godeok_central_ipark,118210,51,7,6,64
2025-09-29,godeok_central_ipark,118210,51,7,6,64
2025-09-30,godeok_central_ipark,118210,53,7,6,66
2025-10-01,godeok_central_ipark,118210,52,7,5,64
2025-10-02,godeok_central_ipark,118210,51,6,7,64
2025-10-03,godeok_central_ipark,118210,52,5,6,63
2025-10-04,godeok_central_ipark,118210,48,4,6,58
2025-10-05,godeok_central_ipark,118210,52,4,6,62
2025-10-07,godeok_central_ipark,118210,49,4,6,59
2025-10-08,godeok_central_ipark,118210,49,4,6,59
2025-10-09,godeok_central_ipark,118210,49,4,6,59
2025-10-10,godeok_central_ipark,118210,49,4,6,59
2025-10-11,godeok_central_ipark,118210,48,4,6,58
2025-10-12,godeok_central_ipark,118210,46,5,5,56
2025-10-13,godeok_central_ipark,118210,45,5,5,55
2025-10-14,godeok_central_ipark,118210,48,7,5,60
2025-10-15,godeok_central_ipark,118210,46,8,5,59
2025-10-16,godeok_central_ipark,118210,47,10,3,60
2025-10-17,godeok_central_ipark,118210,50,9,3,62
2025-10-18,godeok_central_ipark,118210,52,12,4,68
2025-10-19,godeok_central_ipark,118210,51,10,3,64
2025-10-20,godeok_central_ipark,118210,50,10,3,63
2025-10-21,godeok_central_ipark,118210,39,11,3,53
2025-10-22,godeok_central_ipark,118210,37,12,2,51
2025-10-23,godeok_central_ipark,118210,40,13,3,56
2025-10-24,godeok_central_ipark,118210,40,12,3,55
2025-10-25,godeok_central_ipark,118210,41,11,3,55
2025-10-26,godeok_central_ipark,118210,41,11,3,55
2025-10-27,godeok_central_ipark,118210,41,11,2,54
2025-10-28,godeok_central_ipark,118210,43,12,4,59
2025-10-29,godeok_central_ipark,118210,40,10,4,54
2025-10-30,godeok_central_ipark,118210,37,11,4,52
2025-11-01,godeok_central_ipark,118210,34,10,4,48
2025-11-02,godeok_central_ipark,118210,35,10,4,49
2025-11-03,godeok_central_ipark,118210,35,10,4,49
2025-11-04,godeok_central_ipark,118210,33,10,3,46
2025-11-05,godeok_central_ipark,118210,34,11,4,49
2025-11-06,godeok_central_ipark,118210,34,10,4,48
2025-11-07,godeok_central_ipark,118210,35,10,4,49
2025-11-08,godeok_central_ipark,118210,36,10,3,49
2025-11-09,godeok_central_ipark,118210,36,10,3,49
2025-11-10,godeok_central_ipark,118210,36,10,3,49
2025-11-11,godeok_central_ipark,118210,40,11,3,54
2025-11-12,godeok_central_ipark,118210,41,12,3,56
2025-11-13,godeok_central_ipark,118210,40,11,3,54
2025-11-14,godeok_central_ipark,118210,41,13,4,58
2025-11-15,godeok_central_ipark,118210,42,12,5,59
2025-11-16,godeok_central_ipark,118210,41,14,4,59
2025-11-18,godeok_central_ipark,118210,41,14,3,58
2025-11-19,godeok_central_ipark,118210,40,14,3,57
2025-11-20,godeok_central_ipark,118210,38,14,3,55
2025-11-21,godeok_central_ipark,118210,41,12,3,56
2025-11-22,godeok_central_ipark,118210,42,12,4,58
2025-11-23,godeok_central_ipark,118210,41,12,4,57
2025-11-24,godeok_central_ipark,118210,41,12,4,57
2025-11-25,godeok_central_ipark,118210,43,12,5,60
2025-11-26,godeok_central_ipark,118210,42,12,5,59
2025-11-27,godeok_central_ipark,118210,41,11,5,57
2025-11-28,godeok_central_ipark,118210,39,11,6,56
2025-11-29,godeok_central_ipark,118210,41,12,5,58
2025-11-30,godeok_central_ipark,118210,41,12,5,58
2025-12-01,godeok_central_ipark,118210,41,12,5,58
2025-12-02,godeok_central_ipark,118210,42,11,6,59
2025-12-03,godeok_central_ipark,118210,45,10,5,60
2025-12-04,godeok_central_ipark,118210,46,10,5,61
2025-12-05,godeok_central_ipark,118210,46,10,5,61
2025-12-06,godeok_central_ipark,118210,45,9,5,59
2025-12-07,godeok_central_ipark,118210,45,9,6,60
2025-12-08,godeok_central_ipark,118210,47,9,6,62
2025-12-09,godeok_central_ipark,118210,46,9,6,61
2025-12-10,godeok_central_ipark,118210,45,9,7,61
2025-12-11,godeok_central_ipark,118210,44,8,6,58
2025-12-12,godeok_central_ipark,118210,43,8,6,57
2025-12-13,godeok_central_ipark,118210,43,9,7,59
2025-12-14,godeok_central_ipark,118210,43,10,8,61
2025-12-15,godeok_central_ipark,118210,43,10,8,61
2025-12-16,godeok_central_ipark,118210,44,10,8,62
2025-12-17,godeok_central_ipark,118210,43,10,8,61
2025-12-18,godeok_central_ipark,118210,43,10,8,61
2025-12-19,godeok_central_ipark,118210,43,9,9,61
2025-12-20,godeok_central_ipark,118210,43,9,8,60
2025-12-21,godeok_central_ipark,118210,43,10,8,61
2025-12-22,godeok_central_ipark,118210,42,10,8,60
2025-12-23,godeok_central_ipark,118210,42,9,9,60
2025-12-24,godeok_central_ipark,118210,43,10,8,61
2025-12-26,godeok_central_ipark,118210,40,12,7,59
2025-12-27,godeok_central_ipark,118210,40,12,7,59
2025-12-28,godeok_central_ipark,118210,41,13,7,61
2025-12-29,godeok_central_ipark,118210,39,13,7,59
2025-12-30,godeok_central_ipark,118210,41,14,8,63
2025-12-31,godeok_central_ipark,118210,39,14,9,62
2026-01-01,godeok_central_ipark,118210,39,14,9,62
2026-01-02,godeok_central_ipark,118210,37,14,9,60
2026-01-03,godeok_central_ipark,118210,37,12,9,58
2026-01-04,godeok_central_ipark,118210,34,15,9,58
2026-01-05,godeok_central_ipark,118210,34,15,9,58
2026-01-06,godeok_central_ipark,118210,34,13,8,55
2026-01-07,godeok_central_ipark,118210,33,14,7,54
2026-01-08,godeok_central_ipark,118210,28,13,6,47
2026-01-09,godeok_central_ipark,118210,28,11,5,44
2026-01-10,godeok_central_ipark,118210,28,14,8,50
2026-01-12,godeok_central_ipark,118210,26,13,7,46
2026-01-13,godeok_central_ipark,118210,26,12,7,45
2026-01-14,godeok_central_ipark,118210,26,11,5,42
2026-01-15,godeok_central_ipark,118210,27,10,5,42
2026-01-16,godeok_central_ipark,118210,28,9,3,40
2026-01-17,godeok_central_ipark,118210,29,9,3,41
2026-01-18,godeok_central_ipark,118210,27,8,2,37
2026-01-19,godeok_central_ipark,118210,27,7,2,36
2026-01-20,godeok_central_ipark,118210,30,8,2,40
2026-01-21,godeok_central_ipark,118210,30,8,3,41
2026-01-22,godeok_central_ipark,118210,31,6,3,40
2026-01-23,godeok_central_ipark,118210,32,8,3,43
2026-01-24,godeok_central_ipark,118210,34,8,4,46
2026-01-25,godeok_central_ipark,118210,34,8,4,46
2026-01-26,godeok_central_ipark,118210,33,8,4,45
2026-01-27,godeok_central_ipark,118210,32,8,5,45
2026-01-28,godeok_central_ipark,118210,32,8,5,45
2026-01-29,godeok_central_ipark,118210,31,8,5,44
2026-01-30,godeok_central_ipark,118210,32,9,5,46
2026-01-31,godeok_central_ipark,118210,35,9,5,49
2026-02-01,godeok_central_ipark,118210,33,9,5,47
2026-02-02,godeok_central_ipark,118210,32,9,5,46
2026-02-03,godeok_central_ipark,118210,35,8,5,48
2026-02-04,godeok_central_ipark,118210,36,9,5,50
2026-02-05,godeok_central_ipark,118210,37,10,6,53
2026-02-06,godeok_central_ipark,118210,37,10,6,53
2026-02-07,godeok_central_ipark,118210,38,11,7,56
2026-02-08,godeok_central_ipark,118210,37,11,7,55
2026-02-09,godeok_central_ipark,118210,37,11,7,55
2026-02-10,godeok_central_ipark,118210,37,10,9,56
2026-02-11,godeok_central_ipark,118210,39,10,9,58
2026-02-12,godeok_central_ipark,118210,44,10,9,63
2026-02-13,godeok_central_ipark,118210,44,8,8,60
2026-02-14,godeok_central_ipark,118210,43,8,7,58
2026-02-15,godeok_central_ipark,118210,44,8,8,60
2026-02-16,godeok_central_ipark,118210,44,8,8,60
2026-02-17,godeok_central_ipark,118210,42,8,8,58
2026-02-18,godeok_central_ipark,118210,42,8,8,58
2026-02-19,godeok_central_ipark,118210,42,7,8,57
2026-02-20,godeok_central_ipark,118210,46,8,7,61
2026-02-21,godeok_central_ipark,118210,48,8,8,64
2026-02-22,godeok_central_ipark,118210,51,7,8,66
2026-02-23,godeok_central_ipark,118210,50,7,8,65
2026-02-24,godeok_central_ipark,118210,51,7,9,67
2026-02-25,godeok_central_ipark,118210,54,7,10,71
2026-02-26,godeok_central_ipark,118210,55,8,12,75
2026-02-27,godeok_central_ipark,118210,56,8,12,76
2026-02-28,godeok_central_ipark,118210,56,7,12,75
2026-03-01,godeok_central_ipark,118210,59,8,12,79
2026-03-02,godeok_central_ipark,118210,56,6,11,73
2026-03-03,godeok_central_ipark,118210,55,6,11,72
2026-03-04,godeok_central_ipark,118210,60,5,10,75
2026-03-05,godeok_central_ipark,118210,60,5,9,74
2026-03-06,godeok_central_ipark,118210,59,5,9,73
2026-03-07,godeok_central_ipark,118210,60,5,9,74
2026-03-08,godeok_central_ipark,118210,62,5,9,76
2026-03-09,godeok_central_ipark,118210,61,5,9,75
2026-03-10,godeok_central_ipark,118210,62,5,10,77
2026-03-11,godeok_central_ipark,118210,60,7,10,77
2026-03-12,godeok_central_ipark,118210,56,7,10,73
2026-03-13,godeok_central_ipark,118210,56,8,10,74
2026-03-14,godeok_central_ipark,118210,53,8,10,71
2026-03-15,godeok_central_ipark,118210,54,10,10,74
2026-03-16,godeok_central_ipark,118210,54,10,10,74
2026-03-17,godeok_central_ipark,118210,50,9,10,69
2026-03-18,godeok_central_ipark,118210,53,9,9,71
2026-03-19,godeok_central_ipark,118210,54,9,9,72
2026-03-20,godeok_central_ipark,118210,54,10,9,73
2026-03-21,godeok_central_ipark,118210,57,10,10,77
2026-03-22,godeok_central_ipark,118210,58,10,10,78
2026-03-23,godeok_central_ipark,118210,58,10,10,78
2026-03-24,godeok_central_ipark,118210,60,9,9,78
2026-03-25,godeok_central_ipark,118210,61,10,6,77
2026-03-26,godeok_central_ipark,118210,58,10,5,73
2026-03-27,godeok_central_ipark,118210,56,10,4,70
2026-03-28,godeok_central_ipark,118210,55,11,3,69
2026-03-29,godeok_central_ipark,118210,56,11,5,72
2026-03-30,godeok_central_ipark,118210,54,11,5,70
2026-03-31,godeok_central_ipark,118210,53,11,6,70
2026-04-01,godeok_central_ipark,118210,53,10,5,68
2026-04-02,godeok_central_ipark,118210,51,10,5,66
2026-04-03,godeok_central_ipark,118210,49,11,5,65
2026-04-04,godeok_central_ipark,118210,51,10,5,66
2026-04-05,godeok_central_ipark,118210,49,10,6,65
2026-04-06,godeok_central_ipark,118210,49,10,6,65
2026-04-07,godeok_central_ipark,118210,46,10,6,62
2026-04-08,godeok_central_ipark,118210,46,11,6,63
2026-04-09,godeok_central_ipark,118210,46,11,6,63
2026-04-10,godeok_central_ipark,118210,45,8,9,62
2026-04-11,godeok_central_ipark,118210,43,9,9,61
2026-04-12,godeok_central_ipark,118210,43,9,12,64
2026-04-13,godeok_central_ipark,118210,43,9,12,64
2026-04-14,godeok_central_ipark,118210,44,9,12,65
2026-04-15,godeok_central_ipark,118210,44,9,13,66
2026-04-16,godeok_central_ipark,118210,42,9,13,64
2026-04-17,godeok_central_ipark,118210,40,9,13,62
2026-04-18,godeok_central_ipark,118210,38,8,13,59
2026-04-19,godeok_central_ipark,118210,39,7,14,60
2026-04-20,godeok_central_ipark,118210,37,7,14,58
2026-04-21,godeok_central_ipark,118210,38,7,14,59
2026-04-22,godeok_central_ipark,118210,38,7,13,58
2026-04-23,godeok_central_ipark,118210,38,8,12,58
2026-04-24,godeok_central_ipark,118210,37,8,12,57
2026-04-25,godeok_central_ipark,118210,39,8,13,60
2026-04-26,godeok_central_ipark,118210,38,8,13,59
2026-04-27,godeok_central_ipark,118210,38,8,12,58
2026-04-28,godeok_central_ipark,118210,35,9,14,58
2026-04-29,godeok_central_ipark,118210,38,8,15,61
2026-04-30,godeok_central_ipark,118210,40,7,13,60
2026-05-01,godeok_central_ipark,118210,40,7,12,59
2026-05-02,godeok_central_ipark,118210,40,7,11,58
2026-05-04,godeok_central_ipark,118210,40,8,10,58
2026-05-05,godeok_central_ipark,118210,37,7,9,53
2026-05-06,godeok_central_ipark,118210,36,7,8,51
2026-05-07,godeok_central_ipark,118210,36,6,6,48
2026-05-08,godeok_central_ipark,118210,34,5,6,45
2026-05-09,godeok_central_ipark,118210,34,6,7,47
2026-05-10,godeok_central_ipark,118210,31,7,7,45
2026-05-11,godeok_central_ipark,118210,30,7,7,44
2026-05-12,godeok_central_ipark,118210,28,7,7,42
2026-05-13,godeok_central_ipark,118210,28,7,7,42
2026-05-14,godeok_central_ipark,118210,28,7,7,42
2026-05-15,godeok_central_ipark,118210,28,7,7,42
2026-05-16,godeok_central_ipark,118210,27,7,5,39
2026-05-17,godeok_central_ipark,118210,27,7,6,40
2026-05-18,godeok_central_ipark,118210,25,7,6,38
2026-05-19,godeok_central_ipark,118210,24,7,6,37
2026-05-20,godeok_central_ipark,118210,25,6,4,35
2026-05-21,godeok_central_ipark,118210,27,5,4,36
2026-05-22,godeok_central_ipark,118210,25,5,4,34
2026-05-23,godeok_central_ipark,118210,26,5,2,33
2026-05-24,godeok_central_ipark,118210,27,5,2,34
2026-05-25,godeok_central_ipark,118210,26,5,2,33
2026-05-26,godeok_central_ipark,118210,26,5,2,33
2026-05-27,godeok_central_ipark,118210,27,4,2,33
2026-05-28,godeok_central_ipark,118210,26,4,2,32
2026-05-29,godeok_central_ipark,118210,26,5,2,33
2026-05-30,godeok_central_ipark,118210,26,4,2,32
2026-05-31,godeok_central_ipark,118210,24,5,3,32
2026-06-01,godeok_central_ipark,118210,24,5,3,32
2026-06-02,godeok_central_ipark,118210,24,5,3,32
2026-06-03,godeok_central_ipark,118210,24,5,3,32
2026-06-04,godeok_central_ipark,118210,24,4,3,31
2026-06-05,godeok_central_ipark,118210,27,4,3,34
2026-06-06,godeok_central_ipark,118210,28,4,3,35
2026-06-07,godeok_central_ipark,118210,27,4,3,34
2026-06-08,godeok_central_ipark,118210,27,4,3,34
2026-06-09,godeok_central_ipark,118210,27,3,3,33
2026-06-10,godeok_central_ipark,118210,31,4,3,38
2026-06-11,godeok_central_ipark,118210,33,2,3,38
2026-06-12,godeok_central_ipark,118210,34,1,3,38
2026-06-13,godeok_central_ipark,118210,31,0,3,34
2026-06-14,godeok_central_ipark,118210,31,0,5,36
2026-06-15,godeok_central_ipark,118210,31,0,5,36
2026-06-16,godeok_central_ipark,118210,32,0,5,37
2026-06-17,godeok_central_ipark,118210,31,0,5,36
2026-06-18,godeok_central_ipark,118210,31,0,2,33
2026-06-20,godeok_central_ipark,118210,32,0,3,35
2026-06-21,godeok_central_ipark,118210,32,0,2,34
2026-06-22,godeok_central_ipark,118210,32,0,2,34
2026-06-23,godeok_central_ipark,118210,31,0,2,33
2026-06-24,godeok_central_ipark,118210,32,0,2,34
2026-06-25,godeok_central_ipark,118210,34,0,2,36
2026-06-26,godeok_central_ipark,118210,33,0,1,34
2026-06-27,godeok_central_ipark,118210,33,0,2,35
2026-06-28,godeok_central_ipark,118210,34,0,2,36
2026-06-29,godeok_central_ipark,118210,34,0,2,36
2026-06-30,godeok_central_ipark,118210,35,0,2,37
2026-07-01,godeok_central_ipark,118210,36,0,2,38
2026-07-02,godeok_central_ipark,118210,36,0,2,38
2026-07-03,godeok_central_ipark,118210,36,0,2,38
2026-07-04,godeok_central_ipark,118210,36,0,2,38
2026-07-05,godeok_central_ipark,118210,35,0,1,36
2026-07-06,godeok_central_ipark,118210,34,0,1,35
2026-07-07,godeok_central_ipark,118210,34,0,1,35
2026-07-08,godeok_central_ipark,118210,32,0,1,33
2026-07-09,godeok_central_ipark,118210,30,0,1,31
2026-07-10,godeok_central_ipark,118210,29,0,1,30
2026-07-11,godeok_central_ipark,118210,27,0,1,28
2026-07-12,godeok_central_ipark,118210,26,0,1,27
2026-07-13,godeok_central_ipark,118210,27,0,1,28
2026-07-14,godeok_central_ipark,118210,27,1,1,29
2026-07-15,godeok_central_ipark,118210,29,1,1,31
2026-07-17,godeok_central_ipark,118210,31,1,1,33
2026-07-18,godeok_central_ipark,118210,31,1,1,33
2026-07-19,godeok_central_ipark,118210,31,1,0,32
2026-07-20,godeok_central_ipark,118210,31,1,0,32
2026-07-21,godeok_central_ipark,118210,31,1,0,32
2026-07-23,godeok_central_ipark,118210,31,4,0,35
2026-07-24,godeok_central_ipark,118210,31,4,0,35
2026-07-25,godeok_central_ipark,118210,30,4,0,34
2026-07-26,godeok_central_ipark,118210,32,7,0,39
2026-07-27,godeok_central_ipark,118210,32,5,0,37
2026-07-28,godeok_central_ipark,118210,30,6,0,36
2026-07-29,godeok_central_ipark,118210,31,6,0,37
2026-07-30,godeok_central_ipark,118210,30,6,0,36
2026-07-31,godeok_central_ipark,118210,29,6,0,35
2026-08-01,godeok_central_ipark,118210,30,6,0,36
2026-08-02,godeok_central_ipark,118210,29,6,0,35
2026-08-03,godeok_central_ipark,118210,29,6,0,35
2026-08-04,godeok_central_ipark,118210,29,6,0,35
2026-08-05,godeok_central_ipark,118210,29,6,0,35
2026-08-06,godeok_central_ipark,118210,29,6,0,35
2026-08-07,godeok_central_ipark,118210,31,8,1,40
2026-08-08,godeok_central_ipark,118210,32,8,1,41
2026-08-09,godeok_central_ipark,118210,33,9,2,44
2026-08-10,godeok_central_ipark,118210,33,9,2,44
2026-08-11,godeok_central_ipark,118210,34,10,3,47
2026-08-12,godeok_central_ipark,118210,33,11,4,48
2026-08-14,godeok_central_ipark,118210,33,12,3,48
2026-08-15,godeok_central_ipark,118210,33,11,4,48
2026-08-16,godeok_central_ipark,118210,29,11,4,44
2026-08-17,godeok_central_ipark,118210,29,11,4,44
2026-08-18,godeok_central_ipark,118210,29,11,4,44
2026-08-19,godeok_central_ipark,118210,33,11,6,50
2026-08-20,godeok_central_ipark,118210,36,11,7,54
2026-08-21,godeok_central_ipark,118210,37,9,8,54
2026-08-22,godeok_central_ipark,118210,35,9,8,52
2026-08-23,godeok_central_ipark,118210,34,9,7,50
2026-08-25,godeok_central_ipark,118210,34,8,7,49
2026-08-26,godeok_central_ipark,118210,34,8,6,48
2026-08-27,godeok_central_ipark,118210,35,8,7,50
2026-08-28,godeok_central_ipark,118210,36,7,8,51
2026-08-29,godeok_central_ipark,118210,36,7,7,50
2026-08-30,godeok_central_ipark,118210,36,7,7,50
2026-08-31,godeok_central_ipark,118210,35,7,7,49
2026-09-01,godeok_central_ipark,118210,36,8,8,52
2026-09-02,godeok_central_ipark,118210,38,11,9,58
2026-09-03,godeok_central_ipark,118210,37,11,11,59
2026-09-04,godeok_central_ipark,118210,39,12,12,63
2026-09-05,godeok_central_ipark,118210,39,12,12,63
2026-09-06,godeok_central_ipark,118210,39,10,11,60
2026-09-07,godeok_central_ipark,118210,39,10,11,60
2026-09-08,godeok_central_ipark,118210,40,11,11,62
2026-09-09,godeok_central_ipark,118210,40,11,12,63
2026-09-11,godeok_central_ipark,118210,41,11,12,64
2026-09-12,godeok_central_ipark,118210,43,11,12,66
2026-09-13,godeok_central_ipark,118210,43,12,14,69
2026-09-14,godeok_central_ipark,118210,43,12,14,69
2026-09-15,godeok_central_ipark,118210,43,13,14,70
2026-09-16,godeok_central_ipark,118210,43,14,15,72
2026-09-17,godeok_central_ipark,118210,43,14,14,71
2026-09-18,godeok_central_ipark,118210,41,14,14,69
2026-09-19,godeok_central_ipark,118210,40,14,16,70
2026-09-20,godeok_central_ipark,118210,40,15,16,71
2026-09-21,godeok_central_ipark,118210,39,15,16,70
2026-09-22,godeok_central_ipark,118210,39,14,16,69
2026-09-23,godeok_central_ipark,118210,40,14,16,70
2026-09-24,godeok_central_ipark,118210,41,15,16,72
2026-09-25,godeok_central_ipark,118210,41,15,16,72
2026-09-27,godeok_central_ipark,118210,40,15,15,70
2026-09-28,godeok_central_ipark,118210,40,15,15,70
2023-09-01,godeok_xi,121977,73,21,10,104
2023-09-02,godeok_xi,121977,78,24,12,114
2023-09-03,godeok_xi,121977,78,23,12,113
2023-09-04,godeok_xi,121977,78,23,12,113
2023-09-05,godeok_xi,121977,77,25,12,114
2023-09-06,godeok_xi,121977,77,25,9,111
2023-09-07,godeok_xi,121977,77,25,8,110
2023-09-08,godeok_xi,121977,81,26,8,115
2023-09-09,godeok_xi,121977,82,27,10,119
2023-09-10,godeok_xi,121977,80,27,11,118
2023-09-11,godeok_xi,121977,80,27,11,118
2023-09-12,godeok_xi,121977,80,28,10,118
2023-09-14,godeok_xi,121977,81,30,10,121
2023-09-15,godeok_xi,121977,80,32,13,125
2023-09-16,godeok_xi,121977,79,30,14,123
2023-09-17,godeok_xi,121977,78,26,12,116
2023-09-18,godeok_xi,121977,77,26,12,115
2023-09-19,godeok_xi,121977,76,27,11,114
2023-09-20,godeok_xi,121977,75,27,10,112
2023-09-21,godeok_xi,121977,76,27,10,113
2023-09-23,godeok_xi,121977,79,25,9,113
2023-09-24,godeok_xi,121977,78,23,9,110
2023-09-25,godeok_xi,121977,78,23,9,110
2023-09-26,godeok_xi,121977,80,23,9,112
2023-09-27,godeok_xi,121977,84,24,9,117
2023-09-28,godeok_xi,121977,83,24,8,115
2023-09-29,godeok_xi,121977,81,24,8,113
2023-09-30,godeok_xi,121977,81,24,8,113
2023-10-01,godeok_xi,121977,81,24,8,113
2023-10-02,godeok_xi,121977,79,24,8,111
2023-10-03,godeok_xi,121977,80,25,8,113
2023-10-04,godeok_xi,121977,79,26,8,113
2023-10-05,godeok_xi,121977,78,26,10,114
2023-10-06,godeok_xi,121977,77,26,10,113
2023-10-07,godeok_xi,121977,77,28,10,115
2023-10-08,godeok_xi,121977,77,25,9,111
2023-10-09,godeok_xi,121977,77,25,9,111
2023-10-10,godeok_xi,121977,80,26,9,115
2023-10-11,godeok_xi,121977,81,26,9,116
2023-10-12,godeok_xi,121977,81,24,9,114
2023-10-13,godeok_xi,121977,79,25,9,113
2023-10-14,godeok_xi,121977,79,26,10,115
2023-10-15,godeok_xi,121977,78,26,9,113
2023-10-16,godeok_xi,121977,76,26,9,111
2023-10-17,godeok_xi,121977,74,24,9,107
2023-10-18,godeok_xi,121977,77,24,9,110
2023-10-19,godeok_xi,121977,75,24,8,107
2023-10-20,godeok_xi,121977,76,24,8,108
2023-10-21,godeok_xi,121977,74,23,8,105
2023-10-22,godeok_xi,121977,77,22,7,106
2023-10-23,godeok_xi,121977,77,22,7,106
2023-10-24,godeok_xi,121977,78,20,8,106
2023-10-25,godeok_xi,121977,78,20,8,106
2023-10-26,godeok_xi,121977,75,21,8,104
2023-10-27,godeok_xi,121977,74,17,8,99
2023-10-28,godeok_xi,121977,74,19,8,101
2023-10-29,godeok_xi,121977,74,19,9,102
2023-10-30,godeok_xi,121977,74,19,9,102
2023-10-31,godeok_xi,121977,77,19,9,105
2023-11-01,godeok_xi,121977,78,19,9,106
2023-11-02,godeok_xi,121977,75,17,9,101
2023-11-03,godeok_xi,121977,76,15,10,101
2023-11-04,godeok_xi,121977,80,15,11,106
2023-11-05,godeok_xi,121977,80,16,9,105
2023-11-06,godeok_xi,121977,80,14,9,103
2023-11-07,godeok_xi,121977,79,12,9,100
2023-11-08,godeok_xi,121977,80,12,8,100
2023-11-09,godeok_xi,121977,80,11,8,99
2023-11-10,godeok_xi,121977,80,12,11,103
2023-11-11,godeok_xi,121977,79,15,12,106
2023-11-12,godeok_xi,121977,79,15,10,104
2023-11-13,godeok_xi,121977,80,16,9,105
2023-11-14,godeok_xi,121977,80,17,9,106
2023-11-15,godeok_xi,121977,79,17,10,106
2023-11-16,godeok_xi,121977,80,18,10,108
2023-11-17,godeok_xi,121977,79,16,10,105
2023-11-18,godeok_xi,121977,79,16,10,105
2023-11-19,godeok_xi,121977,80,16,9,105
2023-11-21,godeok_xi,121977,72,17,10,99
2023-11-22,godeok_xi,121977,73,19,11,103
2023-11-23,godeok_xi,121977,73,20,11,104
2023-11-24,godeok_xi,121977,74,19,11,104
2023-11-25,godeok_xi,121977,74,20,11,105
2023-11-26,godeok_xi,121977,71,19,11,101
2023-11-27,godeok_xi,121977,70,17,11,98
2023-11-28,godeok_xi,121977,72,17,10,99
2023-11-29,godeok_xi,121977,74,17,9,100
2023-11-30,godeok_xi,121977,74,21,8,103
2023-12-01,godeok_xi,121977,73,21,7,101
2023-12-02,godeok_xi,121977,75,21,7,103
2023-12-03,godeok_xi,121977,73,20,8,101
2023-12-04,godeok_xi,121977,72,20,8,100
2023-12-05,godeok_xi,121977,75,20,8,103
2023-12-06,godeok_xi,121977,77,20,8,105
2023-12-07,godeok_xi,121977,77,22,8,107
2023-12-08,godeok_xi,121977,75,22,7,104
2023-12-09,godeok_xi,121977,74,22,6,102
2023-12-10,godeok_xi,121977,75,22,6,103
2023-12-11,godeok_xi,121977,72,22,6,100
2023-12-12,godeok_xi,121977,76,22,6,104
2023-12-13,godeok_xi,121977,74,20,6,100
2023-12-14,godeok_xi,121977,76,21,7,104
2023-12-15,godeok_xi,121977,76,21,7,104
2023-12-16,godeok_xi,121977,76,20,7,103
2023-12-17,godeok_xi,121977,75,19,7,101
2023-12-18,godeok_xi,121977,75,19,7,101
2023-12-19,godeok_xi,121977,74,19,7,100
2023-12-20,godeok_xi,121977,74,19,7,100
2023-12-21,godeok_xi,121977,74,20,7,101
2023-12-22,godeok_xi,121977,76,20,7,103
2023-12-23,godeok_xi,121977,77,20,7,104
2023-12-24,godeok_xi,121977,76,20,7,103
2023-12-25,godeok_xi,121977,76,19,7,102
2023-12-26,godeok_xi,121977,75,19,7,101
2023-12-27,godeok_xi,121977,76,20,7,103
2023-12-28,godeok_xi,121977,73,21,7,101
2023-12-29,godeok_xi,121977,73,19,6,98
2023-12-30,godeok_xi,121977,75,20,6,101
2023-12-31,godeok_xi,121977,72,20,6,98
2024-01-01,godeok_xi,121977,70,20,6,96
2024-01-02,godeok_xi,121977,70,20,6,96
2024-01-03,godeok_xi,121977,70,22,8,100
2024-01-04,godeok_xi,121977,70,24,9,103
2024-01-05,godeok_xi,121977,70,25,9,104
2024-01-06,godeok_xi,121977,69,27,9,105
2024-01-07,godeok_xi,121977,69,25,9,103
2024-01-08,godeok_xi,121977,68,25,9,102
2024-01-09,godeok_xi,121977,74,26,8,108
2024-01-10,godeok_xi,121977,74,26,9,109
2024-01-11,godeok_xi,121977,73,26,9,108
2024-01-12,godeok_xi,121977,73,26,9,108
2024-01-13,godeok_xi,121977,72,26,7,105
2024-01-14,godeok_xi,121977,73,27,7,107
2024-01-15,godeok_xi,121977,73,26,7,106
2024-01-16,godeok_xi,121977,72,26,8,106
2024-01-17,godeok_xi,121977,72,25,6,103
2024-01-18,godeok_xi,121977,69,25,6,100
2024-01-19,godeok_xi,121977,74,25,6,105
2024-01-20,godeok_xi,121977,76,23,6,105
2024-01-21,godeok_xi,121977,71,24,6,101
2024-01-22,godeok_xi,121977,70,24,6,100
2024-01-23,godeok_xi,121977,69,25,6,100
2024-01-24,godeok_xi,121977,76,25,6,107
2024-01-25,godeok_xi,121977,76,23,6,105
2024-01-26,godeok_xi,121977,73,22,6,101
2024-01-27,godeok_xi,121977,74,22,6,102
2024-01-28,godeok_xi,121977,74,20,6,100
2024-01-29,godeok_xi,121977,73,20,6,99
2024-01-30,godeok_xi,121977,75,22,6,103
2024-01-31,godeok_xi,121977,73,22,6,101
2024-02-01,godeok_xi,121977,75,22,6,103
2024-02-02,godeok_xi,121977,75,22,6,103
2024-02-03,godeok_xi,121977,75,22,6,103
2024-02-04,godeok_xi,121977,74,22,7,103
2024-02-05,godeok_xi,121977,74,21,7,102
2024-02-06,godeok_xi,121977,76,21,6,103
2024-02-07,godeok_xi,121977,76,22,7,105
2024-02-08,godeok_xi,121977,74,23,7,104
2024-02-09,godeok_xi,121977,73,25,7,105
2024-02-10,godeok_xi,121977,73,25,7,105
2024-02-11,godeok_xi,121977,72,25,7,104
2024-02-12,godeok_xi,121977,72,25,7,104
2024-02-13,godeok_xi,121977,72,24,7,103
2024-02-14,godeok_xi,121977,71,25,6,102
2024-02-15,godeok_xi,121977,73,28,6,107
2024-02-16,godeok_xi,121977,71,28,6,105
2024-02-17,godeok_xi,121977,72,26,6,104
2024-02-18,godeok_xi,121977,71,26,6,103
2024-02-19,godeok_xi,121977,70,26,6,102
2024-02-20,godeok_xi,121977,70,23,6,99
2024-02-21,godeok_xi,121977,70,23,6,99
2024-02-22,godeok_xi,121977,70,22,6,98
2024-02-23,godeok_xi,121977,69,18,6,93
2024-02-24,godeok_xi,121977,68,19,6,93
2024-02-25,godeok_xi,121977,72,21,6,99
2024-02-26,godeok_xi,121977,70,21,6,97
2024-02-27,godeok_xi,121977,68,20,6,94
2024-02-28,godeok_xi,121977,68,21,6,95
2024-02-29,godeok_xi,121977,65,20,6,91
2024-03-01,godeok_xi,121977,66,18,8,92
2024-03-02,godeok_xi,121977,65,18,8,91
2024-03-03,godeok_xi,121977,66,18,8,92
2024-03-04,godeok_xi,121977,66,18,7,91
2024-03-05,godeok_xi,121977,65,20,7,92
2024-03-06,godeok_xi,121977,65,19,7,91
2024-03-07,godeok_xi,121977,63,18,7,88
2024-03-08,godeok_xi,121977,63,18,7,88
2024-03-09,godeok_xi,121977,59,17,6,82
2024-03-10,godeok_xi,121977,59,17,7,83
2024-03-11,godeok_xi,121977,59,17,7,83
2024-03-12,godeok_xi,121977,61,17,7,85
2024-03-13,godeok_xi,121977,63,16,6,85
2024-03-14,godeok_xi,121977,63,17,6,86
2024-03-15,godeok_xi,121977,63,18,6,87
2024-03-16,godeok_xi,121977,62,17,7,86
2024-03-17,godeok_xi,121977,63,18,7,88
2024-03-18,godeok_xi,121977,61,19,7,87
2024-03-19,godeok_xi,121977,60,17,6,83
2024-03-20,godeok_xi,121977,62,19,6,87
2024-03-21,godeok_xi,121977,62,19,6,87
2024-03-22,godeok_xi,121977,59,18,6,83
2024-03-23,godeok_xi,121977,62,17,6,85
2024-03-24,godeok_xi,121977,59,18,6,83
2024-03-25,godeok_xi,121977,60,18,6,84
2024-03-26,godeok_xi,121977,62,18,7,87
2024-03-27,godeok_xi,121977,62,18,7,87
2024-03-28,godeok_xi,121977,62,19,7,88
2024-03-29,godeok_xi,121977,61,18,7,86
2024-03-30,godeok_xi,121977,64,16,7,87
2024-03-31,godeok_xi,121977,64,17,7,88
2024-04-01,godeok_xi,121977,61,17,7,85
2024-04-02,godeok_xi,121977,63,17,8,88
2024-04-03,godeok_xi,121977,62,17,8,87
2024-04-04,godeok_xi,121977,62,19,10,91
2024-04-05,godeok_xi,121977,63,20,10,93
2024-04-06,godeok_xi,121977,64,23,10,97
2024-04-07,godeok_xi,121977,64,23,9,96
2024-04-08,godeok_xi,121977,64,22,9,95
2024-04-09,godeok_xi,121977,65,21,9,95
2024-04-10,godeok_xi,121977,64,25,9,98
2024-04-11,godeok_xi,121977,62,24,9,95
2024-04-12,godeok_xi,121977,65,22,9,96
2024-04-13,godeok_xi,121977,66,20,8,94
2024-04-14,godeok_xi,121977,64,20,8,92
2024-04-15,godeok_xi,121977,64,20,6,90
2024-04-16,godeok_xi,121977,64,21,6,91
2024-04-17,godeok_xi,121977,60,22,6,88
2024-04-18,godeok_xi,121977,61,21,6,88
2024-04-19,godeok_xi,121977,61,20,5,86
2024-04-20,godeok_xi,121977,64,21,5,90
2024-04-21,godeok_xi,121977,65,21,5,91
2024-04-22,godeok_xi,121977,65,21,5,91
2024-04-23,godeok_xi,121977,65,20,7,92
2024-04-24,godeok_xi,121977,64,20,7,91
2024-04-25,godeok_xi,121977,62,19,7,88
2024-04-26,godeok_xi,121977,60,20,7,87
2024-04-27,godeok_xi,121977,61,20,7,88
2024-04-28,godeok_xi,121977,63,19,8,90
2024-04-29,godeok_xi,121977,63,19,8,90
2024-04-30,godeok_xi,121977,64,19,8,91
2024-05-01,godeok_xi,121977,65,19,9,93
2024-05-02,godeok_xi,121977,65,19,9,93
2024-05-03,godeok_xi,121977,67,21,10,98
2024-05-04,godeok_xi,121977,67,21,11,99
2024-05-05,godeok_xi,121977,63,20,10,93
2024-05-06,godeok_xi,121977,63,19,10,92
2024-05-07,godeok_xi,121977,64,18,9,91
2024-05-08,godeok_xi,121977,65,18,10,93
2024-05-09,godeok_xi,121977,65,20,9,94
2024-05-10,godeok_xi,121977,66,19,9,94
2024-05-11,godeok_xi,121977,67,19,8,94
2024-05-12,godeok_xi,121977,66,18,8,92
2024-05-13,godeok_xi,121977,66,18,8,92
2024-05-14,godeok_xi,121977,69,19,9,97
2024-05-15,godeok_xi,121977,70,19,9,98
2024-05-16,godeok_xi,121977,70,17,8,95
2024-05-17,godeok_xi,121977,70,16,8,94
2024-05-18,godeok_xi,121977,71,17,8,96
2024-05-19,godeok_xi,121977,71,17,8,96
2024-05-20,godeok_xi,121977,71,17,8,96
2024-05-21,godeok_xi,121977,67,18,8,93
2024-05-22,godeok_xi,121977,70,18,8,96
2024-05-23,godeok_xi,121977,70,18,9,97
2024-05-24,godeok_xi,121977,70,19,8,97
2024-05-25,godeok_xi,121977,70,19,8,97
2024-05-26,godeok_xi,121977,69,18,8,95
2024-05-27,godeok_xi,121977,66,18,8,92
2024-05-28,godeok_xi,121977,66,19,8,93
2024-05-29,godeok_xi,121977,65,18,8,91
2024-05-30,godeok_xi,121977,63,15,8,86
2024-05-31,godeok_xi,121977,65,15,7,87
2024-06-01,godeok_xi,121977,65,15,7,87
2024-06-02,godeok_xi,121977,65,15,8,88
2024-06-03,godeok_xi,121977,65,15,7,87
2024-06-04,godeok_xi,121977,64,15,6,85
2024-06-05,godeok_xi,121977,64,14,6,84
2024-06-06,godeok_xi,121977,63,13,6,82
2024-06-07,godeok_xi,121977,63,11,6,80
2024-06-08,godeok_xi,121977,64,11,7,82
2024-06-09,godeok_xi,121977,64,11,7,82
2024-06-10,godeok_xi,121977,64,11,7,82
2024-06-11,godeok_xi,121977,61,12,7,80
2024-06-12,godeok_xi,121977,61,12,6,79
2024-06-13,godeok_xi,121977,60,13,6,79
2024-06-14,godeok_xi,121977,58,12,6,76
2024-06-15,godeok_xi,121977,58,11,6,75
2024-06-16,godeok_xi,121977,57,11,6,74
2024-06-17,godeok_xi,121977,56,11,6,73
2024-06-18,godeok_xi,121977,56,11,5,72
2024-06-19,godeok_xi,121977,59,14,6,79
2024-06-20,godeok_xi,121977,58,11,6,75
2024-06-21,godeok_xi,121977,58,10,5,73
2024-06-22,godeok_xi,121977,58,11,5,74
2024-06-23,godeok_xi,121977,59,9,5,73
2024-06-24,godeok_xi,121977,57,9,5,71
2024-06-25,godeok_xi,121977,59,9,5,73
2024-06-26,godeok_xi,121977,57,10,5,72
2024-06-27,godeok_xi,121977,54,10,6,70
2024-06-28,godeok_xi,121977,53,9,6,68
2024-06-29,godeok_xi,121977,50,8,6,64
2024-06-30,godeok_xi,121977,50,7,5,62
2024-07-01,godeok_xi,121977,49,7,5,61
2024-07-02,godeok_xi,121977,50,8,3,61
2024-07-03,godeok_xi,121977,52,9,3,64
2024-07-04,godeok_xi,121977,50,9,3,62
2024-07-05,godeok_xi,121977,48,9,3,60
2024-07-06,godeok_xi,121977,50,8,3,61
2024-07-07,godeok_xi,121977,50,8,3,61
2024-07-08,godeok_xi,121977,49,8,2,59
2024-07-09,godeok_xi,121977,50,8,3,61
2024-07-10,godeok_xi,121977,49,8,3,60
2024-07-11,godeok_xi,121977,49,9,3,61
2024-07-12,godeok_xi,121977,49,9,3,61
2024-07-13,godeok_xi,121977,48,9,3,60
2024-07-14,godeok_xi,121977,46,9,3,58
2024-07-15,godeok_xi,121977,46,9,3,58
2024-07-16,godeok_xi,121977,51,8,3,62
2024-07-17,godeok_xi,121977,52,8,3,63
2024-07-18,godeok_xi,121977,53,7,3,63
2024-07-19,godeok_xi,121977,52,8,3,63
2024-07-20,godeok_xi,121977,52,8,3,63
2024-07-21,godeok_xi,121977,53,8,2,63
2024-07-22,godeok_xi,121977,53,8,2,63
2024-07-23,godeok_xi,121977,49,8,2,59
2024-07-24,godeok_xi,121977,52,7,2,61
2024-07-25,godeok_xi,121977,52,7,2,61
2024-07-26,godeok_xi,121977,53,8,2,63
2024-07-27,godeok_xi,121977,53,7,1,61
2024-07-28,godeok_xi,121977,54,8,1,63
2024-07-29,godeok_xi,121977,54,8,1,63
2024-07-30,godeok_xi,121977,55,8,1,64
2024-07-31,godeok_xi,121977,55,9,1,65
2024-08-01,godeok_xi,121977,56,9,1,66
2024-08-02,godeok_xi,121977,54,9,1,64
2024-08-03,godeok_xi,121977,55,8,1,64
2024-08-04,godeok_xi,121977,53,9,3,65
2024-08-05,godeok_xi,121977,52,9,3,64
2024-08-06,godeok_xi,121977,55,11,3,69
2024-08-07,godeok_xi,121977,57,11,4,72
2024-08-08,godeok_xi,121977,57,11,4,72
2024-08-09,godeok_xi,121977,55,11,4,70
2024-08-10,godeok_xi,121977,55,9,6,70
2024-08-11,godeok_xi,121977,53,12,6,71
2024-08-12,godeok_xi,121977,53,12,6,71
2024-08-13,godeok_xi,121977,53,12,7,72
2024-08-14,godeok_xi,121977,54,12,7,73
2024-08-15,godeok_xi,121977,56,12,6,74
2024-08-16,godeok_xi,121977,54,12,6,72
2024-08-17,godeok_xi,121977,58,11,5,74
2024-08-18,godeok_xi,121977,58,11,4,73
2024-08-19,godeok_xi,121977,58,11,4,73
2024-08-20,godeok_xi,121977,59,11,4,74
2024-08-21,godeok_xi,121977,60,10,4,74
2024-08-22,godeok_xi,121977,62,10,4,76
2024-08-23,godeok_xi,121977,60,10,4,74
2024-08-24,godeok_xi,121977,57,11,4,72
2024-08-25,godeok_xi,121977,56,11,6,73
2024-08-26,godeok_xi,121977,56,11,6,73
2024-08-27,godeok_xi,121977,52,10,6,68
2024-08-28,godeok_xi,121977,52,10,6,68
2024-08-29,godeok_xi,121977,54,11,6,71
2024-08-30,godeok_xi,121977,55,9,5,69
2024-08-31,godeok_xi,121977,55,9,5,69
2024-09-01,godeok_xi,121977,53,8,5,66
2024-09-02,godeok_xi,121977,52,8,5,65
2024-09-03,godeok_xi,121977,54,6,5,65
2024-09-04,godeok_xi,121977,54,6,5,65
2024-09-05,godeok_xi,121977,52,7,5,64
2024-09-06,godeok_xi,121977,52,6,5,63
2024-09-07,godeok_xi,121977,52,7,5,64
2024-09-08,godeok_xi,121977,52,7,5,64
2024-09-09,godeok_xi,121977,52,7,5,64
2024-09-10,godeok_xi,121977,53,6,6,65
2024-09-11,godeok_xi,121977,54,7,6,67
2024-09-12,godeok_xi,121977,56,7,5,68
2024-09-13,godeok_xi,121977,55,8,5,68
2024-09-14,godeok_xi,121977,55,11,5,71
2024-09-15,godeok_xi,121977,55,11,7,73
2024-09-16,godeok_xi,121977,55,11,7,73
2024-09-17,godeok_xi,121977,54,11,7,72
2024-09-18,godeok_xi,121977,54,11,7,72
2024-09-19,godeok_xi,121977,54,11,7,72
2024-09-20,godeok_xi,121977,54,11,7,72
2024-09-21,godeok_xi,121977,54,10,6,70
2024-09-22,godeok_xi,121977,54,10,7,71
2024-09-23,godeok_xi,121977,54,9,7,70
2024-09-24,godeok_xi,121977,55,14,7,76
2024-09-25,godeok_xi,121977,56,10,8,74
2024-09-26,godeok_xi,121977,55,10,9,74
2024-09-27,godeok_xi,121977,56,10,9,75
2024-09-28,godeok_xi,121977,56,11,9,76
2024-09-29,godeok_xi,121977,55,12,9,76
2024-09-30,godeok_xi,121977,55,12,9,76
2024-10-01,godeok_xi,121977,56,14,8,78
2024-10-02,godeok_xi,121977,57,14,8,79
2024-10-03,godeok_xi,121977,60,15,8,83
2024-10-04,godeok_xi,121977,60,16,8,84
2024-10-05,godeok_xi,121977,62,16,7,85
2024-10-06,godeok_xi,121977,63,16,7,86
2024-10-07,godeok_xi,121977,63,17,7,87
2024-10-08,godeok_xi,121977,64,17,7,88
2024-10-09,godeok_xi,121977,64,16,6,86
2024-10-10,godeok_xi,121977,63,16,6,85
2024-10-11,godeok_xi,121977,62,16,6,84
2024-10-12,godeok_xi,121977,64,15,6,85
2024-10-13,godeok_xi,121977,62,16,6,84
2024-10-14,godeok_xi,121977,61,15,6,82
2024-10-16,godeok_xi,121977,61,17,4,82
2024-10-17,godeok_xi,121977,62,17,5,84
2024-10-18,godeok_xi,121977,63,19,5,87
2024-10-19,godeok_xi,121977,63,19,6,88
2024-10-20,godeok_xi,121977,65,19,6,90
2024-10-21,godeok_xi,121977,65,19,6,90
2024-10-22,godeok_xi,121977,68,22,8,98
2024-10-23,godeok_xi,121977,69,24,8,101
2024-10-24,godeok_xi,121977,67,20,9,96
2024-10-25,godeok_xi,121977,68,21,7,96
2024-10-26,godeok_xi,121977,68,20,6,94
2024-10-27,godeok_xi,121977,68,21,7,96
2024-10-28,godeok_xi,121977,67,21,7,95
2024-10-29,godeok_xi,121977,66,21,7,94
2024-10-30,godeok_xi,121977,67,22,8,97
2024-10-31,godeok_xi,121977,68,22,8,98
2024-11-01,godeok_xi,121977,69,23,8,100
2024-11-02,godeok_xi,121977,69,24,8,101
2024-11-03,godeok_xi,121977,70,23,8,101
2024-11-04,godeok_xi,121977,69,24,8,101
2024-11-05,godeok_xi,121977,73,23,7,103
2024-11-06,godeok_xi,121977,76,24,7,107
2024-11-07,godeok_xi,121977,75,25,8,108
2024-11-08,godeok_xi,121977,77,25,7,109
2024-11-09,godeok_xi,121977,77,27,8,112
2024-11-10,godeok_xi,121977,79,30,8,117
2024-11-11,godeok_xi,121977,79,30,8,117
2024-11-12,godeok_xi,121977,79,28,5,112
2024-11-13,godeok_xi,121977,78,28,5,111
2024-11-14,godeok_xi,121977,78,29,5,112
2024-11-15,godeok_xi,121977,78,29,7,114
2024-11-16,godeok_xi,121977,77,30,8,115
2024-11-17,godeok_xi,121977,79,29,8,116
2024-11-18,godeok_xi,121977,79,28,8,115
2024-11-19,godeok_xi,121977,79,31,8,118
2024-11-20,godeok_xi,121977,81,31,8,120
2024-11-21,godeok_xi,121977,78,34,10,122
2024-11-22,godeok_xi,121977,75,33,12,120
2024-11-23,godeok_xi,121977,75,34,12,121
2024-11-24,godeok_xi,121977,76,31,11,118
2024-11-25,godeok_xi,121977,75,31,11,117
2024-11-26,godeok_xi,121977,74,30,13,117
2024-11-27,godeok_xi,121977,76,31,15,122
2024-11-28,godeok_xi,121977,74,36,16,126
2024-11-29,godeok_xi,121977,75,32,16,123
2024-11-30,godeok_xi,121977,75,34,15,124
2024-12-01,godeok_xi,121977,74,32,15,121
2024-12-02,godeok_xi,121977,72,32,14,118
2024-12-03,godeok_xi,121977,72,34,15,121
2024-12-04,godeok_xi,121977,71,35,15,121
2024-12-05,godeok_xi,121977,71,36,17,124
2024-12-06,godeok_xi,121977,72,39,16,127
2024-12-07,godeok_xi,121977,72,37,17,126
2024-12-08,godeok_xi,121977,71,39,16,126
2024-12-09,godeok_xi,121977,71,38,16,125
2024-12-10,godeok_xi,121977,72,39,16,127
2024-12-11,godeok_xi,121977,71,40,15,126
2024-12-12,godeok_xi,121977,71,40,16,127
2024-12-13,godeok_xi,121977,71,37,14,122
2024-12-14,godeok_xi,121977,70,37,14,121
2024-12-15,godeok_xi,121977,70,38,14,122
2024-12-16,godeok_xi,121977,68,37,13,118
2024-12-17,godeok_xi,121977,68,35,14,117
2024-12-19,godeok_xi,121977,68,35,16,119
2024-12-20,godeok_xi,121977,67,34,15,116
2024-12-21,godeok_xi,121977,70,31,14,115
2024-12-22,godeok_xi,121977,70,32,14,116
2024-12-23,godeok_xi,121977,69,32,14,115
2024-12-24,godeok_xi,121977,70,32,16,118
2024-12-25,godeok_xi,121977,70,31,16,117
2024-12-26,godeok_xi,121977,70,30,15,115
2024-12-27,godeok_xi,121977,72,29,15,116
2024-12-28,godeok_xi,121977,74,32,13,119
2024-12-29,godeok_xi,121977,72,32,12,116
2024-12-30,godeok_xi,121977,72,32,12,116
2024-12-31,godeok_xi,121977,71,30,12,113
2025-01-01,godeok_xi,121977,69,29,13,111
2025-01-02,godeok_xi,121977,67,27,13,107
2025-01-03,godeok_xi,121977,68,27,11,106
2025-01-04,godeok_xi,121977,70,28,12,110
2025-01-05,godeok_xi,121977,69,27,12,108
2025-01-06,godeok_xi,121977,68,27,12,107
2025-01-07,godeok_xi,121977,70,27,12,109
2025-01-08,godeok_xi,121977,71,27,11,109
2025-01-09,godeok_xi,121977,72,27,11,110
2025-01-10,godeok_xi,121977,74,26,12,112
2025-01-11,godeok_xi,121977,73,26,12,111
2025-01-12,godeok_xi,121977,74,24,12,110
2025-01-13,godeok_xi,121977,74,24,12,110
2025-01-14,godeok_xi,121977,75,24,13,112
2025-01-15,godeok_xi,121977,75,23,13,111
2025-01-16,godeok_xi,121977,74,23,14,111
2025-01-17,godeok_xi,121977,74,20,14,108
2025-01-18,godeok_xi,121977,76,20,14,110
2025-01-19,godeok_xi,121977,76,20,14,110
2025-01-20,godeok_xi,121977,74,19,14,107
2025-01-21,godeok_xi,121977,73,21,16,110
2025-01-22,godeok_xi,121977,74,20,15,109
2025-01-23,godeok_xi,121977,74,22,16,112
2025-01-24,godeok_xi,121977,75,23,16,114
2025-01-25,godeok_xi,121977,76,23,16,115
2025-01-26,godeok_xi,121977,75,21,13,109
2025-01-27,godeok_xi,121977,75,21,12,108
2025-01-28,godeok_xi,121977,74,20,12,106
2025-01-29,godeok_xi,121977,74,20,12,106
2025-01-30,godeok_xi,121977,74,20,12,106
2025-01-31,godeok_xi,121977,74,20,12,106
2025-02-01,godeok_xi,121977,75,19,11,105
2025-02-02,godeok_xi,121977,75,18,11,104
2025-02-03,godeok_xi,121977,73,18,11,102
2025-02-04,godeok_xi,121977,77,19,11,107
2025-02-05,godeok_xi,121977,79,19,13,111
2025-02-06,godeok_xi,121977,80,20,16,116
2025-02-07,godeok_xi,121977,81,22,21,124
2025-02-08,godeok_xi,121977,82,23,21,126
2025-02-09,godeok_xi,121977,81,23,22,126
2025-02-10,godeok_xi,121977,80,23,22,125
2025-02-11,godeok_xi,121977,82,22,21,125
2025-02-12,godeok_xi,121977,87,22,22,131
2025-02-13,godeok_xi,121977,87,23,22,132
2025-02-14,godeok_xi,121977,87,23,21,131
2025-02-15,godeok_xi,121977,83,22,21,126
2025-02-16,godeok_xi,121977,83,21,21,125
2025-02-17,godeok_xi,121977,83,21,21,125
2025-02-18,godeok_xi,121977,85,20,20,125
2025-02-19,godeok_xi,121977,87,19,20,126
2025-02-20,godeok_xi,121977,87,18,19,124
2025-02-21,godeok_xi,121977,87,18,19,124
2025-02-22,godeok_xi,121977,88,18,19,125
2025-02-23,godeok_xi,121977,88,18,18,124
2025-02-24,godeok_xi,121977,87,17,18,122
2025-02-25,godeok_xi,121977,89,17,17,123
2025-02-26,godeok_xi,121977,93,18,17,128
2025-02-27,godeok_xi,121977,91,18,18,127
2025-02-28,godeok_xi,121977,87,18,19,124
2025-03-01,godeok_xi,121977,87,18,19,124
2025-03-02,godeok_xi,121977,88,19,20,127
2025-03-03,godeok_xi,121977,88,19,20,127
2025-03-04,godeok_xi,121977,87,17,19,123
2025-03-05,godeok_xi,121977,84,17,19,120
2025-03-06,godeok_xi,121977,83,16,19,118
2025-03-07,godeok_xi,121977,81,15,18,114
2025-03-08,godeok_xi,121977,85,17,18,120
2025-03-09,godeok_xi,121977,82,17,18,117
2025-03-10,godeok_xi,121977,82,17,18,117
2025-03-11,godeok_xi,121977,79,17,20,116
2025-03-12,godeok_xi,121977,80,16,20,116
2025-03-13,godeok_xi,121977,81,16,21,118
2025-03-14,godeok_xi,121977,80,17,20,117
2025-03-15,godeok_xi,121977,78,14,21,113
2025-03-16,godeok_xi,121977,80,15,21,116
2025-03-17,godeok_xi,121977,80,15,21,116
2025-03-18,godeok_xi,121977,80,14,21,115
2025-03-19,godeok_xi,121977,82,14,21,117
2025-03-20,godeok_xi,121977,82,12,19,113
2025-03-21,godeok_xi,121977,82,9,16,107
2025-03-24,godeok_xi,121977,82,10,18,110
2025-03-25,godeok_xi,121977,81,10,18,109
2025-03-26,godeok_xi,121977,82,10,19,111
2025-03-27,godeok_xi,121977,83,9,17,109
2025-03-28,godeok_xi,121977,81,10,16,107
2025-03-29,godeok_xi,121977,80,10,16,106
2025-03-30,godeok_xi,121977,79,10,16,105
2025-03-31,godeok_xi,121977,78,10,16,104
2025-04-01,godeok_xi,121977,77,7,18,102
2025-04-02,godeok_xi,121977,81,7,18,106
2025-04-03,godeok_xi,121977,80,8,17,105
2025-04-04,godeok_xi,121977,81,5,17,103
2025-04-05,godeok_xi,121977,81,5,18,104
2025-04-06,godeok_xi,121977,82,4,18,104
2025-04-07,godeok_xi,121977,81,4,18,103
2025-04-08,godeok_xi,121977,79,5,18,102
2025-04-09,godeok_xi,121977,80,5,17,102
2025-04-10,godeok_xi,121977,79,7,17,103
2025-04-11,godeok_xi,121977,79,6,17,102
2025-04-12,godeok_xi,121977,79,3,15,97
2025-04-13,godeok_xi,121977,78,2,14,94
2025-04-14,godeok_xi,121977,78,2,14,94
2025-04-15,godeok_xi,121977,76,2,11,89
2025-04-16,godeok_xi,121977,76,2,12,90
2025-04-17,godeok_xi,121977,76,2,11,89
2025-04-18,godeok_xi,121977,74,3,10,87
2025-04-19,godeok_xi,121977,74,3,10,87
2025-04-20,godeok_xi,121977,76,4,11,91
2025-04-21,godeok_xi,121977,75,4,11,90
2025-04-22,godeok_xi,121977,78,5,10,93
2025-04-23,godeok_xi,121977,78,5,10,93
2025-04-24,godeok_xi,121977,77,5,9,91
2025-04-25,godeok_xi,121977,76,5,9,90
2025-04-26,godeok_xi,121977,76,5,8,89
2025-04-27,godeok_xi,121977,76,5,8,89
2025-04-28,godeok_xi,121977,76,5,8,89
2025-04-29,godeok_xi,121977,75,5,8,88
2025-04-30,godeok_xi,121977,75,5,10,90
2025-05-01,godeok_xi,121977,76,4,11,91
2025-05-02,godeok_xi,121977,74,4,10,88
2025-05-03,godeok_xi,121977,77,5,11,93
2025-05-04,godeok_xi,121977,76,7,10,93
2025-05-05,godeok_xi,121977,75,7,10,92
2025-05-06,godeok_xi,121977,74,7,9,90
2025-05-07,godeok_xi,121977,74,8,9,91
2025-05-08,godeok_xi,121977,73,8,9,90
2025-05-09,godeok_xi,121977,70,9,9,88
2025-05-10,godeok_xi,121977,72,9,8,89
2025-05-11,godeok_xi,121977,73,9,8,90
2025-05-12,godeok_xi,121977,72,9,8,89
2025-05-13,godeok_xi,121977,71,8,10,89
2025-05-14,godeok_xi,121977,73,8,9,90
2025-05-15,godeok_xi,121977,71,8,9,88
2025-05-16,godeok_xi,121977,72,8,10,90
2025-05-17,godeok_xi,121977,74,8,10,92
2025-05-18,godeok_xi,121977,73,8,10,91
2025-05-19,godeok_xi,121977,73,8,10,91
2025-05-20,godeok_xi,121977,74,10,10,94
2025-05-21,godeok_xi,121977,73,10,11,94
2025-05-22,godeok_xi,121977,73,9,11,93
2025-05-23,godeok_xi,121977,72,9,11,92
2025-05-24,godeok_xi,121977,72,10,11,93
2025-05-25,godeok_xi,121977,71,12,11,94
2025-05-26,godeok_xi,121977,71,13,11,95
2025-05-27,godeok_xi,121977,72,12,11,95
2025-05-28,godeok_xi,121977,73,12,11,96
2025-05-29,godeok_xi,121977,72,12,11,95
2025-05-30,godeok_xi,121977,72,10,11,93
2025-05-31,godeok_xi,121977,72,11,12,95
2025-06-01,godeok_xi,121977,73,12,12,97
2025-06-02,godeok_xi,121977,73,11,12,96
2025-06-03,godeok_xi,121977,71,12,11,94
2025-06-04,godeok_xi,121977,69,12,11,92
2025-06-05,godeok_xi,121977,73,13,12,98
2025-06-06,godeok_xi,121977,76,13,12,101
2025-06-07,godeok_xi,121977,73,12,12,97
2025-06-08,godeok_xi,121977,73,10,10,93
2025-06-09,godeok_xi,121977,71,10,11,92
2025-06-10,godeok_xi,121977,72,12,10,94
2025-06-11,godeok_xi,121977,71,12,11,94
2025-06-12,godeok_xi,121977,70,12,9,91
2025-06-13,godeok_xi,121977,66,12,9,87
2025-06-14,godeok_xi,121977,69,11,9,89
2025-06-15,godeok_xi,121977,67,11,8,86
2025-06-16,godeok_xi,121977,67,11,8,86
2025-06-17,godeok_xi,121977,69,12,8,89
2025-06-18,godeok_xi,121977,69,11,8,88
2025-06-19,godeok_xi,121977,67,10,8,85
2025-06-20,godeok_xi,121977,67,10,8,85
2025-06-21,godeok_xi,121977,70,10,8,88
2025-06-22,godeok_xi,121977,70,10,8,88
2025-06-23,godeok_xi,121977,70,10,7,87
2025-06-24,godeok_xi,121977,70,11,6,87
2025-06-25,godeok_xi,121977,68,12,6,86
2025-06-26,godeok_xi,121977,67,11,5,83
2025-06-27,godeok_xi,121977,64,13,4,81
2025-06-28,godeok_xi,121977,59,12,4,75
2025-06-29,godeok_xi,121977,60,12,5,77
2025-06-30,godeok_xi,121977,60,12,5,77
2025-07-01,godeok_xi,121977,61,11,5,77
2025-07-02,godeok_xi,121977,63,10,4,77
2025-07-03,godeok_xi,121977,65,12,5,82
2025-07-04,godeok_xi,121977,66,13,6,85
2025-07-05,godeok_xi,121977,65,12,7,84
2025-07-06,godeok_xi,121977,64,12,7,83
2025-07-07,godeok_xi,121977,64,12,7,83
2025-07-08,godeok_xi,121977,65,11,5,81
2025-07-09,godeok_xi,121977,66,10,5,81
2025-07-10,godeok_xi,121977,63,10,5,78
2025-07-11,godeok_xi,121977,64,11,6,81
2025-07-12,godeok_xi,121977,71,11,6,88
2025-07-13,godeok_xi,121977,72,12,8,92
2025-07-14,godeok_xi,121977,72,12,8,92
2025-07-15,godeok_xi,121977,73,11,7,91
2025-07-16,godeok_xi,121977,75,11,8,94
2025-07-17,godeok_xi,121977,76,12,9,97
2025-07-18,godeok_xi,121977,75,12,9,96
2025-07-19,godeok_xi,121977,77,11,9,97
2025-07-20,godeok_xi,121977,78,10,9,97
2025-07-21,godeok_xi,121977,75,10,9,94
2025-07-22,godeok_xi,121977,74,11,9,94
2025-07-23,godeok_xi,121977,78,10,7,95
2025-07-24,godeok_xi,121977,79,9,7,95
2025-07-25,godeok_xi,121977,79,8,6,93
2025-07-26,godeok_xi,121977,80,8,6,94
2025-07-27,godeok_xi,121977,81,7,6,94
2025-07-28,godeok_xi,121977,80,7,6,93
2025-07-29,godeok_xi,121977,84,7,7,98
2025-07-30,godeok_xi,121977,86,8,6,100
2025-07-31,godeok_xi,121977,88,9,6,103
2025-08-01,godeok_xi,121977,88,9,6,103
2025-08-02,godeok_xi,121977,86,7,6,99
2025-08-03,godeok_xi,121977,86,7,6,99
2025-08-04,godeok_xi,121977,86,7,6,99
2025-08-05,godeok_xi,121977,88,6,6,100
2025-08-06,godeok_xi,121977,90,6,7,103
2025-08-14,godeok_xi,121977,91,12,6,109
2025-08-15,godeok_xi,121977,90,12,5,107
2025-08-16,godeok_xi,121977,89,9,5,103
2025-08-17,godeok_xi,121977,88,10,6,104
2025-08-18,godeok_xi,121977,85,10,6,101
2025-08-19,godeok_xi,121977,85,10,6,101
2025-08-20,godeok_xi,121977,85,11,6,102
2025-08-21,godeok_xi,121977,85,11,6,102
2025-08-22,godeok_xi,121977,83,8,7,98
2025-08-23,godeok_xi,121977,84,7,7,98
2025-08-24,godeok_xi,121977,86,6,6,98
2025-08-25,godeok_xi,121977,85,6,6,97
2025-08-27,godeok_xi,121977,88,4,6,98
2025-08-28,godeok_xi,121977,85,5,5,95
2025-08-29,godeok_xi,121977,85,6,5,96
2025-08-30,godeok_xi,121977,84,6,4,94
2025-08-31,godeok_xi,121977,89,6,4,99
2025-09-01,godeok_xi,121977,89,7,4,100
2025-09-02,godeok_xi,121977,88,7,4,99
2025-09-03,godeok_xi,121977,87,8,5,100
2025-09-04,godeok_xi,121977,86,8,5,99
2025-09-05,godeok_xi,121977,85,8,5,98
2025-09-06,godeok_xi,121977,84,8,6,98
2025-09-09,godeok_xi,121977,79,9,6,94
2025-09-10,godeok_xi,121977,80,9,6,95
2025-09-11,godeok_xi,121977,81,8,6,95
2025-09-12,godeok_xi,121977,80,10,7,97
2025-09-13,godeok_xi,121977,82,11,7,100
2025-09-15,godeok_xi,121977,79,11,8,98
2025-09-16,godeok_xi,121977,76,10,8,94
2025-09-17,godeok_xi,121977,76,10,8,94
2025-09-18,godeok_xi,121977,77,10,7,94
2025-09-19,godeok_xi,121977,76,9,6,91
2025-09-20,godeok_xi,121977,76,9,6,91
2025-09-21,godeok_xi,121977,75,9,5,89
2025-09-22,godeok_xi,121977,73,9,5,87
2025-09-23,godeok_xi,121977,71,10,4,85
2025-09-24,godeok_xi,121977,72,10,4,86
2025-09-25,godeok_xi,121977,68,10,4,82
2025-09-26,godeok_xi,121977,64,8,4,76
2025-09-27,godeok_xi,121977,64,8,4,76
2025-09-28,godeok_xi,121977,67,7,3,77
2025-09-29,godeok_xi,121977,67,7,3,77
2025-09-30,godeok_xi,121977,64,8,3,75
2025-10-01,godeok_xi,121977,65,8,3,76
2025-10-02,godeok_xi,121977,64,8,3,75
2025-10-03,godeok_xi,121977,63,7,2,72
2025-10-04,godeok_xi,121977,63,7,2,72
2025-10-05,godeok_xi,121977,62,10,2,74
2025-10-07,godeok_xi,121977,62,9,2,73
2025-10-08,godeok_xi,121977,62,9,2,73
2025-10-09,godeok_xi,121977,61,8,2,71
2025-10-10,godeok_xi,121977,60,9,2,71
2025-10-11,godeok_xi,121977,55,9,2,66
2025-10-12,godeok_xi,121977,55,8,3,66
2025-10-13,godeok_xi,121977,54,8,3,65
2025-10-14,godeok_xi,121977,55,7,3,65
2025-10-15,godeok_xi,121977,53,8,3,64
2025-10-16,godeok_xi,121977,54,9,3,66
2025-10-17,godeok_xi,121977,52,10,5,67
2025-10-18,godeok_xi,121977,50,8,5,63
2025-10-19,godeok_xi,121977,50,8,5,63
2025-10-20,godeok_xi,121977,48,8,5,61
2025-10-21,godeok_xi,121977,38,8,4,50
2025-10-22,godeok_xi,121977,34,8,4,46
2025-10-23,godeok_xi,121977,34,7,4,45
2025-10-24,godeok_xi,121977,35,8,4,47
2025-10-25,godeok_xi,121977,32,9,4,45
2025-10-26,godeok_xi,121977,33,7,4,44
2025-10-27,godeok_xi,121977,33,7,4,44
2025-10-28,godeok_xi,121977,30,8,6,44
2025-10-29,godeok_xi,121977,30,9,6,45
2025-10-30,godeok_xi,121977,29,10,6,45
2025-11-01,godeok_xi,121977,27,8,7,42
2025-11-02,godeok_xi,121977,24,9,7,40
2025-11-03,godeok_xi,121977,24,9,7,40
2025-11-04,godeok_xi,121977,23,9,6,38
2025-11-05,godeok_xi,121977,24,10,8,42
2025-11-06,godeok_xi,121977,24,11,8,43
2025-11-07,godeok_xi,121977,25,11,8,44
2025-11-08,godeok_xi,121977,27,12,8,47
2025-11-09,godeok_xi,121977,27,14,8,49
2025-11-10,godeok_xi,121977,27,13,8,48
2025-11-11,godeok_xi,121977,27,11,9,47
2025-11-12,godeok_xi,121977,30,12,9,51
2025-11-13,godeok_xi,121977,30,13,8,51
2025-11-14,godeok_xi,121977,30,12,8,50
2025-11-15,godeok_xi,121977,28,13,8,49
2025-11-16,godeok_xi,121977,28,13,8,49
2025-11-18,godeok_xi,121977,26,12,8,46
2025-11-19,godeok_xi,121977,26,12,8,46
2025-11-20,godeok_xi,121977,24,12,9,45
2025-11-21,godeok_xi,121977,26,13,9,48
2025-11-22,godeok_xi,121977,28,14,10,52
2025-11-23,godeok_xi,121977,29,13,10,52
2025-11-24,godeok_xi,121977,28,13,10,51
2025-11-25,godeok_xi,121977,28,14,10,52
2025-11-26,godeok_xi,121977,28,14,10,52
2025-11-27,godeok_xi,121977,29,15,10,54
2025-11-28,godeok_xi,121977,30,14,9,53
2025-11-29,godeok_xi,121977,30,14,9,53
2025-11-30,godeok_xi,121977,30,13,9,52
2025-12-01,godeok_xi,121977,28,13,9,50
2025-12-02,godeok_xi,121977,30,15,9,54
2025-12-03,godeok_xi,121977,31,16,10,57
2025-12-04,godeok_xi,121977,29,16,9,54
2025-12-05,godeok_xi,121977,29,17,9,55
2025-12-06,godeok_xi,121977,30,14,8,52
2025-12-07,godeok_xi,121977,30,13,8,51
2025-12-08,godeok_xi,121977,30,12,8,50
2025-12-09,godeok_xi,121977,30,12,7,49
2025-12-10,godeok_xi,121977,30,11,7,48
2025-12-11,godeok_xi,121977,31,11,8,50
2025-12-12,godeok_xi,121977,31,10,7,48
2025-12-13,godeok_xi,121977,33,9,7,49
2025-12-14,godeok_xi,121977,32,8,7,47
2025-12-15,godeok_xi,121977,32,8,7,47
2025-12-16,godeok_xi,121977,33,8,7,48
2025-12-17,godeok_xi,121977,33,9,7,49
2025-12-18,godeok_xi,121977,33,7,6,46
2025-12-19,godeok_xi,121977,33,7,6,46
2025-12-20,godeok_xi,121977,33,7,7,47
2025-12-21,godeok_xi,121977,32,7,8,47
2025-12-22,godeok_xi,121977,32,7,8,47
2025-12-23,godeok_xi,121977,31,7,8,46
2025-12-24,godeok_xi,121977,31,7,8,46
2025-12-26,godeok_xi,121977,32,7,8,47
2025-12-27,godeok_xi,121977,31,7,8,46
2025-12-28,godeok_xi,121977,31,8,8,47
2025-12-29,godeok_xi,121977,31,8,7,46
2025-12-30,godeok_xi,121977,31,8,8,47
2025-12-31,godeok_xi,121977,30,8,8,46
2026-01-01,godeok_xi,121977,30,8,8,46
2026-01-02,godeok_xi,121977,28,7,8,43
2026-01-03,godeok_xi,121977,28,7,7,42
2026-01-04,godeok_xi,121977,27,7,7,41
2026-01-05,godeok_xi,121977,27,7,8,42
2026-01-06,godeok_xi,121977,28,7,9,44
2026-01-07,godeok_xi,121977,29,7,8,44
2026-01-08,godeok_xi,121977,28,8,8,44
2026-01-09,godeok_xi,121977,29,9,8,46
2026-01-10,godeok_xi,121977,29,9,10,48
2026-01-12,godeok_xi,121977,27,7,8,42
2026-01-13,godeok_xi,121977,28,8,8,44
2026-01-14,godeok_xi,121977,27,8,8,43
2026-01-15,godeok_xi,121977,28,8,8,44
2026-01-16,godeok_xi,121977,28,8,7,43
2026-01-17,godeok_xi,121977,29,8,4,41
2026-01-18,godeok_xi,121977,29,8,4,41
2026-01-19,godeok_xi,121977,29,8,4,41
2026-01-20,godeok_xi,121977,29,8,5,42
2026-01-21,godeok_xi,121977,29,7,4,40
2026-01-22,godeok_xi,121977,27,6,5,38
2026-01-23,godeok_xi,121977,26,6,5,37
2026-01-24,godeok_xi,121977,26,6,4,36
2026-01-25,godeok_xi,121977,26,6,4,36
2026-01-26,godeok_xi,121977,25,6,4,35
2026-01-27,godeok_xi,121977,25,6,3,34
2026-01-28,godeok_xi,121977,26,6,3,35
2026-01-29,godeok_xi,121977,25,6,3,34
2026-01-30,godeok_xi,121977,22,5,3,30
2026-01-31,godeok_xi,121977,22,5,3,30
2026-02-01,godeok_xi,121977,23,6,3,32
2026-02-02,godeok_xi,121977,23,6,3,32
2026-02-03,godeok_xi,121977,22,7,3,32
2026-02-04,godeok_xi,121977,22,6,6,34
2026-02-05,godeok_xi,121977,21,6,7,34
2026-02-06,godeok_xi,121977,21,6,8,35
2026-02-07,godeok_xi,121977,22,5,8,35
2026-02-08,godeok_xi,121977,23,5,8,36
2026-02-09,godeok_xi,121977,23,4,8,35
2026-02-10,godeok_xi,121977,24,4,9,37
2026-02-11,godeok_xi,121977,24,4,9,37
2026-02-12,godeok_xi,121977,23,6,9,38
2026-02-13,godeok_xi,121977,26,6,9,41
2026-02-14,godeok_xi,121977,30,6,9,45
2026-02-15,godeok_xi,121977,29,6,9,44
2026-02-16,godeok_xi,121977,29,6,9,44
2026-02-17,godeok_xi,121977,29,6,9,44
2026-02-18,godeok_xi,121977,29,6,9,44
2026-02-19,godeok_xi,121977,29,6,9,44
2026-02-20,godeok_xi,121977,28,4,9,41
2026-02-21,godeok_xi,121977,29,3,8,40
2026-02-22,godeok_xi,121977,31,3,7,41
2026-02-23,godeok_xi,121977,31,3,7,41
2026-02-24,godeok_xi,121977,31,5,8,44
2026-02-25,godeok_xi,121977,33,5,8,46
2026-02-26,godeok_xi,121977,35,6,7,48
2026-02-27,godeok_xi,121977,36,6,6,48
2026-02-28,godeok_xi,121977,37,5,6,48
2026-03-01,godeok_xi,121977,38,5,4,47
2026-03-02,godeok_xi,121977,39,6,4,49
2026-03-03,godeok_xi,121977,39,6,4,49
2026-03-04,godeok_xi,121977,39,6,3,48
2026-03-05,godeok_xi,121977,41,6,2,49
2026-03-06,godeok_xi,121977,44,6,2,52
2026-03-07,godeok_xi,121977,47,9,4,60
2026-03-08,godeok_xi,121977,46,8,3,57
2026-03-09,godeok_xi,121977,46,8,3,57
2026-03-10,godeok_xi,121977,47,8,4,59
2026-03-11,godeok_xi,121977,48,8,4,60
2026-03-12,godeok_xi,121977,48,7,4,59
2026-03-13,godeok_xi,121977,50,7,4,61
2026-03-14,godeok_xi,121977,52,7,4,63
2026-03-15,godeok_xi,121977,54,7,4,65
2026-03-16,godeok_xi,121977,52,7,4,63
2026-03-17,godeok_xi,121977,52,7,4,63
2026-03-18,godeok_xi,121977,55,6,3,64
2026-03-19,godeok_xi,121977,55,6,3,64
2026-03-20,godeok_xi,121977,57,8,3,68
2026-03-21,godeok_xi,121977,57,9,3,69
2026-03-22,godeok_xi,121977,56,9,3,68
2026-03-23,godeok_xi,121977,55,9,3,67
2026-03-24,godeok_xi,121977,55,9,3,67
2026-03-25,godeok_xi,121977,56,9,4,69
2026-03-26,godeok_xi,121977,56,9,4,69
2026-03-27,godeok_xi,121977,54,9,3,66
2026-03-28,godeok_xi,121977,55,7,4,66
2026-03-29,godeok_xi,121977,52,7,3,62
2026-03-30,godeok_xi,121977,52,7,3,62
2026-03-31,godeok_xi,121977,50,8,2,60
2026-04-01,godeok_xi,121977,47,7,2,56
2026-04-02,godeok_xi,121977,45,7,3,55
2026-04-03,godeok_xi,121977,47,8,4,59
2026-04-04,godeok_xi,121977,45,8,4,57
2026-04-05,godeok_xi,121977,46,9,4,59
2026-04-06,godeok_xi,121977,46,8,4,58
2026-04-07,godeok_xi,121977,46,10,4,60
2026-04-08,godeok_xi,121977,48,10,4,62
2026-04-09,godeok_xi,121977,50,10,5,65
2026-04-10,godeok_xi,121977,49,9,5,63
2026-04-11,godeok_xi,121977,47,9,5,61
2026-04-12,godeok_xi,121977,48,9,5,62
2026-04-13,godeok_xi,121977,47,9,5,61
2026-04-14,godeok_xi,121977,47,8,6,61
2026-04-15,godeok_xi,121977,47,8,6,61
2026-04-16,godeok_xi,121977,45,8,6,59
2026-04-17,godeok_xi,121977,44,8,6,58
2026-04-18,godeok_xi,121977,42,8,6,56
2026-04-19,godeok_xi,121977,38,8,6,52
2026-04-20,godeok_xi,121977,38,8,6,52
2026-04-21,godeok_xi,121977,40,9,5,54
2026-04-22,godeok_xi,121977,46,10,4,60
2026-04-23,godeok_xi,121977,45,10,5,60
2026-04-24,godeok_xi,121977,45,11,5,61
2026-04-25,godeok_xi,121977,45,11,5,61
2026-04-26,godeok_xi,121977,45,12,5,62
2026-04-27,godeok_xi,121977,45,12,5,62
2026-04-28,godeok_xi,121977,44,12,4,60
2026-04-29,godeok_xi,121977,44,9,5,58
2026-04-30,godeok_xi,121977,42,10,5,57
2026-05-01,godeok_xi,121977,41,10,5,56
2026-05-02,godeok_xi,121977,40,10,4,54
2026-05-04,godeok_xi,121977,39,11,4,54
2026-05-05,godeok_xi,121977,43,12,4,59
2026-05-06,godeok_xi,121977,43,11,5,59
2026-05-07,godeok_xi,121977,41,11,5,57
2026-05-08,godeok_xi,121977,40,11,4,55
2026-05-09,godeok_xi,121977,40,11,5,56
2026-05-10,godeok_xi,121977,36,12,5,53
2026-05-11,godeok_xi,121977,36,12,5,53
2026-05-12,godeok_xi,121977,34,12,5,51
2026-05-13,godeok_xi,121977,35,12,6,53
2026-05-14,godeok_xi,121977,34,12,5,51
2026-05-15,godeok_xi,121977,32,13,6,51
2026-05-16,godeok_xi,121977,32,13,5,50
2026-05-17,godeok_xi,121977,33,11,6,50
2026-05-18,godeok_xi,121977,33,11,6,50
2026-05-19,godeok_xi,121977,33,11,6,50
2026-05-20,godeok_xi,121977,34,11,5,50
2026-05-21,godeok_xi,121977,32,11,5,48
2026-05-22,godeok_xi,121977,29,12,4,45
2026-05-23,godeok_xi,121977,30,12,4,46
2026-05-24,godeok_xi,121977,31,12,4,47
2026-05-25,godeok_xi,121977,31,12,4,47
2026-05-26,godeok_xi,121977,29,8,3,40
2026-05-27,godeok_xi,121977,29,7,7,43
2026-05-28,godeok_xi,121977,28,7,5,40
2026-05-29,godeok_xi,121977,28,6,5,39
2026-05-30,godeok_xi,121977,30,6,6,42
2026-05-31,godeok_xi,121977,30,6,5,41
2026-06-01,godeok_xi,121977,30,6,5,41
2026-06-02,godeok_xi,121977,31,6,5,42
2026-06-03,godeok_xi,121977,32,6,5,43
2026-06-04,godeok_xi,121977,30,6,5,41
2026-06-05,godeok_xi,121977,32,6,3,41
2026-06-06,godeok_xi,121977,32,7,3,42
2026-06-07,godeok_xi,121977,31,7,3,41
2026-06-08,godeok_xi,121977,31,7,3,41
2026-06-09,godeok_xi,121977,28,8,3,39
2026-06-10,godeok_xi,121977,29,8,3,40
2026-06-11,godeok_xi,121977,30,7,3,40
2026-06-12,godeok_xi,121977,29,8,3,40
2026-06-13,godeok_xi,121977,30,7,3,40
2026-06-14,godeok_xi,121977,30,7,4,41
2026-06-15,godeok_xi,121977,30,7,4,41
2026-06-16,godeok_xi,121977,29,6,4,39
2026-06-17,godeok_xi,121977,29,5,6,40
2026-06-18,godeok_xi,121977,29,5,5,39
2026-06-20,godeok_xi,121977,28,2,4,34
2026-06-21,godeok_xi,121977,28,1,4,33
2026-06-22,godeok_xi,121977,27,1,4,32
2026-06-23,godeok_xi,121977,26,1,4,31
2026-06-24,godeok_xi,121977,26,1,4,31
2026-06-25,godeok_xi,121977,27,1,3,31
2026-06-26,godeok_xi,121977,28,1,4,33
2026-06-27,godeok_xi,121977,29,1,4,34
2026-06-28,godeok_xi,121977,30,0,5,35
2026-06-29,godeok_xi,121977,29,0,5,34
2026-06-30,godeok_xi,121977,30,1,6,37
2026-07-01,godeok_xi,121977,33,0,7,40
2026-07-02,godeok_xi,121977,36,1,10,47
2026-07-03,godeok_xi,121977,36,1,10,47
2026-07-04,godeok_xi,121977,35,1,8,44
2026-07-05,godeok_xi,121977,34,3,8,45
2026-07-06,godeok_xi,121977,34,3,8,45
2026-07-07,godeok_xi,121977,33,3,7,43
2026-07-08,godeok_xi,121977,33,3,8,44
2026-07-09,godeok_xi,121977,33,3,8,44
2026-07-10,godeok_xi,121977,34,2,8,44
2026-07-11,godeok_xi,121977,33,2,9,44
2026-07-12,godeok_xi,121977,35,2,7,44
2026-07-13,godeok_xi,121977,34,2,7,43
2026-07-14,godeok_xi,121977,35,2,7,44
2026-07-15,godeok_xi,121977,36,2,7,45
2026-07-17,godeok_xi,121977,35,2,6,43
2026-07-18,godeok_xi,121977,35,2,5,42
2026-07-19,godeok_xi,121977,36,2,4,42
2026-07-20,godeok_xi,121977,36,2,4,42
2026-07-21,godeok_xi,121977,36,2,4,42
2026-07-23,godeok_xi,121977,33,3,5,41
2026-07-24,godeok_xi,121977,33,3,5,41
2026-07-25,godeok_xi,121977,33,3,5,41
2026-07-26,godeok_xi,121977,33,2,5,40
2026-07-27,godeok_xi,121977,33,2,5,40
2026-07-28,godeok_xi,121977,35,2,6,43
2026-07-29,godeok_xi,121977,37,1,6,44
2026-07-30,godeok_xi,121977,37,1,6,44
2026-07-31,godeok_xi,121977,37,1,6,44
2026-08-01,godeok_xi,121977,37,1,7,45
2026-08-02,godeok_xi,121977,36,1,6,43
2026-08-03,godeok_xi,121977,36,1,6,43
2026-08-04,godeok_xi,121977,36,1,6,43
2026-08-05,godeok_xi,121977,36,1,6,43
2026-08-06,godeok_xi,121977,36,1,6,43
2026-08-07,godeok_xi,121977,37,0,6,43
2026-08-08,godeok_xi,121977,40,0,6,46
2026-08-09,godeok_xi,121977,41,0,4,45
2026-08-10,godeok_xi,121977,41,0,4,45
2026-08-11,godeok_xi,121977,41,0,3,44
2026-08-12,godeok_xi,121977,42,0,3,45
2026-08-14,godeok_xi,121977,45,0,3,48
2026-08-15,godeok_xi,121977,42,0,3,45
2026-08-16,godeok_xi,121977,43,0,2,45
2026-08-17,godeok_xi,121977,43,0,2,45
2026-08-18,godeok_xi,121977,42,0,2,44
2026-08-19,godeok_xi,121977,43,0,2,45
2026-08-20,godeok_xi,121977,46,0,2,48
2026-08-21,godeok_xi,121977,48,0,2,50
2026-08-22,godeok_xi,121977,49,1,2,52
2026-08-23,godeok_xi,121977,49,1,2,52
2026-08-25,godeok_xi,121977,50,1,2,53
2026-08-26,godeok_xi,121977,50,2,3,55
2026-08-27,godeok_xi,121977,51,2,3,56
2026-08-28,godeok_xi,121977,53,2,3,58
2026-08-29,godeok_xi,121977,53,2,3,58
2026-08-30,godeok_xi,121977,52,1,2,55
2026-08-31,godeok_xi,121977,51,1,2,54
2026-09-01,godeok_xi,121977,51,2,2,55
2026-09-02,godeok_xi,121977,52,2,2,56
2026-09-03,godeok_xi,121977,53,3,2,58
2026-09-04,godeok_xi,121977,53,4,2,59
2026-09-05,godeok_xi,121977,60,4,2,66
2026-09-06,godeok_xi,121977,60,4,2,66
2026-09-07,godeok_xi,121977,59,4,2,65
2026-09-08,godeok_xi,121977,59,4,2,65
2026-09-09,godeok_xi,121977,60,4,2,66
2026-09-11,godeok_xi,121977,64,4,2,70
2026-09-12,godeok_xi,121977,63,4,3,70
2026-09-13,godeok_xi,121977,62,4,3,69
2026-09-14,godeok_xi,121977,62,4,3,69
2026-09-15,godeok_xi,121977,65,4,3,72
2026-09-16,godeok_xi,121977,63,4,3,70
2026-09-17,godeok_xi,121977,63,3,3,69
2026-09-18,godeok_xi,121977,65,4,3,72
2026-09-19,godeok_xi,121977,63,5,3,71
2026-09-20,godeok_xi,121977,63,4,3,70
2026-09-21,godeok_xi,121977,60,4,3,67
2026-09-22,godeok_xi,121977,60,4,3,67
2026-09-23,godeok_xi,121977,60,6,4,70
2026-09-24,godeok_xi,121977,61,6,4,71
2026-09-25,godeok_xi,121977,61,6,4,71
2026-09-27,godeok_xi,121977,59,6,4,69
2026-09-28,godeok_xi,121977,59,6,4,69
2023-09-01,misa_thesharp_central_forest,111028,44,4,3,51
2023-09-02,misa_thesharp_central_forest,111028,44,5,3,52
2023-09-03,misa_thesharp_central_forest,111028,45,5,3,53
2023-09-04,misa_thesharp_central_forest,111028,45,5,3,53
2023-09-05,misa_thesharp_central_forest,111028,47,5,2,54
2023-09-06,misa_thesharp_central_forest,111028,47,5,2,54
2023-09-07,misa_thesharp_central_forest,111028,46,5,2,53
2023-09-08,misa_thesharp_central_forest,111028,47,5,2,54
2023-09-09,misa_thesharp_central_forest,111028,48,5,2,55
2023-09-10,misa_thesharp_central_forest,111028,48,5,1,54
2023-09-11,misa_thesharp_central_forest,111028,48,5,1,54
2023-09-12,misa_thesharp_central_forest,111028,49,5,1,55
2023-09-14,misa_thesharp_central_forest,111028,50,6,1,57
2023-09-15,misa_thesharp_central_forest,111028,48,6,1,55
2023-09-16,misa_thesharp_central_forest,111028,49,6,1,56
2023-09-17,misa_thesharp_central_forest,111028,50,6,1,57
2023-09-18,misa_thesharp_central_forest,111028,48,5,1,54
2023-09-19,misa_thesharp_central_forest,111028,51,6,1,58
2023-09-20,misa_thesharp_central_forest,111028,52,6,1,59
2023-09-21,misa_thesharp_central_forest,111028,52,6,1,59
2023-09-23,misa_thesharp_central_forest,111028,47,6,1,54
2023-09-24,misa_thesharp_central_forest,111028,53,6,1,60
2023-09-25,misa_thesharp_central_forest,111028,53,6,1,60
2023-09-26,misa_thesharp_central_forest,111028,53,7,1,61
2023-09-27,misa_thesharp_central_forest,111028,53,7,1,61
2023-09-28,misa_thesharp_central_forest,111028,52,7,1,60
2023-09-29,misa_thesharp_central_forest,111028,52,7,1,60
2023-09-30,misa_thesharp_central_forest,111028,52,7,1,60
2023-10-01,misa_thesharp_central_forest,111028,51,7,1,59
2023-10-02,misa_thesharp_central_forest,111028,51,7,1,59
2023-10-03,misa_thesharp_central_forest,111028,51,7,1,59
2023-10-04,misa_thesharp_central_forest,111028,50,6,1,57
2023-10-05,misa_thesharp_central_forest,111028,50,6,1,57
2023-10-06,misa_thesharp_central_forest,111028,50,6,1,57
2023-10-07,misa_thesharp_central_forest,111028,51,6,1,58
2023-10-08,misa_thesharp_central_forest,111028,51,6,1,58
2023-10-09,misa_thesharp_central_forest,111028,51,6,1,58
2023-10-10,misa_thesharp_central_forest,111028,50,4,1,55
2023-10-11,misa_thesharp_central_forest,111028,51,6,1,58
2023-10-12,misa_thesharp_central_forest,111028,50,7,1,58
2023-10-13,misa_thesharp_central_forest,111028,49,7,1,57
2023-10-14,misa_thesharp_central_forest,111028,50,8,1,59
2023-10-15,misa_thesharp_central_forest,111028,50,8,1,59
2023-10-16,misa_thesharp_central_forest,111028,48,9,1,58
2023-10-17,misa_thesharp_central_forest,111028,48,10,1,59
2023-10-18,misa_thesharp_central_forest,111028,48,8,1,57
2023-10-19,misa_thesharp_central_forest,111028,46,8,1,55
2023-10-20,misa_thesharp_central_forest,111028,48,9,1,58
2023-10-21,misa_thesharp_central_forest,111028,47,9,1,57
2023-10-22,misa_thesharp_central_forest,111028,50,8,1,59
2023-10-23,misa_thesharp_central_forest,111028,50,8,1,59
2023-10-24,misa_thesharp_central_forest,111028,45,6,1,52
2023-10-25,misa_thesharp_central_forest,111028,50,6,2,58
2023-10-26,misa_thesharp_central_forest,111028,53,6,2,61
2023-10-27,misa_thesharp_central_forest,111028,54,6,2,62
2023-10-28,misa_thesharp_central_forest,111028,54,6,2,62
2023-10-29,misa_thesharp_central_forest,111028,55,6,3,64
2023-10-30,misa_thesharp_central_forest,111028,55,6,3,64
2023-10-31,misa_thesharp_central_forest,111028,56,7,3,66
2023-11-01,misa_thesharp_central_forest,111028,57,7,4,68
2023-11-02,misa_thesharp_central_forest,111028,55,7,4,66
2023-11-03,misa_thesharp_central_forest,111028,55,7,4,66
2023-11-04,misa_thesharp_central_forest,111028,54,7,4,65
2023-11-05,misa_thesharp_central_forest,111028,55,8,4,67
2023-11-06,misa_thesharp_central_forest,111028,55,8,4,67
2023-11-07,misa_thesharp_central_forest,111028,55,7,4,66
2023-11-08,misa_thesharp_central_forest,111028,56,7,4,67
2023-11-09,misa_thesharp_central_forest,111028,55,7,4,66
2023-11-10,misa_thesharp_central_forest,111028,54,7,4,65
2023-11-11,misa_thesharp_central_forest,111028,55,7,4,66
2023-11-12,misa_thesharp_central_forest,111028,55,6,3,64
2023-11-13,misa_thesharp_central_forest,111028,52,6,3,61
2023-11-14,misa_thesharp_central_forest,111028,52,6,4,62
2023-11-15,misa_thesharp_central_forest,111028,51,5,3,59
2023-11-16,misa_thesharp_central_forest,111028,51,5,3,59
2023-11-17,misa_thesharp_central_forest,111028,54,6,4,64
2023-11-18,misa_thesharp_central_forest,111028,53,6,4,63
2023-11-19,misa_thesharp_central_forest,111028,52,7,3,62
2023-11-21,misa_thesharp_central_forest,111028,51,7,3,61
2023-11-22,misa_thesharp_central_forest,111028,53,8,3,64
2023-11-23,misa_thesharp_central_forest,111028,52,8,4,64
2023-11-24,misa_thesharp_central_forest,111028,48,7,4,59
2023-11-25,misa_thesharp_central_forest,111028,50,8,4,62
2023-11-26,misa_thesharp_central_forest,111028,51,8,3,62
2023-11-27,misa_thesharp_central_forest,111028,51,8,3,62
2023-11-28,misa_thesharp_central_forest,111028,53,7,4,64
2023-11-29,misa_thesharp_central_forest,111028,53,7,4,64
2023-11-30,misa_thesharp_central_forest,111028,52,7,4,63
2023-12-01,misa_thesharp_central_forest,111028,52,7,4,63
2023-12-02,misa_thesharp_central_forest,111028,52,6,3,61
2023-12-03,misa_thesharp_central_forest,111028,52,6,3,61
2023-12-04,misa_thesharp_central_forest,111028,52,6,3,61
2023-12-05,misa_thesharp_central_forest,111028,52,6,4,62
2023-12-06,misa_thesharp_central_forest,111028,53,8,4,65
2023-12-07,misa_thesharp_central_forest,111028,52,8,4,64
2023-12-08,misa_thesharp_central_forest,111028,51,7,3,61
2023-12-09,misa_thesharp_central_forest,111028,52,7,3,62
2023-12-10,misa_thesharp_central_forest,111028,53,7,3,63
2023-12-11,misa_thesharp_central_forest,111028,52,7,3,62
2023-12-12,misa_thesharp_central_forest,111028,54,8,3,65
2023-12-13,misa_thesharp_central_forest,111028,54,7,2,63
2023-12-14,misa_thesharp_central_forest,111028,54,9,2,65
2023-12-15,misa_thesharp_central_forest,111028,54,9,2,65
2023-12-16,misa_thesharp_central_forest,111028,53,8,1,62
2023-12-17,misa_thesharp_central_forest,111028,53,7,1,61
2023-12-18,misa_thesharp_central_forest,111028,53,7,1,61
2023-12-19,misa_thesharp_central_forest,111028,54,7,1,62
2023-12-20,misa_thesharp_central_forest,111028,54,8,1,63
2023-12-21,misa_thesharp_central_forest,111028,53,8,1,62
2023-12-22,misa_thesharp_central_forest,111028,50,9,1,60
2023-12-23,misa_thesharp_central_forest,111028,52,8,1,61
2023-12-24,misa_thesharp_central_forest,111028,51,8,1,60
2023-12-25,misa_thesharp_central_forest,111028,48,8,1,57
2023-12-26,misa_thesharp_central_forest,111028,47,8,1,56
2023-12-27,misa_thesharp_central_forest,111028,51,9,1,61
2023-12-28,misa_thesharp_central_forest,111028,50,9,1,60
2023-12-29,misa_thesharp_central_forest,111028,52,9,1,62
2023-12-30,misa_thesharp_central_forest,111028,51,9,1,61
2023-12-31,misa_thesharp_central_forest,111028,51,9,1,61
2024-01-01,misa_thesharp_central_forest,111028,51,9,1,61
2024-01-02,misa_thesharp_central_forest,111028,51,9,1,61
2024-01-03,misa_thesharp_central_forest,111028,51,11,1,63
2024-01-04,misa_thesharp_central_forest,111028,51,11,1,63
2024-01-05,misa_thesharp_central_forest,111028,51,11,1,63
2024-01-06,misa_thesharp_central_forest,111028,51,13,1,65
2024-01-07,misa_thesharp_central_forest,111028,52,13,1,66
2024-01-08,misa_thesharp_central_forest,111028,51,11,1,63
2024-01-09,misa_thesharp_central_forest,111028,52,12,2,66
2024-01-10,misa_thesharp_central_forest,111028,52,12,2,66
2024-01-11,misa_thesharp_central_forest,111028,50,13,2,65
2024-01-12,misa_thesharp_central_forest,111028,50,13,2,65
2024-01-13,misa_thesharp_central_forest,111028,50,14,2,66
2024-01-14,misa_thesharp_central_forest,111028,50,14,2,66
2024-01-15,misa_thesharp_central_forest,111028,50,14,2,66
2024-01-16,misa_thesharp_central_forest,111028,48,14,1,63
2024-01-17,misa_thesharp_central_forest,111028,50,15,1,66
2024-01-18,misa_thesharp_central_forest,111028,49,15,1,65
2024-01-19,misa_thesharp_central_forest,111028,50,15,1,66
2024-01-20,misa_thesharp_central_forest,111028,50,16,1,67
2024-01-21,misa_thesharp_central_forest,111028,51,16,1,68
2024-01-22,misa_thesharp_central_forest,111028,48,16,1,65
2024-01-23,misa_thesharp_central_forest,111028,50,16,1,67
2024-01-24,misa_thesharp_central_forest,111028,50,16,1,67
2024-01-25,misa_thesharp_central_forest,111028,50,16,1,67
2024-01-26,misa_thesharp_central_forest,111028,46,16,1,63
2024-01-27,misa_thesharp_central_forest,111028,48,15,1,64
2024-01-28,misa_thesharp_central_forest,111028,47,15,1,63
2024-01-29,misa_thesharp_central_forest,111028,46,15,1,62
2024-01-30,misa_thesharp_central_forest,111028,49,16,1,66
2024-01-31,misa_thesharp_central_forest,111028,49,16,1,66
2024-02-01,misa_thesharp_central_forest,111028,49,14,2,65
2024-02-02,misa_thesharp_central_forest,111028,48,13,2,63
2024-02-03,misa_thesharp_central_forest,111028,50,14,2,66
2024-02-04,misa_thesharp_central_forest,111028,50,15,2,67
2024-02-05,misa_thesharp_central_forest,111028,50,13,2,65
2024-02-06,misa_thesharp_central_forest,111028,50,13,2,65
2024-02-07,misa_thesharp_central_forest,111028,50,13,2,65
2024-02-08,misa_thesharp_central_forest,111028,49,13,2,64
2024-02-09,misa_thesharp_central_forest,111028,49,13,2,64
2024-02-10,misa_thesharp_central_forest,111028,49,13,2,64
2024-02-11,misa_thesharp_central_forest,111028,49,13,2,64
2024-02-12,misa_thesharp_central_forest,111028,49,13,2,64
2024-02-13,misa_thesharp_central_forest,111028,49,13,2,64
2024-02-14,misa_thesharp_central_forest,111028,50,13,1,64
2024-02-15,misa_thesharp_central_forest,111028,48,14,1,63
2024-02-16,misa_thesharp_central_forest,111028,46,14,1,61
2024-02-17,misa_thesharp_central_forest,111028,47,12,1,60
2024-02-18,misa_thesharp_central_forest,111028,46,11,1,58
2024-02-19,misa_thesharp_central_forest,111028,46,11,1,58
2024-02-20,misa_thesharp_central_forest,111028,47,11,1,59
2024-02-21,misa_thesharp_central_forest,111028,48,11,1,60
2024-02-22,misa_thesharp_central_forest,111028,46,11,1,58
2024-02-23,misa_thesharp_central_forest,111028,48,11,1,60
2024-02-24,misa_thesharp_central_forest,111028,47,11,1,59
2024-02-25,misa_thesharp_central_forest,111028,48,11,1,60
2024-02-26,misa_thesharp_central_forest,111028,47,11,1,59
2024-02-27,misa_thesharp_central_forest,111028,48,11,1,60
2024-02-28,misa_thesharp_central_forest,111028,48,11,1,60
2024-02-29,misa_thesharp_central_forest,111028,48,11,1,60
2024-03-01,misa_thesharp_central_forest,111028,49,11,1,61
2024-03-02,misa_thesharp_central_forest,111028,48,10,2,60
2024-03-03,misa_thesharp_central_forest,111028,49,10,2,61
2024-03-04,misa_thesharp_central_forest,111028,48,10,2,60
2024-03-05,misa_thesharp_central_forest,111028,49,10,2,61
2024-03-06,misa_thesharp_central_forest,111028,50,10,2,62
2024-03-07,misa_thesharp_central_forest,111028,50,10,2,62
2024-03-08,misa_thesharp_central_forest,111028,50,10,2,62
2024-03-09,misa_thesharp_central_forest,111028,50,11,2,63
2024-03-10,misa_thesharp_central_forest,111028,50,11,2,63
2024-03-11,misa_thesharp_central_forest,111028,50,10,2,62
2024-03-12,misa_thesharp_central_forest,111028,51,10,2,63
2024-03-13,misa_thesharp_central_forest,111028,52,8,1,61
2024-03-14,misa_thesharp_central_forest,111028,52,8,1,61
2024-03-15,misa_thesharp_central_forest,111028,51,7,1,59
2024-03-16,misa_thesharp_central_forest,111028,52,8,1,61
2024-03-17,misa_thesharp_central_forest,111028,52,8,1,61
2024-03-18,misa_thesharp_central_forest,111028,52,8,1,61
2024-03-19,misa_thesharp_central_forest,111028,52,8,2,62
2024-03-20,misa_thesharp_central_forest,111028,52,8,2,62
2024-03-21,misa_thesharp_central_forest,111028,50,9,2,61
2024-03-22,misa_thesharp_central_forest,111028,50,10,2,62
2024-03-23,misa_thesharp_central_forest,111028,50,10,2,62
2024-03-24,misa_thesharp_central_forest,111028,50,10,2,62
2024-03-25,misa_thesharp_central_forest,111028,50,10,2,62
2024-03-26,misa_thesharp_central_forest,111028,50,10,2,62
2024-03-27,misa_thesharp_central_forest,111028,50,10,2,62
2024-03-28,misa_thesharp_central_forest,111028,48,9,2,59
2024-03-29,misa_thesharp_central_forest,111028,50,9,2,61
2024-03-30,misa_thesharp_central_forest,111028,49,9,2,60
2024-03-31,misa_thesharp_central_forest,111028,47,9,2,58
2024-04-01,misa_thesharp_central_forest,111028,47,9,2,58
2024-04-02,misa_thesharp_central_forest,111028,48,9,2,59
2024-04-03,misa_thesharp_central_forest,111028,48,9,2,59
2024-04-04,misa_thesharp_central_forest,111028,47,9,2,58
2024-04-05,misa_thesharp_central_forest,111028,47,9,2,58
2024-04-06,misa_thesharp_central_forest,111028,47,9,2,58
2024-04-07,misa_thesharp_central_forest,111028,47,9,2,58
2024-04-08,misa_thesharp_central_forest,111028,46,9,2,57
2024-04-09,misa_thesharp_central_forest,111028,46,9,2,57
2024-04-10,misa_thesharp_central_forest,111028,46,7,2,55
2024-04-11,misa_thesharp_central_forest,111028,45,7,2,54
2024-04-12,misa_thesharp_central_forest,111028,44,9,2,55
2024-04-13,misa_thesharp_central_forest,111028,44,9,2,55
2024-04-14,misa_thesharp_central_forest,111028,44,10,2,56
2024-04-15,misa_thesharp_central_forest,111028,43,10,2,55
2024-04-16,misa_thesharp_central_forest,111028,43,10,2,55
2024-04-17,misa_thesharp_central_forest,111028,43,10,2,55
2024-04-18,misa_thesharp_central_forest,111028,43,10,2,55
2024-04-19,misa_thesharp_central_forest,111028,44,10,2,56
2024-04-20,misa_thesharp_central_forest,111028,45,9,2,56
2024-04-21,misa_thesharp_central_forest,111028,44,9,2,55
2024-04-22,misa_thesharp_central_forest,111028,45,9,2,56
2024-04-23,misa_thesharp_central_forest,111028,43,9,2,54
2024-04-24,misa_thesharp_central_forest,111028,43,9,2,54
2024-04-25,misa_thesharp_central_forest,111028,44,9,1,54
2024-04-26,misa_thesharp_central_forest,111028,45,9,1,55
2024-04-27,misa_thesharp_central_forest,111028,45,9,1,55
2024-04-28,misa_thesharp_central_forest,111028,42,9,1,52
2024-04-29,misa_thesharp_central_forest,111028,42,9,1,52
2024-04-30,misa_thesharp_central_forest,111028,44,9,1,54
2024-05-01,misa_thesharp_central_forest,111028,44,9,1,54
2024-05-02,misa_thesharp_central_forest,111028,43,9,1,53
2024-05-03,misa_thesharp_central_forest,111028,44,9,1,54
2024-05-04,misa_thesharp_central_forest,111028,44,9,0,53
2024-05-05,misa_thesharp_central_forest,111028,44,8,0,52
2024-05-06,misa_thesharp_central_forest,111028,44,8,0,52
2024-05-07,misa_thesharp_central_forest,111028,46,9,0,55
2024-05-08,misa_thesharp_central_forest,111028,46,9,0,55
2024-05-09,misa_thesharp_central_forest,111028,45,7,0,52
2024-05-10,misa_thesharp_central_forest,111028,45,7,0,52
2024-05-11,misa_thesharp_central_forest,111028,46,7,0,53
2024-05-12,misa_thesharp_central_forest,111028,45,7,0,52
2024-05-13,misa_thesharp_central_forest,111028,45,7,0,52
2024-05-14,misa_thesharp_central_forest,111028,46,7,0,53
2024-05-15,misa_thesharp_central_forest,111028,47,7,0,54
2024-05-16,misa_thesharp_central_forest,111028,48,7,0,55
2024-05-17,misa_thesharp_central_forest,111028,48,7,0,55
2024-05-18,misa_thesharp_central_forest,111028,48,6,0,54
2024-05-19,misa_thesharp_central_forest,111028,47,6,0,53
2024-05-20,misa_thesharp_central_forest,111028,47,6,0,53
2024-05-21,misa_thesharp_central_forest,111028,47,6,0,53
2024-05-22,misa_thesharp_central_forest,111028,47,6,0,53
2024-05-23,misa_thesharp_central_forest,111028,47,6,0,53
2024-05-24,misa_thesharp_central_forest,111028,47,6,0,53
2024-05-25,misa_thesharp_central_forest,111028,47,6,0,53
2024-05-26,misa_thesharp_central_forest,111028,47,6,0,53
2024-05-27,misa_thesharp_central_forest,111028,46,6,0,52
2024-05-28,misa_thesharp_central_forest,111028,46,6,0,52
2024-05-29,misa_thesharp_central_forest,111028,46,6,0,52
2024-05-30,misa_thesharp_central_forest,111028,44,7,0,51
2024-05-31,misa_thesharp_central_forest,111028,47,7,0,54
2024-06-01,misa_thesharp_central_forest,111028,46,7,0,53
2024-06-02,misa_thesharp_central_forest,111028,44,7,0,51
2024-06-03,misa_thesharp_central_forest,111028,44,7,0,51
2024-06-04,misa_thesharp_central_forest,111028,45,7,0,52
2024-06-05,misa_thesharp_central_forest,111028,46,7,0,53
2024-06-06,misa_thesharp_central_forest,111028,45,6,0,51
2024-06-07,misa_thesharp_central_forest,111028,45,7,0,52
2024-06-08,misa_thesharp_central_forest,111028,45,9,1,55
2024-06-09,misa_thesharp_central_forest,111028,45,9,1,55
2024-06-10,misa_thesharp_central_forest,111028,45,9,1,55
2024-06-11,misa_thesharp_central_forest,111028,45,9,1,55
2024-06-12,misa_thesharp_central_forest,111028,45,10,1,56
2024-06-13,misa_thesharp_central_forest,111028,45,11,1,57
2024-06-14,misa_thesharp_central_forest,111028,45,11,1,57
2024-06-15,misa_thesharp_central_forest,111028,44,10,1,55
2024-06-16,misa_thesharp_central_forest,111028,43,10,1,54
2024-06-17,misa_thesharp_central_forest,111028,42,10,1,53
2024-06-18,misa_thesharp_central_forest,111028,42,10,1,53
2024-06-19,misa_thesharp_central_forest,111028,42,9,1,52
2024-06-20,misa_thesharp_central_forest,111028,42,9,1,52
2024-06-21,misa_thesharp_central_forest,111028,43,9,1,53
2024-06-22,misa_thesharp_central_forest,111028,43,9,1,53
2024-06-23,misa_thesharp_central_forest,111028,44,9,1,54
2024-06-24,misa_thesharp_central_forest,111028,44,9,1,54
2024-06-25,misa_thesharp_central_forest,111028,44,9,1,54
2024-06-26,misa_thesharp_central_forest,111028,44,9,1,54
2024-06-27,misa_thesharp_central_forest,111028,44,9,1,54
2024-06-28,misa_thesharp_central_forest,111028,43,8,1,52
2024-06-29,misa_thesharp_central_forest,111028,43,7,1,51
2024-06-30,misa_thesharp_central_forest,111028,43,6,1,50
2024-07-01,misa_thesharp_central_forest,111028,43,6,1,50
2024-07-02,misa_thesharp_central_forest,111028,45,5,1,51
2024-07-03,misa_thesharp_central_forest,111028,46,6,1,53
2024-07-04,misa_thesharp_central_forest,111028,46,6,1,53
2024-07-05,misa_thesharp_central_forest,111028,45,6,1,52
2024-07-06,misa_thesharp_central_forest,111028,45,6,1,52
2024-07-07,misa_thesharp_central_forest,111028,43,6,1,50
2024-07-08,misa_thesharp_central_forest,111028,43,6,0,49
2024-07-09,misa_thesharp_central_forest,111028,42,6,1,49
2024-07-10,misa_thesharp_central_forest,111028,42,6,1,49
2024-07-11,misa_thesharp_central_forest,111028,42,6,1,49
2024-07-12,misa_thesharp_central_forest,111028,44,5,1,50
2024-07-13,misa_thesharp_central_forest,111028,42,5,1,48
2024-07-14,misa_thesharp_central_forest,111028,41,4,0,45
2024-07-15,misa_thesharp_central_forest,111028,41,4,0,45
2024-07-16,misa_thesharp_central_forest,111028,44,4,0,48
2024-07-17,misa_thesharp_central_forest,111028,43,4,0,47
2024-07-18,misa_thesharp_central_forest,111028,42,4,0,46
2024-07-19,misa_thesharp_central_forest,111028,41,3,0,44
2024-07-20,misa_thesharp_central_forest,111028,41,3,0,44
2024-07-21,misa_thesharp_central_forest,111028,40,3,0,43
2024-07-22,misa_thesharp_central_forest,111028,39,3,0,42
2024-07-23,misa_thesharp_central_forest,111028,40,3,0,43
2024-07-24,misa_thesharp_central_forest,111028,42,3,0,45
2024-07-25,misa_thesharp_central_forest,111028,41,3,0,44
2024-07-26,misa_thesharp_central_forest,111028,40,3,0,43
2024-07-27,misa_thesharp_central_forest,111028,43,3,0,46
2024-07-28,misa_thesharp_central_forest,111028,44,3,0,47
2024-07-29,misa_thesharp_central_forest,111028,43,3,0,46
2024-07-30,misa_thesharp_central_forest,111028,42,3,0,45
2024-07-31,misa_thesharp_central_forest,111028,43,3,0,46
2024-08-01,misa_thesharp_central_forest,111028,41,2,0,43
2024-08-02,misa_thesharp_central_forest,111028,43,2,0,45
2024-08-03,misa_thesharp_central_forest,111028,41,2,1,44
2024-08-04,misa_thesharp_central_forest,111028,41,2,1,44
2024-08-05,misa_thesharp_central_forest,111028,41,2,1,44
2024-08-06,misa_thesharp_central_forest,111028,40,2,1,43
2024-08-07,misa_thesharp_central_forest,111028,41,1,1,43
2024-08-08,misa_thesharp_central_forest,111028,42,1,1,44
2024-08-09,misa_thesharp_central_forest,111028,40,1,1,42
2024-08-10,misa_thesharp_central_forest,111028,41,1,1,43
2024-08-11,misa_thesharp_central_forest,111028,39,2,1,42
2024-08-12,misa_thesharp_central_forest,111028,39,2,1,42
2024-08-13,misa_thesharp_central_forest,111028,39,2,1,42
2024-08-14,misa_thesharp_central_forest,111028,40,2,1,43
2024-08-15,misa_thesharp_central_forest,111028,38,2,1,41
2024-08-16,misa_thesharp_central_forest,111028,40,2,1,43
2024-08-17,misa_thesharp_central_forest,111028,40,3,1,44
2024-08-18,misa_thesharp_central_forest,111028,40,2,1,43
2024-08-19,misa_thesharp_central_forest,111028,40,2,1,43
2024-08-20,misa_thesharp_central_forest,111028,39,2,1,42
2024-08-21,misa_thesharp_central_forest,111028,39,2,1,42
2024-08-22,misa_thesharp_central_forest,111028,38,2,1,41
2024-08-23,misa_thesharp_central_forest,111028,37,2,1,40
2024-08-24,misa_thesharp_central_forest,111028,37,2,1,40
2024-08-25,misa_thesharp_central_forest,111028,37,2,1,40
2024-08-26,misa_thesharp_central_forest,111028,36,2,1,39
2024-08-27,misa_thesharp_central_forest,111028,35,2,1,38
2024-08-28,misa_thesharp_central_forest,111028,38,2,1,41
2024-08-29,misa_thesharp_central_forest,111028,40,3,1,44
2024-08-30,misa_thesharp_central_forest,111028,40,3,1,44
2024-08-31,misa_thesharp_central_forest,111028,42,3,1,46
2024-09-01,misa_thesharp_central_forest,111028,43,4,1,48
2024-09-02,misa_thesharp_central_forest,111028,43,4,1,48
2024-09-03,misa_thesharp_central_forest,111028,44,4,1,49
2024-09-04,misa_thesharp_central_forest,111028,44,4,1,49
2024-09-05,misa_thesharp_central_forest,111028,44,4,1,49
2024-09-06,misa_thesharp_central_forest,111028,44,5,1,50
2024-09-07,misa_thesharp_central_forest,111028,43,5,1,49
2024-09-08,misa_thesharp_central_forest,111028,43,5,1,49
2024-09-09,misa_thesharp_central_forest,111028,43,5,1,49
2024-09-10,misa_thesharp_central_forest,111028,43,5,1,49
2024-09-11,misa_thesharp_central_forest,111028,44,5,1,50
2024-09-12,misa_thesharp_central_forest,111028,43,5,1,49
2024-09-13,misa_thesharp_central_forest,111028,43,5,1,49
2024-09-14,misa_thesharp_central_forest,111028,43,5,2,50
2024-09-15,misa_thesharp_central_forest,111028,42,5,2,49
2024-09-16,misa_thesharp_central_forest,111028,42,5,2,49
2024-09-17,misa_thesharp_central_forest,111028,42,5,2,49
2024-09-18,misa_thesharp_central_forest,111028,42,5,2,49
2024-09-19,misa_thesharp_central_forest,111028,42,5,2,49
2024-09-20,misa_thesharp_central_forest,111028,41,5,2,48
2024-09-21,misa_thesharp_central_forest,111028,42,6,2,50
2024-09-22,misa_thesharp_central_forest,111028,42,4,2,48
2024-09-23,misa_thesharp_central_forest,111028,41,4,2,47
2024-09-24,misa_thesharp_central_forest,111028,42,7,1,50
2024-09-25,misa_thesharp_central_forest,111028,42,7,1,50
2024-09-26,misa_thesharp_central_forest,111028,41,7,1,49
2024-09-27,misa_thesharp_central_forest,111028,42,8,1,51
2024-09-28,misa_thesharp_central_forest,111028,41,6,1,48
2024-09-29,misa_thesharp_central_forest,111028,41,6,1,48
2024-09-30,misa_thesharp_central_forest,111028,41,6,1,48
2024-10-01,misa_thesharp_central_forest,111028,41,6,1,48
2024-10-02,misa_thesharp_central_forest,111028,41,6,1,48
2024-10-03,misa_thesharp_central_forest,111028,41,6,1,48
2024-10-04,misa_thesharp_central_forest,111028,41,6,1,48
2024-10-05,misa_thesharp_central_forest,111028,41,6,1,48
2024-10-06,misa_thesharp_central_forest,111028,40,6,1,47
2024-10-07,misa_thesharp_central_forest,111028,40,6,1,47
2024-10-08,misa_thesharp_central_forest,111028,39,6,1,46
2024-10-09,misa_thesharp_central_forest,111028,40,6,1,47
2024-10-10,misa_thesharp_central_forest,111028,38,4,1,43
2024-10-11,misa_thesharp_central_forest,111028,36,4,1,41
2024-10-12,misa_thesharp_central_forest,111028,37,4,1,42
2024-10-13,misa_thesharp_central_forest,111028,36,4,1,41
2024-10-14,misa_thesharp_central_forest,111028,35,4,1,40
2024-10-16,misa_thesharp_central_forest,111028,38,4,1,43
2024-10-17,misa_thesharp_central_forest,111028,38,4,1,43
2024-10-18,misa_thesharp_central_forest,111028,38,4,1,43
2024-10-19,misa_thesharp_central_forest,111028,39,4,1,44
2024-10-20,misa_thesharp_central_forest,111028,39,4,1,44
2024-10-21,misa_thesharp_central_forest,111028,39,3,1,43
2024-10-22,misa_thesharp_central_forest,111028,40,3,1,44
2024-10-23,misa_thesharp_central_forest,111028,40,4,1,45
2024-10-24,misa_thesharp_central_forest,111028,39,5,1,45
2024-10-25,misa_thesharp_central_forest,111028,39,5,0,44
2024-10-26,misa_thesharp_central_forest,111028,38,5,0,43
2024-10-27,misa_thesharp_central_forest,111028,38,5,0,43
2024-10-28,misa_thesharp_central_forest,111028,37,5,0,42
2024-10-29,misa_thesharp_central_forest,111028,36,5,0,41
2024-10-30,misa_thesharp_central_forest,111028,37,6,0,43
2024-10-31,misa_thesharp_central_forest,111028,39,6,0,45
2024-11-01,misa_thesharp_central_forest,111028,39,6,0,45
2024-11-02,misa_thesharp_central_forest,111028,40,6,0,46
2024-11-03,misa_thesharp_central_forest,111028,40,5,0,45
2024-11-04,misa_thesharp_central_forest,111028,39,5,0,44
2024-11-05,misa_thesharp_central_forest,111028,40,5,0,45
2024-11-06,misa_thesharp_central_forest,111028,40,5,0,45
2024-11-07,misa_thesharp_central_forest,111028,40,7,0,47
2024-11-08,misa_thesharp_central_forest,111028,39,6,0,45
2024-11-09,misa_thesharp_central_forest,111028,39,6,0,45
2024-11-10,misa_thesharp_central_forest,111028,40,5,0,45
2024-11-11,misa_thesharp_central_forest,111028,40,5,0,45
2024-11-12,misa_thesharp_central_forest,111028,39,5,1,45
2024-11-13,misa_thesharp_central_forest,111028,40,5,1,46
2024-11-14,misa_thesharp_central_forest,111028,38,5,1,44
2024-11-15,misa_thesharp_central_forest,111028,40,5,1,46
2024-11-16,misa_thesharp_central_forest,111028,42,5,1,48
2024-11-17,misa_thesharp_central_forest,111028,42,5,1,48
2024-11-18,misa_thesharp_central_forest,111028,41,5,1,47
2024-11-19,misa_thesharp_central_forest,111028,41,5,1,47
2024-11-20,misa_thesharp_central_forest,111028,41,5,1,47
2024-11-21,misa_thesharp_central_forest,111028,41,5,2,48
2024-11-22,misa_thesharp_central_forest,111028,41,5,2,48
2024-11-23,misa_thesharp_central_forest,111028,41,5,2,48
2024-11-24,misa_thesharp_central_forest,111028,42,5,2,49
2024-11-25,misa_thesharp_central_forest,111028,42,5,2,49
2024-11-26,misa_thesharp_central_forest,111028,42,3,2,47
2024-11-27,misa_thesharp_central_forest,111028,42,3,2,47
2024-11-28,misa_thesharp_central_forest,111028,41,3,2,46
2024-11-29,misa_thesharp_central_forest,111028,39,3,2,44
2024-11-30,misa_thesharp_central_forest,111028,39,4,3,46
2024-12-01,misa_thesharp_central_forest,111028,40,4,3,47
2024-12-02,misa_thesharp_central_forest,111028,39,4,3,46
2024-12-03,misa_thesharp_central_forest,111028,42,4,3,49
2024-12-04,misa_thesharp_central_forest,111028,44,4,3,51
2024-12-05,misa_thesharp_central_forest,111028,44,4,3,51
2024-12-06,misa_thesharp_central_forest,111028,44,6,4,54
2024-12-07,misa_thesharp_central_forest,111028,45,5,4,54
2024-12-08,misa_thesharp_central_forest,111028,46,6,3,55
2024-12-09,misa_thesharp_central_forest,111028,46,6,3,55
2024-12-10,misa_thesharp_central_forest,111028,45,6,4,55
2024-12-11,misa_thesharp_central_forest,111028,46,6,5,57
2024-12-12,misa_thesharp_central_forest,111028,47,7,5,59
2024-12-13,misa_thesharp_central_forest,111028,47,7,5,59
2024-12-14,misa_thesharp_central_forest,111028,47,7,5,59
2024-12-15,misa_thesharp_central_forest,111028,46,7,5,58
2024-12-16,misa_thesharp_central_forest,111028,44,7,5,56
2024-12-17,misa_thesharp_central_forest,111028,45,7,5,57
2024-12-19,misa_thesharp_central_forest,111028,45,7,5,57
2024-12-20,misa_thesharp_central_forest,111028,45,7,5,57
2024-12-21,misa_thesharp_central_forest,111028,45,7,5,57
2024-12-22,misa_thesharp_central_forest,111028,45,7,5,57
2024-12-23,misa_thesharp_central_forest,111028,45,7,5,57
2024-12-24,misa_thesharp_central_forest,111028,44,7,5,56
2024-12-25,misa_thesharp_central_forest,111028,44,6,5,55
2024-12-26,misa_thesharp_central_forest,111028,44,6,5,55
2024-12-27,misa_thesharp_central_forest,111028,45,6,5,56
2024-12-28,misa_thesharp_central_forest,111028,45,6,5,56
2024-12-29,misa_thesharp_central_forest,111028,44,6,5,55
2024-12-30,misa_thesharp_central_forest,111028,43,6,4,53
2024-12-31,misa_thesharp_central_forest,111028,44,6,5,55
2025-01-01,misa_thesharp_central_forest,111028,45,6,5,56
2025-01-02,misa_thesharp_central_forest,111028,42,6,5,53
2025-01-03,misa_thesharp_central_forest,111028,41,6,5,52
2025-01-04,misa_thesharp_central_forest,111028,41,6,3,50
2025-01-05,misa_thesharp_central_forest,111028,41,5,3,49
2025-01-06,misa_thesharp_central_forest,111028,41,5,3,49
2025-01-07,misa_thesharp_central_forest,111028,39,2,3,44
2025-01-08,misa_thesharp_central_forest,111028,41,2,3,46
2025-01-09,misa_thesharp_central_forest,111028,41,2,2,45
2025-01-10,misa_thesharp_central_forest,111028,41,2,1,44
2025-01-11,misa_thesharp_central_forest,111028,40,2,1,43
2025-01-12,misa_thesharp_central_forest,111028,41,2,1,44
2025-01-13,misa_thesharp_central_forest,111028,41,2,1,44
2025-01-14,misa_thesharp_central_forest,111028,41,2,1,44
2025-01-15,misa_thesharp_central_forest,111028,41,2,1,44
2025-01-16,misa_thesharp_central_forest,111028,40,2,1,43
2025-01-17,misa_thesharp_central_forest,111028,41,2,1,44
2025-01-18,misa_thesharp_central_forest,111028,41,2,1,44
2025-01-19,misa_thesharp_central_forest,111028,41,2,1,44
2025-01-20,misa_thesharp_central_forest,111028,41,2,1,44
2025-01-21,misa_thesharp_central_forest,111028,41,2,1,44
2025-01-22,misa_thesharp_central_forest,111028,41,2,1,44
2025-01-23,misa_thesharp_central_forest,111028,41,2,1,44
2025-01-24,misa_thesharp_central_forest,111028,41,2,1,44
2025-01-25,misa_thesharp_central_forest,111028,41,2,1,44
2025-01-26,misa_thesharp_central_forest,111028,39,2,1,42
2025-01-27,misa_thesharp_central_forest,111028,39,2,1,42
2025-01-28,misa_thesharp_central_forest,111028,39,2,1,42
2025-01-29,misa_thesharp_central_forest,111028,39,2,1,42
2025-01-30,misa_thesharp_central_forest,111028,38,2,1,41
2025-01-31,misa_thesharp_central_forest,111028,37,2,1,40
2025-02-01,misa_thesharp_central_forest,111028,34,1,1,36
2025-02-02,misa_thesharp_central_forest,111028,34,1,1,36
2025-02-03,misa_thesharp_central_forest,111028,33,1,1,35
2025-02-04,misa_thesharp_central_forest,111028,34,1,2,37
2025-02-05,misa_thesharp_central_forest,111028,36,2,3,41
2025-02-06,misa_thesharp_central_forest,111028,40,3,3,46
2025-02-07,misa_thesharp_central_forest,111028,41,4,3,48
2025-02-08,misa_thesharp_central_forest,111028,43,5,3,51
2025-02-09,misa_thesharp_central_forest,111028,43,4,4,51
2025-02-10,misa_thesharp_central_forest,111028,43,4,4,51
2025-02-11,misa_thesharp_central_forest,111028,42,4,4,50
2025-02-12,misa_thesharp_central_forest,111028,42,5,3,50
2025-02-13,misa_thesharp_central_forest,111028,42,6,3,51
2025-02-14,misa_thesharp_central_forest,111028,41,5,3,49
2025-02-15,misa_thesharp_central_forest,111028,41,6,3,50
2025-02-16,misa_thesharp_central_forest,111028,41,6,3,50
2025-02-17,misa_thesharp_central_forest,111028,41,6,3,50
2025-02-18,misa_thesharp_central_forest,111028,43,6,3,52
2025-02-19,misa_thesharp_central_forest,111028,43,6,3,52
2025-02-20,misa_thesharp_central_forest,111028,43,5,3,51
2025-02-21,misa_thesharp_central_forest,111028,45,4,3,52
2025-02-22,misa_thesharp_central_forest,111028,44,3,1,48
2025-02-23,misa_thesharp_central_forest,111028,46,3,1,50
2025-02-24,misa_thesharp_central_forest,111028,46,3,1,50
2025-02-25,misa_thesharp_central_forest,111028,45,3,1,49
2025-02-26,misa_thesharp_central_forest,111028,45,4,1,50
2025-02-27,misa_thesharp_central_forest,111028,45,4,1,50
2025-02-28,misa_thesharp_central_forest,111028,44,4,1,49
2025-03-01,misa_thesharp_central_forest,111028,44,4,3,51
2025-03-02,misa_thesharp_central_forest,111028,45,3,3,51
2025-03-03,misa_thesharp_central_forest,111028,45,3,3,51
2025-03-04,misa_thesharp_central_forest,111028,46,4,3,53
2025-03-05,misa_thesharp_central_forest,111028,47,4,3,54
2025-03-06,misa_thesharp_central_forest,111028,47,4,3,54
2025-03-07,misa_thesharp_central_forest,111028,48,4,3,55
2025-03-08,misa_thesharp_central_forest,111028,47,4,3,54
2025-03-09,misa_thesharp_central_forest,111028,48,5,3,56
2025-03-10,misa_thesharp_central_forest,111028,48,5,3,56
2025-03-11,misa_thesharp_central_forest,111028,48,4,2,54
2025-03-12,misa_thesharp_central_forest,111028,48,6,2,56
2025-03-13,misa_thesharp_central_forest,111028,48,6,2,56
2025-03-14,misa_thesharp_central_forest,111028,48,6,2,56
2025-03-15,misa_thesharp_central_forest,111028,49,6,2,57
2025-03-16,misa_thesharp_central_forest,111028,50,6,2,58
2025-03-17,misa_thesharp_central_forest,111028,50,6,2,58
2025-03-18,misa_thesharp_central_forest,111028,47,6,2,55
2025-03-19,misa_thesharp_central_forest,111028,47,6,2,55
2025-03-20,misa_thesharp_central_forest,111028,45,4,2,51
2025-03-21,misa_thesharp_central_forest,111028,45,4,2,51
2025-03-24,misa_thesharp_central_forest,111028,46,6,2,54
2025-03-25,misa_thesharp_central_forest,111028,47,6,2,55
2025-03-26,misa_thesharp_central_forest,111028,47,6,2,55
2025-03-27,misa_thesharp_central_forest,111028,48,6,2,56
2025-03-28,misa_thesharp_central_forest,111028,49,5,2,56
2025-03-29,misa_thesharp_central_forest,111028,50,5,2,57
2025-03-30,misa_thesharp_central_forest,111028,49,5,2,56
2025-03-31,misa_thesharp_central_forest,111028,49,5,1,55
2025-04-01,misa_thesharp_central_forest,111028,50,7,1,58
2025-04-02,misa_thesharp_central_forest,111028,52,7,0,59
2025-04-03,misa_thesharp_central_forest,111028,51,7,0,58
2025-04-04,misa_thesharp_central_forest,111028,52,7,0,59
2025-04-05,misa_thesharp_central_forest,111028,52,4,0,56
2025-04-06,misa_thesharp_central_forest,111028,52,4,0,56
2025-04-07,misa_thesharp_central_forest,111028,50,4,0,54
2025-04-08,misa_thesharp_central_forest,111028,50,4,0,54
2025-04-09,misa_thesharp_central_forest,111028,52,4,0,56
2025-04-10,misa_thesharp_central_forest,111028,52,4,0,56
2025-04-11,misa_thesharp_central_forest,111028,54,4,1,59
2025-04-12,misa_thesharp_central_forest,111028,55,4,1,60
2025-04-13,misa_thesharp_central_forest,111028,54,4,1,59
2025-04-14,misa_thesharp_central_forest,111028,53,4,1,58
2025-04-15,misa_thesharp_central_forest,111028,54,4,1,59
2025-04-16,misa_thesharp_central_forest,111028,53,4,1,58
2025-04-17,misa_thesharp_central_forest,111028,54,4,1,59
2025-04-18,misa_thesharp_central_forest,111028,53,4,1,58
2025-04-19,misa_thesharp_central_forest,111028,53,4,1,58
2025-04-20,misa_thesharp_central_forest,111028,52,4,1,57
2025-04-21,misa_thesharp_central_forest,111028,52,2,1,55
2025-04-22,misa_thesharp_central_forest,111028,52,3,1,56
2025-04-23,misa_thesharp_central_forest,111028,51,3,1,55
2025-04-24,misa_thesharp_central_forest,111028,54,3,1,58
2025-04-25,misa_thesharp_central_forest,111028,55,3,1,59
2025-04-26,misa_thesharp_central_forest,111028,55,3,1,59
2025-04-27,misa_thesharp_central_forest,111028,55,3,1,59
2025-04-28,misa_thesharp_central_forest,111028,55,3,1,59
2025-04-29,misa_thesharp_central_forest,111028,55,3,1,59
2025-04-30,misa_thesharp_central_forest,111028,56,3,1,60
2025-05-01,misa_thesharp_central_forest,111028,55,3,1,59
2025-05-02,misa_thesharp_central_forest,111028,55,3,1,59
2025-05-03,misa_thesharp_central_forest,111028,57,4,1,62
2025-05-04,misa_thesharp_central_forest,111028,59,5,2,66
2025-05-05,misa_thesharp_central_forest,111028,59,5,2,66
2025-05-06,misa_thesharp_central_forest,111028,59,5,2,66
2025-05-07,misa_thesharp_central_forest,111028,59,5,2,66
2025-05-08,misa_thesharp_central_forest,111028,57,3,0,60
2025-05-09,misa_thesharp_central_forest,111028,56,3,0,59
2025-05-10,misa_thesharp_central_forest,111028,59,3,0,62
2025-05-11,misa_thesharp_central_forest,111028,56,3,0,59
2025-05-12,misa_thesharp_central_forest,111028,56,3,0,59
2025-05-13,misa_thesharp_central_forest,111028,58,3,0,61
2025-05-14,misa_thesharp_central_forest,111028,58,3,2,63
2025-05-15,misa_thesharp_central_forest,111028,58,3,2,63
2025-05-16,misa_thesharp_central_forest,111028,59,3,2,64
2025-05-17,misa_thesharp_central_forest,111028,58,3,2,63
2025-05-18,misa_thesharp_central_forest,111028,58,3,2,63
2025-05-19,misa_thesharp_central_forest,111028,58,3,2,63
2025-05-20,misa_thesharp_central_forest,111028,58,3,2,63
2025-05-21,misa_thesharp_central_forest,111028,59,3,2,64
2025-05-22,misa_thesharp_central_forest,111028,57,3,2,62
2025-05-23,misa_thesharp_central_forest,111028,57,3,2,62
2025-05-24,misa_thesharp_central_forest,111028,54,3,2,59
2025-05-25,misa_thesharp_central_forest,111028,55,3,2,60
2025-05-26,misa_thesharp_central_forest,111028,55,3,2,60
2025-05-27,misa_thesharp_central_forest,111028,54,2,2,58
2025-05-28,misa_thesharp_central_forest,111028,51,2,2,55
2025-05-29,misa_thesharp_central_forest,111028,50,2,2,54
2025-05-30,misa_thesharp_central_forest,111028,51,1,2,54
2025-05-31,misa_thesharp_central_forest,111028,51,1,2,54
2025-06-01,misa_thesharp_central_forest,111028,50,0,2,52
2025-06-02,misa_thesharp_central_forest,111028,48,0,2,50
2025-06-03,misa_thesharp_central_forest,111028,50,0,2,52
2025-06-04,misa_thesharp_central_forest,111028,50,0,2,52
2025-06-05,misa_thesharp_central_forest,111028,50,0,3,53
2025-06-06,misa_thesharp_central_forest,111028,51,0,3,54
2025-06-07,misa_thesharp_central_forest,111028,51,0,3,54
2025-06-08,misa_thesharp_central_forest,111028,53,0,3,56
2025-06-09,misa_thesharp_central_forest,111028,51,0,3,54
2025-06-10,misa_thesharp_central_forest,111028,52,1,3,56
2025-06-11,misa_thesharp_central_forest,111028,53,1,3,57
2025-06-12,misa_thesharp_central_forest,111028,53,1,3,57
2025-06-13,misa_thesharp_central_forest,111028,53,1,3,57
2025-06-14,misa_thesharp_central_forest,111028,54,1,3,58
2025-06-15,misa_thesharp_central_forest,111028,56,1,3,60
2025-06-16,misa_thesharp_central_forest,111028,56,1,3,60
2025-06-17,misa_thesharp_central_forest,111028,57,1,3,61
2025-06-18,misa_thesharp_central_forest,111028,58,2,4,64
2025-06-19,misa_thesharp_central_forest,111028,58,2,4,64
2025-06-20,misa_thesharp_central_forest,111028,56,2,4,62
2025-06-21,misa_thesharp_central_forest,111028,54,2,3,59
2025-06-22,misa_thesharp_central_forest,111028,53,1,3,57
2025-06-23,misa_thesharp_central_forest,111028,53,1,3,57
2025-06-24,misa_thesharp_central_forest,111028,55,1,3,59
2025-06-25,misa_thesharp_central_forest,111028,55,1,1,57
2025-06-26,misa_thesharp_central_forest,111028,57,1,1,59
2025-06-27,misa_thesharp_central_forest,111028,58,1,1,60
2025-06-28,misa_thesharp_central_forest,111028,62,2,1,65
2025-06-29,misa_thesharp_central_forest,111028,62,2,1,65
2025-06-30,misa_thesharp_central_forest,111028,62,2,1,65
2025-07-01,misa_thesharp_central_forest,111028,61,1,1,63
2025-07-02,misa_thesharp_central_forest,111028,62,0,1,63
2025-07-03,misa_thesharp_central_forest,111028,61,0,1,62
2025-07-04,misa_thesharp_central_forest,111028,61,0,1,62
2025-07-05,misa_thesharp_central_forest,111028,63,0,1,64
2025-07-06,misa_thesharp_central_forest,111028,62,0,1,63
2025-07-07,misa_thesharp_central_forest,111028,62,0,1,63
2025-07-08,misa_thesharp_central_forest,111028,61,0,1,62
2025-07-09,misa_thesharp_central_forest,111028,64,0,1,65
2025-07-10,misa_thesharp_central_forest,111028,63,0,1,64
2025-07-11,misa_thesharp_central_forest,111028,63,0,1,64
2025-07-12,misa_thesharp_central_forest,111028,65,0,1,66
2025-07-13,misa_thesharp_central_forest,111028,65,0,1,66
2025-07-14,misa_thesharp_central_forest,111028,63,0,1,64
2025-07-15,misa_thesharp_central_forest,111028,64,1,2,67
2025-07-16,misa_thesharp_central_forest,111028,65,1,2,68
2025-07-17,misa_thesharp_central_forest,111028,64,1,2,67
2025-07-18,misa_thesharp_central_forest,111028,67,0,2,69
2025-07-19,misa_thesharp_central_forest,111028,66,0,2,68
2025-07-20,misa_thesharp_central_forest,111028,66,0,2,68
2025-07-21,misa_thesharp_central_forest,111028,66,0,2,68
2025-07-22,misa_thesharp_central_forest,111028,67,0,2,69
2025-07-23,misa_thesharp_central_forest,111028,68,0,2,70
2025-07-24,misa_thesharp_central_forest,111028,66,0,2,68
2025-07-25,misa_thesharp_central_forest,111028,65,0,2,67
2025-07-26,misa_thesharp_central_forest,111028,67,0,2,69
2025-07-27,misa_thesharp_central_forest,111028,68,0,2,70
2025-07-28,misa_thesharp_central_forest,111028,66,0,2,68
2025-07-29,misa_thesharp_central_forest,111028,65,0,2,67
2025-07-30,misa_thesharp_central_forest,111028,64,0,2,66
2025-07-31,misa_thesharp_central_forest,111028,64,0,1,65
2025-08-01,misa_thesharp_central_forest,111028,63,0,1,64
2025-08-02,misa_thesharp_central_forest,111028,61,0,0,61
2025-08-03,misa_thesharp_central_forest,111028,61,0,0,61
2025-08-04,misa_thesharp_central_forest,111028,60,0,0,60
2025-08-05,misa_thesharp_central_forest,111028,60,0,0,60
2025-08-06,misa_thesharp_central_forest,111028,62,0,0,62
2025-08-15,misa_thesharp_central_forest,111028,56,2,0,58
2025-08-16,misa_thesharp_central_forest,111028,56,2,0,58
2025-08-17,misa_thesharp_central_forest,111028,53,2,0,55
2025-08-18,misa_thesharp_central_forest,111028,53,2,0,55
2025-08-19,misa_thesharp_central_forest,111028,52,4,0,56
2025-08-20,misa_thesharp_central_forest,111028,51,4,0,55
2025-08-21,misa_thesharp_central_forest,111028,52,4,0,56
2025-08-22,misa_thesharp_central_forest,111028,52,5,0,57
2025-08-23,misa_thesharp_central_forest,111028,53,5,0,58
2025-08-24,misa_thesharp_central_forest,111028,52,6,0,58
2025-08-27,misa_thesharp_central_forest,111028,52,8,0,60
2025-08-28,misa_thesharp_central_forest,111028,53,7,0,60
2025-08-29,misa_thesharp_central_forest,111028,55,7,0,62
2025-08-30,misa_thesharp_central_forest,111028,53,7,0,60
2025-08-31,misa_thesharp_central_forest,111028,54,7,0,61
2025-09-01,misa_thesharp_central_forest,111028,55,7,0,62
2025-09-02,misa_thesharp_central_forest,111028,55,6,0,61
2025-09-03,misa_thesharp_central_forest,111028,56,6,0,62
2025-09-04,misa_thesharp_central_forest,111028,56,6,0,62
2025-09-05,misa_thesharp_central_forest,111028,57,7,0,64
2025-09-06,misa_thesharp_central_forest,111028,56,7,0,63
2025-09-09,misa_thesharp_central_forest,111028,54,7,1,62
2025-09-10,misa_thesharp_central_forest,111028,55,8,1,64
2025-09-11,misa_thesharp_central_forest,111028,56,7,1,64
2025-09-12,misa_thesharp_central_forest,111028,55,7,1,63
2025-09-13,misa_thesharp_central_forest,111028,54,5,1,60
2025-09-15,misa_thesharp_central_forest,111028,53,6,0,59
2025-09-16,misa_thesharp_central_forest,111028,54,6,0,60
2025-09-17,misa_thesharp_central_forest,111028,53,6,0,59
2025-09-18,misa_thesharp_central_forest,111028,53,5,0,58
2025-09-19,misa_thesharp_central_forest,111028,52,4,0,56
2025-09-20,misa_thesharp_central_forest,111028,51,4,0,55
2025-09-21,misa_thesharp_central_forest,111028,51,4,0,55
2025-09-22,misa_thesharp_central_forest,111028,51,4,0,55
2025-09-23,misa_thesharp_central_forest,111028,51,4,0,55
2025-09-24,misa_thesharp_central_forest,111028,51,5,0,56
2025-09-25,misa_thesharp_central_forest,111028,53,3,0,56
2025-09-26,misa_thesharp_central_forest,111028,52,3,0,55
2025-09-27,misa_thesharp_central_forest,111028,53,3,0,56
2025-09-28,misa_thesharp_central_forest,111028,55,2,0,57
2025-09-29,misa_thesharp_central_forest,111028,55,2,0,57
2025-09-30,misa_thesharp_central_forest,111028,54,3,0,57
2025-10-01,misa_thesharp_central_forest,111028,55,3,0,58
2025-10-02,misa_thesharp_central_forest,111028,55,3,0,58
2025-10-03,misa_thesharp_central_forest,111028,54,3,0,57
2025-10-04,misa_thesharp_central_forest,111028,54,1,0,55
2025-10-05,misa_thesharp_central_forest,111028,52,1,0,53
2025-10-07,misa_thesharp_central_forest,111028,52,1,0,53
2025-10-08,misa_thesharp_central_forest,111028,52,1,0,53
2025-10-09,misa_thesharp_central_forest,111028,52,1,0,53
2025-10-10,misa_thesharp_central_forest,111028,53,1,0,54
2025-10-11,misa_thesharp_central_forest,111028,50,1,0,51
2025-10-12,misa_thesharp_central_forest,111028,49,1,0,50
2025-10-13,misa_thesharp_central_forest,111028,49,1,0,50
2025-10-14,misa_thesharp_central_forest,111028,47,2,0,49
2025-10-15,misa_thesharp_central_forest,111028,47,2,0,49
2025-10-16,misa_thesharp_central_forest,111028,47,3,0,50
2025-10-17,misa_thesharp_central_forest,111028,49,1,0,50
2025-10-18,misa_thesharp_central_forest,111028,45,2,0,47
2025-10-19,misa_thesharp_central_forest,111028,43,3,0,46
2025-10-20,misa_thesharp_central_forest,111028,42,3,0,45
2025-10-21,misa_thesharp_central_forest,111028,36,3,0,39
2025-10-22,misa_thesharp_central_forest,111028,32,3,0,35
2025-10-23,misa_thesharp_central_forest,111028,32,2,0,34
2025-10-24,misa_thesharp_central_forest,111028,31,2,0,33
2025-10-25,misa_thesharp_central_forest,111028,31,2,0,33
2025-10-26,misa_thesharp_central_forest,111028,28,2,0,30
2025-10-27,misa_thesharp_central_forest,111028,27,2,0,29
2025-10-28,misa_thesharp_central_forest,111028,24,2,0,26
2025-10-29,misa_thesharp_central_forest,111028,24,2,0,26
2025-10-30,misa_thesharp_central_forest,111028,24,2,0,26
2025-11-01,misa_thesharp_central_forest,111028,25,0,0,25
2025-11-02,misa_thesharp_central_forest,111028,24,0,0,24
2025-11-03,misa_thesharp_central_forest,111028,24,0,0,24
2025-11-04,misa_thesharp_central_forest,111028,24,0,1,25
2025-11-05,misa_thesharp_central_forest,111028,22,1,2,25
2025-11-06,misa_thesharp_central_forest,111028,21,1,2,24
2025-11-07,misa_thesharp_central_forest,111028,21,1,2,24
2025-11-08,misa_thesharp_central_forest,111028,21,0,1,22
2025-11-09,misa_thesharp_central_forest,111028,21,0,1,22
2025-11-10,misa_thesharp_central_forest,111028,21,0,1,22
2025-11-11,misa_thesharp_central_forest,111028,21,0,1,22
2025-11-12,misa_thesharp_central_forest,111028,20,0,1,21
2025-11-13,misa_thesharp_central_forest,111028,20,0,1,21
2025-11-14,misa_thesharp_central_forest,111028,21,0,1,22
2025-11-15,misa_thesharp_central_forest,111028,21,0,1,22
2025-11-16,misa_thesharp_central_forest,111028,21,0,1,22
2025-11-18,misa_thesharp_central_forest,111028,22,0,1,23
2025-11-19,misa_thesharp_central_forest,111028,22,0,1,23
2025-11-20,misa_thesharp_central_forest,111028,21,0,1,22
2025-11-21,misa_thesharp_central_forest,111028,23,0,1,24
2025-11-22,misa_thesharp_central_forest,111028,23,0,1,24
2025-11-23,misa_thesharp_central_forest,111028,21,0,1,22
2025-11-24,misa_thesharp_central_forest,111028,21,0,1,22
2025-11-25,misa_thesharp_central_forest,111028,22,0,1,23
2025-11-26,misa_thesharp_central_forest,111028,22,0,1,23
2025-11-27,misa_thesharp_central_forest,111028,19,0,1,20
2025-11-28,misa_thesharp_central_forest,111028,20,0,1,21
2025-11-29,misa_thesharp_central_forest,111028,20,0,1,21
2025-11-30,misa_thesharp_central_forest,111028,20,0,1,21
2025-12-01,misa_thesharp_central_forest,111028,20,0,1,21
2025-12-02,misa_thesharp_central_forest,111028,19,0,1,20
2025-12-03,misa_thesharp_central_forest,111028,19,0,1,20
2025-12-04,misa_thesharp_central_forest,111028,17,0,1,18
2025-12-05,misa_thesharp_central_forest,111028,19,0,1,20
2025-12-06,misa_thesharp_central_forest,111028,19,0,1,20
2025-12-07,misa_thesharp_central_forest,111028,19,0,1,20
2025-12-08,misa_thesharp_central_forest,111028,19,0,1,20
2025-12-09,misa_thesharp_central_forest,111028,17,1,1,19
2025-12-10,misa_thesharp_central_forest,111028,18,1,1,20
2025-12-11,misa_thesharp_central_forest,111028,19,2,0,21
2025-12-12,misa_thesharp_central_forest,111028,19,3,0,22
2025-12-13,misa_thesharp_central_forest,111028,17,3,0,20
2025-12-14,misa_thesharp_central_forest,111028,17,3,0,20
2025-12-15,misa_thesharp_central_forest,111028,16,3,0,19
2025-12-16,misa_thesharp_central_forest,111028,16,3,0,19
2025-12-17,misa_thesharp_central_forest,111028,16,3,0,19
2025-12-18,misa_thesharp_central_forest,111028,16,3,0,19
2025-12-19,misa_thesharp_central_forest,111028,16,5,0,21
2025-12-20,misa_thesharp_central_forest,111028,16,5,0,21
2025-12-21,misa_thesharp_central_forest,111028,16,5,0,21
2025-12-22,misa_thesharp_central_forest,111028,16,5,0,21
2025-12-23,misa_thesharp_central_forest,111028,16,5,0,21
2025-12-24,misa_thesharp_central_forest,111028,17,5,0,22
2025-12-26,misa_thesharp_central_forest,111028,15,5,0,20
2025-12-27,misa_thesharp_central_forest,111028,15,5,0,20
2025-12-28,misa_thesharp_central_forest,111028,15,5,0,20
2025-12-29,misa_thesharp_central_forest,111028,15,5,0,20
2025-12-30,misa_thesharp_central_forest,111028,15,5,0,20
2025-12-31,misa_thesharp_central_forest,111028,16,5,0,21
2026-01-01,misa_thesharp_central_forest,111028,16,7,0,23
2026-01-02,misa_thesharp_central_forest,111028,16,7,0,23
2026-01-03,misa_thesharp_central_forest,111028,16,8,1,25
2026-01-04,misa_thesharp_central_forest,111028,16,8,1,25
2026-01-05,misa_thesharp_central_forest,111028,16,8,1,25
2026-01-06,misa_thesharp_central_forest,111028,17,7,1,25
2026-01-07,misa_thesharp_central_forest,111028,17,8,2,27
2026-01-08,misa_thesharp_central_forest,111028,16,8,2,26
2026-01-09,misa_thesharp_central_forest,111028,14,8,2,24
2026-01-10,misa_thesharp_central_forest,111028,16,7,2,25
2026-01-12,misa_thesharp_central_forest,111028,16,7,2,25
2026-01-13,misa_thesharp_central_forest,111028,17,7,2,26
2026-01-14,misa_thesharp_central_forest,111028,17,7,2,26
2026-01-15,misa_thesharp_central_forest,111028,17,7,2,26
2026-01-16,misa_thesharp_central_forest,111028,17,7,2,26
2026-01-17,misa_thesharp_central_forest,111028,17,7,3,27
2026-01-18,misa_thesharp_central_forest,111028,17,6,3,26
2026-01-19,misa_thesharp_central_forest,111028,17,6,3,26
2026-01-20,misa_thesharp_central_forest,111028,17,7,3,27
2026-01-21,misa_thesharp_central_forest,111028,17,4,3,24
2026-01-22,misa_thesharp_central_forest,111028,17,4,3,24
2026-01-23,misa_thesharp_central_forest,111028,15,4,3,22
2026-01-24,misa_thesharp_central_forest,111028,14,4,4,22
2026-01-25,misa_thesharp_central_forest,111028,14,5,4,23
2026-01-26,misa_thesharp_central_forest,111028,14,5,4,23
2026-01-27,misa_thesharp_central_forest,111028,14,6,3,23
2026-01-28,misa_thesharp_central_forest,111028,14,6,3,23
2026-01-29,misa_thesharp_central_forest,111028,13,6,4,23
2026-01-30,misa_thesharp_central_forest,111028,13,6,4,23
2026-01-31,misa_thesharp_central_forest,111028,12,6,4,22
2026-02-02,misa_thesharp_central_forest,111028,12,4,5,21
2026-02-03,misa_thesharp_central_forest,111028,13,4,5,22
2026-02-04,misa_thesharp_central_forest,111028,13,3,5,21
2026-02-05,misa_thesharp_central_forest,111028,11,3,6,20
2026-02-06,misa_thesharp_central_forest,111028,11,2,6,19
2026-02-07,misa_thesharp_central_forest,111028,11,2,5,18
2026-02-09,misa_thesharp_central_forest,111028,10,2,5,17
2026-02-10,misa_thesharp_central_forest,111028,12,2,4,18
2026-02-11,misa_thesharp_central_forest,111028,13,2,4,19
2026-02-12,misa_thesharp_central_forest,111028,14,2,4,20
2026-02-13,misa_thesharp_central_forest,111028,17,2,4,23
2026-02-14,misa_thesharp_central_forest,111028,17,2,3,22
2026-02-15,misa_thesharp_central_forest,111028,17,2,3,22
2026-02-16,misa_thesharp_central_forest,111028,17,2,3,22
2026-02-17,misa_thesharp_central_forest,111028,17,1,3,21
2026-02-18,misa_thesharp_central_forest,111028,17,1,3,21
2026-02-19,misa_thesharp_central_forest,111028,17,1,3,21
2026-02-20,misa_thesharp_central_forest,111028,19,2,3,24
2026-02-21,misa_thesharp_central_forest,111028,18,2,3,23
2026-02-22,misa_thesharp_central_forest,111028,19,2,3,24
2026-02-23,misa_thesharp_central_forest,111028,19,2,3,24
2026-02-24,misa_thesharp_central_forest,111028,19,2,4,25
2026-02-25,misa_thesharp_central_forest,111028,18,2,4,24
2026-02-26,misa_thesharp_central_forest,111028,18,2,4,24
2026-02-27,misa_thesharp_central_forest,111028,19,3,4,26
2026-02-28,misa_thesharp_central_forest,111028,19,3,3,25
2026-03-02,misa_thesharp_central_forest,111028,19,1,3,23
2026-03-03,misa_thesharp_central_forest,111028,19,1,3,23
2026-03-04,misa_thesharp_central_forest,111028,17,1,2,20
2026-03-05,misa_thesharp_central_forest,111028,18,1,2,21
2026-03-06,misa_thesharp_central_forest,111028,17,1,2,20
2026-03-07,misa_thesharp_central_forest,111028,19,1,2,22
2026-03-08,misa_thesharp_central_forest,111028,18,1,2,21
2026-03-09,misa_thesharp_central_forest,111028,18,1,2,21
2026-03-10,misa_thesharp_central_forest,111028,18,1,2,21
2026-03-11,misa_thesharp_central_forest,111028,18,1,1,20
2026-03-12,misa_thesharp_central_forest,111028,18,1,1,20
2026-03-13,misa_thesharp_central_forest,111028,18,1,1,20
2026-03-14,misa_thesharp_central_forest,111028,18,1,0,19
2026-03-15,misa_thesharp_central_forest,111028,18,1,0,19
2026-03-16,misa_thesharp_central_forest,111028,18,1,0,19
2026-03-17,misa_thesharp_central_forest,111028,20,0,0,20
2026-03-18,misa_thesharp_central_forest,111028,20,0,0,20
2026-03-19,misa_thesharp_central_forest,111028,20,0,0,20
2026-03-20,misa_thesharp_central_forest,111028,19,0,0,19
2026-03-21,misa_thesharp_central_forest,111028,19,0,0,19
2026-03-23,misa_thesharp_central_forest,111028,19,0,0,19
2026-03-24,misa_thesharp_central_forest,111028,18,0,0,18
2026-03-25,misa_thesharp_central_forest,111028,18,0,0,18
2026-03-26,misa_thesharp_central_forest,111028,17,0,0,17
2026-03-27,misa_thesharp_central_forest,111028,20,0,0,20
2026-03-28,misa_thesharp_central_forest,111028,20,0,0,20
2026-03-29,misa_thesharp_central_forest,111028,19,0,0,19
2026-03-30,misa_thesharp_central_forest,111028,19,0,0,19
2026-03-31,misa_thesharp_central_forest,111028,19,0,0,19
2026-04-01,misa_thesharp_central_forest,111028,19,0,0,19
2026-04-02,misa_thesharp_central_forest,111028,20,0,0,20
2026-04-03,misa_thesharp_central_forest,111028,19,0,0,19
2026-04-04,misa_thesharp_central_forest,111028,18,0,0,18
2026-04-05,misa_thesharp_central_forest,111028,17,0,0,17
2026-04-06,misa_thesharp_central_forest,111028,17,0,0,17
2026-04-07,misa_thesharp_central_forest,111028,17,0,0,17
2026-04-08,misa_thesharp_central_forest,111028,17,2,0,19
2026-04-09,misa_thesharp_central_forest,111028,17,2,0,19
2026-04-10,misa_thesharp_central_forest,111028,17,2,0,19
2026-04-11,misa_thesharp_central_forest,111028,17,2,0,19
2026-04-12,misa_thesharp_central_forest,111028,16,2,0,18
2026-04-13,misa_thesharp_central_forest,111028,16,2,0,18
2026-04-14,misa_thesharp_central_forest,111028,15,2,0,17
2026-04-15,misa_thesharp_central_forest,111028,16,1,0,17
2026-04-16,misa_thesharp_central_forest,111028,16,1,0,17
2026-04-17,misa_thesharp_central_forest,111028,17,1,0,18
2026-04-18,misa_thesharp_central_forest,111028,16,1,0,17
2026-04-19,misa_thesharp_central_forest,111028,18,1,0,19
2026-04-20,misa_thesharp_central_forest,111028,17,1,0,18
2026-04-21,misa_thesharp_central_forest,111028,17,1,0,18
2026-04-22,misa_thesharp_central_forest,111028,17,1,0,18
2026-04-23,misa_thesharp_central_forest,111028,18,1,0,19
2026-04-24,misa_thesharp_central_forest,111028,18,1,0,19
2026-04-25,misa_thesharp_central_forest,111028,18,1,0,19
2026-04-26,misa_thesharp_central_forest,111028,17,1,0,18
2026-04-27,misa_thesharp_central_forest,111028,17,1,0,18
2026-04-28,misa_thesharp_central_forest,111028,19,1,0,20
2026-04-29,misa_thesharp_central_forest,111028,19,1,0,20
2026-04-30,misa_thesharp_central_forest,111028,19,1,0,20
2026-05-01,misa_thesharp_central_forest,111028,19,1,0,20
2026-05-02,misa_thesharp_central_forest,111028,18,1,0,19
2026-05-04,misa_thesharp_central_forest,111028,19,1,0,20
2026-05-05,misa_thesharp_central_forest,111028,19,1,1,21
2026-05-06,misa_thesharp_central_forest,111028,19,1,1,21
2026-05-07,misa_thesharp_central_forest,111028,16,1,1,18
2026-05-08,misa_thesharp_central_forest,111028,16,1,2,19
2026-05-09,misa_thesharp_central_forest,111028,15,1,2,18
2026-05-10,misa_thesharp_central_forest,111028,15,1,2,18
2026-05-11,misa_thesharp_central_forest,111028,15,1,2,18
2026-05-12,misa_thesharp_central_forest,111028,16,2,2,20
2026-05-13,misa_thesharp_central_forest,111028,15,3,5,23
2026-05-14,misa_thesharp_central_forest,111028,15,4,5,24
2026-05-15,misa_thesharp_central_forest,111028,15,4,5,24
2026-05-16,misa_thesharp_central_forest,111028,18,4,5,27
2026-05-17,misa_thesharp_central_forest,111028,18,4,5,27
2026-05-18,misa_thesharp_central_forest,111028,18,4,5,27
2026-05-19,misa_thesharp_central_forest,111028,18,4,5,27
2026-05-20,misa_thesharp_central_forest,111028,17,4,5,26
2026-05-21,misa_thesharp_central_forest,111028,18,4,5,27
2026-05-22,misa_thesharp_central_forest,111028,18,4,4,26
2026-05-23,misa_thesharp_central_forest,111028,18,4,4,26
2026-05-24,misa_thesharp_central_forest,111028,18,4,4,26
2026-05-25,misa_thesharp_central_forest,111028,18,4,4,26
2026-05-26,misa_thesharp_central_forest,111028,18,4,4,26
2026-05-27,misa_thesharp_central_forest,111028,16,4,3,23
2026-05-28,misa_thesharp_central_forest,111028,15,4,0,19
2026-05-29,misa_thesharp_central_forest,111028,15,4,0,19
2026-05-30,misa_thesharp_central_forest,111028,15,4,0,19
2026-05-31,misa_thesharp_central_forest,111028,15,4,0,19
2026-06-01,misa_thesharp_central_forest,111028,15,4,0,19
2026-06-02,misa_thesharp_central_forest,111028,13,4,0,17
2026-06-03,misa_thesharp_central_forest,111028,14,4,0,18
2026-06-04,misa_thesharp_central_forest,111028,14,4,0,18
2026-06-05,misa_thesharp_central_forest,111028,14,4,0,18
2026-06-06,misa_thesharp_central_forest,111028,14,4,0,18
2026-06-07,misa_thesharp_central_forest,111028,14,4,0,18
2026-06-08,misa_thesharp_central_forest,111028,14,3,0,17
2026-06-09,misa_thesharp_central_forest,111028,15,3,1,19
2026-06-10,misa_thesharp_central_forest,111028,15,3,1,19
2026-06-11,misa_thesharp_central_forest,111028,14,3,1,18
2026-06-12,misa_thesharp_central_forest,111028,13,4,1,18
2026-06-13,misa_thesharp_central_forest,111028,14,4,1,19
2026-06-14,misa_thesharp_central_forest,111028,13,5,1,19
2026-06-15,misa_thesharp_central_forest,111028,12,5,1,18
2026-06-16,misa_thesharp_central_forest,111028,10,4,0,14
2026-06-17,misa_thesharp_central_forest,111028,11,4,0,15
2026-06-18,misa_thesharp_central_forest,111028,10,4,0,14
2026-06-20,misa_thesharp_central_forest,111028,12,4,0,16
2026-06-21,misa_thesharp_central_forest,111028,12,4,0,16
2026-06-22,misa_thesharp_central_forest,111028,12,4,0,16
2026-06-23,misa_thesharp_central_forest,111028,12,4,0,16
2026-06-24,misa_thesharp_central_forest,111028,13,4,0,17
2026-06-25,misa_thesharp_central_forest,111028,14,4,1,19
2026-06-26,misa_thesharp_central_forest,111028,14,4,1,19
2026-06-27,misa_thesharp_central_forest,111028,14,4,0,18
2026-06-28,misa_thesharp_central_forest,111028,14,4,0,18
2026-06-29,misa_thesharp_central_forest,111028,14,4,0,18
2026-06-30,misa_thesharp_central_forest,111028,13,4,0,17
2026-07-01,misa_thesharp_central_forest,111028,15,4,0,19
2026-07-02,misa_thesharp_central_forest,111028,15,4,0,19
2026-07-03,misa_thesharp_central_forest,111028,15,4,0,19
2026-07-04,misa_thesharp_central_forest,111028,14,4,1,19
2026-07-05,misa_thesharp_central_forest,111028,14,4,1,19
2026-07-06,misa_thesharp_central_forest,111028,15,4,1,20
2026-07-07,misa_thesharp_central_forest,111028,15,4,1,20
2026-07-08,misa_thesharp_central_forest,111028,15,4,1,20
2026-07-09,misa_thesharp_central_forest,111028,15,4,1,20
2026-07-10,misa_thesharp_central_forest,111028,14,4,1,19
2026-07-11,misa_thesharp_central_forest,111028,15,3,1,19
2026-07-12,misa_thesharp_central_forest,111028,15,3,1,19
2026-07-13,misa_thesharp_central_forest,111028,15,3,1,19
2026-07-14,misa_thesharp_central_forest,111028,16,3,1,20
2026-07-15,misa_thesharp_central_forest,111028,17,3,1,21
2026-07-17,misa_thesharp_central_forest,111028,17,3,0,20
2026-07-18,misa_thesharp_central_forest,111028,17,3,0,20
2026-07-19,misa_thesharp_central_forest,111028,16,2,0,18
2026-07-20,misa_thesharp_central_forest,111028,15,2,0,17
2026-07-21,misa_thesharp_central_forest,111028,16,2,0,18
2026-07-23,misa_thesharp_central_forest,111028,16,2,0,18
2026-07-24,misa_thesharp_central_forest,111028,16,2,0,18
2026-07-25,misa_thesharp_central_forest,111028,14,2,0,16
2026-07-26,misa_thesharp_central_forest,111028,14,3,0,17
2026-07-27,misa_thesharp_central_forest,111028,14,3,0,17
2026-07-28,misa_thesharp_central_forest,111028,13,3,0,16
2026-07-29,misa_thesharp_central_forest,111028,13,3,0,16
2026-07-30,misa_thesharp_central_forest,111028,13,3,0,16
2026-07-31,misa_thesharp_central_forest,111028,13,3,0,16
2026-08-01,misa_thesharp_central_forest,111028,13,3,0,16
2026-08-02,misa_thesharp_central_forest,111028,12,3,0,15
2026-08-03,misa_thesharp_central_forest,111028,12,3,0,15
2026-08-04,misa_thesharp_central_forest,111028,12,3,1,16
2026-08-05,misa_thesharp_central_forest,111028,12,3,1,16
2026-08-06,misa_thesharp_central_forest,111028,11,3,1,15
2026-08-07,misa_thesharp_central_forest,111028,11,3,1,15
2026-08-08,misa_thesharp_central_forest,111028,12,3,1,16
2026-08-09,misa_thesharp_central_forest,111028,10,3,1,14
2026-08-10,misa_thesharp_central_forest,111028,10,3,1,14
2026-08-11,misa_thesharp_central_forest,111028,11,3,1,15
2026-08-12,misa_thesharp_central_forest,111028,12,1,1,14
2026-08-14,misa_thesharp_central_forest,111028,11,1,1,13
2026-08-15,misa_thesharp_central_forest,111028,12,1,1,14
2026-08-16,misa_thesharp_central_forest,111028,12,1,1,14
2026-08-17,misa_thesharp_central_forest,111028,12,1,1,14
2026-08-18,misa_thesharp_central_forest,111028,12,2,1,15
2026-08-19,misa_thesharp_central_forest,111028,13,2,1,16
2026-08-20,misa_thesharp_central_forest,111028,13,2,1,16
2026-08-21,misa_thesharp_central_forest,111028,14,2,0,16
2026-08-22,misa_thesharp_central_forest,111028,14,2,0,16
2026-08-23,misa_thesharp_central_forest,111028,14,2,0,16
2026-08-25,misa_thesharp_central_forest,111028,14,2,0,16
2026-08-26,misa_thesharp_central_forest,111028,14,2,0,16
2026-08-27,misa_thesharp_central_forest,111028,14,2,0,16
2026-08-28,misa_thesharp_central_forest,111028,14,1,0,15
2026-08-29,misa_thesharp_central_forest,111028,14,1,0,15
2026-08-30,misa_thesharp_central_forest,111028,14,1,0,15
2026-08-31,misa_thesharp_central_forest,111028,14,1,0,15
2026-09-01,misa_thesharp_central_forest,111028,14,1,0,15
2026-09-02,misa_thesharp_central_forest,111028,14,1,0,15
2026-09-03,misa_thesharp_central_forest,111028,14,1,0,15
2026-09-04,misa_thesharp_central_forest,111028,14,1,0,15
2026-09-05,misa_thesharp_central_forest,111028,15,1,0,16
2026-09-06,misa_thesharp_central_forest,111028,15,1,0,16
2026-09-07,misa_thesharp_central_forest,111028,15,1,0,16
2026-09-09,misa_thesharp_central_forest,111028,16,1,0,17
2026-09-11,misa_thesharp_central_forest,111028,16,1,0,17
2026-09-12,misa_thesharp_central_forest,111028,16,1,0,17
2026-09-13,misa_thesharp_central_forest,111028,16,1,0,17
2026-09-14,misa_thesharp_central_forest,111028,16,1,0,17
2026-09-15,misa_thesharp_central_forest,111028,18,1,0,19
2026-09-16,misa_thesharp_central_forest,111028,19,1,1,21
2026-09-17,misa_thesharp_central_forest,111028,19,1,1,21
2026-09-18,misa_thesharp_central_forest,111028,19,0,1,20
2026-09-19,misa_thesharp_central_forest,111028,19,1,1,21
2026-09-20,misa_thesharp_central_forest,111028,19,0,1,20
2026-09-21,misa_thesharp_central_forest,111028,19,0,1,20
2026-09-22,misa_thesharp_central_forest,111028,18,0,1,19
2026-09-23,misa_thesharp_central_forest,111028,18,0,1,19
2026-09-24,misa_thesharp_central_forest,111028,18,0,1,19
2026-09-25,misa_thesharp_central_forest,111028,18,0,1,19
2026-09-27,misa_thesharp_central_forest,111028,18,0,1,19
2026-09-28,misa_thesharp_central_forest,111028,18,0,1,19
2023-09-01,yeosu_central_town,102283,22,1,1,24
2023-09-02,yeosu_central_town,102283,22,0,1,23
2023-09-03,yeosu_central_town,102283,23,0,1,24
2023-09-04,yeosu_central_town,102283,23,0,1,24
2023-09-05,yeosu_central_town,102283,24,0,0,24
2023-09-06,yeosu_central_town,102283,24,1,0,25
2023-09-07,yeosu_central_town,102283,24,1,1,26
2023-09-08,yeosu_central_town,102283,24,1,1,26
2023-09-09,yeosu_central_town,102283,24,2,1,27
2023-09-10,yeosu_central_town,102283,23,2,1,26
2023-09-11,yeosu_central_town,102283,22,2,1,25
2023-09-12,yeosu_central_town,102283,24,2,1,27
2023-09-14,yeosu_central_town,102283,27,2,1,30
2023-09-15,yeosu_central_town,102283,27,2,1,30
2023-09-16,yeosu_central_town,102283,27,2,1,30
2023-09-17,yeosu_central_town,102283,27,1,1,29
2023-09-18,yeosu_central_town,102283,27,1,1,29
2023-09-19,yeosu_central_town,102283,28,1,1,30
2023-09-20,yeosu_central_town,102283,28,1,1,30
2023-09-21,yeosu_central_town,102283,28,1,1,30
2023-09-23,yeosu_central_town,102283,29,2,1,32
2023-09-24,yeosu_central_town,102283,29,2,1,32
2023-09-25,yeosu_central_town,102283,28,2,1,31
2023-09-26,yeosu_central_town,102283,26,1,1,28
2023-09-27,yeosu_central_town,102283,26,1,1,28
2023-09-28,yeosu_central_town,102283,26,1,1,28
2023-09-29,yeosu_central_town,102283,26,1,1,28
2023-09-30,yeosu_central_town,102283,26,1,1,28
2023-10-01,yeosu_central_town,102283,26,1,1,28
2023-10-02,yeosu_central_town,102283,26,1,1,28
2023-10-03,yeosu_central_town,102283,26,1,1,28
2023-10-04,yeosu_central_town,102283,26,1,1,28
2023-10-05,yeosu_central_town,102283,30,1,1,32
2023-10-06,yeosu_central_town,102283,33,1,1,35
2023-10-07,yeosu_central_town,102283,34,1,0,35
2023-10-08,yeosu_central_town,102283,36,1,0,37
2023-10-09,yeosu_central_town,102283,36,1,0,37
2023-10-10,yeosu_central_town,102283,37,1,0,38
2023-10-11,yeosu_central_town,102283,39,1,1,41
2023-10-12,yeosu_central_town,102283,38,1,1,40
2023-10-13,yeosu_central_town,102283,39,1,0,40
2023-10-14,yeosu_central_town,102283,39,2,0,41
2023-10-15,yeosu_central_town,102283,39,2,0,41
2023-10-16,yeosu_central_town,102283,39,2,0,41
2023-10-17,yeosu_central_town,102283,39,2,0,41
2023-10-18,yeosu_central_town,102283,41,2,0,43
2023-10-19,yeosu_central_town,102283,40,2,0,42
2023-10-20,yeosu_central_town,102283,40,3,1,44
2023-10-21,yeosu_central_town,102283,40,5,1,46
2023-10-22,yeosu_central_town,102283,40,6,2,48
2023-10-23,yeosu_central_town,102283,40,6,2,48
2023-10-24,yeosu_central_town,102283,39,6,2,47
2023-10-25,yeosu_central_town,102283,40,7,2,49
2023-10-26,yeosu_central_town,102283,38,8,3,49
2023-10-27,yeosu_central_town,102283,39,8,4,51
2023-10-28,yeosu_central_town,102283,39,8,4,51
2023-10-29,yeosu_central_town,102283,39,8,4,51
2023-10-30,yeosu_central_town,102283,39,8,4,51
2023-10-31,yeosu_central_town,102283,40,7,4,51
2023-11-01,yeosu_central_town,102283,40,6,2,48
2023-11-02,yeosu_central_town,102283,40,6,2,48
2023-11-03,yeosu_central_town,102283,43,7,2,52
2023-11-04,yeosu_central_town,102283,43,6,2,51
2023-11-05,yeosu_central_town,102283,41,5,2,48
2023-11-06,yeosu_central_town,102283,41,5,2,48
2023-11-07,yeosu_central_town,102283,40,5,2,47
2023-11-08,yeosu_central_town,102283,40,5,2,47
2023-11-09,yeosu_central_town,102283,39,5,2,46
2023-11-10,yeosu_central_town,102283,39,5,2,46
2023-11-11,yeosu_central_town,102283,39,5,2,46
2023-11-12,yeosu_central_town,102283,38,6,2,46
2023-11-13,yeosu_central_town,102283,37,5,2,44
2023-11-14,yeosu_central_town,102283,36,4,2,42
2023-11-15,yeosu_central_town,102283,39,4,2,45
2023-11-16,yeosu_central_town,102283,40,4,2,46
2023-11-17,yeosu_central_town,102283,39,6,2,47
2023-11-18,yeosu_central_town,102283,39,6,2,47
2023-11-19,yeosu_central_town,102283,38,8,2,48
2023-11-21,yeosu_central_town,102283,38,10,2,50
2023-11-22,yeosu_central_town,102283,38,10,2,50
2023-11-23,yeosu_central_town,102283,38,7,0,45
2023-11-24,yeosu_central_town,102283,38,7,0,45
2023-11-25,yeosu_central_town,102283,38,8,0,46
2023-11-26,yeosu_central_town,102283,37,8,0,45
2023-11-27,yeosu_central_town,102283,36,8,0,44
2023-11-28,yeosu_central_town,102283,36,7,1,44
2023-11-29,yeosu_central_town,102283,37,7,1,45
2023-11-30,yeosu_central_town,102283,39,7,0,46
2023-12-01,yeosu_central_town,102283,39,7,0,46
2023-12-02,yeosu_central_town,102283,39,10,0,49
2023-12-03,yeosu_central_town,102283,38,9,0,47
2023-12-04,yeosu_central_town,102283,35,9,0,44
2023-12-05,yeosu_central_town,102283,37,9,0,46
2023-12-06,yeosu_central_town,102283,37,11,0,48
2023-12-07,yeosu_central_town,102283,38,11,0,49
2023-12-08,yeosu_central_town,102283,38,10,0,48
2023-12-09,yeosu_central_town,102283,38,10,0,48
2023-12-10,yeosu_central_town,102283,37,10,0,47
2023-12-11,yeosu_central_town,102283,35,10,0,45
2023-12-12,yeosu_central_town,102283,37,10,0,47
2023-12-13,yeosu_central_town,102283,40,12,0,52
2023-12-14,yeosu_central_town,102283,38,11,0,49
2023-12-15,yeosu_central_town,102283,37,10,1,48
2023-12-16,yeosu_central_town,102283,35,12,2,49
2023-12-17,yeosu_central_town,102283,36,14,2,52
2023-12-18,yeosu_central_town,102283,36,14,2,52
2023-12-19,yeosu_central_town,102283,36,14,2,52
2023-12-20,yeosu_central_town,102283,36,13,2,51
2023-12-21,yeosu_central_town,102283,36,13,2,51
2023-12-22,yeosu_central_town,102283,37,13,2,52
2023-12-23,yeosu_central_town,102283,39,13,2,54
2023-12-24,yeosu_central_town,102283,38,11,0,49
2023-12-25,yeosu_central_town,102283,38,11,0,49
2023-12-26,yeosu_central_town,102283,38,11,0,49
2023-12-27,yeosu_central_town,102283,37,11,1,49
2023-12-28,yeosu_central_town,102283,37,11,1,49
2023-12-29,yeosu_central_town,102283,37,11,1,49
2023-12-30,yeosu_central_town,102283,36,11,1,48
2023-12-31,yeosu_central_town,102283,34,11,1,46
2024-01-01,yeosu_central_town,102283,33,11,1,45
2024-01-02,yeosu_central_town,102283,33,11,1,45
2024-01-03,yeosu_central_town,102283,34,12,1,47
2024-01-04,yeosu_central_town,102283,37,12,1,50
2024-01-05,yeosu_central_town,102283,36,13,1,50
2024-01-06,yeosu_central_town,102283,36,13,1,50
2024-01-07,yeosu_central_town,102283,36,11,1,48
2024-01-08,yeosu_central_town,102283,35,11,1,47
2024-01-09,yeosu_central_town,102283,36,11,1,48
2024-01-10,yeosu_central_town,102283,36,11,1,48
2024-01-11,yeosu_central_town,102283,33,12,1,46
2024-01-12,yeosu_central_town,102283,29,12,1,42
2024-01-13,yeosu_central_town,102283,33,12,3,48
2024-01-14,yeosu_central_town,102283,33,12,4,49
2024-01-15,yeosu_central_town,102283,32,12,4,48
2024-01-16,yeosu_central_town,102283,31,12,4,47
2024-01-17,yeosu_central_town,102283,32,11,4,47
2024-01-18,yeosu_central_town,102283,34,11,4,49
2024-01-19,yeosu_central_town,102283,32,10,3,45
2024-01-20,yeosu_central_town,102283,32,11,3,46
2024-01-21,yeosu_central_town,102283,32,12,3,47
2024-01-22,yeosu_central_town,102283,30,12,3,45
2024-01-23,yeosu_central_town,102283,30,12,2,44
2024-01-24,yeosu_central_town,102283,29,10,1,40
2024-01-25,yeosu_central_town,102283,31,10,0,41
2024-01-26,yeosu_central_town,102283,31,10,0,41
2024-01-27,yeosu_central_town,102283,31,10,0,41
2024-01-28,yeosu_central_town,102283,27,10,1,38
2024-01-29,yeosu_central_town,102283,26,10,1,37
2024-01-30,yeosu_central_town,102283,26,9,1,36
2024-01-31,yeosu_central_town,102283,28,7,1,36
2024-02-01,yeosu_central_town,102283,29,7,1,37
2024-02-02,yeosu_central_town,102283,28,7,1,36
2024-02-03,yeosu_central_town,102283,29,7,1,37
2024-02-04,yeosu_central_town,102283,31,7,1,39
2024-02-05,yeosu_central_town,102283,31,7,1,39
2024-02-06,yeosu_central_town,102283,31,7,1,39
2024-02-07,yeosu_central_town,102283,30,8,1,39
2024-02-08,yeosu_central_town,102283,29,10,1,40
2024-02-09,yeosu_central_town,102283,29,11,1,41
2024-02-10,yeosu_central_town,102283,29,11,1,41
2024-02-11,yeosu_central_town,102283,29,11,1,41
2024-02-12,yeosu_central_town,102283,27,11,1,39
2024-02-13,yeosu_central_town,102283,27,11,1,39
2024-02-14,yeosu_central_town,102283,28,11,1,40
2024-02-15,yeosu_central_town,102283,27,10,1,38
2024-02-16,yeosu_central_town,102283,29,11,1,41
2024-02-17,yeosu_central_town,102283,29,11,1,41
2024-02-18,yeosu_central_town,102283,30,11,1,42
2024-02-19,yeosu_central_town,102283,30,11,1,42
2024-02-20,yeosu_central_town,102283,31,11,2,44
2024-02-21,yeosu_central_town,102283,27,9,2,38
2024-02-22,yeosu_central_town,102283,27,9,2,38
2024-02-23,yeosu_central_town,102283,28,9,2,39
2024-02-24,yeosu_central_town,102283,28,9,2,39
2024-02-25,yeosu_central_town,102283,28,9,2,39
2024-02-26,yeosu_central_town,102283,28,9,2,39
2024-02-27,yeosu_central_town,102283,28,10,2,40
2024-02-28,yeosu_central_town,102283,28,10,2,40
2024-02-29,yeosu_central_town,102283,27,8,3,38
2024-03-01,yeosu_central_town,102283,27,8,3,38
2024-03-02,yeosu_central_town,102283,27,8,3,38
2024-03-03,yeosu_central_town,102283,29,8,3,40
2024-03-04,yeosu_central_town,102283,29,8,3,40
2024-03-05,yeosu_central_town,102283,28,7,3,38
2024-03-06,yeosu_central_town,102283,29,9,3,41
2024-03-07,yeosu_central_town,102283,29,9,3,41
2024-03-08,yeosu_central_town,102283,28,9,3,40
2024-03-09,yeosu_central_town,102283,28,7,3,38
2024-03-10,yeosu_central_town,102283,28,6,3,37
2024-03-11,yeosu_central_town,102283,26,7,3,36
2024-03-12,yeosu_central_town,102283,25,8,1,34
2024-03-13,yeosu_central_town,102283,26,8,2,36
2024-03-14,yeosu_central_town,102283,26,8,2,36
2024-03-15,yeosu_central_town,102283,26,5,2,33
2024-03-16,yeosu_central_town,102283,25,5,2,32
2024-03-17,yeosu_central_town,102283,25,6,2,33
2024-03-18,yeosu_central_town,102283,26,4,2,32
2024-03-19,yeosu_central_town,102283,26,4,2,32
2024-03-20,yeosu_central_town,102283,29,4,2,35
2024-03-21,yeosu_central_town,102283,33,4,2,39
2024-03-22,yeosu_central_town,102283,32,5,2,39
2024-03-23,yeosu_central_town,102283,35,6,2,43
2024-03-24,yeosu_central_town,102283,35,6,2,43
2024-03-25,yeosu_central_town,102283,35,6,2,43
2024-03-26,yeosu_central_town,102283,35,6,2,43
2024-03-27,yeosu_central_town,102283,35,7,2,44
2024-03-28,yeosu_central_town,102283,37,6,2,45
2024-03-29,yeosu_central_town,102283,37,5,2,44
2024-03-30,yeosu_central_town,102283,30,7,2,39
2024-03-31,yeosu_central_town,102283,30,7,2,39
2024-04-01,yeosu_central_town,102283,30,7,2,39
2024-04-02,yeosu_central_town,102283,31,7,2,40
2024-04-03,yeosu_central_town,102283,31,7,2,40
2024-04-04,yeosu_central_town,102283,33,5,1,39
2024-04-05,yeosu_central_town,102283,33,5,1,39
2024-04-06,yeosu_central_town,102283,33,5,1,39
2024-04-07,yeosu_central_town,102283,34,5,1,40
2024-04-08,yeosu_central_town,102283,34,5,1,40
2024-04-09,yeosu_central_town,102283,35,4,1,40
2024-04-10,yeosu_central_town,102283,35,4,1,40
2024-04-11,yeosu_central_town,102283,36,4,1,41
2024-04-12,yeosu_central_town,102283,36,4,0,40
2024-04-13,yeosu_central_town,102283,36,4,0,40
2024-04-14,yeosu_central_town,102283,34,2,1,37
2024-04-15,yeosu_central_town,102283,34,2,1,37
2024-04-16,yeosu_central_town,102283,35,2,1,38
2024-04-17,yeosu_central_town,102283,36,2,2,40
2024-04-18,yeosu_central_town,102283,35,2,2,39
2024-04-19,yeosu_central_town,102283,37,2,2,41
2024-04-20,yeosu_central_town,102283,33,2,2,37
2024-04-21,yeosu_central_town,102283,35,1,2,38
2024-04-22,yeosu_central_town,102283,33,1,2,36
2024-04-23,yeosu_central_town,102283,35,2,2,39
2024-04-24,yeosu_central_town,102283,35,3,2,40
2024-04-25,yeosu_central_town,102283,39,2,2,43
2024-04-26,yeosu_central_town,102283,39,2,2,43
2024-04-27,yeosu_central_town,102283,38,2,2,42
2024-04-28,yeosu_central_town,102283,38,2,2,42
2024-04-29,yeosu_central_town,102283,38,1,1,40
2024-04-30,yeosu_central_town,102283,38,1,1,40
2024-05-01,yeosu_central_town,102283,38,3,1,42
2024-05-02,yeosu_central_town,102283,39,3,1,43
2024-05-03,yeosu_central_town,102283,41,2,1,44
2024-05-04,yeosu_central_town,102283,38,4,1,43
2024-05-05,yeosu_central_town,102283,39,4,1,44
2024-05-06,yeosu_central_town,102283,39,4,1,44
2024-05-07,yeosu_central_town,102283,39,4,1,44
2024-05-08,yeosu_central_town,102283,43,4,1,48
2024-05-09,yeosu_central_town,102283,44,3,1,48
2024-05-10,yeosu_central_town,102283,44,3,1,48
2024-05-11,yeosu_central_town,102283,44,3,1,48
2024-05-12,yeosu_central_town,102283,44,3,1,48
2024-05-13,yeosu_central_town,102283,44,3,1,48
2024-05-14,yeosu_central_town,102283,44,4,0,48
2024-05-15,yeosu_central_town,102283,44,4,0,48
2024-05-16,yeosu_central_town,102283,44,4,0,48
2024-05-17,yeosu_central_town,102283,46,5,0,51
2024-05-18,yeosu_central_town,102283,45,5,0,50
2024-05-19,yeosu_central_town,102283,43,5,0,48
2024-05-20,yeosu_central_town,102283,43,5,0,48
2024-05-21,yeosu_central_town,102283,41,5,0,46
2024-05-22,yeosu_central_town,102283,41,5,2,48
2024-05-23,yeosu_central_town,102283,40,7,3,50
2024-05-24,yeosu_central_town,102283,43,6,3,52
2024-05-25,yeosu_central_town,102283,43,7,4,54
2024-05-26,yeosu_central_town,102283,43,7,4,54
2024-05-27,yeosu_central_town,102283,43,7,4,54
2024-05-28,yeosu_central_town,102283,44,8,4,56
2024-05-29,yeosu_central_town,102283,44,8,4,56
2024-05-30,yeosu_central_town,102283,42,6,4,52
2024-05-31,yeosu_central_town,102283,39,5,4,48
2024-06-01,yeosu_central_town,102283,35,4,4,43
2024-06-02,yeosu_central_town,102283,36,5,3,44
2024-06-03,yeosu_central_town,102283,36,5,3,44
2024-06-04,yeosu_central_town,102283,33,4,3,40
2024-06-05,yeosu_central_town,102283,37,6,3,46
2024-06-06,yeosu_central_town,102283,37,7,3,47
2024-06-07,yeosu_central_town,102283,38,6,3,47
2024-06-08,yeosu_central_town,102283,37,8,3,48
2024-06-09,yeosu_central_town,102283,37,8,3,48
2024-06-10,yeosu_central_town,102283,37,8,3,48
2024-06-11,yeosu_central_town,102283,35,8,3,46
2024-06-12,yeosu_central_town,102283,35,7,3,45
2024-06-13,yeosu_central_town,102283,35,8,3,46
2024-06-14,yeosu_central_town,102283,34,8,3,45
2024-06-15,yeosu_central_town,102283,34,8,3,45
2024-06-16,yeosu_central_town,102283,31,8,3,42
2024-06-17,yeosu_central_town,102283,31,8,3,42
2024-06-18,yeosu_central_town,102283,31,8,3,42
2024-06-19,yeosu_central_town,102283,33,8,4,45
2024-06-20,yeosu_central_town,102283,32,9,4,45
2024-06-21,yeosu_central_town,102283,30,9,3,42
2024-06-22,yeosu_central_town,102283,30,8,3,41
2024-06-23,yeosu_central_town,102283,30,8,3,41
2024-06-24,yeosu_central_town,102283,30,8,3,41
2024-06-25,yeosu_central_town,102283,30,9,3,42
2024-06-26,yeosu_central_town,102283,30,9,3,42
2024-06-27,yeosu_central_town,102283,30,8,3,41
2024-06-28,yeosu_central_town,102283,30,6,3,39
2024-06-29,yeosu_central_town,102283,29,5,4,38
2024-06-30,yeosu_central_town,102283,29,6,4,39
2024-07-01,yeosu_central_town,102283,29,6,4,39
2024-07-02,yeosu_central_town,102283,29,6,4,39
2024-07-03,yeosu_central_town,102283,33,6,4,43
2024-07-04,yeosu_central_town,102283,35,6,4,45
2024-07-05,yeosu_central_town,102283,34,6,3,43
2024-07-06,yeosu_central_town,102283,33,6,3,42
2024-07-07,yeosu_central_town,102283,32,7,4,43
2024-07-08,yeosu_central_town,102283,32,7,4,43
2024-07-09,yeosu_central_town,102283,32,7,4,43
2024-07-10,yeosu_central_town,102283,29,5,4,38
2024-07-11,yeosu_central_town,102283,29,5,4,38
2024-07-12,yeosu_central_town,102283,29,5,4,38
2024-07-13,yeosu_central_town,102283,27,5,4,36
2024-07-14,yeosu_central_town,102283,26,5,4,35
2024-07-15,yeosu_central_town,102283,26,5,4,35
2024-07-16,yeosu_central_town,102283,28,4,4,36
2024-07-17,yeosu_central_town,102283,28,4,4,36
2024-07-18,yeosu_central_town,102283,27,4,4,35
2024-07-19,yeosu_central_town,102283,29,4,4,37
2024-07-20,yeosu_central_town,102283,30,4,4,38
2024-07-21,yeosu_central_town,102283,31,3,4,38
2024-07-22,yeosu_central_town,102283,31,3,4,38
2024-07-23,yeosu_central_town,102283,31,3,3,37
2024-07-24,yeosu_central_town,102283,31,4,3,38
2024-07-25,yeosu_central_town,102283,32,6,3,41
2024-07-26,yeosu_central_town,102283,32,6,3,41
2024-07-27,yeosu_central_town,102283,31,4,2,37
2024-07-28,yeosu_central_town,102283,31,4,2,37
2024-07-29,yeosu_central_town,102283,31,4,2,37
2024-07-30,yeosu_central_town,102283,30,5,2,37
2024-07-31,yeosu_central_town,102283,30,6,2,38
2024-08-01,yeosu_central_town,102283,31,7,2,40
2024-08-02,yeosu_central_town,102283,30,7,3,40
2024-08-03,yeosu_central_town,102283,29,8,4,41
2024-08-04,yeosu_central_town,102283,29,8,4,41
2024-08-05,yeosu_central_town,102283,29,7,4,40
2024-08-06,yeosu_central_town,102283,29,7,2,38
2024-08-07,yeosu_central_town,102283,30,6,4,40
2024-08-08,yeosu_central_town,102283,30,6,4,40
2024-08-09,yeosu_central_town,102283,30,6,4,40
2024-08-10,yeosu_central_town,102283,30,6,4,40
2024-08-11,yeosu_central_town,102283,30,7,4,41
2024-08-12,yeosu_central_town,102283,29,7,4,40
2024-08-13,yeosu_central_town,102283,30,6,4,40
2024-08-14,yeosu_central_town,102283,28,5,5,38
2024-08-15,yeosu_central_town,102283,26,5,6,37
2024-08-16,yeosu_central_town,102283,26,5,6,37
2024-08-17,yeosu_central_town,102283,25,5,6,36
2024-08-18,yeosu_central_town,102283,24,5,6,35
2024-08-19,yeosu_central_town,102283,24,5,6,35
2024-08-20,yeosu_central_town,102283,24,5,6,35
2024-08-21,yeosu_central_town,102283,22,4,7,33
2024-08-22,yeosu_central_town,102283,24,4,7,35
2024-08-23,yeosu_central_town,102283,23,4,7,34
2024-08-24,yeosu_central_town,102283,24,6,7,37
2024-08-25,yeosu_central_town,102283,24,5,7,36
2024-08-26,yeosu_central_town,102283,23,5,7,35
2024-08-27,yeosu_central_town,102283,27,5,7,39
2024-08-28,yeosu_central_town,102283,27,5,7,39
2024-08-29,yeosu_central_town,102283,24,7,7,38
2024-08-30,yeosu_central_town,102283,24,7,7,38
2024-08-31,yeosu_central_town,102283,24,7,7,38
2024-09-01,yeosu_central_town,102283,24,7,7,38
2024-09-02,yeosu_central_town,102283,24,7,7,38
2024-09-03,yeosu_central_town,102283,26,6,7,39
2024-09-04,yeosu_central_town,102283,28,7,8,43
2024-09-05,yeosu_central_town,102283,28,7,8,43
2024-09-06,yeosu_central_town,102283,28,7,7,42
2024-09-07,yeosu_central_town,102283,28,7,8,43
2024-09-08,yeosu_central_town,102283,29,7,8,44
2024-09-09,yeosu_central_town,102283,29,7,8,44
2024-09-10,yeosu_central_town,102283,31,6,9,46
2024-09-11,yeosu_central_town,102283,31,8,9,48
2024-09-12,yeosu_central_town,102283,31,8,9,48
2024-09-13,yeosu_central_town,102283,30,8,9,47
2024-09-14,yeosu_central_town,102283,30,8,8,46
2024-09-15,yeosu_central_town,102283,30,8,8,46
2024-09-16,yeosu_central_town,102283,30,8,8,46
2024-09-17,yeosu_central_town,102283,30,8,8,46
2024-09-18,yeosu_central_town,102283,30,8,8,46
2024-09-19,yeosu_central_town,102283,29,8,8,45
2024-09-20,yeosu_central_town,102283,30,8,8,46
2024-09-21,yeosu_central_town,102283,28,8,6,42
2024-09-22,yeosu_central_town,102283,33,8,6,47
2024-09-23,yeosu_central_town,102283,33,8,6,47
2024-09-24,yeosu_central_town,102283,34,8,6,48
2024-09-25,yeosu_central_town,102283,36,8,7,51
2024-09-26,yeosu_central_town,102283,38,9,6,53
2024-09-27,yeosu_central_town,102283,38,11,8,57
2024-09-28,yeosu_central_town,102283,40,11,10,61
2024-09-29,yeosu_central_town,102283,41,10,10,61
2024-09-30,yeosu_central_town,102283,40,10,10,60
2024-10-01,yeosu_central_town,102283,41,11,10,62
2024-10-02,yeosu_central_town,102283,41,11,10,62
2024-10-03,yeosu_central_town,102283,41,11,10,62
2024-10-04,yeosu_central_town,102283,37,11,9,57
2024-10-05,yeosu_central_town,102283,44,11,9,64
2024-10-06,yeosu_central_town,102283,43,10,9,62
2024-10-07,yeosu_central_town,102283,43,9,8,60
2024-10-08,yeosu_central_town,102283,42,10,8,60
2024-10-09,yeosu_central_town,102283,44,10,9,63
2024-10-10,yeosu_central_town,102283,43,10,8,61
2024-10-11,yeosu_central_town,102283,44,10,9,63
2024-10-12,yeosu_central_town,102283,44,10,10,64
2024-10-13,yeosu_central_town,102283,45,10,11,66
2024-10-14,yeosu_central_town,102283,45,10,11,66
2024-10-16,yeosu_central_town,102283,44,8,8,60
2024-10-17,yeosu_central_town,102283,45,9,8,62
2024-10-18,yeosu_central_town,102283,44,9,9,62
2024-10-19,yeosu_central_town,102283,44,10,9,63
2024-10-20,yeosu_central_town,102283,45,10,9,64
2024-10-21,yeosu_central_town,102283,45,10,9,64
2024-10-22,yeosu_central_town,102283,41,10,9,60
2024-10-23,yeosu_central_town,102283,42,10,9,61
2024-10-24,yeosu_central_town,102283,46,10,9,65
2024-10-25,yeosu_central_town,102283,46,10,8,64
2024-10-26,yeosu_central_town,102283,44,9,7,60
2024-10-27,yeosu_central_town,102283,44,9,6,59
2024-10-28,yeosu_central_town,102283,43,9,6,58
2024-10-29,yeosu_central_town,102283,43,9,7,59
2024-10-30,yeosu_central_town,102283,44,9,7,60
2024-10-31,yeosu_central_town,102283,44,10,7,61
2024-11-01,yeosu_central_town,102283,45,10,7,62
2024-11-02,yeosu_central_town,102283,46,8,9,63
2024-11-03,yeosu_central_town,102283,45,9,10,64
2024-11-04,yeosu_central_town,102283,41,9,10,60
2024-11-05,yeosu_central_town,102283,44,8,11,63
2024-11-06,yeosu_central_town,102283,44,7,10,61
2024-11-07,yeosu_central_town,102283,45,7,10,62
2024-11-08,yeosu_central_town,102283,45,6,10,61
2024-11-09,yeosu_central_town,102283,45,7,10,62
2024-11-10,yeosu_central_town,102283,45,7,10,62
2024-11-11,yeosu_central_town,102283,45,7,10,62
2024-11-12,yeosu_central_town,102283,45,7,10,62
2024-11-13,yeosu_central_town,102283,45,7,9,61
2024-11-14,yeosu_central_town,102283,45,7,8,60
2024-11-15,yeosu_central_town,102283,46,7,9,62
2024-11-16,yeosu_central_town,102283,46,7,9,62
2024-11-17,yeosu_central_town,102283,46,8,9,63
2024-11-18,yeosu_central_town,102283,46,8,9,63
2024-11-19,yeosu_central_town,102283,46,8,8,62
2024-11-20,yeosu_central_town,102283,46,8,8,62
2024-11-21,yeosu_central_town,102283,46,9,7,62
2024-11-22,yeosu_central_town,102283,48,9,7,64
2024-11-23,yeosu_central_town,102283,46,9,7,62
2024-11-24,yeosu_central_town,102283,46,9,7,62
2024-11-25,yeosu_central_town,102283,46,9,7,62
2024-11-26,yeosu_central_town,102283,46,8,7,61
2024-11-27,yeosu_central_town,102283,46,8,7,61
2024-11-28,yeosu_central_town,102283,48,6,7,61
2024-11-29,yeosu_central_town,102283,48,6,7,61
2024-11-30,yeosu_central_town,102283,48,6,7,61
2024-12-01,yeosu_central_town,102283,48,6,7,61
2024-12-02,yeosu_central_town,102283,46,6,6,58
2024-12-03,yeosu_central_town,102283,46,7,6,59
2024-12-04,yeosu_central_town,102283,48,6,6,60
2024-12-05,yeosu_central_town,102283,45,7,6,58
2024-12-06,yeosu_central_town,102283,50,8,6,64
2024-12-07,yeosu_central_town,102283,48,8,6,62
2024-12-08,yeosu_central_town,102283,48,8,7,63
2024-12-09,yeosu_central_town,102283,47,8,7,62
2024-12-10,yeosu_central_town,102283,48,10,7,65
2024-12-11,yeosu_central_town,102283,49,10,7,66
2024-12-12,yeosu_central_town,102283,47,10,7,64
2024-12-13,yeosu_central_town,102283,50,10,7,67
2024-12-14,yeosu_central_town,102283,53,10,6,69
2024-12-15,yeosu_central_town,102283,52,10,6,68
2024-12-16,yeosu_central_town,102283,51,10,6,67
2024-12-17,yeosu_central_town,102283,54,9,6,69
2024-12-19,yeosu_central_town,102283,54,9,6,69
2024-12-20,yeosu_central_town,102283,55,9,6,70
2024-12-21,yeosu_central_town,102283,55,9,6,70
2024-12-22,yeosu_central_town,102283,54,8,6,68
2024-12-23,yeosu_central_town,102283,53,8,6,67
2024-12-24,yeosu_central_town,102283,55,8,6,69
2024-12-25,yeosu_central_town,102283,56,8,6,70
2024-12-26,yeosu_central_town,102283,56,8,6,70
2024-12-27,yeosu_central_town,102283,55,8,6,69
2024-12-28,yeosu_central_town,102283,54,9,6,69
2024-12-29,yeosu_central_town,102283,54,9,6,69
2024-12-30,yeosu_central_town,102283,54,9,6,69
2024-12-31,yeosu_central_town,102283,55,9,6,70
2025-01-01,yeosu_central_town,102283,53,5,6,64
2025-01-02,yeosu_central_town,102283,53,4,5,62
2025-01-03,yeosu_central_town,102283,51,4,5,60
2025-01-04,yeosu_central_town,102283,51,3,5,59
2025-01-05,yeosu_central_town,102283,48,3,5,56
2025-01-06,yeosu_central_town,102283,47,3,5,55
2025-01-07,yeosu_central_town,102283,53,3,3,59
2025-01-08,yeosu_central_town,102283,53,3,5,61
2025-01-09,yeosu_central_town,102283,51,2,8,61
2025-01-10,yeosu_central_town,102283,52,3,8,63
2025-01-11,yeosu_central_town,102283,52,3,8,63
2025-01-12,yeosu_central_town,102283,51,3,8,62
2025-01-13,yeosu_central_town,102283,50,3,8,61
2025-01-14,yeosu_central_town,102283,54,4,7,65
2025-01-15,yeosu_central_town,102283,55,4,7,66
2025-01-16,yeosu_central_town,102283,57,4,6,67
2025-01-17,yeosu_central_town,102283,54,2,6,62
2025-01-18,yeosu_central_town,102283,53,3,6,62
2025-01-19,yeosu_central_town,102283,50,2,6,58
2025-01-20,yeosu_central_town,102283,48,2,6,56
2025-01-21,yeosu_central_town,102283,50,2,6,58
2025-01-22,yeosu_central_town,102283,49,2,6,57
2025-01-23,yeosu_central_town,102283,47,3,6,56
2025-01-24,yeosu_central_town,102283,47,3,6,56
2025-01-25,yeosu_central_town,102283,47,2,4,53
2025-01-26,yeosu_central_town,102283,47,2,4,53
2025-01-27,yeosu_central_town,102283,47,2,4,53
2025-01-28,yeosu_central_town,102283,47,2,4,53
2025-01-29,yeosu_central_town,102283,47,2,4,53
2025-01-30,yeosu_central_town,102283,46,2,4,52
2025-01-31,yeosu_central_town,102283,46,2,4,52
2025-02-01,yeosu_central_town,102283,46,2,4,52
2025-02-02,yeosu_central_town,102283,46,2,4,52
2025-02-03,yeosu_central_town,102283,45,2,4,51
2025-02-04,yeosu_central_town,102283,46,2,4,52
2025-02-05,yeosu_central_town,102283,47,3,4,54
2025-02-06,yeosu_central_town,102283,42,5,4,51
2025-02-07,yeosu_central_town,102283,40,6,3,49
2025-02-08,yeosu_central_town,102283,44,6,3,53
2025-02-09,yeosu_central_town,102283,43,6,3,52
2025-02-10,yeosu_central_town,102283,42,6,3,51
2025-02-11,yeosu_central_town,102283,43,5,4,52
2025-02-12,yeosu_central_town,102283,45,5,4,54
2025-02-13,yeosu_central_town,102283,41,6,4,51
2025-02-14,yeosu_central_town,102283,42,6,4,52
2025-02-15,yeosu_central_town,102283,42,7,4,53
2025-02-16,yeosu_central_town,102283,46,7,4,57
2025-02-17,yeosu_central_town,102283,46,7,4,57
2025-02-18,yeosu_central_town,102283,46,7,5,58
2025-02-19,yeosu_central_town,102283,46,7,5,58
2025-02-20,yeosu_central_town,102283,45,5,5,55
2025-02-21,yeosu_central_town,102283,49,4,5,58
2025-02-22,yeosu_central_town,102283,49,4,5,58
2025-02-23,yeosu_central_town,102283,48,4,5,57
2025-02-24,yeosu_central_town,102283,48,4,5,57
2025-02-25,yeosu_central_town,102283,49,4,5,58
2025-02-26,yeosu_central_town,102283,49,4,6,59
2025-02-27,yeosu_central_town,102283,50,4,6,60
2025-02-28,yeosu_central_town,102283,51,4,6,61
2025-03-01,yeosu_central_town,102283,51,4,6,61
2025-03-02,yeosu_central_town,102283,51,4,6,61
2025-03-03,yeosu_central_town,102283,51,3,6,60
2025-03-04,yeosu_central_town,102283,49,3,6,58
2025-03-05,yeosu_central_town,102283,49,3,7,59
2025-03-06,yeosu_central_town,102283,50,4,9,63
2025-03-07,yeosu_central_town,102283,52,4,9,65
2025-03-08,yeosu_central_town,102283,51,3,9,63
2025-03-09,yeosu_central_town,102283,50,3,9,62
2025-03-10,yeosu_central_town,102283,47,3,9,59
2025-03-11,yeosu_central_town,102283,49,2,8,59
2025-03-12,yeosu_central_town,102283,48,3,8,59
2025-03-13,yeosu_central_town,102283,47,2,8,57
2025-03-14,yeosu_central_town,102283,45,2,8,55
2025-03-15,yeosu_central_town,102283,46,2,8,56
2025-03-16,yeosu_central_town,102283,44,2,8,54
2025-03-17,yeosu_central_town,102283,43,2,8,53
2025-03-18,yeosu_central_town,102283,43,2,8,53
2025-03-19,yeosu_central_town,102283,45,3,8,56
2025-03-20,yeosu_central_town,102283,46,3,8,57
2025-03-21,yeosu_central_town,102283,44,2,8,54
2025-03-24,yeosu_central_town,102283,45,1,6,52
2025-03-25,yeosu_central_town,102283,47,1,6,54
2025-03-26,yeosu_central_town,102283,47,3,6,56
2025-03-27,yeosu_central_town,102283,46,3,6,55
2025-03-28,yeosu_central_town,102283,46,3,6,55
2025-03-29,yeosu_central_town,102283,48,3,6,57
2025-03-30,yeosu_central_town,102283,48,3,5,56
2025-03-31,yeosu_central_town,102283,48,3,5,56
2025-04-01,yeosu_central_town,102283,49,2,7,58
2025-04-02,yeosu_central_town,102283,50,2,8,60
2025-04-03,yeosu_central_town,102283,51,2,9,62
2025-04-04,yeosu_central_town,102283,53,2,10,65
2025-04-05,yeosu_central_town,102283,55,2,10,67
2025-04-06,yeosu_central_town,102283,52,2,10,64
2025-04-07,yeosu_central_town,102283,52,2,10,64
2025-04-08,yeosu_central_town,102283,53,2,10,65
2025-04-09,yeosu_central_town,102283,54,2,10,66
2025-04-10,yeosu_central_town,102283,53,2,10,65
2025-04-11,yeosu_central_town,102283,55,2,10,67
2025-04-12,yeosu_central_town,102283,55,3,10,68
2025-04-13,yeosu_central_town,102283,55,3,10,68
2025-04-14,yeosu_central_town,102283,55,3,10,68
2025-04-15,yeosu_central_town,102283,55,3,7,65
2025-04-16,yeosu_central_town,102283,57,4,6,67
2025-04-17,yeosu_central_town,102283,58,4,5,67
2025-04-18,yeosu_central_town,102283,55,5,5,65
2025-04-19,yeosu_central_town,102283,58,5,5,68
2025-04-20,yeosu_central_town,102283,58,5,6,69
2025-04-21,yeosu_central_town,102283,58,5,6,69
2025-04-22,yeosu_central_town,102283,57,5,6,68
2025-04-23,yeosu_central_town,102283,56,5,7,68
2025-04-24,yeosu_central_town,102283,57,5,9,71
2025-04-25,yeosu_central_town,102283,57,5,9,71
2025-04-26,yeosu_central_town,102283,58,9,9,76
2025-04-27,yeosu_central_town,102283,58,9,9,76
2025-04-28,yeosu_central_town,102283,56,9,9,74
2025-04-29,yeosu_central_town,102283,56,9,9,74
2025-04-30,yeosu_central_town,102283,57,8,9,74
2025-05-01,yeosu_central_town,102283,57,8,9,74
2025-05-02,yeosu_central_town,102283,56,8,9,73
2025-05-03,yeosu_central_town,102283,56,8,10,74
2025-05-04,yeosu_central_town,102283,53,8,10,71
2025-05-05,yeosu_central_town,102283,51,8,10,69
2025-05-06,yeosu_central_town,102283,50,8,10,68
2025-05-07,yeosu_central_town,102283,50,8,10,68
2025-05-08,yeosu_central_town,102283,51,8,10,69
2025-05-09,yeosu_central_town,102283,58,8,10,76
2025-05-10,yeosu_central_town,102283,58,8,10,76
2025-05-11,yeosu_central_town,102283,57,8,10,75
2025-05-12,yeosu_central_town,102283,58,8,10,76
2025-05-13,yeosu_central_town,102283,59,8,10,77
2025-05-14,yeosu_central_town,102283,61,9,10,80
2025-05-15,yeosu_central_town,102283,59,10,10,79
2025-05-16,yeosu_central_town,102283,58,10,10,78
2025-05-17,yeosu_central_town,102283,56,11,12,79
2025-05-18,yeosu_central_town,102283,53,11,12,76
2025-05-19,yeosu_central_town,102283,51,11,12,74
2025-05-20,yeosu_central_town,102283,54,12,12,78
2025-05-21,yeosu_central_town,102283,54,12,11,77
2025-05-22,yeosu_central_town,102283,55,12,10,77
2025-05-23,yeosu_central_town,102283,53,12,9,74
2025-05-24,yeosu_central_town,102283,48,12,9,69
2025-05-25,yeosu_central_town,102283,47,12,9,68
2025-05-26,yeosu_central_town,102283,47,12,9,68
2025-05-27,yeosu_central_town,102283,47,12,9,68
2025-05-28,yeosu_central_town,102283,47,12,11,70
2025-05-29,yeosu_central_town,102283,47,12,11,70
2025-05-30,yeosu_central_town,102283,44,11,11,66
2025-05-31,yeosu_central_town,102283,44,12,11,67
2025-06-01,yeosu_central_town,102283,44,12,11,67
2025-06-02,yeosu_central_town,102283,43,12,10,65
2025-06-03,yeosu_central_town,102283,42,12,10,64
2025-06-04,yeosu_central_town,102283,41,12,10,63
2025-06-05,yeosu_central_town,102283,45,11,12,68
2025-06-06,yeosu_central_town,102283,43,10,13,66
2025-06-07,yeosu_central_town,102283,43,11,13,67
2025-06-08,yeosu_central_town,102283,40,11,13,64
2025-06-09,yeosu_central_town,102283,39,10,13,62
2025-06-10,yeosu_central_town,102283,39,8,13,60
2025-06-11,yeosu_central_town,102283,38,11,13,62
2025-06-12,yeosu_central_town,102283,41,8,13,62
2025-06-13,yeosu_central_town,102283,42,8,13,63
2025-06-14,yeosu_central_town,102283,43,6,13,62
2025-06-15,yeosu_central_town,102283,44,7,13,64
2025-06-16,yeosu_central_town,102283,44,5,13,62
2025-06-17,yeosu_central_town,102283,45,6,12,63
2025-06-18,yeosu_central_town,102283,47,8,12,67
2025-06-19,yeosu_central_town,102283,46,8,12,66
2025-06-20,yeosu_central_town,102283,46,8,11,65
2025-06-21,yeosu_central_town,102283,45,8,10,63
2025-06-22,yeosu_central_town,102283,45,9,10,64
2025-06-23,yeosu_central_town,102283,45,9,10,64
2025-06-24,yeosu_central_town,102283,44,9,10,63
2025-06-25,yeosu_central_town,102283,44,10,12,66
2025-06-26,yeosu_central_town,102283,43,10,12,65
2025-06-27,yeosu_central_town,102283,46,10,11,67
2025-06-28,yeosu_central_town,102283,46,11,12,69
2025-06-29,yeosu_central_town,102283,47,11,11,69
2025-06-30,yeosu_central_town,102283,47,11,11,69
2025-07-01,yeosu_central_town,102283,46,11,11,68
2025-07-02,yeosu_central_town,102283,45,11,11,67
2025-07-03,yeosu_central_town,102283,46,11,11,68
2025-07-04,yeosu_central_town,102283,50,12,10,72
2025-07-05,yeosu_central_town,102283,48,12,9,69
2025-07-06,yeosu_central_town,102283,48,12,9,69
2025-07-07,yeosu_central_town,102283,48,12,9,69
2025-07-08,yeosu_central_town,102283,48,11,8,67
2025-07-09,yeosu_central_town,102283,48,10,6,64
2025-07-10,yeosu_central_town,102283,48,10,6,64
2025-07-11,yeosu_central_town,102283,48,10,8,66
2025-07-12,yeosu_central_town,102283,45,10,8,63
2025-07-13,yeosu_central_town,102283,43,10,8,61
2025-07-14,yeosu_central_town,102283,43,10,8,61
2025-07-15,yeosu_central_town,102283,46,11,8,65
2025-07-16,yeosu_central_town,102283,47,11,9,67
2025-07-17,yeosu_central_town,102283,46,11,9,66
2025-07-18,yeosu_central_town,102283,45,10,9,64
2025-07-19,yeosu_central_town,102283,47,11,9,67
2025-07-20,yeosu_central_town,102283,48,11,9,68
2025-07-21,yeosu_central_town,102283,48,11,9,68
2025-07-22,yeosu_central_town,102283,48,11,9,68
2025-07-23,yeosu_central_town,102283,48,11,9,68
2025-07-24,yeosu_central_town,102283,48,12,9,69
2025-07-25,yeosu_central_town,102283,48,12,9,69
2025-07-26,yeosu_central_town,102283,48,12,9,69
2025-07-27,yeosu_central_town,102283,47,12,9,68
2025-07-28,yeosu_central_town,102283,47,12,8,67
2025-07-29,yeosu_central_town,102283,48,12,10,70
2025-07-30,yeosu_central_town,102283,48,12,10,70
2025-07-31,yeosu_central_town,102283,45,12,10,67
2025-08-01,yeosu_central_town,102283,48,13,10,71
2025-08-02,yeosu_central_town,102283,48,13,10,71
2025-08-03,yeosu_central_town,102283,46,12,10,68
2025-08-04,yeosu_central_town,102283,46,12,10,68
2025-08-05,yeosu_central_town,102283,46,12,10,68
2025-08-06,yeosu_central_town,102283,46,13,11,70
2025-08-14,yeosu_central_town,102283,47,10,11,68
2025-08-15,yeosu_central_town,102283,46,10,11,67
2025-08-16,yeosu_central_town,102283,46,10,11,67
2025-08-17,yeosu_central_town,102283,46,12,12,70
2025-08-18,yeosu_central_town,102283,40,12,12,64
2025-08-19,yeosu_central_town,102283,42,11,12,65
2025-08-20,yeosu_central_town,102283,42,11,12,65
2025-08-21,yeosu_central_town,102283,48,11,12,71
2025-08-22,yeosu_central_town,102283,48,11,12,71
2025-08-23,yeosu_central_town,102283,48,10,12,70
2025-08-24,yeosu_central_town,102283,48,10,12,70
2025-08-27,yeosu_central_town,102283,49,11,13,73
2025-08-28,yeosu_central_town,102283,49,11,12,72
2025-08-29,yeosu_central_town,102283,52,12,12,76
2025-08-30,yeosu_central_town,102283,53,12,13,78
2025-08-31,yeosu_central_town,102283,50,12,13,75
2025-09-01,yeosu_central_town,102283,54,14,15,83
2025-09-02,yeosu_central_town,102283,54,14,16,84
2025-09-03,yeosu_central_town,102283,55,14,16,85
2025-09-04,yeosu_central_town,102283,55,12,16,83
2025-09-05,yeosu_central_town,102283,55,11,15,81
2025-09-06,yeosu_central_town,102283,56,12,15,83
2025-09-09,yeosu_central_town,102283,55,9,14,78
2025-09-10,yeosu_central_town,102283,57,9,11,77
2025-09-11,yeosu_central_town,102283,62,6,9,77
2025-09-12,yeosu_central_town,102283,61,8,8,77
2025-09-13,yeosu_central_town,102283,63,8,8,79
2025-09-15,yeosu_central_town,102283,59,7,8,74
2025-09-16,yeosu_central_town,102283,60,8,8,76
2025-09-17,yeosu_central_town,102283,60,7,8,75
2025-09-18,yeosu_central_town,102283,59,6,8,73
2025-09-19,yeosu_central_town,102283,60,6,8,74
2025-09-20,yeosu_central_town,102283,55,6,8,69
2025-09-21,yeosu_central_town,102283,53,6,8,67
2025-09-22,yeosu_central_town,102283,52,6,8,66
2025-09-23,yeosu_central_town,102283,54,5,8,67
2025-09-24,yeosu_central_town,102283,54,5,8,67
2025-09-25,yeosu_central_town,102283,54,5,8,67
2025-09-26,yeosu_central_town,102283,55,8,8,71
2025-09-27,yeosu_central_town,102283,55,8,8,71
2025-09-28,yeosu_central_town,102283,53,9,8,70
2025-09-29,yeosu_central_town,102283,52,8,8,68
2025-09-30,yeosu_central_town,102283,54,8,8,70
2025-10-01,yeosu_central_town,102283,52,8,6,66
2025-10-02,yeosu_central_town,102283,48,8,6,62
2025-10-03,yeosu_central_town,102283,47,8,7,62
2025-10-04,yeosu_central_town,102283,47,8,7,62
2025-10-05,yeosu_central_town,102283,47,9,7,63
2025-10-07,yeosu_central_town,102283,47,8,7,62
2025-10-08,yeosu_central_town,102283,47,8,7,62
2025-10-09,yeosu_central_town,102283,46,8,7,61
2025-10-10,yeosu_central_town,102283,45,8,7,60
2025-10-11,yeosu_central_town,102283,37,10,7,54
2025-10-12,yeosu_central_town,102283,34,10,6,50
2025-10-13,yeosu_central_town,102283,33,10,6,49
2025-10-14,yeosu_central_town,102283,32,9,6,47
2025-10-15,yeosu_central_town,102283,32,9,6,47
2025-10-16,yeosu_central_town,102283,31,7,6,44
2025-10-17,yeosu_central_town,102283,30,7,6,43
2025-10-18,yeosu_central_town,102283,30,8,5,43
2025-10-19,yeosu_central_town,102283,29,9,5,43
2025-10-20,yeosu_central_town,102283,29,9,5,43
2025-10-21,yeosu_central_town,102283,25,8,5,38
2025-10-22,yeosu_central_town,102283,26,9,6,41
2025-10-23,yeosu_central_town,102283,23,8,6,37
2025-10-24,yeosu_central_town,102283,21,6,7,34
2025-10-25,yeosu_central_town,102283,19,5,7,31
2025-10-26,yeosu_central_town,102283,20,5,7,32
2025-10-27,yeosu_central_town,102283,20,5,7,32
2025-10-28,yeosu_central_town,102283,19,3,7,29
2025-10-29,yeosu_central_town,102283,19,4,7,30
2025-10-30,yeosu_central_town,102283,20,4,7,31
2025-11-01,yeosu_central_town,102283,19,1,6,26
2025-11-02,yeosu_central_town,102283,21,1,6,28
2025-11-03,yeosu_central_town,102283,21,1,6,28
2025-11-04,yeosu_central_town,102283,22,4,6,32
2025-11-05,yeosu_central_town,102283,23,3,7,33
2025-11-06,yeosu_central_town,102283,21,5,7,33
2025-11-07,yeosu_central_town,102283,20,5,8,33
2025-11-08,yeosu_central_town,102283,19,5,7,31
2025-11-09,yeosu_central_town,102283,19,5,7,31
2025-11-10,yeosu_central_town,102283,18,5,7,30
2025-11-11,yeosu_central_town,102283,18,5,7,30
2025-11-12,yeosu_central_town,102283,17,5,7,29
2025-11-13,yeosu_central_town,102283,17,6,6,29
2025-11-14,yeosu_central_town,102283,17,6,7,30
2025-11-15,yeosu_central_town,102283,18,6,8,32
2025-11-16,yeosu_central_town,102283,18,5,8,31
2025-11-18,yeosu_central_town,102283,16,3,7,26
2025-11-19,yeosu_central_town,102283,16,3,7,26
2025-11-20,yeosu_central_town,102283,16,5,6,27
2025-11-21,yeosu_central_town,102283,15,5,7,27
2025-11-22,yeosu_central_town,102283,16,5,8,29
2025-11-23,yeosu_central_town,102283,15,5,7,27
2025-11-24,yeosu_central_town,102283,15,5,7,27
2025-11-25,yeosu_central_town,102283,14,5,7,26
2025-11-26,yeosu_central_town,102283,14,4,7,25
2025-11-27,yeosu_central_town,102283,15,4,7,26
2025-11-28,yeosu_central_town,102283,15,4,7,26
2025-11-29,yeosu_central_town,102283,15,4,7,26
2025-11-30,yeosu_central_town,102283,15,4,7,26
2025-12-01,yeosu_central_town,102283,15,4,7,26
2025-12-02,yeosu_central_town,102283,16,4,7,27
2025-12-03,yeosu_central_town,102283,16,4,5,25
2025-12-04,yeosu_central_town,102283,16,4,5,25
2025-12-05,yeosu_central_town,102283,16,4,5,25
2025-12-06,yeosu_central_town,102283,18,2,4,24
2025-12-07,yeosu_central_town,102283,16,2,4,22
2025-12-08,yeosu_central_town,102283,16,4,4,24
2025-12-09,yeosu_central_town,102283,15,5,7,27
2025-12-10,yeosu_central_town,102283,15,6,8,29
2025-12-11,yeosu_central_town,102283,15,4,7,26
2025-12-12,yeosu_central_town,102283,16,4,7,27
2025-12-13,yeosu_central_town,102283,17,4,7,28
2025-12-14,yeosu_central_town,102283,17,4,7,28
2025-12-15,yeosu_central_town,102283,17,4,7,28
2025-12-16,yeosu_central_town,102283,15,4,8,27
2025-12-17,yeosu_central_town,102283,16,4,8,28
2025-12-18,yeosu_central_town,102283,15,4,8,27
2025-12-19,yeosu_central_town,102283,14,4,7,25
2025-12-20,yeosu_central_town,102283,14,4,6,24
2025-12-21,yeosu_central_town,102283,15,1,5,21
2025-12-22,yeosu_central_town,102283,15,1,5,21
2025-12-23,yeosu_central_town,102283,16,1,5,22
2025-12-24,yeosu_central_town,102283,16,1,5,22
2025-12-26,yeosu_central_town,102283,13,1,4,18
2025-12-27,yeosu_central_town,102283,13,1,4,18
2025-12-28,yeosu_central_town,102283,14,1,4,19
2025-12-29,yeosu_central_town,102283,13,1,4,18
2025-12-30,yeosu_central_town,102283,13,1,4,18
2025-12-31,yeosu_central_town,102283,13,2,4,19
2026-01-01,yeosu_central_town,102283,13,3,4,20
2026-01-02,yeosu_central_town,102283,13,3,4,20
2026-01-03,yeosu_central_town,102283,13,3,3,19
2026-01-04,yeosu_central_town,102283,16,3,3,22
2026-01-05,yeosu_central_town,102283,16,1,2,19
2026-01-06,yeosu_central_town,102283,16,0,2,18
2026-01-07,yeosu_central_town,102283,16,0,2,18
2026-01-08,yeosu_central_town,102283,15,1,3,19
2026-01-09,yeosu_central_town,102283,15,1,3,19
2026-01-10,yeosu_central_town,102283,15,1,3,19
2026-01-12,yeosu_central_town,102283,14,1,3,18
2026-01-13,yeosu_central_town,102283,15,1,4,20
2026-01-14,yeosu_central_town,102283,16,1,5,22
2026-01-15,yeosu_central_town,102283,16,1,4,21
2026-01-16,yeosu_central_town,102283,16,1,4,21
2026-01-17,yeosu_central_town,102283,16,1,4,21
2026-01-18,yeosu_central_town,102283,18,1,4,23
2026-01-19,yeosu_central_town,102283,18,1,4,23
2026-01-20,yeosu_central_town,102283,17,3,5,25
2026-01-21,yeosu_central_town,102283,17,3,5,25
2026-01-22,yeosu_central_town,102283,17,2,4,23
2026-01-23,yeosu_central_town,102283,17,2,4,23
2026-01-24,yeosu_central_town,102283,17,2,4,23
2026-01-25,yeosu_central_town,102283,17,2,4,23
2026-01-26,yeosu_central_town,102283,17,2,4,23
2026-01-27,yeosu_central_town,102283,16,2,4,22
2026-01-28,yeosu_central_town,102283,19,2,4,25
2026-01-29,yeosu_central_town,102283,18,2,5,25
2026-01-30,yeosu_central_town,102283,18,2,5,25
2026-01-31,yeosu_central_town,102283,18,2,5,25
2026-02-02,yeosu_central_town,102283,18,2,5,25
2026-02-03,yeosu_central_town,102283,17,2,4,23
2026-02-04,yeosu_central_town,102283,21,2,4,27
2026-02-05,yeosu_central_town,102283,22,2,2,26
2026-02-06,yeosu_central_town,102283,22,4,2,28
2026-02-07,yeosu_central_town,102283,22,4,2,28
2026-02-08,yeosu_central_town,102283,20,4,2,26
2026-02-09,yeosu_central_town,102283,20,4,2,26
2026-02-10,yeosu_central_town,102283,22,4,2,28
2026-02-11,yeosu_central_town,102283,22,2,2,26
2026-02-12,yeosu_central_town,102283,22,2,2,26
2026-02-13,yeosu_central_town,102283,23,2,1,26
2026-02-14,yeosu_central_town,102283,25,2,1,28
2026-02-15,yeosu_central_town,102283,25,2,1,28
2026-02-16,yeosu_central_town,102283,25,2,1,28
2026-02-17,yeosu_central_town,102283,25,2,1,28
2026-02-18,yeosu_central_town,102283,25,2,1,28
2026-02-19,yeosu_central_town,102283,25,2,1,28
2026-02-20,yeosu_central_town,102283,25,2,2,29
2026-02-21,yeosu_central_town,102283,27,4,2,33
2026-02-22,yeosu_central_town,102283,26,3,2,31
2026-02-23,yeosu_central_town,102283,26,3,2,31
2026-02-24,yeosu_central_town,102283,28,2,2,32
2026-02-25,yeosu_central_town,102283,28,2,2,32
2026-02-26,yeosu_central_town,102283,29,2,2,33
2026-02-27,yeosu_central_town,102283,30,2,0,32
2026-02-28,yeosu_central_town,102283,31,2,0,33
2026-03-02,yeosu_central_town,102283,31,2,0,33
2026-03-03,yeosu_central_town,102283,31,2,0,33
2026-03-04,yeosu_central_town,102283,32,2,0,34
2026-03-05,yeosu_central_town,102283,34,2,0,36
2026-03-06,yeosu_central_town,102283,31,2,0,33
2026-03-07,yeosu_central_town,102283,32,2,2,36
2026-03-08,yeosu_central_town,102283,33,2,2,37
2026-03-09,yeosu_central_town,102283,33,2,2,37
2026-03-10,yeosu_central_town,102283,32,2,2,36
2026-03-11,yeosu_central_town,102283,32,1,1,34
2026-03-12,yeosu_central_town,102283,32,0,0,32
2026-03-13,yeosu_central_town,102283,32,0,0,32
2026-03-14,yeosu_central_town,102283,33,0,0,33
2026-03-15,yeosu_central_town,102283,33,1,0,34
2026-03-16,yeosu_central_town,102283,33,1,0,34
2026-03-17,yeosu_central_town,102283,33,0,0,33
2026-03-18,yeosu_central_town,102283,33,0,0,33
2026-03-19,yeosu_central_town,102283,32,0,0,32
2026-03-20,yeosu_central_town,102283,32,0,0,32
2026-03-21,yeosu_central_town,102283,30,0,0,30
2026-03-23,yeosu_central_town,102283,29,0,0,29
2026-03-24,yeosu_central_town,102283,24,0,0,24
2026-03-25,yeosu_central_town,102283,24,0,0,24
2026-03-26,yeosu_central_town,102283,18,0,0,18
2026-03-27,yeosu_central_town,102283,20,0,0,20
2026-03-28,yeosu_central_town,102283,19,0,0,19
2026-03-29,yeosu_central_town,102283,19,0,0,19
2026-03-30,yeosu_central_town,102283,19,0,0,19
2026-03-31,yeosu_central_town,102283,20,0,0,20
2026-04-01,yeosu_central_town,102283,20,0,0,20
2026-04-02,yeosu_central_town,102283,20,0,0,20
2026-04-03,yeosu_central_town,102283,20,0,0,20
2026-04-04,yeosu_central_town,102283,19,0,0,19
2026-04-05,yeosu_central_town,102283,22,0,0,22
2026-04-06,yeosu_central_town,102283,21,0,0,21
2026-04-07,yeosu_central_town,102283,18,0,0,18
2026-04-08,yeosu_central_town,102283,19,0,0,19
2026-04-09,yeosu_central_town,102283,19,0,0,19
2026-04-10,yeosu_central_town,102283,19,0,0,19
2026-04-11,yeosu_central_town,102283,18,0,0,18
2026-04-12,yeosu_central_town,102283,18,0,0,18
2026-04-13,yeosu_central_town,102283,17,0,0,17
2026-04-14,yeosu_central_town,102283,18,0,0,18
2026-04-15,yeosu_central_town,102283,18,0,0,18
2026-04-16,yeosu_central_town,102283,19,0,0,19
2026-04-17,yeosu_central_town,102283,19,0,0,19
2026-04-18,yeosu_central_town,102283,20,0,0,20
2026-04-19,yeosu_central_town,102283,20,0,0,20
2026-04-20,yeosu_central_town,102283,20,0,0,20
2026-04-21,yeosu_central_town,102283,19,0,0,19
2026-04-22,yeosu_central_town,102283,19,0,0,19
2026-04-23,yeosu_central_town,102283,18,0,0,18
2026-04-24,yeosu_central_town,102283,21,0,0,21
2026-04-25,yeosu_central_town,102283,21,0,0,21
2026-04-26,yeosu_central_town,102283,21,0,0,21
2026-04-27,yeosu_central_town,102283,21,0,0,21
2026-04-28,yeosu_central_town,102283,20,0,0,20
2026-04-29,yeosu_central_town,102283,19,0,0,19
2026-04-30,yeosu_central_town,102283,17,0,0,17
2026-05-01,yeosu_central_town,102283,17,0,0,17
2026-05-02,yeosu_central_town,102283,16,0,0,16
2026-05-04,yeosu_central_town,102283,16,0,0,16
2026-05-05,yeosu_central_town,102283,14,0,0,14
2026-05-06,yeosu_central_town,102283,15,0,0,15
2026-05-07,yeosu_central_town,102283,15,0,0,15
2026-05-08,yeosu_central_town,102283,15,0,0,15
2026-05-09,yeosu_central_town,102283,15,0,0,15
2026-05-10,yeosu_central_town,102283,15,0,0,15
2026-05-11,yeosu_central_town,102283,15,0,0,15
2026-05-12,yeosu_central_town,102283,15,0,0,15
2026-05-13,yeosu_central_town,102283,15,0,0,15
2026-05-14,yeosu_central_town,102283,16,0,0,16
2026-05-15,yeosu_central_town,102283,17,1,0,18
2026-05-16,yeosu_central_town,102283,16,1,0,17
2026-05-17,yeosu_central_town,102283,16,1,0,17
2026-05-18,yeosu_central_town,102283,16,1,0,17
2026-05-19,yeosu_central_town,102283,16,1,0,17
2026-05-20,yeosu_central_town,102283,16,1,0,17
2026-05-21,yeosu_central_town,102283,15,1,0,16
2026-05-22,yeosu_central_town,102283,16,2,0,18
2026-05-23,yeosu_central_town,102283,16,2,0,18
2026-05-24,yeosu_central_town,102283,15,2,0,17
2026-05-25,yeosu_central_town,102283,15,2,0,17
2026-05-26,yeosu_central_town,102283,15,2,0,17
2026-05-27,yeosu_central_town,102283,15,2,0,17
2026-05-28,yeosu_central_town,102283,16,2,0,18
2026-05-29,yeosu_central_town,102283,16,2,0,18
2026-05-30,yeosu_central_town,102283,16,2,0,18
2026-05-31,yeosu_central_town,102283,16,2,0,18
2026-06-01,yeosu_central_town,102283,16,2,0,18
2026-06-02,yeosu_central_town,102283,16,2,0,18
2026-06-03,yeosu_central_town,102283,16,2,0,18
2026-06-04,yeosu_central_town,102283,16,2,0,18
2026-06-05,yeosu_central_town,102283,16,2,0,18
2026-06-06,yeosu_central_town,102283,16,2,0,18
2026-06-07,yeosu_central_town,102283,17,2,0,19
2026-06-08,yeosu_central_town,102283,17,1,0,18
2026-06-09,yeosu_central_town,102283,17,1,0,18
2026-06-10,yeosu_central_town,102283,18,1,0,19
2026-06-11,yeosu_central_town,102283,18,2,0,20
2026-06-12,yeosu_central_town,102283,18,2,0,20
2026-06-13,yeosu_central_town,102283,17,2,1,20
2026-06-14,yeosu_central_town,102283,17,2,1,20
2026-06-15,yeosu_central_town,102283,17,2,1,20
2026-06-16,yeosu_central_town,102283,17,1,1,19
2026-06-17,yeosu_central_town,102283,19,1,1,21
2026-06-18,yeosu_central_town,102283,22,0,1,23
2026-06-20,yeosu_central_town,102283,22,0,1,23
2026-06-21,yeosu_central_town,102283,22,0,1,23
2026-06-22,yeosu_central_town,102283,22,0,1,23
2026-06-23,yeosu_central_town,102283,22,0,1,23
2026-06-24,yeosu_central_town,102283,22,1,1,24
2026-06-25,yeosu_central_town,102283,22,2,1,25
2026-06-26,yeosu_central_town,102283,21,2,1,24
2026-06-27,yeosu_central_town,102283,22,2,1,25
2026-06-28,yeosu_central_town,102283,22,2,1,25
2026-06-29,yeosu_central_town,102283,22,2,1,25
2026-06-30,yeosu_central_town,102283,22,4,1,27
2026-07-01,yeosu_central_town,102283,22,4,1,27
2026-07-02,yeosu_central_town,102283,19,2,1,22
2026-07-03,yeosu_central_town,102283,19,2,1,22
2026-07-04,yeosu_central_town,102283,18,2,0,20
2026-07-05,yeosu_central_town,102283,16,2,0,18
2026-07-06,yeosu_central_town,102283,16,2,0,18
2026-07-07,yeosu_central_town,102283,13,2,0,15
2026-07-08,yeosu_central_town,102283,13,2,0,15
2026-07-09,yeosu_central_town,102283,13,2,0,15
2026-07-10,yeosu_central_town,102283,14,2,0,16
2026-07-11,yeosu_central_town,102283,15,2,0,17
2026-07-12,yeosu_central_town,102283,15,2,0,17
2026-07-13,yeosu_central_town,102283,15,2,0,17
2026-07-14,yeosu_central_town,102283,15,2,0,17
2026-07-15,yeosu_central_town,102283,17,2,0,19
2026-07-17,yeosu_central_town,102283,17,2,0,19
2026-07-18,yeosu_central_town,102283,16,2,0,18
2026-07-19,yeosu_central_town,102283,17,3,0,20
2026-07-20,yeosu_central_town,102283,17,2,0,19
2026-07-21,yeosu_central_town,102283,16,2,0,18
2026-07-23,yeosu_central_town,102283,17,2,0,19
2026-07-24,yeosu_central_town,102283,15,2,0,17
2026-07-25,yeosu_central_town,102283,15,2,0,17
2026-07-26,yeosu_central_town,102283,15,2,0,17
2026-07-27,yeosu_central_town,102283,13,2,0,15
2026-07-28,yeosu_central_town,102283,15,2,0,17
2026-07-29,yeosu_central_town,102283,16,2,0,18
2026-07-30,yeosu_central_town,102283,16,2,0,18
2026-07-31,yeosu_central_town,102283,18,2,0,20
2026-08-01,yeosu_central_town,102283,18,4,0,22
2026-08-02,yeosu_central_town,102283,18,4,0,22
2026-08-03,yeosu_central_town,102283,18,2,0,20
2026-08-04,yeosu_central_town,102283,18,3,0,21
2026-08-05,yeosu_central_town,102283,18,3,0,21
2026-08-06,yeosu_central_town,102283,18,3,0,21
2026-08-07,yeosu_central_town,102283,18,3,0,21
2026-08-08,yeosu_central_town,102283,18,1,0,19
2026-08-09,yeosu_central_town,102283,17,1,0,18
2026-08-10,yeosu_central_town,102283,17,1,0,18
2026-08-11,yeosu_central_town,102283,20,1,0,21
2026-08-12,yeosu_central_town,102283,20,1,0,21
2026-08-14,yeosu_central_town,102283,19,1,0,20
2026-08-15,yeosu_central_town,102283,23,1,0,24
2026-08-16,yeosu_central_town,102283,23,2,0,25
2026-08-17,yeosu_central_town,102283,23,2,0,25
2026-08-18,yeosu_central_town,102283,22,2,0,24
2026-08-19,yeosu_central_town,102283,23,3,0,26
2026-08-20,yeosu_central_town,102283,27,3,0,30
2026-08-21,yeosu_central_town,102283,27,3,0,30
2026-08-22,yeosu_central_town,102283,27,2,0,29
2026-08-23,yeosu_central_town,102283,27,2,0,29
2026-08-25,yeosu_central_town,102283,27,2,0,29
2026-08-26,yeosu_central_town,102283,29,2,0,31
2026-08-27,yeosu_central_town,102283,27,2,0,29
2026-08-28,yeosu_central_town,102283,28,2,0,30
2026-08-29,yeosu_central_town,102283,28,2,0,30
2026-08-30,yeosu_central_town,102283,26,2,0,28
2026-08-31,yeosu_central_town,102283,24,2,0,26
2026-09-01,yeosu_central_town,102283,27,2,1,30
2026-09-02,yeosu_central_town,102283,28,2,1,31
2026-09-03,yeosu_central_town,102283,28,2,1,31
2026-09-04,yeosu_central_town,102283,30,2,1,33
2026-09-05,yeosu_central_town,102283,30,2,1,33
2026-09-06,yeosu_central_town,102283,25,2,1,28
2026-09-07,yeosu_central_town,102283,25,2,1,28
2026-09-09,yeosu_central_town,102283,27,2,1,30
2026-09-11,yeosu_central_town,102283,26,2,1,29
2026-09-12,yeosu_central_town,102283,26,2,1,29
2026-09-13,yeosu_central_town,102283,26,2,1,29
2026-09-14,yeosu_central_town,102283,22,2,1,25
2026-09-15,yeosu_central_town,102283,24,2,1,27
2026-09-16,yeosu_central_town,102283,24,2,2,28
2026-09-17,yeosu_central_town,102283,23,2,2,27
2026-09-18,yeosu_central_town,102283,22,2,2,26
2026-09-19,yeosu_central_town,102283,20,2,2,24
2026-09-20,yeosu_central_town,102283,22,1,2,25
2026-09-21,yeosu_central_town,102283,22,1,2,25
2026-09-22,yeosu_central_town,102283,22,1,2,25
2026-09-23,yeosu_central_town,102283,22,1,2,25
2026-09-24,yeosu_central_town,102283,20,1,2,23
2026-09-25,yeosu_central_town,102283,20,1,2,23
2026-09-27,yeosu_central_town,102283,19,1,2,22
2026-09-28,yeosu_central_town,102283,19,1,2,22
