uid,grp,complex_id,deal,price,rent,dong,floor,excl_area,supply_area,desc,broker,realtors,posted,first_seen,last_seen,price_changed,prev_price,active
2648849690,2653301191,godeok_central_ipark,sale,200000,,507,저,84.91,115.36,세안고 풀에어컨 풀옵션 정남향 중앙동,고덕신흥공인중개사사무소,14,2026-09-10,2026-10-09,2026-10-10,,,1
2648901457,2654461237,godeok_central_ipark,wolse,60000,200,514,저,84.97,115.81,"풀에어컨,우수학군.보증금조정가",신고덕(427-8955)공인중개사사무소,34,2026-09-10,2026-10-09,2026-10-10,,,1
2648942028,2653437251,godeok_central_ipark,jeonse,85000,,505,중,59.97,82.26,무융자 앞동선호 채광우수 반월세가능,고덕무지개공인중개사사무소,4,2026-09-10,2026-10-09,2026-10-10,,,1
2648943657,2653276093,godeok_central_ipark,sale,190000,,502,고,59.99,82.70,"입주매매,올확장,세대지하창고,엘베2대 생활편리",단지내이레(443-6606)공인중개사사무소,4,2026-09-10,2026-10-09,2026-10-10,,,1
2648950999,2654479776,godeok_central_ipark,sale,190000,,502,저,59.97,82.26,"시스템에어컨 올확장,상일동역이동편리 커뮤니티시설우수 세대지하창고",고덕굿모닝(437-6009)공인중개사사무소,38,2026-09-10,2026-10-09,2026-10-10,,,1
2649016497,2649016497,godeok_central_ipark,jeonse,105000,,514,저,84.97,115.81,풀에어컨 수납우수타입 반월세 5억220가능 11월입주,고덕무지개공인중개사사무소,1,2026-09-10,2026-10-09,2026-10-10,,,1
2649189581,2654475080,godeok_central_ipark,sale,220000,,506,중,84.91,115.36,세안고 에5 중문 김치냉장고 조명공사 실링팬 인테리어필름 보면 반하죠,고덕강남부동산공인중개사사무소,24,2026-09-11,2026-10-09,2026-10-10,,,1
2649225207,2654397102,godeok_central_ipark,wolse,40000,200,501,고,59.97,82.26,초록 숲 전망 최상. 시스템 에어컨. 신혼 추천.,(TOP)선사현대공인중개사사무소,27,2026-09-11,2026-10-09,2026-10-10,,,1
2649241673,2654480880,godeok_central_ipark,jeonse,85000,,505,10,59.97,82.26,추천전세 채광좋은 정남향 지하철역과 가까운동,강동위드공인중개사사무소,57,2026-09-11,2026-10-09,2026-10-10,,,1
2649243265,2654420855,godeok_central_ipark,sale,220000,,513,저,84.91,115.36,"입주매매,올확장,풀시스템에어컨,단지내 안쪽으로 조용한 동,학교마트근접",단지내이레(443-6606)공인중개사사무소,9,2026-09-11,2026-10-09,2026-10-10,,,1
2649246919,2654479776,godeok_central_ipark,sale,190000,,502,저,59.97,82.26,세안고. 채광좋은 남향. 고품격 커뮤니티. 숲속도서관5분컷.학세권.,골드공인중개사사무소,38,2026-09-11,2026-10-09,2026-10-10,,,1
2649291995,2653730310,godeok_central_ipark,sale,190000,,505,중,59.97,82.26,"정남향,역가까운동,로얄층",단지내길공인중개사사무소,49,2026-09-11,2026-10-09,2026-10-10,,,1
2649293966,2653757148,godeok_central_ipark,sale,185000,,519,저,59.91,82.42,"입주매매,해잘드는집,선호타입",단지내길공인중개사사무소,31,2026-09-11,2026-10-09,2026-10-10,,,1
2649415105,2654397102,godeok_central_ipark,wolse,40000,200,501,15,59.97,82.26,선융자 없음. 시스템에어컨. 상가동인접. 트인전망고층뷰.,원스탑공인중개사사무소,27,2026-09-12,2026-10-09,2026-10-10,,,1
2649416049,2653486221,godeok_central_ipark,wolse,40000,200,501,고,59.97,82.26,선융자없음. 시스템에어컨. 트인전망고층뷰. 세대별지하창고.,원스탑공인중개사사무소,2,2026-09-12,2026-10-09,2026-10-10,,,1
2649436546,2654397102,godeok_central_ipark,wolse,40000,200,501,15,59.97,82.26,"로얄동층, 시스템에어컨, 김치냉장고, 오븐,입주일협의",자이스타공인중개사사무소,27,2026-09-12,2026-10-09,2026-10-10,,,1
2649441014,2654479755,godeok_central_ipark,sale,220000,,518,저,84.97,115.81,T 02 3013 2500 풀옵션 풀인테리어 학교 커뮤 근접동 트인뷰,부동산뉴스공인중개사사무소,27,2026-09-12,2026-10-09,2026-10-10,,,1
2649460806,2654397102,godeok_central_ipark,wolse,40000,200,501,15,59.97,82.26,고층 공원뷰 입주 11월말이후 협의가능,효성해링턴공인중개사사무소,27,2026-09-12,2026-10-09,2026-10-10,,,1
2649461265,2654397102,godeok_central_ipark,wolse,40000,200,501,15,59.97,82.26,트인뷰 에어컨 편리한동 컨디션굿,고덕신흥공인중개사사무소,27,2026-09-12,2026-10-09,2026-10-10,,,1
2649479963,2653730310,godeok_central_ipark,sale,190000,,505,중,59.97,82.26,"정남향, 시스템에어컨, 밝은집.",단지내이레(443-6606)공인중개사사무소,49,2026-09-12,2026-10-09,2026-10-10,,,1
2649482065,2654397102,godeok_central_ipark,wolse,40000,200,501,고,59.97,82.26,"고층 트인 전망, 시스템에어컨, 김치냉장고",OK그라시움(426-4933)공인중개사사무소,27,2026-09-12,2026-10-09,2026-10-10,,,1
2649569251,2649569251,godeok_central_ipark,sale,215000,,506,중,84.91,115.36,입주가능 정남향 역가까운 컨디션최상,고덕신흥공인중개사사무소,1,2026-09-14,2026-10-09,2026-10-10,,,1
2649578465,2654479776,godeok_central_ipark,sale,190000,,502,저,59.97,82.26,세안고 에어컨 김냉 정남향 컨디션최상,고덕신흥공인중개사사무소,38,2026-09-14,2026-10-09,2026-10-10,,,1
2649607609,2653437251,godeok_central_ipark,jeonse,83000,,505,중,59.97,82.26,강.추.남향.로열동.층.컨디션굿.고일초인접.고품격거뮤니티.,골드공인중개사사무소,4,2026-09-14,2026-10-09,2026-10-10,,,1
2649611876,2649611876,godeok_central_ipark,jeonse,85000,,501,중,59.97,82.26,채광 트인뷰 날짜협의가능 시스템에어컨 반월세가능,고덕무지개공인중개사사무소,1,2026-09-14,2026-10-09,2026-10-10,,,1
2649613473,2649613473,godeok_central_ipark,wolse,65000,80,505,중,59.97,82.26,강.추.도보역세권.채광좋은 남향.컨디션 굿.넓은세대창고.,골드공인중개사사무소,1,2026-09-14,2026-10-09,2026-10-10,,,1
2649655322,2654479776,godeok_central_ipark,sale,190000,,502,저,59.97,82.26,"선호타입,안정되뷰,전세승계매물",신고덕(427-8955)공인중개사사무소,38,2026-09-14,2026-10-09,2026-10-10,,,1
2649663384,2653730310,godeok_central_ipark,sale,190000,,505,중,59.97,82.26,정남향 단지초입지하철근접동 햇살가득밝고환한집 시스템에2,고덕강남부동산공인중개사사무소,49,2026-09-14,2026-10-09,2026-10-10,,,1
2649719122,2653757148,godeok_central_ipark,sale,185000,,519,저,59.91,82.42,,고일공인중개사사무소,31,2026-09-14,2026-10-09,2026-10-10,,,1
2649727675,2654397102,godeok_central_ipark,wolse,40000,200,501,15,59.97,82.26,,고일공인중개사사무소,27,2026-09-14,2026-10-09,2026-10-10,,,1
2649764567,2653301191,godeok_central_ipark,sale,200000,,507,저,84.91,115.36,추천 세안고 판상형 거실공간넉넉 개별창고 9호선,고덕무지개공인중개사사무소,14,2026-09-14,2026-10-09,2026-10-10,,,1
2649829223,2654397102,godeok_central_ipark,wolse,40000,200,501,고,59.97,82.26,빠른 입주.시스템에어컨.귀한월세,김앤김그라시움공인,27,2026-09-15,2026-10-09,2026-10-10,,,1
2649909925,2653730310,godeok_central_ipark,sale,190000,,505,중,59.97,82.26,명문학군 상가 지하철 가까운동 커뮤니티 세종고속도로개통 9호선공사중,고덕거성공인중개사사무소,49,2026-09-15,2026-10-09,2026-10-10,,,1
2649965735,2654461237,godeok_central_ipark,wolse,60000,200,514,저,84.97,115.81,"34,막힘 없는 정원 뷰,고일초,숲도서관 근접,관리잘 된 집",고일공인중개사사무소,34,2026-09-15,2026-10-09,2026-10-10,,,1
2649971593,2654480793,godeok_central_ipark,wolse,65000,100,505,중,59.97,82.26,"정남향, 빠른입주환영,역가까운동",단지내길공인중개사사무소,50,2026-09-15,2026-10-09,2026-10-10,2026-10-10,65000,1
2649980794,2654461237,godeok_central_ipark,wolse,50000,220,514,저,84.97,115.81,보증금조정가 채광우수 우수커뮤너티 풀에어컨 수납우수타입,고덕무지개공인중개사사무소,34,2026-09-15,2026-10-09,2026-10-10,,,1
2649989369,2654480912,godeok_central_ipark,jeonse,95000,,514,저,84.91,115.36,"귀한 전세, 장기거주가능, 풀에,중문,식세기, 12월입주,넓은세대창고",강동명문공인중개사사무소,48,2026-09-15,2026-10-09,2026-10-10,,,1
2650017485,2650017485,godeok_central_ipark,wolse,40000,200,501,고,59.97,82.26,금터 25A 선호동 선호타입 사계절 힐링 숲세권 조망이 대세,고덕그라시움금터부동산공인중개사사무소,1,2026-09-15,2026-10-09,2026-10-10,,,1
2650038990,2654397102,godeok_central_ipark,wolse,40000,200,501,고,59.97,82.26,빠른 입주.시스템에어컨.귀한월세,김앤김그라시움공인,27,2026-09-16,2026-10-09,2026-10-10,,,1
2650040042,2653730310,godeok_central_ipark,sale,190000,,505,중,59.97,82.26,"로얄층, 로얄동, 시스템 에어컨, 커뮤너티시설 굳, 전자계약 가능",금성CB부동산중개,49,2026-09-16,2026-10-09,2026-10-10,,,1
2650061815,2654480793,godeok_central_ipark,wolse,65000,80,505,중,59.97,82.26,추천 무융자 보증금조정가능 10월입주 시스템에어컨 앞동선호,고덕무지개공인중개사사무소,50,2026-09-16,2026-10-09,2026-10-10,,,1
2650064714,2654480880,godeok_central_ipark,jeonse,83000,,505,중,59.97,82.26,역세권 탁트인뷰 남향,가로등공인중개사사무소,57,2026-09-16,2026-10-09,2026-10-10,,,1
2650093988,2654420855,godeok_central_ipark,sale,220000,,513,저,84.91,115.36,입주추천 판상형 풀애어컨 내부상태우수 커뮤너티근접 단지내 조경뷰,고덕무지개공인중개사사무소,9,2026-09-16,2026-10-09,2026-10-10,,,1
2650104386,2654480793,godeok_central_ipark,wolse,65000,80,505,10,59.97,82.26,정남 역가까운동 채광 통풍좋음 커뮤니티굿 지하세대창고.,상일설연부동산중개,50,2026-09-16,2026-10-09,2026-10-10,,,1
2650106570,2654480880,godeok_central_ipark,jeonse,85000,,505,중,59.97,82.26,"선호인기동,반전세가능,협의",신고덕(427-8955)공인중개사사무소,57,2026-09-16,2026-10-09,2026-10-10,,,1
2650108269,2654480793,godeok_central_ipark,wolse,65000,80,505,중,59.97,82.26,"인기선호동,10월입주,햇살가득",신고덕(427-8955)공인중개사사무소,50,2026-09-16,2026-10-09,2026-10-10,,,1
2650120945,2653730310,godeok_central_ipark,sale,190000,,505,중,59.97,82.26,뛰어라. 입주매매. 정남향 햇살좋은집. 풀옵션.,뛰어라공인중개사사무소,49,2026-09-16,2026-10-09,2026-10-10,,,1
2650167217,2653757148,godeok_central_ipark,sale,185000,,519,저,59.91,82.42,"역세권, 단지내 전망, 편의시설우수, 입주가능",고덕하나부동산공인중개사사무소,31,2026-09-16,2026-10-09,2026-10-10,,,1
2650214651,2653757148,godeok_central_ipark,sale,185000,,519,저,59.91,82.42,"단지트인정원 남향 바로앞고일초 교통, 학군, 편의시설 좋음",반도부동산공인중개사사무소,31,2026-09-16,2026-10-09,2026-10-10,,,1
2650219271,2654480912,godeok_central_ipark,jeonse,95000,,514,저,84.91,115.36,일등매물 26년12월초순 풀에어컨 옵션좋음,고덕일등공인중개사사무소,48,2026-09-17,2026-10-09,2026-10-10,,,1
2650234506,2653276093,godeok_central_ipark,sale,190000,,502,고,59.99,82.70,입주매매 9호선28년 예정 우수한학군,채운공인중개사사무소,4,2026-09-17,2026-10-09,2026-10-10,,,1
2650268072,2653730310,godeok_central_ipark,sale,190000,,505,중,59.97,82.26,로얄동.층 채광 좋은 정남향 내부깔끔 시스템에어컨 풀옵션 트인 단지 조망,미르(426-1120)공인중개사사무소,49,2026-09-17,2026-10-09,2026-10-10,,,1
2650307284,2654479776,godeok_central_ipark,sale,190000,,502,저,59.97,82.26,"뛰어라,세안고,올확장,정남향,우수커뮤니티,세대창고",뛰어라공인중개사사무소,38,2026-09-17,2026-10-09,2026-10-10,,,1
2650308315,2654479755,godeok_central_ipark,sale,220000,,518,저,84.97,115.81,,뛰어라공인중개사사무소,27,2026-09-17,2026-10-09,2026-10-10,,,1
2650312073,2654461237,godeok_central_ipark,wolse,60000,200,514,7,84.97,115.81,로얄동층. 트인뷰. 풀에어컨. 관리잘된집. 보증금조정가능,그라시움하늘공인중개사사무소,34,2026-09-17,2026-10-09,2026-10-10,,,1
2650349228,2653730310,godeok_central_ipark,sale,190000,,505,중,59.97,82.26,"늦은입주,역가까운동,채광 통풍좋음,커뮤니티굿,지하세대창고.",고덕설연공인중개사사무소,49,2026-09-17,2026-10-09,2026-10-10,,,1
2650350007,2654479776,godeok_central_ipark,sale,190000,,502,저,59.97,82.26,"세안고,통풍잘되는구조,정남향,세대창고,커뮤니티굿.",고덕설연공인중개사사무소,38,2026-09-17,2026-10-09,2026-10-10,,,1
2650376167,2653730310,godeok_central_ipark,sale,190000,,505,중,59.97,82.26,추천. 입주매매. 정남향. 풀옵션. 집상태최상,그라시움하늘공인중개사사무소,49,2026-09-17,2026-10-09,2026-10-10,,,1
2650408984,2653730310,godeok_central_ipark,sale,190000,,505,중,59.97,82.26,"입주 채광좋은 정남향 단지초입 로얄동,층 옵션굿",고덕명가공인중개사사무소,49,2026-09-17,2026-10-09,2026-10-10,,,1
2650451739,2653276093,godeok_central_ipark,sale,190000,,502,고,59.99,82.70,트인조망 선호하는타입 깔끔 거주편리 좋은집 입니다,대일공인중개사사무소,4,2026-09-18,2026-10-09,2026-10-10,,,1
2650495672,2653730310,godeok_central_ipark,sale,190000,,505,중,59.97,82.26,전자계약 공동환영 세안고 올확장 올수리된 깔끔한집,가온누리부동산중개법인주식회사,49,2026-09-18,2026-10-09,2026-10-10,,,1
2650506602,2653757148,godeok_central_ipark,sale,185000,,519,저,59.91,82.42,"입주매매, 고일초인접, 트인뷰",단지내이레(443-6606)공인중개사사무소,31,2026-09-18,2026-10-09,2026-10-10,,,1
2650510290,2654479776,godeok_central_ipark,sale,190000,,502,저,59.97,82.26,세안고매매 집보여드림 시스템에어컨 내부깨끗 정남향 채광우수 넓은 단지뷰,미르(426-1120)공인중개사사무소,38,2026-09-18,2026-10-09,2026-10-10,,,1
2650624433,2654461237,godeok_central_ipark,wolse,60000,200,514,7,84.97,115.81,"보증금조정가, 입주협의, 채광좋은 중앙동, 커뮤니티 우수,",상일설연부동산중개,34,2026-09-18,2026-10-09,2026-10-10,,,1
2650624832,2653730310,godeok_central_ipark,sale,190000,,505,중,59.97,82.26,시스템에어컨. 지하철가까운동. 세대지하창고. 우수커뮤니티시설,고덕굿모닝(437-6009)공인중개사사무소,49,2026-09-18,2026-10-09,2026-10-10,,,1
2650714611,2654480880,godeok_central_ipark,jeonse,83000,,505,10,59.97,82.26,전세추천 융무 시스템에어컨 김냉 쿡탑 컨디션좋고 채광좋음,고덕대박(428-8600)공인중개사사무소,57,2026-09-19,2026-10-09,2026-10-10,,,1
2650750805,2653730310,godeok_central_ipark,sale,190000,,505,중,59.97,82.26,깔끔하고쾌적해요,시범공인중개사,49,2026-09-19,2026-10-09,2026-10-10,,,1
2650797318,2654479776,godeok_central_ipark,sale,190000,,502,저,59.97,82.26,추천. 세안고매매. 정남향. 채광굿. 관리잘된집,그라시움하늘공인중개사사무소,38,2026-09-19,2026-10-09,2026-10-10,,,1
2650798559,2654161463,godeok_central_ipark,sale,215000,,516,저,84.97,115.81,"27년 4월 입주가능,신축급, 학군좋고,전철인접,커뮤니티좋은 남향집",양지부동산 공인중개사 사무소,5,2026-09-19,2026-10-09,2026-10-10,,,1
2650800246,2654480880,godeok_central_ipark,jeonse,85000,,505,중,59.97,82.26,정남 역가까운동 채광 통풍좋음 커뮤니티굿 지하세대창고.,상일설연부동산중개,57,2026-09-19,2026-10-09,2026-10-10,,,1
2650800438,2654479776,godeok_central_ipark,sale,190000,,502,저,59.97,82.26,"세안고,상일역 상가가까운동,올확장,세대창고,커뮤니티굿.",상일설연부동산중개,38,2026-09-19,2026-10-09,2026-10-10,,,1
2650813680,2654461237,godeok_central_ipark,wolse,40000,280,514,저,84.97,115.81,보증금협의 최고로얄동 넓은파우더룸 풀에어컨,부동산뉴스공인중개사사무소,34,2026-09-19,2026-10-09,2026-10-10,,,1
2650894906,2654450965,godeok_central_ipark,sale,195000,,510,저,74.88,102.27,"공동환영, 에어컨 풀, 정상입주,주인거주, 내부깔끔",사가정아이파크대신공인중개사사무소,4,2026-09-21,2026-10-09,2026-10-10,,,1
2650904387,2654480912,godeok_central_ipark,jeonse,95000,,514,저,84.91,115.36,풀에어컨 트인뷰 로얄동 장기거주가,고덕신흥공인중개사사무소,48,2026-09-21,2026-10-09,2026-10-10,,,1
2650943262,2654480912,godeok_central_ipark,jeonse,95000,,514,저,84.91,115.36,T 02 3013 2500 풀옵션 인테리어 밀레식세기 디트리쉬인덕션 강추,부동산뉴스공인중개사사무소,48,2026-09-21,2026-10-09,2026-10-10,,,1
2650983888,2654233289,godeok_central_ipark,jeonse,95000,,505,고,59.97,82.26,T3013 2500 채광굿 탁트인조망 햇살가득 사계절느낄수있는집,부동산뉴스공인중개사사무소,17,2026-09-21,2026-10-09,2026-10-10,,,1
2650988312,2653301191,godeok_central_ipark,sale,200000,,507,저,84.91,115.36,정남향 채광좋은 초록초록 정원 뷰 풀에어컨 세안고,그라시움이화공인중개사사무소,14,2026-09-21,2026-10-09,2026-10-10,,,1
2651029146,2653757148,godeok_central_ipark,sale,185000,,519,저,59.91,82.42,추천입주 트인뷰 내부상태우수 입주협의 커뮤너티근접,고덕무지개공인중개사사무소,31,2026-09-21,2026-10-09,2026-10-10,,,1
2651054841,2653757148,godeok_central_ipark,sale,185000,,519,저,59.91,82.42,"추천,늦은입주, 풀에,수납력 좋음,개방감 좋은 밝은집,커뮤니티 우수,",강동명문공인중개사사무소,31,2026-09-21,2026-10-09,2026-10-10,,,1
2651074847,2654480912,godeok_central_ipark,jeonse,95000,,514,저,84.91,115.36,"34, 중앙공원 트인 뷰,고일초,숲도서관 근접,옵션 잘 됨. 장기거죽가능",고일공인중개사사무소,48,2026-09-21,2026-10-09,2026-10-10,,,1
2651138888,2654481546,godeok_central_ipark,jeonse,110000,,514,7,84.97,115.81,11월30일 고정 풀에어컨 트인뷰 밝은집,고덕자이(441-0109)공인중개사사무소,32,2026-09-21,2026-10-09,2026-10-10,,,1
2651140250,2654481546,godeok_central_ipark,jeonse,110000,,514,저,84.97,115.81,"추.천. 귀한 34P전세,에풀,11월말,반전세가능, 밝고 관리 잘된집,",강동명문공인중개사사무소,32,2026-09-21,2026-10-09,2026-10-10,,,1
2651167287,2654479755,godeok_central_ipark,sale,220000,,518,저,84.97,115.81,추천. 입주매매. 선호타입. 고일초3분거리. 관리잘된집,그라시움하늘공인중개사사무소,27,2026-09-21,2026-10-09,2026-10-10,,,1
2651203214,2651203214,godeok_central_ipark,sale,240000,,512,고,102.85,139.37,단독 입주 뻥뷰 풀에어컨 풀옵션,고덕신흥공인중개사사무소,1,2026-09-22,2026-10-09,2026-10-10,,,1
2651211797,2651211797,godeok_central_ipark,wolse,65000,70,515,중,59.97,82.26,무융자 시스템에어컨 중문 날짜 협의가능 앞동선호 손님만,고덕무지개공인중개사사무소,1,2026-09-22,2026-10-09,2026-10-10,,,1
2651227065,2654479755,godeok_central_ipark,sale,220000,,518,저,84.97,115.81,"입주매매,올확장,풀시스템에어컨,확트인뷰,로얄동층",단지내이레(443-6606)공인중개사사무소,27,2026-09-22,2026-10-09,2026-10-10,,,1
2651239749,2654480912,godeok_central_ipark,jeonse,95000,,514,저,84.91,115.36,대단지역세권 명문학군 풀옵션 녹지공간많고 유해시설없는 12월입주,고덕거성공인중개사사무소,48,2026-09-22,2026-10-09,2026-10-10,,,1
2651268766,2654475080,godeok_central_ipark,sale,220000,,506,중,84.91,115.36,"역세권, 풀옵션. 햇빛 가득한 트인 전망. 우아한 인테리어.",단지내행복그라시움공인중개사사무소,24,2026-09-22,2026-10-09,2026-10-10,,,1
2651278644,2654479755,godeok_central_ipark,sale,220000,,518,저,84.97,115.81,추천매물. 예쁜 단지뷰. 채광 좋음. 선호 동,사랑부동산공인중개사사무소,27,2026-09-22,2026-10-09,2026-10-10,,,1
2651282922,2654480880,godeok_central_ipark,jeonse,85000,,505,중,59.97,82.26,"역세권. 에어컨, 앞 트인 예쁜 전망. 채광 굿",단지내행복그라시움공인중개사사무소,57,2026-09-22,2026-10-09,2026-10-10,,,1
2651308878,2654480880,godeok_central_ipark,jeonse,85000,,505,10,59.97,82.26,역가까운동 정남향 트인뷰 에어컨,고덕신흥공인중개사사무소,57,2026-09-22,2026-10-09,2026-10-10,,,1
2651308985,2654480793,godeok_central_ipark,wolse,65000,80,505,중,59.97,82.26,정남향 트인뷰 에어컨 역가까운동,고덕신흥공인중개사사무소,50,2026-09-22,2026-10-09,2026-10-10,,,1
2651342223,2651342223,godeok_central_ipark,sale,220000,,512,중,84.97,115.81,"단.독.입주정상,에5,풀옵션, 관리상태최상,로얄동, 뻥뷰,손님만",강동명문공인중개사사무소,1,2026-09-22,2026-10-09,2026-10-10,,,1
2651342510,2654425523,godeok_central_ipark,wolse,65000,80,502,중,59.97,82.26,"강.력.추.천 25p월세, 무융,보6억100도 가능 관리잘된집,",강동명문공인중개사사무소,3,2026-09-22,2026-10-09,2026-10-10,2026-10-10,65000,1
2651365992,2654481546,godeok_central_ipark,jeonse,105000,,514,저,84.97,115.81,추천 풀시스템에어컨 예쁜단지조망 조용한동 명문학군지,고덕선경(428-3939)공인중개사사무소,32,2026-09-22,2026-10-09,2026-10-10,,,1
2651366984,2654461237,godeok_central_ipark,wolse,40000,260,514,저,84.97,115.81,보증금조정가 풀시스템에어컨 넒은동 간격 밝고환한집,고덕선경(428-3939)공인중개사사무소,34,2026-09-22,2026-10-09,2026-10-10,,,1
2651464973,2653757148,godeok_central_ipark,sale,185000,,519,저,59.91,82.42,T 02 3013 2500 채광좋음 눈부시게 깨끗한집 인프라훌륭,부동산뉴스공인중개사사무소,31,2026-09-23,2026-10-09,2026-10-10,,,1
2651468854,2654480880,godeok_central_ipark,jeonse,83000,,505,10,59.97,82.26,로얄동 풀옵션 정남향 채광굿 커뮤니티우수,고덕선경(428-3939)공인중개사사무소,57,2026-09-23,2026-10-09,2026-10-10,,,1
2651481681,2654475080,godeok_central_ipark,sale,220000,,506,중,84.91,115.36,"세안고 매매, 채광좋은 정남향,에풀, 로얄동층,우수커뮤니티",고덕현대공인중개사사무소,24,2026-09-23,2026-10-09,2026-10-10,,,1
2651531054,2654480912,godeok_central_ipark,jeonse,95000,,514,저,84.91,115.36,"역세권. 에어컨, 앞트인 정원 전망. 채광 좋은 뷰.",단지내행복그라시움공인중개사사무소,48,2026-09-23,2026-10-09,2026-10-10,,,1
2651560916,2653730310,godeok_central_ipark,sale,190000,,505,중,59.97,82.26,입주.학군.숲속도서관인접한 거주만족도 높음. 로열동.층.햇빛 좋은집.,골드공인중개사사무소,49,2026-09-23,2026-10-09,2026-10-10,,,1
2651850417,2654233289,godeok_central_ipark,jeonse,95000,,505,고,59.97,82.26,로얄동층 채광좋은집 판상형 커뮤니티우수 입주협의,고덕스카이공인중개사사무소,17,2026-09-28,2026-10-09,2026-10-10,,,1
2651861496,2654480912,godeok_central_ipark,jeonse,95000,,514,저,84.91,115.36,풀에어컨 식세기 단지내 공원뷰 커뮤너티근접동,고덕무지개공인중개사사무소,48,2026-09-28,2026-10-09,2026-10-10,,,1
2651878400,2654431495,godeok_central_ipark,sale,190000,,513,중,59.97,82.26,"입주매매,조용한 로얄동층,조합원옵션,우수학군,우수커뮤니티",단지내이레(443-6606)공인중개사사무소,3,2026-09-28,2026-10-09,2026-10-10,,,1
2651903371,2654479776,godeok_central_ipark,sale,190000,,502,저,59.97,82.26,대단지역세권 명문학군 풀옵션 녹지공간많고 유헤시설없는 고덕지구 세안고,고덕거성공인중개사사무소,38,2026-09-28,2026-10-09,2026-10-10,,,1
2651913889,2653730310,godeok_central_ipark,sale,190000,,505,중,59.97,82.26,입주 o 정남향 o 접근성좋은동 o 시스템에어컨 o 우수학군.세대창고,롯데공인중개사사무소,49,2026-09-28,2026-10-09,2026-10-10,,,1
2651950617,2654480880,godeok_central_ipark,jeonse,90000,,505,중,59.97,82.26,"역세권,풀옵션,채광 통풍좋음,커뮤니티굿,지하세대창고.",고덕설연공인중개사사무소,57,2026-09-28,2026-10-09,2026-10-10,2026-10-10,85000,1
2651950692,2654480912,godeok_central_ipark,jeonse,95000,,514,저,84.91,115.36,"추천로얄동,중앙광장뷰,풀에,엘베2대,12월입주,커뮤니티굿.",고덕설연공인중개사사무소,48,2026-09-28,2026-10-09,2026-10-10,,,1
2651954683,2654481546,godeok_central_ipark,jeonse,110000,,514,저,84.97,115.81,추천로얄동 중앙광장뷰 풀에 엘베2대 커뮤니티굿.,고덕설연공인중개사사무소,32,2026-09-28,2026-10-09,2026-10-10,,,1
2651958532,2654233289,godeok_central_ipark,jeonse,95000,,505,고,59.97,82.26,역세권 채광 통풍좋은집 커뮤니티굿 지하세대창고 넓음,고덕설연공인중개사사무소,17,2026-09-28,2026-10-09,2026-10-10,,,1
2651967966,2653730310,godeok_central_ipark,sale,190000,,505,중,59.97,82.26,"늦은입주,역가까운동,채광 통풍좋음,커뮤니티굿,지하세대창고.",상일설연부동산중개,49,2026-09-28,2026-10-09,2026-10-10,,,1
2651971398,2654480793,godeok_central_ipark,wolse,65000,120,505,중,59.97,82.26,지하철 가까운 인접동 정남향 채광좋음 시스템에어컨 풀옵션,그라시움이화공인중개사사무소,50,2026-09-28,2026-10-09,2026-10-10,,,1
2651992407,2653730310,godeok_central_ipark,sale,190000,,505,중,59.97,82.26,"입주,역가까운동,채광 통풍좋음,커뮤니티굿,지하세대창고.",고덕설연공인중개사사무소,49,2026-09-28,2026-10-09,2026-10-10,,,1
2651992679,2654479755,godeok_central_ipark,sale,220000,,518,저,84.97,115.81,"입주,막힘없는뷰,수납좋은구조,역가깝고 커뮤니티이용편리,세대창고.",고덕설연공인중개사사무소,27,2026-09-28,2026-10-09,2026-10-10,,,1
2651993512,2654480793,godeok_central_ipark,wolse,65000,120,505,10,59.97,82.26,"남향,학군굿,상일역 7분",고덕종점그라시움공인중개사사무소,50,2026-09-28,2026-10-09,2026-10-10,,,1
2651993650,2654475080,godeok_central_ipark,sale,220000,,506,중,84.91,115.36,"세안고,동간거리넓음,중앙광장뷰,채광좋음,관리잘된집,활용좋은커뮤니티",고덕설연공인중개사사무소,24,2026-09-28,2026-10-09,2026-10-10,,,1
2651994005,2651994005,godeok_central_ipark,sale,250000,,519,고,102.85,139.37,"정남향,초록뷰,학군우수,세안고,단독",고덕종점그라시움공인중개사사무소,1,2026-09-28,2026-10-09,2026-10-10,,,1
2651995531,2654365885,godeok_central_ipark,jeonse,88000,,501,중,59.97,82.26,로열동층. 상가지하철 이용편리. 세대창고. 시스템에어컨,원스탑공인중개사사무소,4,2026-09-28,2026-10-09,2026-10-10,,,1
2652009056,2653757148,godeok_central_ipark,sale,185000,,519,저,59.91,82.42,정확한 브리핑 준비된 집트윈정원뷰다양한 커뮤니티고일초 바로앞,에이원공인중개사사무소,31,2026-09-28,2026-10-09,2026-10-10,,,1
2652013089,2654479776,godeok_central_ipark,sale,190000,,502,저,59.97,82.26,"25세안고,남향 밝은 집,고일초근접,강동숲도서관 근접,상일동산",고일공인중개사사무소,38,2026-09-28,2026-10-09,2026-10-10,,,1
2652015613,2654480912,godeok_central_ipark,jeonse,95000,,514,저,84.91,115.36,"이쁜 단지뷰,전실 에어컨,옵션풍부,협의",신고덕(427-8955)공인중개사사무소,48,2026-09-28,2026-10-09,2026-10-10,,,1
2652016136,2654475080,godeok_central_ipark,sale,220000,,506,중,84.91,115.36,"인기선호동,앞트임좋아요,임차승계",신고덕(427-8955)공인중개사사무소,24,2026-09-28,2026-10-09,2026-10-10,,,1
2652018235,2654479755,godeok_central_ipark,sale,220000,,518,저,84.97,115.81,"입주.인기선호동,앞트임좋아요.우수학군",신고덕(427-8955)공인중개사사무소,27,2026-09-28,2026-10-09,2026-10-10,,,1
2652062766,2652062766,godeok_central_ipark,jeonse,88000,,501,중,59.97,82.26,시스템에어컨. 로열동층. 상가지하철이용편리. 세대별지하창고.,원스탑공인중개사사무소,1,2026-09-28,2026-10-09,2026-10-10,,,1
2652065512,2653743176,godeok_central_ipark,sale,190000,,501,중,59.97,82.26,입주. 시스템에어컨. 로열동층. 세대별지하창고.,원스탑공인중개사사무소,4,2026-09-28,2026-10-09,2026-10-10,,,1
2652066039,2652066039,godeok_central_ipark,sale,190000,,501,중,59.97,82.26,입주. 시스템에어컨. 로열동층. 상가지하철이용편리. 세대별지하창고.,원스탑공인중개사사무소,1,2026-09-28,2026-10-09,2026-10-10,,,1
2652069088,2654365885,godeok_central_ipark,jeonse,88000,,501,중,59.97,82.26,"커뮤니티최고시설, 시스템 에어컨, 학세권, 정상입주",경성공인중개사사무소,4,2026-09-28,2026-10-09,2026-10-10,,,1
2652078580,2653301191,godeok_central_ipark,sale,200000,,507,3,84.91,115.36,"커뮤니티최고시설,풀옵션,학세권고일초5분거리, 세끼고",경성공인중개사사무소,14,2026-09-28,2026-10-09,2026-10-10,,,1
2652090439,2654431495,godeok_central_ipark,sale,190000,,513,중,59.97,82.26,"늦은입주. 주인거주. 시스템에어컨,우수커뮤니티",참좋은공인중개사사무소,3,2026-09-28,2026-10-09,2026-10-10,,,1
2652090829,2653730310,godeok_central_ipark,sale,190000,,505,중,59.97,82.26,"늦은입주. 위치좋은 동, 정남향. 시스템에어컨,우수커뮤니티",참좋은공인중개사사무소,49,2026-09-28,2026-10-09,2026-10-10,,,1
2652095893,2654233289,godeok_central_ipark,jeonse,95000,,505,고,59.97,82.26,"입주협의, 역가까운동 ,우수한 커뮤니티굿, 유용한 지하세대창고.",상일설연부동산중개,17,2026-09-28,2026-10-09,2026-10-10,,,1
2652098092,2654481546,godeok_central_ipark,jeonse,110000,,514,저,84.97,115.81,"반전세가능, 입주협의, 채광좋은 중앙동, 쾌적한 주거환",상일설연부동산중개,32,2026-09-28,2026-10-09,2026-10-10,,,1
2652099939,2654480912,godeok_central_ipark,jeonse,95000,,514,저,84.91,115.36,"추천로얄동,중앙광장뷰,풀에,엘베2대,12월입주,커뮤니티굿.",상일설연부동산중개,48,2026-09-28,2026-10-09,2026-10-10,,,1
2652106654,2653730310,godeok_central_ipark,sale,190000,,505,중,59.97,82.26,T3013 2500 채광굿 탁트인조망 햇살가득 사계절느낄수있는집,부동산뉴스공인중개사사무소,49,2026-09-28,2026-10-09,2026-10-10,,,1
2652107409,2654479776,godeok_central_ipark,sale,190000,,502,저,59.97,82.26,세안고. 편안한 조경 뷰. 채광통풍좋은집. 풀시스템에어컨. 우수커뮤니티,참좋은공인중개사사무소,38,2026-09-28,2026-10-09,2026-10-10,,,1
2652107680,2653744117,godeok_central_ipark,sale,190000,,513,중,59.97,82.26,"주인거주중. 입주일 협의가능.옵션좋음.시스템에어컨,우수커뮤니티",참좋은공인중개사사무소,3,2026-09-28,2026-10-09,2026-10-10,,,1
2652109764,2654479755,godeok_central_ipark,sale,220000,,518,저,84.97,115.81,"입주협의. 위치좋은 동, 시스템에어컨,우수커뮤니티",참좋은공인중개사사무소,27,2026-09-28,2026-10-09,2026-10-10,,,1
2652110005,2654475080,godeok_central_ipark,sale,220000,,506,중,84.91,115.36,"세안고. 채광좋은 정남향, 시스템에어컨 풀,우수커뮤니티",참좋은공인중개사사무소,24,2026-09-28,2026-10-09,2026-10-10,,,1
2652110279,2654420855,godeok_central_ipark,sale,220000,,513,저,84.91,115.36,"입주협의. 추천매물. 안정감있는 조경뷰. 시스템에어컨,우수커뮤니티",참좋은공인중개사사무소,9,2026-09-28,2026-10-09,2026-10-10,,,1
2652118327,2654233289,godeok_central_ipark,jeonse,95000,,505,고,59.97,82.26,정남향 밝은집,고덕자이(441-0109)공인중개사사무소,17,2026-09-28,2026-10-09,2026-10-10,,,1
2652138678,2654461237,godeok_central_ipark,wolse,60000,200,514,저,84.97,115.81,정확한브리핑준비된집전세 월세 전부가능,에이원공인중개사사무소,34,2026-09-29,2026-10-09,2026-10-10,,,1
2652212323,2654479755,godeok_central_ipark,sale,220000,,518,저,84.97,115.81,입주협의 풀에어컨 풀옵션 내부 깨끗 트인뷰 지하철이용편리 세대창고,미르(426-1120)공인중개사사무소,27,2026-09-29,2026-10-09,2026-10-10,,,1
2652214200,2654479776,godeok_central_ipark,sale,190000,,502,저,59.97,82.26,세안고 단지내공원뷰 판상형 지하개별창고,고덕무지개공인중개사사무소,38,2026-09-29,2026-10-09,2026-10-10,,,1
2652221612,2654480912,godeok_central_ipark,jeonse,95000,,514,저,84.91,115.36,추천 로얄동층 예쁜정원조망 채광굿 풀옵션,고덕선경(428-3939)공인중개사사무소,48,2026-09-29,2026-10-09,2026-10-10,,,1
2652230648,2654480793,godeok_central_ipark,wolse,65000,100,505,10,59.97,82.26,"정남향의 채광좋은 집, 10월입주협의 ,우수커뮤니티,상일역 가까운동",단지내이레(443-6606)공인중개사사무소,50,2026-09-29,2026-10-09,2026-10-10,,,1
2652234679,2652234679,godeok_central_ipark,wolse,60000,110,501,중,59.97,82.26,"커뮤니티최고시설, 시스템 에어컨, 학세권, 융무, 정상입주",경성공인중개사사무소,1,2026-09-29,2026-10-09,2026-10-10,,,1
2652235211,2652235211,godeok_central_ipark,jeonse,85000,,501,중,59.97,82.26,"커뮤니티최고시설, 시스템 에어컨, 학세권, 융무, 정상입주",경성공인중개사사무소,1,2026-09-29,2026-10-09,2026-10-10,,,1
2652240077,2654480793,godeok_central_ipark,wolse,65000,70,505,10,59.97,82.26,"커뮤니티최고시설,풀옵션,학세권고일초5분거리,정상입주",경성공인중개사사무소,50,2026-09-29,2026-10-09,2026-10-10,,,1
2652241708,2654233289,godeok_central_ipark,jeonse,95000,,505,고,59.97,82.26,"커뮤니티최고시설, 시스템 에어컨, 학세권, 정상입주",경성공인중개사사무소,17,2026-09-29,2026-10-09,2026-10-10,,,1
2652248530,2654397102,godeok_central_ipark,wolse,40000,200,501,15,59.97,82.26,"커뮤니티최고시설, 시스템 에어컨, 트인뷰, 융무",경성공인중개사사무소,27,2026-09-29,2026-10-09,2026-10-10,,,1
2652249582,2654480912,godeok_central_ipark,jeonse,95000,,514,저,84.91,115.36,"커뮤니티최고시설, 풀옵션,학세권고일초5분거리,정상입주",경성공인중개사사무소,48,2026-09-29,2026-10-09,2026-10-10,,,1
2652273613,2653730310,godeok_central_ipark,sale,190000,,505,중,59.97,82.26,"25,정남향,단지초입,지하쳘 가까움,숲조망,명문학군,강동숲도서관",고일공인중개사사무소,49,2026-09-29,2026-10-09,2026-10-10,,,1
2652289976,2653441503,godeok_central_ipark,jeonse,95000,,514,저,84.91,115.36,풀에어컨.중문.엘베2대인기동.초등근접.우수학군.,미래신고덕(427-3600)공인중개사사무소,3,2026-09-29,2026-10-09,2026-10-10,,,1
2652329954,2654480793,godeok_central_ipark,wolse,65000,100,505,10,59.97,82.26,역세권 남향,가로등공인중개사사무소,50,2026-09-29,2026-10-09,2026-10-10,,,1
2652333927,2654480880,godeok_central_ipark,jeonse,83000,,505,중,59.97,82.26,,이화공인중개사,57,2026-09-29,2026-10-09,2026-10-10,,,1
2652334926,2654480793,godeok_central_ipark,wolse,65000,70,505,중,59.97,82.26,이화추천 최저가. 관리상태. 전세도 가능,이화공인중개사,50,2026-09-29,2026-10-09,2026-10-10,,,1
2652347946,2653894222,godeok_central_ipark,sale,220000,,507,고,84.91,115.36,"커뮤니티최고시설,풀옵션,학세권고일초5분거리,정상입주",경성공인중개사사무소,4,2026-09-29,2026-10-09,2026-10-10,,,1
2652355301,2654479776,godeok_central_ipark,sale,190000,,502,저,59.97,82.26,"25P 따뜻한 남향, 세안고 매매, 로얄층, 커뮤니티 우수단지",강동명문공인중개사사무소,38,2026-09-29,2026-10-09,2026-10-10,,,1
2652358055,2654480793,godeok_central_ipark,wolse,65000,100,505,중,59.97,82.26,"귀한 월세, 따뜻한 남향, 트인 뷰 세대창고, 전세가능,",강동명문공인중개사사무소,50,2026-09-29,2026-10-09,2026-10-10,2026-10-10,65000,1
2652359631,2654161463,godeok_central_ipark,sale,215000,,516,저,84.97,115.81,"지하철 상가 가까운동, 남향 ,우수 커뮤니티",성수트리마제공인중개사사무소,5,2026-09-29,2026-10-09,2026-10-10,,,1
2652378416,2654479755,godeok_central_ipark,sale,220000,,518,저,84.97,115.81,"커뮤니티최고시설,풀옵션,학세권고일초5분거리,정상입주",경성공인중개사사무소,27,2026-09-29,2026-10-09,2026-10-10,,,1
2652380685,2654475080,godeok_central_ipark,sale,220000,,506,중,84.91,115.36,"커뮤니티최고시설,풀옵션,학세권고일초5분거리,세끼고",경성공인중개사사무소,24,2026-09-29,2026-10-09,2026-10-10,,,1
2652384732,2654477384,godeok_central_ipark,sale,185000,,516,중,59.97,82.26,입주. 시스템에어컨. 로열동층. 세대별지하창고.,원스탑공인중개사사무소,5,2026-09-29,2026-10-09,2026-10-10,,,1
2652385131,2654420855,godeok_central_ipark,sale,220000,,513,저,84.91,115.36,"커뮤니티최고시설,풀에어컨,학세권고일초5분거리,정상입주",경성공인중개사사무소,9,2026-09-29,2026-10-09,2026-10-10,,,1
2652402333,2654480880,godeok_central_ipark,jeonse,83000,,505,10,59.97,82.26,융자무 햇살좋은정남향 시스템에어컨 로얄동층 통풍좋은판상형,고덕명가공인중개사사무소,57,2026-09-29,2026-10-09,2026-10-10,,,1
2652402661,2654480793,godeok_central_ipark,wolse,65000,70,505,10,59.97,82.26,역가까운동 로얄층 정남향 시스템에어컨 보증금조정가능,고덕명가공인중개사사무소,50,2026-09-29,2026-10-09,2026-10-10,,,1
2652416265,2653894222,godeok_central_ipark,sale,220000,,507,고,84.91,115.36,풀에어컨 중문 안방붙박이장 정남향 밝고채광좋은집,고덕자이(441-0109)공인중개사사무소,4,2026-09-29,2026-10-09,2026-10-10,,,1
2652413953,2653982340,godeok_central_ipark,jeonse,105000,,513,중,84.91,115.36,풀에어컨 내부상태깔끔 붙박이장 1월 입주 트인 고층뷰 무융자,고덕무지개공인중개사사무소,2,2026-09-30,2026-10-09,2026-10-10,,,1
2652458686,2653743176,godeok_central_ipark,sale,190000,,501,중,59.97,82.26,트인정남향 명문중고교학군 상가 구립도서관근거리 입주입니다,대일공인중개사,4,2026-09-30,2026-10-09,2026-10-10,,,1
2652464828,2654479755,godeok_central_ipark,sale,220000,,518,저,84.97,115.81,"전면이 트인뷰 ,초등교 근접,에어컨 풀, 안방붙박이장,중문,입주정상",센트럴부자공인중개사사무소,27,2026-09-30,2026-10-09,2026-10-10,,,1
2652467158,2653730310,godeok_central_ipark,sale,190000,,505,중,59.97,82.26,"정남향,에어컨 ,김냉.역세권 입주협의",센트럴부자공인중개사사무소,49,2026-09-30,2026-10-09,2026-10-10,,,1
2652478199,2654480880,godeok_central_ipark,jeonse,90000,,505,중,59.97,82.26,T3013 2500 채광굿 탁트인조망 햇살가득 사계절느낄수있는집,부동산뉴스공인중개사사무소,57,2026-09-30,2026-10-09,2026-10-10,,,1
2652484980,2654233289,godeok_central_ipark,jeonse,95000,,505,고,59.97,82.26,입주협의가 정남향 환기잘되는판상형 시스템에어컨,고덕선경(428-3939)공인중개사사무소,17,2026-09-30,2026-10-09,2026-10-10,,,1
2652501309,2652501309,godeok_central_ipark,sale,225000,,506,고,84.91,115.36,단독 로얄동층 채광좋은정남향 지하철가까운동 시스템에어컨,고덕스카이공인중개사사무소,1,2026-09-30,2026-10-09,2026-10-10,,,1
2652506098,2654397102,godeok_central_ipark,wolse,40000,200,501,고,59.97,82.26,T3013 2500 뉴스강추매물. 로얄동. 시원한뷰. 우수커뮤니티,부동산뉴스공인중개사사무소,27,2026-09-30,2026-10-09,2026-10-10,,,1
2652523693,2654480880,godeok_central_ipark,jeonse,83000,,505,10,59.97,82.26,골드추천.귀한전세. 햇살좋은 남향.고품격 커뮤니티 .명문학군.월세도가능.,골드공인중개사사무소,57,2026-09-30,2026-10-09,2026-10-10,,,1
2652524377,2654479755,godeok_central_ipark,sale,220000,,518,저,84.97,115.81,입주 강추. 고일초2분컷. 햇살좋은. 내부 컨디션굿. 고품격커뮤니티.,골드공인중개사사무소,27,2026-09-30,2026-10-09,2026-10-10,,,1
2652542911,2653730310,godeok_central_ipark,sale,190000,,505,중,59.97,82.26,상일동역도보7분 정남향 볕잘드는환한집,부동산앤코공인중개사사무소,49,2026-09-30,2026-10-09,2026-10-10,,,1
2652544193,2654481546,godeok_central_ipark,jeonse,110000,,514,저,84.97,115.81,반전세가능 입주협의 채광좋은 중앙동,고덕설연공인중개사사무소,32,2026-09-30,2026-10-09,2026-10-10,,,1
2652545175,2654480880,godeok_central_ipark,jeonse,83000,,505,10,59.97,82.26,"커뮤니티최고시설,풀옵션,학세권고일초5분거리,정상입주",경성공인중개사사무소,57,2026-09-30,2026-10-09,2026-10-10,,,1
2652550551,2654461237,godeok_central_ipark,wolse,60000,200,514,7,84.97,115.81,보증금조정가 입주협의 채광좋은 중앙동,고덕설연공인중개사사무소,34,2026-09-30,2026-10-09,2026-10-10,,,1
2652553982,2654481546,godeok_central_ipark,jeonse,110000,,514,저,84.97,115.81,"커뮤니티최고시설, 풀에어컨,학세권고일초5분거리,정상입주",경성공인중개사사무소,32,2026-09-30,2026-10-09,2026-10-10,,,1
2652554689,2654461237,godeok_central_ipark,wolse,40000,280,514,7,84.97,115.81,"커뮤니티최고시설, 풀에어컨,학세권,정상입주, 보증금 조정가능",경성공인중개사사무소,34,2026-09-30,2026-10-09,2026-10-10,,,1
2652558353,2652558353,godeok_central_ipark,sale,220000,,512,고,84.97,115.81,강추.탁.트인 조망권 .채광. 내부 컨디션 굿. 명문학군 인접. 수납좋음,골드공인중개사사무소,1,2026-09-30,2026-10-09,2026-10-10,,,1
2652565052,2653757148,godeok_central_ipark,sale,185000,,519,저,59.91,82.42,입주협의 햇빛좋은집 사계절트인뷰 세대창고 커뮤니티우수,고덕설연공인중개사사무소,31,2026-09-30,2026-10-09,2026-10-10,,,1
2652574404,2654461237,godeok_central_ipark,wolse,60000,200,514,저,84.97,115.81,귀한월세. 풀에어컨.고일초 인접. 채광굿. 컨디션갑. 넓은세대창고.,골드공인중개사사무소,34,2026-09-30,2026-10-09,2026-10-10,,,1
2652583785,2653141943,godeok_central_ipark,sale,205000,,517,저,84.97,115.81,입주매물 초품아 로얄동 뻥뷰 커뮤니티 9호선공사중,고덕거성공인중개사사무소,2,2026-09-30,2026-10-09,2026-10-10,,,1
2652584700,2652584700,godeok_central_ipark,sale,200000,,507,저,84.91,115.36,풀옵션 올확장 정원뷰 세안고매물 34최저가매물,고덕거성공인중개사사무소,1,2026-09-30,2026-10-09,2026-10-10,,,1
2652585651,2653301191,godeok_central_ipark,sale,200000,,507,저,84.91,115.36,대단지역세권 명문학군 풀옵션 녹지공간많고 유헤시설없는 고덕지구,고덕거성공인중개사사무소,14,2026-09-30,2026-10-09,2026-10-10,,,1
2652591074,2653757148,godeok_central_ipark,sale,185000,,519,저,59.91,82.42,"저층이지만 개방감 좋아요,우수학군,학년말 어서 이사오세요",신고덕(427-8955)공인중개사사무소,31,2026-09-30,2026-10-09,2026-10-10,,,1
2652665579,2654479755,godeok_central_ipark,sale,220000,,518,저,84.97,115.81,입주가능 트인뷰 풀에어컨 풀옵션 엘베2,고덕신흥공인중개사사무소,27,2026-10-01,2026-10-09,2026-10-10,,,1
2652665922,2653441503,godeok_central_ipark,jeonse,95000,,514,저,84.91,115.36,강력추천. 풀에어컨. 로얄동 로얄층. 장기거주가능.,고덕삼성공인중개사사무소,3,2026-10-01,2026-10-09,2026-10-10,,,1
2652687118,2654480793,godeok_central_ipark,wolse,65000,100,505,중,59.97,82.26,정남향 단지초입지하철근접동 햇살가득밝고환한집 시스템에2,고덕강남부동산공인중개사사무소,50,2026-10-01,2026-10-09,2026-10-10,,,1
2652694903,2652694903,godeok_central_ipark,sale,190000,,501,중,59.97,82.26,"25,막힘 없는 숲 뷰,고일초,숲도서관 근접,관리잘 된 집",고일공인중개사사무소,1,2026-10-01,2026-10-09,2026-10-10,,,1
2652700684,2654479755,godeok_central_ipark,sale,220000,,518,저,84.97,115.81,확트인밝고 환한집 에5 중문 붙박이장 주방엔지니어드스톤 풀옵션 엘베2,고덕강남부동산공인중개사사무소,27,2026-10-01,2026-10-09,2026-10-10,,,1
2652731325,2654479776,godeok_central_ipark,sale,190000,,502,저,59.97,82.26,갭투매매 로얄동층 정남향 판상형 커뮤니티우수 세대창고,고덕스카이공인중개사사무소,38,2026-10-01,2026-10-09,2026-10-10,,,1
2652782315,2652782315,godeok_central_ipark,sale,210000,,512,중,84.97,115.81,"전면이 트인뷰,시다양한 커뮤니티,계절창고 세안고",센트럴부자공인중개사사무소,1,2026-10-01,2026-10-09,2026-10-10,,,1
2652796422,2654161463,godeok_central_ipark,sale,215000,,516,저,84.97,115.81,"탁트인뷰,관리잘된집,커뮤니티상가이용편리동",단지내길공인중개사사무소,5,2026-10-01,2026-10-09,2026-10-10,,,1
2652823385,2654480880,godeok_central_ipark,jeonse,90000,,505,10,59.97,82.26,보증금 및 임대기간 협의가능,고덕첫번째공인중개사사무소,57,2026-10-01,2026-10-09,2026-10-10,,,1
2652834307,2654480793,godeok_central_ipark,wolse,65000,80,505,중,59.97,82.26,"역세권,에어컨, 햇빛가득한 전망, 채광 굿.",단지내행복그라시움공인중개사사무소,50,2026-10-01,2026-10-09,2026-10-10,,,1
2652835634,2654481546,godeok_central_ipark,jeonse,110000,,514,저,84.97,115.81,생활권 편리한.로열동.층.채광굿.풀에어컨. 커뮤니티 .고일초 인접.,골드공인중개사사무소,32,2026-10-01,2026-10-09,2026-10-10,,,1
2652835722,2652835722,godeok_central_ipark,sale,220000,,518,저,84.97,115.81,입주추천 풀에어컨 트인뷰 수납공간우수 내부상태우수,고덕무지개공인중개사사무소,1,2026-10-01,2026-10-09,2026-10-10,,,1
2652841141,2654450965,godeok_central_ipark,sale,190000,,510,저,74.88,102.27,T 02 3013 2500 정원뷰 사생활보호 채광좋음 깨끗 수납굿,부동산뉴스공인중개사사무소,4,2026-10-01,2026-10-09,2026-10-10,,,1
2652847349,2654480912,godeok_central_ipark,jeonse,95000,,514,저,84.91,115.36,"정원초록뷰,에어컨풀,학군우수,안정감 있는 공간",고덕종점그라시움공인중개사사무소,48,2026-10-01,2026-10-09,2026-10-10,,,1
2652848609,2654233289,godeok_central_ipark,jeonse,95000,,505,고,59.97,82.26,"상일역6분,남향의 밝은공간,학군굿",고덕종점그라시움공인중개사사무소,17,2026-10-01,2026-10-09,2026-10-10,,,1
2652849566,2654481546,godeok_central_ipark,jeonse,105000,,514,저,84.97,115.81,"학군굿,예쁜뷰,에어컨풀,관리굿",고덕종점그라시움공인중개사사무소,32,2026-10-01,2026-10-09,2026-10-10,,,1
2652850812,2654480880,godeok_central_ipark,jeonse,83000,,505,10,59.97,82.26,"남향,10월,학군굿,상일역7분",고덕종점그라시움공인중개사사무소,57,2026-10-01,2026-10-09,2026-10-10,,,1
2652861212,2653757148,godeok_central_ipark,sale,185000,,519,저,59.91,82.42,입주 채광 조망 굿 로얄동 학군우수 커뮤니티 우수,고덕시온공인중개사사무소,31,2026-10-01,2026-10-09,2026-10-10,,,1
2652877721,2654480880,godeok_central_ipark,jeonse,90000,,505,10,59.97,82.26,명문학군 상가 지하철 가까운동 커뮤니티 세종고속도로개통 9호선공사중,고덕거성공인중개사사무소,57,2026-10-01,2026-10-09,2026-10-10,2026-10-10,83000,1
2652877770,2654480793,godeok_central_ipark,wolse,65000,100,505,10,59.97,82.26,명문학군 상가 지하철 가까운동 커뮤니티 세종고속도로개통 9호선공사중,고덕거성공인중개사사무소,50,2026-10-01,2026-10-09,2026-10-10,2026-10-10,65000,1
2652878097,2654397102,godeok_central_ipark,wolse,40000,200,501,고,59.97,82.26,"역세권. 에어컨, 앞 트인 예쁜 전망, 채광 굿.",단지내행복그라시움공인중개사사무소,27,2026-10-01,2026-10-09,2026-10-10,,,1
2652934613,2653730310,godeok_central_ipark,sale,190000,,505,중,59.97,82.26,금터. 25A 선호동 선호평면 뷰 나오는 정남향 상가이용 편리 진출입편리,고덕그라시움금터부동산공인중개사사무소,49,2026-10-02,2026-10-09,2026-10-10,,,1
2652984089,2654480912,godeok_central_ipark,jeonse,95000,,514,저,84.91,115.36,34p 강추 풀옵션 로얄동층 확트인뷰 12월입주협의,고덕리더스부동산공인중개사사무소,48,2026-10-02,2026-10-09,2026-10-10,,,1
2652988235,2653301191,godeok_central_ipark,sale,200000,,507,저,84.91,115.36,34p 세안고 늦은입주 9호선 연장수혜 한영외고 인접 풀옵션,고덕리더스부동산공인중개사사무소,14,2026-10-02,2026-10-09,2026-10-10,,,1
2653011336,2654479755,godeok_central_ipark,sale,220000,,518,저,84.97,115.81,탁트인 환한뷰. 풀에어컨. 중문. 고일초 가까운동. 우수 커뮤니티,고덕햇살426-3336공인중개사사무소,27,2026-10-02,2026-10-09,2026-10-10,,,1
2653011460,2654475080,godeok_central_ipark,sale,220000,,506,중,84.91,115.36,채광좋은 남향. 세안고 . 풀에어컨. 중문. 로얄동. 우수 커뮤니티,고덕햇살426-3336공인중개사사무소,24,2026-10-02,2026-10-09,2026-10-10,,,1
2653012138,2654420855,godeok_central_ipark,sale,220000,,513,저,84.91,115.36,추천.정상입주. 주인거주 관리 잘 된집. 풀에어컨. 명문학군,고덕햇살426-3336공인중개사사무소,9,2026-10-02,2026-10-09,2026-10-10,,,1
2653012897,2654479776,godeok_central_ipark,sale,190000,,502,저,59.97,82.26,채광좋은 남향. 높은세안고.명문 학군. 우수 커뮤니티,고덕햇살426-3336공인중개사사무소,38,2026-10-02,2026-10-09,2026-10-10,,,1
2653013768,2653730310,godeok_central_ipark,sale,190000,,505,중,59.97,82.26,"지하철,상가 가까운동. 채광 좋은 남향. 풀옵션. 명문 학군",고덕햇살426-3336공인중개사사무소,49,2026-10-02,2026-10-09,2026-10-10,,,1
2653016163,2654461237,godeok_central_ipark,wolse,40000,280,514,7,84.97,115.81,"보증금조정가, 에풀, 넓은동간거리 채광좋은집, 세대지하창고, 우수커뮤",고덕굿모닝(437-6009)공인중개사사무소,34,2026-10-02,2026-10-09,2026-10-10,,,1
2653021410,2654475080,godeok_central_ipark,sale,220000,,506,중,84.91,115.36,"정남향,에어컨 풀, 계절 창고,다양한 커뮤니티,채광A급,세안고",센트럴부자공인중개사사무소,24,2026-10-02,2026-10-09,2026-10-10,,,1
2653060192,2654475080,godeok_central_ipark,sale,220000,,506,중,84.91,115.36,세낀 매매. 로열동.층. 활성화된커뮤니티. 고일초인접.채광 컨디션갑.,골드공인중개사사무소,24,2026-10-02,2026-10-09,2026-10-10,,,1
2653138889,2653138889,godeok_central_ipark,sale,220000,,506,중,84.91,115.36,단지내 공원뷰동 풀에어컨 세안고 조용한단지 학군 9호선,고덕무지개공인중개사사무소,1,2026-10-02,2026-10-09,2026-10-10,,,1
2653141943,2653141943,godeok_central_ipark,sale,205000,,517,저,84.97,115.81,입주추천 내부수납우수 풀에어컨 트인뷰,고덕무지개공인중개사사무소,2,2026-10-02,2026-10-09,2026-10-10,,,1
2653144310,2653437251,godeok_central_ipark,jeonse,83000,,505,중,59.97,82.26,강력추천. 귀한전세. 로얄동 로얄층. 빠른입주.,고덕삼성공인중개사사무소,4,2026-10-02,2026-10-09,2026-10-10,,,1
2653152639,2653730310,godeok_central_ipark,sale,190000,,505,중,59.97,82.26,입주 정남향 학군 우수 커뮤니티 우수 채광 조망 굿,고덕시온공인중개사사무소,49,2026-10-02,2026-10-09,2026-10-10,,,1
2653165003,2653730310,godeok_central_ipark,sale,190000,,505,중,59.97,82.26,"역세권. 에어컨, 앞 트인전망, 채광 굿",단지내행복그라시움공인중개사사무소,49,2026-10-02,2026-10-09,2026-10-10,,,1
2653165784,2653757148,godeok_central_ipark,sale,185000,,519,저,59.91,82.42,"역세권, 에어컨, 앞 트인 예쁜 전망. 채광 굿. 늦은 잔금",단지내행복그라시움공인중개사사무소,31,2026-10-02,2026-10-09,2026-10-10,,,1
2653166429,2654481546,godeok_central_ipark,jeonse,105000,,514,저,84.97,115.81,"역세권, 에어컨. 예쁜 정원 전망. 채광굿.",단지내행복그라시움공인중개사사무소,32,2026-10-02,2026-10-09,2026-10-10,,,1
2653181461,2654480912,godeok_central_ipark,jeonse,95000,,514,저,84.91,115.36,탁 트인조망권. 채광좋은.고일초인접. 장기거주가. 컨디션.커뮤니티굿.,골드공인중개사사무소,48,2026-10-02,2026-10-09,2026-10-10,,,1
2653203289,2653730310,godeok_central_ipark,sale,190000,,505,중,59.97,82.26,역세권. 정 남향 시스템 에어컨 선호 동 커뮤니티 이용 편리,고덕그라시움사랑부동산중개,49,2026-10-03,2026-10-09,2026-10-10,,,1
2653229231,2653229231,godeok_central_ipark,wolse,60000,100,501,중,59.97,82.26,입주협의가능 내부상태깔끔 보증금 상향가능,고덕무지개공인중개사사무소,1,2026-10-03,2026-10-09,2026-10-10,,,1
2653250132,2654480912,godeok_central_ipark,jeonse,95000,,514,저,84.91,115.36,귀한전세 채광 조망 굿 학군우수 커뮤니티 우수 장기거주 가능,고덕시온공인중개사사무소,48,2026-10-03,2026-10-09,2026-10-10,,,1
2653276093,2653276093,godeok_central_ipark,sale,190000,,502,고,59.99,82.70,"커뮤니티최고시설,풀옵션,학세권고일초5분거리,정상입주",경성공인중개사사무소,4,2026-10-03,2026-10-09,2026-10-10,,,1
2653276889,2654479776,godeok_central_ipark,sale,190000,,502,저,59.97,82.26,"커뮤니티최고시설,시스템 에어컨, 세끼고",경성공인중개사사무소,38,2026-10-03,2026-10-09,2026-10-10,,,1
2653290512,2654479776,godeok_central_ipark,sale,190000,,502,저,59.97,82.26,"세안고,통풍잘되는구조,정남향,세대창고,커뮤니티굿.",고덕설연공인중개사사무소,38,2026-10-03,2026-10-09,2026-10-10,,,1
2653290974,2654471626,godeok_central_ipark,sale,205000,,517,저,84.97,115.81,입주매매 인테리어 잘된 관리된집 트인뷰 역가깝고 상가이용편리,고덕설연공인중개사사무소,15,2026-10-03,2026-10-09,2026-10-10,,,1
2653291165,2654475080,godeok_central_ipark,sale,220000,,506,중,84.91,115.36,"동간거리넓음,중앙광장뷰,세안고,채광좋음,관리잘된집,활용좋은커뮤니티.",고덕설연공인중개사사무소,24,2026-10-03,2026-10-09,2026-10-10,,,1
2653293518,2654479776,godeok_central_ipark,sale,190000,,502,저,59.97,82.26,세안고 좋은집 명문중고교근거리 커뮤니티시설 수영장 근거리,대일공인중개사사무소,38,2026-10-03,2026-10-09,2026-10-10,,,1
2653296247,2654397102,godeok_central_ipark,wolse,40000,200,501,고,59.97,82.26,빠른입주 로얄동 귀한월세 채광 조망 굿 학군우수 커뮤니티 우수,고덕시온공인중개사사무소,27,2026-10-03,2026-10-09,2026-10-10,,,1
2653300350,2653300350,godeok_central_ipark,jeonse,95000,,506,저,84.91,115.36,단독 정남향 귀한전세매물 풀옵 채광 조망 굿 학군우수 커뮤니티 우수,고덕시온공인중개사사무소,1,2026-10-03,2026-10-09,2026-10-10,,,1
2653328047,2653757148,godeok_central_ipark,sale,185000,,519,저,59.91,82.42,강.추.고일초2분컷 .컨디션굿 .탁월한공간구성 선호타입. 하시 입주.,골드공인중개사사무소,31,2026-10-03,2026-10-09,2026-10-10,,,1
2653369314,2653369314,godeok_central_ipark,jeonse,95000,,514,저,84.97,115.81,금터. 34B 초품아 커뮤니티 이용 편리 채광 좋고 위치 좋아요,고덕그라시움금터부동산공인중개사사무소,1,2026-10-05,2026-10-09,2026-10-10,,,1
2653392127,2654480793,godeok_central_ipark,wolse,65000,100,505,10,59.97,82.26,입구동 일조량풍부 밝고 좋은집 입니다,대일공인중개사사무소,50,2026-10-05,2026-10-09,2026-10-10,,,1
2653394973,2654461237,godeok_central_ipark,wolse,40000,280,514,7,84.97,115.81,보증금조정가 풀에어컨 깔끔하고 밝은집 고일초 커뮤니티 근접 좋은집입니다,대일공인중개사사무소,34,2026-10-05,2026-10-09,2026-10-10,,,1
2653396438,2653730310,godeok_central_ipark,sale,190000,,505,중,59.97,82.26,입주 밝고 일조량풍부 초입동 좋은집입니다,대일공인중개사사무소,49,2026-10-05,2026-10-09,2026-10-10,,,1
2653397213,2654480912,godeok_central_ipark,jeonse,95000,,514,저,84.91,115.36,12 월 입주 풀옵션 장기거주가 고일초 편의시설 커뮤니티근거리입니다,대일공인중개사사무소,48,2026-10-05,2026-10-09,2026-10-10,,,1
2653401402,2654481546,godeok_central_ipark,jeonse,110000,,514,저,84.97,115.81,고일초 커뮤니티시설 상가 근거리 밝고 좋은집입니다,대일공인중개사사무소,32,2026-10-05,2026-10-09,2026-10-10,,,1
2653402202,2654480880,godeok_central_ipark,jeonse,90000,,505,10,59.97,82.26,입구동 일조량풍부 구립어린이집 커뮤니티 근거리 입니다,대일공인중개사사무소,57,2026-10-05,2026-10-09,2026-10-10,,,1
2653409608,2654481546,godeok_central_ipark,jeonse,110000,,514,저,84.97,115.81,"정 남 향,채광A급,에어컨 풀 ,중 문, 입주 협의",센트럴부자공인중개사사무소,32,2026-10-05,2026-10-09,2026-10-10,,,1
2653414872,2653743176,godeok_central_ipark,sale,190000,,501,중,59.97,82.26,탁트인뷰좋음 채광좋은로얄동층 판상형 커뮤니티우수 시스템에어컨,고덕스카이공인중개사사무소,4,2026-10-05,2026-10-09,2026-10-10,,,1
2653414878,2653894222,godeok_central_ipark,sale,220000,,507,고,84.91,115.36,입주급매 로얄동층 채광좋음 풀에어컨 판상형 정남향,고덕스카이공인중개사사무소,4,2026-10-05,2026-10-09,2026-10-10,,,1
2653414883,2654420855,godeok_central_ipark,sale,220000,,513,저,84.91,115.36,입주가능 로얄동층 판상형 풀에어컨 커뮤니티우수 통창뷰,고덕스카이공인중개사사무소,9,2026-10-05,2026-10-09,2026-10-10,,,1
2653419703,2653419703,godeok_central_ipark,sale,380000,,507,고,120.37,165.58,방4화2 펜트하우스 가격 입주일 협의,LG공인중개사사무소,1,2026-10-05,2026-10-09,2026-10-10,,,1
2653437251,2653437251,godeok_central_ipark,jeonse,83000,,505,중,59.97,82.26,입주협의 집보여드림 개방감 우수한 로얄층 내부깔끔 시스템에어컨,미르(426-1120)공인중개사사무소,4,2026-10-05,2026-10-09,2026-10-10,,,1
2653441503,2653441503,godeok_central_ipark,jeonse,95000,,514,저,84.91,115.36,입주협의 조망 우수 채광 우수 시스템에어컨 로얄동 내부개끗,미르(426-1120)공인중개사사무소,3,2026-10-05,2026-10-09,2026-10-10,,,1
2653462883,2654475080,godeok_central_ipark,sale,220000,,506,중,84.91,115.36,로얄동층. 정남향.풀에어컨.전철역 상가 이용편리.우수커뮤니티,키움공인중개사사무소,24,2026-10-05,2026-10-09,2026-10-10,,,1
2653464669,2654397102,godeok_central_ipark,wolse,40000,200,501,고,59.97,82.26,"고층 트인 전망, 시스템에어컨, 김치냉장고",OK그라시움(426-4933)공인중개사사무소,27,2026-10-05,2026-10-09,2026-10-10,,,1
2653472992,2654425523,godeok_central_ipark,wolse,65000,80,502,중,59.97,82.26,"커뮤니티최고시설,풀옵션,학세권고일초5분거리,정상입주",경성공인중개사사무소,3,2026-10-05,2026-10-09,2026-10-10,,,1
2653480784,2654461237,godeok_central_ipark,wolse,40000,280,514,7,84.97,115.81,34p 로얄 동 층 트인뷰 풀에어컨 집상태최상 보증금조정가능,고덕리더스부동산공인중개사사무소,34,2026-10-05,2026-10-09,2026-10-10,,,1
2653482438,2654480912,godeok_central_ipark,jeonse,95000,,514,저,84.91,115.36,"추천로얄동,중앙광장뷰,풀에,엘베2대,12월입주,커뮤니티굿.",고덕설연공인중개사사무소,48,2026-10-05,2026-10-09,2026-10-10,,,1
2653482446,2654461237,godeok_central_ipark,wolse,60000,200,514,7,84.97,115.81,보증금조정가 입주협의 채광좋은 중앙동,고덕설연공인중개사사무소,34,2026-10-05,2026-10-09,2026-10-10,,,1
2653486221,2653486221,godeok_central_ipark,wolse,40000,200,501,고,59.97,82.26,"탁트인뷰,학군굿,",고덕종점그라시움공인중개사사무소,2,2026-10-05,2026-10-09,2026-10-10,,,1
2653495789,2653495789,godeok_central_ipark,sale,215000,,514,중,84.97,115.81,참좋은 단독. 시스템에어컨. 조망 좋은 트인뷰 . 우수 커뮤니티,참좋은공인중개사사무소,1,2026-10-05,2026-10-09,2026-10-10,,,1
2653496789,2654479776,godeok_central_ipark,sale,190000,,502,저,59.97,82.26,세안고 정남향 트인뷰 시스템에어컨,고덕자이(441-0109)공인중개사사무소,38,2026-10-05,2026-10-09,2026-10-10,,,1
2653500150,2654479776,godeok_central_ipark,sale,190000,,502,저,59.97,82.26,세안고 채광 통풍잘되는구조 세대창고넓음 커뮤니티굿.,고덕설연공인중개사사무소,38,2026-10-05,2026-10-09,2026-10-10,,,1
2653512330,2653512330,godeok_central_ipark,sale,190000,,514,중,59.97,82.26,지하철가까운로얄동층 시스템에어컨 판상형 커뮤니티우수 세대창고,고덕스카이공인중개사사무소,1,2026-10-05,2026-10-09,2026-10-10,,,1
2653188784,2653757148,godeok_central_ipark,sale,185000,,519,저,59.91,82.42,입주 트인뷰 고일초 근거리 일조량풍부 좋은집 입니다,대일공인중개사사무소,31,2026-10-06,2026-10-09,2026-10-10,,,1
2653232308,2654233289,godeok_central_ipark,jeonse,95000,,505,고,59.97,82.26,"귀한 전세, 지하철 가까운 동, 관리 잘된 집, 우수 커뮤니티",자이햇살공인중개사사무소,17,2026-10-06,2026-10-09,2026-10-10,,,1
2653255251,2654480793,godeok_central_ipark,wolse,65000,100,505,10,59.97,82.26,정남 역가까운동 채광 통풍좋음 커뮤니티굿 지하세대창고.,고덕설연공인중개사사무소,50,2026-10-06,2026-10-09,2026-10-10,2026-10-10,65000,1
2653256077,2654233289,godeok_central_ipark,jeonse,95000,,505,고,59.97,82.26,입주협의 역가까운동 채광 통풍좋음 커뮤니티굿,고덕설연공인중개사사무소,17,2026-10-06,2026-10-09,2026-10-10,,,1
2653263134,2654480880,godeok_central_ipark,jeonse,90000,,505,10,59.97,82.26,정남 역가까운동 채광 통풍좋음 커뮤니티굿 지하세대창고.,고덕설연공인중개사사무소,57,2026-10-06,2026-10-09,2026-10-10,2026-10-10,83000,1
2653289059,2654397102,godeok_central_ipark,wolse,40000,200,501,15,59.97,82.26,트인뷰 상가근거리 최고커뮤니티 김냉 시.에 밝고깔끔한 좋은집입니다,대일공인중개사사무소,27,2026-10-06,2026-10-09,2026-10-10,,,1
2653293217,2654461237,godeok_central_ipark,wolse,50000,240,514,저,84.97,115.81,"예쁜뷰,학군굿,만족도 굿",고덕종점그라시움공인중개사사무소,34,2026-10-06,2026-10-09,2026-10-10,,,1
2653301191,2653301191,godeok_central_ipark,sale,200000,,507,3,84.91,115.36,채광 굿 발코니 확장 에어컨 풀 명문학군 커뮤니티시설 최고,탑공인중개사사무소,14,2026-10-06,2026-10-09,2026-10-10,,,1
2653322055,2654461237,godeok_central_ipark,wolse,40000,260,514,저,84.97,115.81,우수학군 예쁜뷰,스마트그라시움공인중개사사무소,34,2026-10-06,2026-10-09,2026-10-10,,,1
2653322368,2654480912,godeok_central_ipark,jeonse,95000,,514,저,84.91,115.36,우수학군 멋진뷰,스마트그라시움공인중개사사무소,48,2026-10-06,2026-10-09,2026-10-10,,,1
2653322617,2653322617,godeok_central_ipark,wolse,50000,220,514,저,84.91,115.36,,스마트그라시움공인중개사사무소,1,2026-10-06,2026-10-09,2026-10-10,,,1
2653415210,2653415210,godeok_central_ipark,sale,210000,,506,저,84.91,115.36,"추천,입주급매, 시스템에어컨4대, 정남향, 정원뷰, 커뮤니티시설우수",고덕굿모닝(437-6009)공인중개사사무소,1,2026-10-06,2026-10-09,2026-10-10,,,1
2653444140,2654233289,godeok_central_ipark,jeonse,95000,,505,고,59.97,82.26,"채광A급, 정남향,시,에,역세권 ,다양한 커뮤니티,입주 정상",센트럴부자공인중개사사무소,17,2026-10-06,2026-10-09,2026-10-10,,,1
2653476798,2653730310,godeok_central_ipark,sale,190000,,505,중,59.97,82.26,정남향 단지초입지하철근접동 햇살가득밝고환한집 시스템에2,고덕강남부동산 공인중개사 사무소,49,2026-10-06,2026-10-09,2026-10-10,,,1
2653489769,2653757148,godeok_central_ipark,sale,185000,,519,저,59.91,82.42,입주협의 채광좋은집 수납좋고 막힘없는뷰 세대창고 넓음.,고덕설연공인중개사사무소,31,2026-10-06,2026-10-09,2026-10-10,,,1
2653525035,2653730310,godeok_central_ipark,sale,190000,,505,중,59.97,82.26,25p 큰문 정상입주 정남향 역세권,큰문공인중개사사무소,49,2026-10-06,2026-10-09,2026-10-10,,,1
2653579332,2653730310,godeok_central_ipark,sale,190000,,505,중,59.97,82.26,판상형 남향 로얄동층 시스템에어컨,파크자이(428-4270)공인중개사사무소,49,2026-10-06,2026-10-09,2026-10-10,,,1
2653583035,2654475080,godeok_central_ipark,sale,220000,,506,중,84.91,115.36,로얄동층 남향 풀옵션 세안고매매 우수커뮤니티 세대창고,파크자이(428-4270)공인중개사사무소,24,2026-10-06,2026-10-09,2026-10-10,,,1
2653621435,2653301191,godeok_central_ipark,sale,200000,,507,저,84.91,115.36,T3013 2500 뉴스강추매물.햇살가득.우수커뮤니티. 채광굿.,부동산뉴스공인중개사사무소,14,2026-10-06,2026-10-09,2026-10-10,,,1
2653659425,2654397102,godeok_central_ipark,wolse,40000,200,501,15,59.97,82.26,"귀한월세. 입주협의. 시스템에어컨,우수커뮤니티",참좋은공인중개사사무소,27,2026-10-06,2026-10-09,2026-10-10,,,1
2653661944,2653661944,godeok_central_ipark,sale,180000,,502,저,59.99,82.70,"단독,에어컨 풀,중문 계절 창고,다양한 커뮤니티,입주 협의",센트럴부자공인중개사사무소,1,2026-10-06,2026-10-09,2026-10-10,,,1
2653662878,2653744117,godeok_central_ipark,sale,190000,,513,중,59.97,82.26,로얄동층 l 우수학군 l 시스템에어컨 l 주인거주,노아공인중개사사무소,3,2026-10-06,2026-10-09,2026-10-10,,,1
2653664059,2654477384,godeok_central_ipark,sale,185000,,516,중,59.97,82.26,"25p 로얄동층 채광,전망좋은 예쁜집",고덕리더스부동산공인중개사사무소,5,2026-10-06,2026-10-09,2026-10-10,,,1
2653664446,2654475080,godeok_central_ipark,sale,220000,,506,중,84.91,115.36,34p 강추 로얄동 층 정남향 풀옵션 세안고,고덕리더스부동산공인중개사사무소,24,2026-10-06,2026-10-09,2026-10-10,,,1
2653664506,2654479776,godeok_central_ipark,sale,190000,,502,저,59.97,82.26,25p 풀옵션 정남향 트인뷰 높은 세안고 늦은입주,고덕리더스부동산공인중개사사무소,38,2026-10-06,2026-10-09,2026-10-10,,,1
2653664564,2654479755,godeok_central_ipark,sale,220000,,518,저,84.97,115.81,34p 강추 로얄동 선호하는 타입 밝고환한 소나무뷰 풀옵션,고덕리더스부동산공인중개사사무소,27,2026-10-06,2026-10-09,2026-10-10,,,1
2653665021,2653730310,godeok_central_ipark,sale,190000,,505,중,59.97,82.26,25p 로얄동 층 역세권 명문학군 정남향 밝고환한집,고덕리더스부동산공인중개사사무소,49,2026-10-06,2026-10-09,2026-10-10,,,1
2653690898,2654479776,godeok_central_ipark,sale,190000,,502,저,59.97,82.26,"남향,채광굿,판상형구조,세안고매매",고덕현대공인중개사사무소,38,2026-10-06,2026-10-09,2026-10-10,,,1
2653691813,2653691813,godeok_central_ipark,jeonse,90000,,514,고,59.97,82.26,강.추.일조권확보.로얄동.전면개방감.상가라인인접.초품아,골드공인중개사사무소,1,2026-10-06,2026-10-09,2026-10-10,,,1
2653696243,2654480793,godeok_central_ipark,wolse,65000,100,505,10,59.97,82.26,융자없음 o 정남향 o 접근성좋은동 o 시스템에어컨 o 우수학군.세대창고,롯데공인중개사사무소,50,2026-10-06,2026-10-09,2026-10-10,,,1
2653718493,2654480793,godeok_central_ipark,wolse,65000,70,505,중,59.97,82.26,강.추.채광좋은 남향. 도보역세권. 세대별창고. 고품격 커뮤니티긋.,골드공인중개사사무소,50,2026-10-06,2026-10-09,2026-10-10,,,1
2653721781,2653721781,godeok_central_ipark,sale,220000,,509,저,84.97,115.81,추천 로얄동 초록초록 예쁜 단지 뷰 풀에어컨 입주협의,그라시움이화공인중개사사무소,1,2026-10-06,2026-10-09,2026-10-10,,,1
2653730310,2653730310,godeok_central_ipark,sale,190000,,505,10,59.97,82.26,정남향 역가까운동 채광 통풍좋음 커뮤니티굿 지하세대창고.,고덕설연공인중개사사무소,49,2026-10-06,2026-10-09,2026-10-10,,,1
2653732260,2654467740,godeok_central_ipark,sale,210000,,508,고,84.91,115.36,추천 로얄동 조용한 정남향 채광좋음 세안고 풀에어컨,그라시움이화공인중개사사무소,8,2026-10-06,2026-10-09,2026-10-10,,,1
2653740488,2654479755,godeok_central_ipark,sale,220000,,518,저,84.97,115.81,"입주,막힘없는뷰,수납좋은구조,역가깝고 커뮤니티이용편리,세대창고.",고덕설연공인중개사사무소,27,2026-10-06,2026-10-09,2026-10-10,,,1
2653741074,2653757148,godeok_central_ipark,sale,185000,,519,저,59.91,82.42,늦은입주가능. 개방감 좋은 트인뷰. 선호타입.,참좋은공인중개사사무소,31,2026-10-06,2026-10-09,2026-10-10,,,1
2653741916,2653741916,godeok_central_ipark,sale,213000,,514,중,84.97,115.81,입주협의. 고층 조망좋은집. 시스템에어컨.,참좋은공인중개사사무소,1,2026-10-06,2026-10-09,2026-10-10,,,1
2653741958,2653301191,godeok_central_ipark,sale,200000,,507,저,84.91,115.36,강추 세안고매매 옵션굿 대단지역세권 명문학군 커뮤니티 9호선공사중,그라시움거성공인중개사사무소,14,2026-10-06,2026-10-09,2026-10-10,,,1
2653742581,2653757148,godeok_central_ipark,sale,185000,,519,저,59.91,82.42,"커뮤니티최고시설,학세권고일초3분거리,정상입주",경성공인중개사사무소,31,2026-10-06,2026-10-09,2026-10-10,,,1
2653742884,2653730310,godeok_central_ipark,sale,190000,,505,중,59.97,82.26,"커뮤니티최고시설,풀옵션,학세권고일초5분거리, 늦은 입주",경성공인중개사사무소,49,2026-10-06,2026-10-09,2026-10-10,,,1
2653743176,2653743176,godeok_central_ipark,sale,190000,,501,중,59.97,82.26,"커뮤니티최고시설, 시스템 에어컨, 학세권, 정상입주",경성공인중개사사무소,4,2026-10-06,2026-10-09,2026-10-10,,,1
2653744117,2653744117,godeok_central_ipark,sale,190000,,513,중,59.97,82.26,"커뮤니티최고시설,풀옵션,학세권고일초5분거리,정상입주",경성공인중개사사무소,3,2026-10-06,2026-10-09,2026-10-10,,,1
2653753853,2654471626,godeok_central_ipark,sale,205000,,517,3,84.97,115.81,강추 세안고매매 옵션굿 대단지역세권 명문학군 커뮤니티 9호선공사중,그라시움거성공인중개사사무소,15,2026-10-06,2026-10-09,2026-10-10,,,1
2653756449,2654471626,godeok_central_ipark,sale,205000,,517,저,84.97,115.81,추천 입주매매 채광 통풍 위치좋은 인테리어 잘된 집.,고덕설연공인중개사사무소,15,2026-10-06,2026-10-09,2026-10-10,,,1
2653757148,2653757148,godeok_central_ipark,sale,185000,,519,4,59.91,82.42,탁트인뷰 남향 고일초앞 입주협의 풀옵션,반석공인중개사사무소,31,2026-10-06,2026-10-09,2026-10-10,,,1
2653761670,2653757148,godeok_central_ipark,sale,185000,,519,저,59.91,82.42,개방감좋은 환한뷰. 초등바로.전철역 도보권.우수커뮤니티,키움공인중개사사무소,31,2026-10-06,2026-10-09,2026-10-10,,,1
2653797183,2654479755,godeok_central_ipark,sale,220000,,518,저,84.97,115.81,풀에어컨. 개방감 좋은 환한뷰.초등 바로. 전철역 도보권.우수 커뮤니티,키움공인중개사사무소,27,2026-10-06,2026-10-09,2026-10-10,,,1
2653801889,2654479755,godeok_central_ipark,sale,220000,,518,저,84.97,115.81,입주 풀에어컨 트인뷰 밝은집,고덕자이(441-0109)공인중개사사무소,27,2026-10-06,2026-10-09,2026-10-10,,,1
2653806843,2654461237,godeok_central_ipark,wolse,50000,240,514,7,84.97,115.81,풀에어컨 트인뷰 깨끗하고 밝은집,고덕자이(441-0109)공인중개사사무소,34,2026-10-06,2026-10-09,2026-10-10,,,1
2653807821,2654475080,godeok_central_ipark,sale,220000,,506,중,84.91,115.36,세안고매매 정남향 트인뷰,고덕자이(441-0109)공인중개사사무소,24,2026-10-06,2026-10-09,2026-10-10,,,1
2653817899,2654480793,godeok_central_ipark,wolse,65000,100,505,10,59.97,82.26,금터. 25A 선호동 선호평면 뷰 나오는 정남향 진출입편리 지하 세대창고,고덕그라시움금터부동산공인중개사사무소,50,2026-10-07,2026-10-09,2026-10-10,,,1
2653817910,2654461237,godeok_central_ipark,wolse,40000,280,514,7,84.97,115.81,"금터 34B 침실3 욕실2 시에5 눈부신 채광 전세10,5억可",고덕그라시움금터부동산공인중개사사무소,34,2026-10-07,2026-10-09,2026-10-10,,,1
2653817912,2654480912,godeok_central_ipark,jeonse,95000,,514,저,84.91,115.36,금터. 34A 시세대비 저럼 고일초 선호타입 식세기 인덕션 가림없는 뷰,고덕그라시움금터부동산공인중개사사무소,48,2026-10-07,2026-10-09,2026-10-10,,,1
2653817915,2654480880,godeok_central_ipark,jeonse,90000,,505,10,59.97,82.26,금터. 25A 선호동 선호평면 뷰 나오는 정남향 진출입편리 지하 세대창고,고덕그라시움금터부동산공인중개사사무소,57,2026-10-07,2026-10-09,2026-10-10,,,1
2653817916,2654481546,godeok_central_ipark,jeonse,110000,,514,저,84.97,115.81,금터 34B 침실3 욕실2 시에5 눈부신 채광 월세 5억220可,고덕그라시움금터부동산공인중개사사무소,32,2026-10-07,2026-10-09,2026-10-10,,,1
2653824246,2654480880,godeok_central_ipark,jeonse,85000,,505,10,59.97,82.26,정남향 시스템에어컨 세대창고 역세권,강동공인중개사사무소,57,2026-10-07,2026-10-09,2026-10-10,,,1
2653826508,2654479776,godeok_central_ipark,sale,190000,,502,저,59.97,82.26,"햇살 가득 정남향, 세안고, 에어컨2",OK그라시움(426-4933)공인중개사사무소,38,2026-10-07,2026-10-09,2026-10-10,,,1
2653834722,2654233289,godeok_central_ipark,jeonse,95000,,505,고,59.97,82.26,금터 25A 침실3욕실2 시에2 눈부신 채광 올A급 컨디션,고덕그라시움금터부동산공인중개사사무소,17,2026-10-07,2026-10-09,2026-10-10,,,1
2653840342,2654161463,godeok_central_ipark,sale,215000,,516,저,84.97,115.81,34고덕센트럴아이파크. 남향 3룸. 인기대단지,하이클래스성수공인중개사사무소,5,2026-10-07,2026-10-09,2026-10-10,,,1
2653846899,2654480912,godeok_central_ipark,jeonse,95000,,514,저,84.91,115.36,"올확장,엘리베이터2대로 생활편리,풀옵션의 집입니다,12월입주협의",단지내이레(443-6606)공인중개사사무소,48,2026-10-07,2026-10-09,2026-10-10,,,1
2653848578,2654480880,godeok_central_ipark,jeonse,90000,,505,10,59.97,82.26,"정남향의 채광좋은 집,상일역 가까운동",단지내이레(443-6606)공인중개사사무소,57,2026-10-07,2026-10-09,2026-10-10,,,1
2653855447,2654480880,godeok_central_ipark,jeonse,90000,,505,10,59.97,82.26,,센트럴부자공인중개사사무소,57,2026-10-07,2026-10-09,2026-10-10,2026-10-09,83000,1
2653872715,2653872715,godeok_central_ipark,jeonse,90000,,517,중,74.99,102.64,단독 귀한전세 지하철가까운로얄동층 풀에어컨 커뮤니티우수,고덕스카이공인중개사사무소,1,2026-10-07,2026-10-09,2026-10-10,,,1
2653875015,2653875015,godeok_central_ipark,jeonse,90000,,510,저,74.88,102.27,1월입주 남향 일조량풍부 명문중고교학군 좋은집입니다,대일공인중개사,1,2026-10-07,2026-10-09,2026-10-10,,,1
2653889284,2654233289,godeok_central_ipark,jeonse,95000,,505,고,59.97,82.26,생활권 편리한 앞동. 전철상가 이용편리.채광굿.초등바로,키움공인중개사사무소,17,2026-10-07,2026-10-09,2026-10-10,,,1
2653894149,2654479755,godeok_central_ipark,sale,220000,,518,저,84.97,115.81,"34. 추천. 트인뷰, 채광 전망 예쁜집. 풀에어컨. 깔끔하게 관리된집",고덕탑공인중개사사무소,27,2026-10-07,2026-10-09,2026-10-10,,,1
2653894222,2653894222,godeok_central_ipark,sale,220000,,507,고,84.91,115.36,34. 풀에어컨. 정남향. 햇살 좋고 깔끔하게 관리된집.,고덕탑공인중개사사무소,4,2026-10-07,2026-10-09,2026-10-10,,,1
2653894290,2654475080,godeok_central_ipark,sale,220000,,506,중,84.91,115.36,34. 정남향으로 밝은집. 풀에어컨. 트인 전망. 세안고.,고덕탑공인중개사사무소,24,2026-10-07,2026-10-09,2026-10-10,,,1
2653908162,2654480912,godeok_central_ipark,jeonse,95000,,514,저,84.91,115.36,로얄동층 채광좋은집 중앙광장뷰 에어컨풀 장기거주,고덕스카이공인중개사사무소,48,2026-10-07,2026-10-09,2026-10-10,,,1
2653911939,2654450965,godeok_central_ipark,sale,190000,,510,저,74.88,102.27,입주 명문중고교학군 구립도서관근거리 깔끔 좋은집입니다,대일공인중개사,4,2026-10-07,2026-10-09,2026-10-10,,,1
2653913070,2654365885,godeok_central_ipark,jeonse,88000,,501,중,59.97,82.26,트인뷰깔끔 정남향 일조량풍부 상가 구립숲속도서관근거리 좋은집입니다,대일공인중개사,4,2026-10-07,2026-10-09,2026-10-10,,,1
2653928021,2654480880,godeok_central_ipark,jeonse,85000,,505,10,59.97,82.26,STAR추천 에어컨 김치냉장고 오븐 정남향 10월입주협의 집보기가능,고덕스타공인중개사사무소,57,2026-10-07,2026-10-09,2026-10-10,,,1
2653928415,2654480793,godeok_central_ipark,wolse,65000,100,505,10,59.97,82.26,STAR추천 에어컨 김치냉장고 오븐 정남향 10월입주협의 집보기가능,고덕스타공인중개사사무소,50,2026-10-07,2026-10-09,2026-10-10,,,1
2653944569,2654481546,godeok_central_ipark,jeonse,110000,,514,저,84.97,115.81,"역세권, 로얄동, 단지 전망 굿, 편의시설우수",고덕하나부동산공인중개사사무소,32,2026-10-07,2026-10-09,2026-10-10,,,1
2653946101,2653946101,godeok_central_ipark,sale,180000,,502,저,59.99,82.70,컨디션최상 풀에어컨 채광좋은남향집,리치공인중개사사무소,1,2026-10-07,2026-10-09,2026-10-10,,,1
2653953894,2654479755,godeok_central_ipark,sale,220000,,518,저,84.97,115.81,풍부한일조량 매우깨끗하고예쁜집,부동산앤코공인중개사사무소,27,2026-10-07,2026-10-09,2026-10-10,,,1
2653954451,2653757148,godeok_central_ipark,sale,185000,,519,저,59.91,82.42,입주 앞동간섭제로 확트인시야 햇살맛집,부동산앤코공인중개사사무소,31,2026-10-07,2026-10-09,2026-10-10,,,1
2653962576,2654479776,godeok_central_ipark,sale,190000,,502,저,59.97,82.26,채광좋은뷰 선호타입.전철 상가 이용편리.초등 바로.우수커뮤니티,키움공인중개사사무소,38,2026-10-07,2026-10-09,2026-10-10,,,1
2653965791,2654467740,godeok_central_ipark,sale,210000,,508,고,84.91,115.36,"커뮤니티최고시설, 시스템에어컨,학세권,세끼고",경성공인중개사사무소,8,2026-10-07,2026-10-09,2026-10-10,,,1
2653975940,2654480793,godeok_central_ipark,wolse,65000,70,505,중,59.97,82.26,반전세추천 융무 김냉 에어컨 로열동층 컨디션좋아요,고덕대박(428-8600)공인중개사사무소,50,2026-10-07,2026-10-09,2026-10-10,,,1
2653976939,2654480912,godeok_central_ipark,jeonse,95000,,514,저,84.91,115.36,전세추천 12월입주 풀에어컨 중문 식세기 인덕션 엘베2대 융유,고덕대박(428-8600)공인중개사사무소,48,2026-10-07,2026-10-09,2026-10-10,,,1
2653982340,2653982340,godeok_central_ipark,jeonse,105000,,513,중,84.91,115.36,장기거주 1월 융무 조망 시스템에어컨 5대 중문 탄성 줄눈 붙박이2개,대상공인중개사사무소(427-0001),2,2026-10-07,2026-10-09,2026-10-10,,,1
2653993536,2653993536,godeok_central_ipark,sale,220000,,506,중,84.91,115.36,입주가능 정남향 시스템에어컨 지하철가까운동,고덕자이(441-0109)공인중개사사무소,1,2026-10-07,2026-10-09,2026-10-10,,,1
2653997095,2653997095,godeok_central_ipark,sale,215000,,512,중,84.91,115.36,고층보다 좋은 채광과 탁트인뷰 입주일자 조정가능,잠실키움공인중개사사무소,1,2026-10-07,2026-10-09,2026-10-10,,,1
2654001878,2654480912,godeok_central_ipark,jeonse,95000,,514,저,84.91,115.36,12월입주협의. 시스템에어컨 풀. 우수 커뮤니티,참좋은공인중개사사무소,48,2026-10-07,2026-10-09,2026-10-10,,,1
2654015425,2654479776,godeok_central_ipark,sale,190000,,502,저,59.97,82.26,"역세권,에어컨. 햇빛 가득한 전망 ,세안고",단지내행복그라시움공인중개사사무소,38,2026-10-07,2026-10-09,2026-10-10,,,1
2654025413,2654420855,godeok_central_ipark,sale,220000,,513,저,84.91,115.36,"대단지역세권,트인뷰,살기좋은 대단지 아파트 선호동 입주물건",고덕거성공인중개사사무소,9,2026-10-07,2026-10-09,2026-10-10,,,1
2654034159,2653730310,godeok_central_ipark,sale,190000,,505,중,59.97,82.26,정남향 밝은집 시스템에어컨,고덕자이(441-0109)공인중개사사무소,49,2026-10-07,2026-10-09,2026-10-10,,,1
2654038190,2654479776,godeok_central_ipark,sale,190000,,502,저,59.97,82.26,세안고 갭투가능한집 로얄동 로얄층 단지죠경예쁜집,고덕그라시움사랑부동산중개,38,2026-10-08,2026-10-09,2026-10-10,,,1
2654040954,2654479755,godeok_central_ipark,sale,220000,,518,저,84.97,115.81,풍부한일조량 매우깨끗하고예쁜집,부동산앤코공인중개사사무소,27,2026-10-08,2026-10-09,2026-10-10,,,1
2654063923,2654475080,godeok_central_ipark,sale,220000,,506,중,84.91,115.36,세안고 풀에어컨 풀옵션 정남향 지하철가까운동,고덕신흥공인중개사사무소,24,2026-10-08,2026-10-09,2026-10-10,,,1
2654086309,2654480880,godeok_central_ipark,jeonse,90000,,505,10,59.97,82.26,로얄동층 정남향 시스템 에어컨 선호하는동 커뮤니티 이용 편리,고덕태양공인중개사사무소,57,2026-10-08,2026-10-09,2026-10-10,2026-10-10,83000,1
2654086546,2654397102,godeok_central_ipark,wolse,40000,200,501,고,59.97,82.26,추천 월세 빠른입주가능 선호동 시스템 에어컨 집보여드려요,고덕태양공인중개사사무소,27,2026-10-08,2026-10-09,2026-10-10,,,1
2654087027,2654479776,godeok_central_ipark,sale,190000,,502,저,59.97,82.26,",시,에,계절 창고 우수한 커뮤니트 세안고",센트럴부자공인중개사사무소,38,2026-10-08,2026-10-09,2026-10-10,,,1
2654088229,2653301191,godeok_central_ipark,sale,200000,,507,저,84.91,115.36,"숲세권뷰,역세권,우수한 커뮤니티,세안고",센트럴부자공인중개사사무소,14,2026-10-08,2026-10-09,2026-10-10,,,1
2654093348,2654480880,godeok_central_ipark,jeonse,90000,,505,중,59.97,82.26,정남향 단지초입지하철근접동 햇살가득밝고환한집 시스템에2,고덕강남부동산공인중개사사무소,57,2026-10-08,2026-10-09,2026-10-10,,,1
2654094023,2654471626,godeok_central_ipark,sale,205000,,517,3,84.97,115.81,"역세권, 로얄동, 편의시설우수",고덕하나부동산공인중개사사무소,15,2026-10-08,2026-10-09,2026-10-10,,,1
2654097164,2653757148,godeok_central_ipark,sale,185000,,519,저,59.91,82.42,트인 환한뷰. 늦은입주. 초등학교 인접동. 명문학군.우수 커뮤니티,고덕햇살426-3336공인중개사사무소,31,2026-10-08,2026-10-09,2026-10-10,,,1
2654107218,2654480880,godeok_central_ipark,jeonse,83000,,505,10,59.97,82.26,시스템에어컨 융자무 지하철가까운동 세대창고 우수커뮤니티,파크자이(428-4270)공인중개사사무소,57,2026-10-08,2026-10-09,2026-10-10,,,1
2654107527,2654480793,godeok_central_ipark,wolse,65000,70,505,10,59.97,82.26,시스템에어컨 융자무 지하철가까운동 세대창고 우수커뮤니티,파크자이(428-4270)공인중개사사무소,50,2026-10-08,2026-10-09,2026-10-10,,,1
2654109604,2654481546,godeok_central_ipark,jeonse,110000,,514,저,84.97,115.81,"추천.상가, 지하철 가까운동. 풀에어컨. 명문 학군. 우수 커뮤니티",고덕햇살426-3336공인중개사사무소,32,2026-10-08,2026-10-09,2026-10-10,,,1
2654109671,2654480912,godeok_central_ipark,jeonse,95000,,514,저,84.91,115.36,풀에어컨 중문 장기가능 트인뷰 채광 세대창고 우수커뮤니티,파크자이(428-4270)공인중개사사무소,48,2026-10-08,2026-10-09,2026-10-10,,,1
2654110202,2654480880,godeok_central_ipark,jeonse,90000,,505,10,59.97,82.26,풀옵션. 채광 좋은 남향. 지하철 상가 가까운동. 명문 학군,고덕햇살426-3336공인중개사사무소,57,2026-10-08,2026-10-09,2026-10-10,,,1
2654111459,2654480912,godeok_central_ipark,jeonse,95000,,514,저,84.91,115.36,귀한 전세. 풀에어컨.중문.지하철 인접동.명문학군.우수 커뮤니티,고덕햇살426-3336공인중개사사무소,48,2026-10-08,2026-10-09,2026-10-10,,,1
2654111712,2654233289,godeok_central_ipark,jeonse,95000,,505,고,59.97,82.26,"채광 좋은 남향. 우수 커뮤 니티. 시스템에어컨. 상가, 지하철 가까운동",고덕햇살426-3336공인중개사사무소,17,2026-10-08,2026-10-09,2026-10-10,,,1
2654112551,2654480793,godeok_central_ipark,wolse,65000,100,505,10,59.97,82.26,풀옵션. 채광 좋은 남향. 지하철 상가 가까운동. 명문 학군,고덕햇살426-3336공인중개사사무소,50,2026-10-08,2026-10-09,2026-10-10,,,1
2654113530,2654461237,godeok_central_ipark,wolse,50000,240,514,7,84.97,115.81,"추천. 상가, 지하철 가까운동.풀에어컨.명문학군.우수커뮤니티",고덕햇살426-3336공인중개사사무소,34,2026-10-08,2026-10-09,2026-10-10,,,1
2654122769,2654480880,godeok_central_ipark,jeonse,90000,,505,10,59.97,82.26,융자없음 o 정남향 o 접근성좋은동 o 시스템에어컨 o 우수학군.세대창고,롯데공인중개사사무소,57,2026-10-08,2026-10-09,2026-10-10,,,1
2654124532,2654479776,godeok_central_ipark,sale,190000,,502,저,59.97,82.26,세안고매매 햇살밝은 정남향 로얄동층 세대창고,삼환공인중개사사무소,38,2026-10-08,2026-10-09,2026-10-10,,,1
2654127778,2654127778,godeok_central_ipark,sale,220000,,514,고,84.91,115.36,"입주협의,로얄동층,시에풀,중문,고일초,커뮤니티시설굿",미사센트럴풍경채공인중개사사무소,1,2026-10-08,2026-10-09,2026-10-10,,,1
2654128300,2654480793,godeok_central_ipark,wolse,65000,70,505,10,59.97,82.26,귀한반전세 정남향 로얄동층 시스템에어컨,고덕선경(428-3939)공인중개사사무소,50,2026-10-08,2026-10-09,2026-10-10,,,1
2654132341,2654481546,godeok_central_ipark,jeonse,100000,,514,저,84.97,115.81,"34,막힘 없는 정원 뷰,고일초,숲도서관 근접,관리잘 된 집",고일공인중개사사무소,32,2026-10-08,2026-10-09,2026-10-10,,,1
2654136086,2654480793,godeok_central_ipark,wolse,65000,100,505,중,59.97,82.26,,고일공인중개사사무소,50,2026-10-08,2026-10-09,2026-10-10,,,1
2654136287,2654475080,godeok_central_ipark,sale,220000,,506,중,84.91,115.36,세안고 매매 내부깔끔 풀에어컨 풀옵션 지하철 가까운 정남향 트인뷰,미르(426-1120)공인중개사사무소,24,2026-10-08,2026-10-09,2026-10-10,,,1
2654137487,2653757148,godeok_central_ipark,sale,185000,,519,저,59.91,82.42,"입주, 앞 트인 전망, 선호하는 구조, 편의 시설 굿",고덕현대공인중개사사무소,31,2026-10-08,2026-10-09,2026-10-10,,,1
2654139339,2654481546,godeok_central_ipark,jeonse,110000,,514,저,84.97,115.81,입주협의 집보여드림 에어컨풀 내부깔끔 조용한 단지뷰 학군우수,미르(426-1120)공인중개사사무소,32,2026-10-08,2026-10-09,2026-10-10,,,1
2654140159,2654480912,godeok_central_ipark,jeonse,95000,,514,저,84.91,115.36,"12월입주협의, 로얄동층,채광좋은 뷰, 풀에어컨, 우수 커뮤니티",고덕현대공인중개사사무소,48,2026-10-08,2026-10-09,2026-10-10,,,1
2654141191,2654475080,godeok_central_ipark,sale,220000,,506,중,84.91,115.36,풀에어컨 로얄동층 남향 세안고매매 우수커뮤니티 세대창고,대상공인중개사사무소(427-0001),24,2026-10-08,2026-10-09,2026-10-10,,,1
2654142220,2654480880,godeok_central_ipark,jeonse,90000,,505,중,59.97,82.26,"정남향, 상가 지하철 가까운 선호동, 시스템 에어컨, 지하세대창고",고덕현대공인중개사사무소,57,2026-10-08,2026-10-09,2026-10-10,,,1
2654142538,2653730310,godeok_central_ipark,sale,190000,,505,중,59.97,82.26,"입주정상,정남향,채광굿,앞동,편리한생활인프라",고덕현대공인중개사사무소,49,2026-10-08,2026-10-09,2026-10-10,,,1
2654142688,2654480793,godeok_central_ipark,wolse,65000,100,505,중,59.97,82.26,"정남향, 상가지하철 가까운 선호동, 시스템에어컨, 지하세대창고",고덕현대공인중개사사무소,50,2026-10-08,2026-10-09,2026-10-10,,,1
2654147454,2654479776,godeok_central_ipark,sale,190000,,502,저,59.97,82.26,시스템에어컨 지하세대창고,대상공인중개사사무소(427-0001),38,2026-10-08,2026-10-09,2026-10-10,,,1
2654147764,2654480880,godeok_central_ipark,jeonse,90000,,505,10,59.97,82.26,"시스템에어컨,바로입주가,위치굿,집상태굿,세대창고,로얄동",으뜸그라시움공인중개사사무소,57,2026-10-08,2026-10-09,2026-10-10,,,1
2654154633,2653730310,godeok_central_ipark,sale,190000,,505,중,59.97,82.26,시스템에어컨 지하철가까운 정남향 판상형,대상공인중개사사무소(427-0001),49,2026-10-08,2026-10-09,2026-10-10,,,1
2654156684,2654481546,godeok_central_ipark,jeonse,110000,,514,저,84.97,115.81,에어컨5대 풀옵션,대상공인중개사사무소(427-0001),32,2026-10-08,2026-10-09,2026-10-10,,,1
2654156827,2654480912,godeok_central_ipark,jeonse,95000,,514,저,84.91,115.36,,대상공인중개사사무소(427-0001),48,2026-10-08,2026-10-09,2026-10-10,,,1
2654156974,2654480880,godeok_central_ipark,jeonse,90000,,505,10,59.97,82.26,월세도가능 시스템에어컨 융자무 지하철가까운동 세대창고 우수커뮤니티,대상공인중개사사무소(427-0001),57,2026-10-08,2026-10-09,2026-10-10,,,1
2654157580,2654157580,godeok_central_ipark,sale,210000,,507,고,84.91,115.36,,고덕굿모닝(437-6009)공인중개사사무소,1,2026-10-08,2026-10-09,2026-10-10,,,1
2654158284,2654480880,godeok_central_ipark,jeonse,90000,,505,10,59.97,82.26,전세.반전세 가능.로얄동층.전철 상가이용편리한동. 채광좋은 정남향,키움공인중개사사무소,57,2026-10-08,2026-10-09,2026-10-10,,,1
2654158391,2654481546,godeok_central_ipark,jeonse,110000,,514,저,84.97,115.81,반전세 가능.중앙광장 로얄동층.전철역 상가이용편리.풀에어컨.,키움공인중개사사무소,32,2026-10-08,2026-10-09,2026-10-10,,,1
2654158478,2654480793,godeok_central_ipark,wolse,65000,100,505,10,59.97,82.26,완전풀옵션 정남향 전철가까운 동 입주 하시 융무,대상공인중개사사무소(427-0001),50,2026-10-08,2026-10-09,2026-10-10,,,1
2654158557,2654480912,godeok_central_ipark,jeonse,95000,,514,저,84.91,115.36,늦은입주 12월.로얄동층.확트인 채광좋은뷰. 풀에어컨.옵션굿,키움공인중개사사무소,48,2026-10-08,2026-10-09,2026-10-10,,,1
2654158608,2654461237,godeok_central_ipark,wolse,40000,280,514,저,84.97,115.81,시스템에어컨5대 지하세대창고,대상공인중개사사무소(427-0001),34,2026-10-08,2026-10-09,2026-10-10,,,1
2654159869,2654264964,godeok_central_ipark,wolse,30000,240,510,저,74.88,102.27,12월 중순입주 융무 남향 조망트이고 에어컨3대 언제든 볼수있음,대상공인중개사사무소(427-0001),2,2026-10-08,2026-10-09,2026-10-10,,,1
2654161119,2654480793,godeok_central_ipark,wolse,65000,100,505,10,59.97,82.26,전세.반전세 가능.채광좋은 정남향.전철 상가이용편리한동.,키움공인중개사사무소,50,2026-10-08,2026-10-09,2026-10-10,,,1
2654161185,2654461237,godeok_central_ipark,wolse,50000,240,514,7,84.97,115.81,중앙광장 로얄동층.채광좋은 선호타입.풀에어컨.전철역 상가 이용편리,키움공인중개사사무소,34,2026-10-08,2026-10-09,2026-10-10,,,1
2654161463,2654161463,godeok_central_ipark,sale,215000,,516,저,84.97,115.81,35 세안고 매매 27년 4월 입주 협의,성수단지내 공인중개사사무소,5,2026-10-08,2026-10-09,2026-10-10,,,1
2654165038,2654467740,godeok_central_ipark,sale,210000,,508,고,84.91,115.36,34. 단독.세안고 매매. 늦은 입주. 정남향. 막힘없는 뷰. 협의가,그린고덕공인중개사사무소,8,2026-10-08,2026-10-09,2026-10-10,,,1
2654165674,2653757148,godeok_central_ipark,sale,185000,,519,저,59.91,82.42,25. 입주가능. 트인 뷰. 고일초 인접동. 지하세대창고.,고덕탑공인중개사사무소,31,2026-10-08,2026-10-09,2026-10-10,,,1
2654166762,2654166762,godeok_central_ipark,wolse,50000,200,507,고,84.91,115.36,단독.풀에어컨.탁 트인.하늘정원뷰. 장기거주가.명문학군.커뮤니티굿.,골드공인중개사사무소,1,2026-10-08,2026-10-09,2026-10-10,,,1
2654167413,2654479776,godeok_central_ipark,sale,190000,,502,저,59.97,82.26,25. 세안고. 남향. 채광 통풍 좋은 집. 판상형. 세대창고,고덕탑공인중개사사무소,38,2026-10-08,2026-10-09,2026-10-10,,,1
2654169909,2654479776,godeok_central_ipark,sale,190000,,502,저,59.97,82.26,28년상반기입주가능,부동산앤코공인중개사사무소,38,2026-10-08,2026-10-09,2026-10-10,,,1
2654171859,2654233289,godeok_central_ipark,jeonse,95000,,505,고,59.97,82.26,"역세권, 로얄동, 단지 전망 굿, 편의시설우수",고덕하나부동산공인중개사사무소,17,2026-10-08,2026-10-09,2026-10-10,,,1
2654199142,2654461237,godeok_central_ipark,wolse,50000,240,514,7,84.97,115.81,STAR추천 보증금조정가능 시에풀 트인뷰 채광굿,고덕스타공인중개사사무소,34,2026-10-08,2026-10-09,2026-10-10,,,1
2654199513,2654480912,godeok_central_ipark,jeonse,95000,,514,저,84.91,115.36,STAR 12월초입주협의 시에5 중문 식세기 인덕션 장기거주가능 트인뷰,고덕스타공인중개사사무소,48,2026-10-08,2026-10-09,2026-10-10,,,1
2654201268,2654480880,godeok_central_ipark,jeonse,85000,,505,10,59.97,82.26,STAR추천 에어컨 김치냉장고 오븐 정남향 10월입주협의 집보기가능,고덕스타공인중개사사무소,57,2026-10-08,2026-10-09,2026-10-10,,,1
2654201293,2654480793,godeok_central_ipark,wolse,65000,100,505,10,59.97,82.26,STAR추천 에어컨 김치냉장고 오븐 정남향 10월입주협의 집보기가능,고덕스타공인중개사사무소,50,2026-10-08,2026-10-09,2026-10-10,,,1
2654202289,2654481546,godeok_central_ipark,jeonse,100000,,514,저,84.97,115.81,추천 로얄동 초록초록 예쁜 정원 뷰 채광좋음 풀에어컨,그라시움이화공인중개사사무소,32,2026-10-08,2026-10-09,2026-10-10,,,1
2654202341,2654479776,godeok_central_ipark,sale,190000,,502,저,59.97,82.26,STAR추천 로얄동 세안고 에어컨 정원뷰 고일초1분컷 세대창고,고덕스타공인중개사사무소,38,2026-10-08,2026-10-09,2026-10-10,,,1
2654202515,2654475080,godeok_central_ipark,sale,220000,,506,중,84.91,115.36,알찬 34P 세안고매매 중앙광장뷰 로얄동 입주협의,알찬(406-4900)공인중개사사무소,24,2026-10-08,2026-10-09,2026-10-10,,,1
2654202586,2654480880,godeok_central_ipark,jeonse,85000,,505,중,59.97,82.26,지하철 가까운 초입동 정남향 시스템에어컨 풀옵션 내부컨디션 굿,그라시움이화공인중개사사무소,57,2026-10-08,2026-10-09,2026-10-10,,,1
2654203020,2654233289,godeok_central_ipark,jeonse,95000,,505,고,59.97,82.26,추천 지하철 상가 인접동 남향으로 채광좋음 내부컨디션 굿 입주협의,그라시움이화공인중개사사무소,17,2026-10-08,2026-10-09,2026-10-10,,,1
2654203752,2654480912,godeok_central_ipark,jeonse,95000,,514,저,84.91,115.36,조용하고 예쁜 정원뷰 풀에어컨 옵션 채광좋음 늦은 입주,그라시움이화공인중개사사무소,48,2026-10-08,2026-10-09,2026-10-10,,,1
2654206272,2654479755,godeok_central_ipark,sale,220000,,518,저,84.97,115.81,입주가능 지하철편리한로얄동층 풀시스템에어컨 커뮤니티우수,고덕스카이공인중개사사무소,27,2026-10-08,2026-10-09,2026-10-10,,,1
2654210231,2654480912,godeok_central_ipark,jeonse,95000,,514,저,84.91,115.36,"역세권, 로얄동, 단지 전망 굿, 편의시설우수, 늦은 입주",고덕하나부동산공인중개사사무소,48,2026-10-08,2026-10-09,2026-10-10,,,1
2654210579,2654480793,godeok_central_ipark,wolse,65000,100,505,10,59.97,82.26,"빠른입주가능, 역세권, 로얄동, 단지 전망 굿, 편의시설우수",고덕하나부동산공인중개사사무소,50,2026-10-08,2026-10-09,2026-10-10,,,1
2654210628,2654461237,godeok_central_ipark,wolse,50000,240,514,7,84.97,115.81,"역세권, 로얄동, 단지 전망 굿, 편의시설우수",고덕하나부동산공인중개사사무소,34,2026-10-08,2026-10-09,2026-10-10,,,1
2654210906,2654397102,godeok_central_ipark,wolse,40000,200,501,고,59.97,82.26,"빠른입주가능, 전망 굿, 편의시설우수",고덕하나부동산공인중개사사무소,27,2026-10-08,2026-10-09,2026-10-10,,,1
2654213091,2653301191,godeok_central_ipark,sale,200000,,507,저,84.91,115.36,세안고. 안정적인 정원뷰. 남향. 커뮤니티굿. 고일초. 숲속도서관인접.,골드공인중개사사무소,14,2026-10-08,2026-10-09,2026-10-10,,,1
2654217409,2654475080,godeok_central_ipark,sale,220000,,506,중,84.91,115.36,대단지역세권 명문학군 풀옵션 녹지공간많고 유해시설없는 고덕지구 세안고,고덕거성공인중개사사무소,24,2026-10-08,2026-10-09,2026-10-10,,,1
2654228790,2654471626,godeok_central_ipark,sale,205000,,517,3,84.97,115.81,34p 강추 입주매매 역세권 풀옵션 시스템에어컨 입주일협의,고덕리더스부동산공인중개사사무소,15,2026-10-08,2026-10-09,2026-10-10,,,1
2654229925,2654480793,godeok_central_ipark,wolse,65000,100,505,중,59.97,82.26,25p 강추 풀옵션 지하철 가까운 동 공원뷰 관리잘된집,고덕리더스부동산공인중개사사무소,50,2026-10-08,2026-10-09,2026-10-10,,,1
2654231041,2654480880,godeok_central_ipark,jeonse,90000,,505,10,59.97,82.26,25p 강추입주가능 정남향 로얄동층 확트인뷰 밝고환한집 역세권,고덕리더스부동산공인중개사사무소,57,2026-10-08,2026-10-09,2026-10-10,,,1
2654233277,2654463706,godeok_central_ipark,jeonse,110000,,517,저,84.97,115.81,"대단지역세권,트인뷰,살기좋은 대단지 아파트 선호동 입주협의",고덕거성공인중개사사무소,9,2026-10-08,2026-10-09,2026-10-10,,,1
2654233289,2654233289,godeok_central_ipark,jeonse,95000,,505,고,59.97,82.26,25p 정남향 역세권 트인뷰 풀옵션 입주일협의가능,고덕리더스부동산공인중개사사무소,17,2026-10-08,2026-10-09,2026-10-10,,,1
2654237506,2653730310,godeok_central_ipark,sale,190000,,505,중,59.97,82.26,로얄동층.전철 상가이용편리한동. 채광좋은 정남향.우수커뮤니티,키움공인중개사사무소,49,2026-10-08,2026-10-09,2026-10-10,,,1
2654237821,2654463706,godeok_central_ipark,jeonse,110000,,517,저,84.97,115.81,반전세가능 역세권 상권이용편리함 풀인테리어 트인뷰 관리된집.,고덕설연공인중개사사무소,9,2026-10-08,2026-10-09,2026-10-10,,,1
2654237917,2653301191,godeok_central_ipark,sale,200000,,507,저,84.91,115.36,로얄동층.풀에어컨.채광좋은 정남향.전철도보권.우수커뮤니티,키움공인중개사사무소,14,2026-10-08,2026-10-09,2026-10-10,,,1
2654238273,2654238273,godeok_central_ipark,sale,205000,,513,저,84.91,115.36,단독. 로얄동층. 채광좋은 확트인뷰.가장 선호타입.우수커뮤니티.,키움공인중개사사무소,1,2026-10-08,2026-10-09,2026-10-10,,,1
2654238977,2654445203,godeok_central_ipark,wolse,80000,120,517,저,84.97,115.81,추천 전세가능 막힘없는뷰 역세권 상권이용 좋음 풀인테리어.,고덕설연공인중개사사무소,9,2026-10-08,2026-10-09,2026-10-10,,,1
2654240715,2654445203,godeok_central_ipark,wolse,80000,120,517,저,84.97,115.81,34p 추천 역세권 풀옵션 시스템4 중문 등,고덕리더스부동산공인중개사사무소,9,2026-10-08,2026-10-09,2026-10-10,,,1
2654241071,2654445203,godeok_central_ipark,wolse,80000,120,517,저,84.97,115.81,"대단지역세권,트인뷰,살기좋은 대단지 아파트 선호동 입주협의",고덕거성공인중개사사무소,9,2026-10-08,2026-10-09,2026-10-10,,,1
2654241399,2654471626,godeok_central_ipark,sale,205000,,517,3,84.97,115.81,"대단지역세권,트인뷰,살기좋은 대단지 아파트 선호동 입주물건",고덕거성공인중개사사무소,15,2026-10-08,2026-10-09,2026-10-10,,,1
2654241997,2654479776,godeok_central_ipark,sale,190000,,502,저,59.97,82.26,강추 세안고매매 대단지역세권 명문학군 커뮤니티 유해시설없는 명품단지,그라시움거성공인중개사사무소,38,2026-10-08,2026-10-09,2026-10-10,,,1
2654246826,2654480880,godeok_central_ipark,jeonse,90000,,505,중,59.97,82.26,"귀한 25p전세,정남향, 역가까운 동, 관리잘된집,로얄층,커뮤니티우수",강동명문공인중개사사무소,57,2026-10-08,2026-10-09,2026-10-10,2026-10-10,83000,1
2654251268,2654480793,godeok_central_ipark,wolse,65000,100,505,10,59.97,82.26,전세가능 판상형 생활 편리한동 시스템에어컨,고덕자이(441-0109)공인중개사사무소,50,2026-10-08,2026-10-09,2026-10-10,,,1
2654251754,2654480912,godeok_central_ipark,jeonse,95000,,514,저,84.91,115.36,엘베2대 풀에어컨 트인뷰 장기거주,고덕자이(441-0109)공인중개사사무소,48,2026-10-08,2026-10-09,2026-10-10,,,1
2654256086,2654479755,godeok_central_ipark,sale,220000,,518,저,84.97,115.81,"입주매매, 풀에, 수납력 좋음,엘베2대, 세대창고, 커뮤니티우수",강동명문공인중개사사무소,27,2026-10-08,2026-10-09,2026-10-10,,,1
2654257379,2653757148,godeok_central_ipark,sale,185000,,519,저,59.91,82.42,트인뷰 밝은집,고덕자이(441-0109)공인중개사사무소,31,2026-10-08,2026-10-09,2026-10-10,,,1
2654258220,2654480880,godeok_central_ipark,jeonse,90000,,505,10,59.97,82.26,정남향 판상형 생활 편리한동 시스템에어컨,고덕자이(441-0109)공인중개사사무소,57,2026-10-08,2026-10-09,2026-10-10,,,1
2654263063,2654463706,godeok_central_ipark,jeonse,110000,,517,저,84.97,115.81,34p 풀옵션 시스템에어컨 중문,고덕리더스부동산공인중개사사무소,9,2026-10-08,2026-10-09,2026-10-10,,,1
2654264739,2654463706,godeok_central_ipark,jeonse,110000,,517,저,84.97,115.81,34. 풀에어컨. 트인뷰. 8억120가능. 상가이용편리,고덕탑공인중개사사무소,9,2026-10-08,2026-10-09,2026-10-10,,,1
2654264964,2654264964,godeok_central_ipark,wolse,35000,220,510,저,74.88,102.27,에어컨3대 융무 정남향 상태좋아요 세대창고 언제든 볼 수 있음,대상공인중개사사무소(427-0001),2,2026-10-08,2026-10-09,2026-10-10,,,1
2654265578,2654445203,godeok_central_ipark,wolse,80000,120,517,저,84.97,115.81,34. 풀에어컨. 트인 전망. 전세도 가능. 상가이용편리,고덕탑공인중개사사무소,9,2026-10-08,2026-10-09,2026-10-10,,,1
2654271211,2654480880,godeok_central_ipark,jeonse,90000,,505,중,59.97,82.26,빠른입주 귀한 전세 채광 조망 굿 정남향 역세권 학군우수 커뮤니티 우수,고덕시온공인중개사사무소,57,2026-10-08,2026-10-09,2026-10-10,,,1
2654271988,2654480880,godeok_central_ipark,jeonse,90000,,505,10,59.97,82.26,"추천전세.위치좋은 동, 정남향. 시스템에어컨,우수커뮤니티",참좋은공인중개사사무소,57,2026-10-08,2026-10-09,2026-10-10,,,1
2654272353,2654480793,godeok_central_ipark,wolse,65000,70,505,10,59.97,82.26,"지하철 가까운 위치좋은 동, 정남향. 시스템에어컨,우수커뮤니티",참좋은공인중개사사무소,50,2026-10-08,2026-10-09,2026-10-10,,,1
2654272885,2653730310,godeok_central_ipark,sale,190000,,505,중,59.97,82.26,로얄동 에어컨 정남향 입주가,고덕신흥공인중개사사무소,49,2026-10-08,2026-10-09,2026-10-10,,,1
2654273731,2654480880,godeok_central_ipark,jeonse,90000,,505,10,59.97,82.26,로얄동 에어컨 정남향 빠른입주가,고덕신흥공인중개사사무소,57,2026-10-08,2026-10-09,2026-10-10,,,1
2654275082,2653730310,godeok_central_ipark,sale,190000,,505,중,59.97,82.26,강추 로얄동층 지하철가까운동 명문학군 유해시설없는 명품단지,그라시움거성공인중개사사무소,49,2026-10-08,2026-10-09,2026-10-10,,,1
2654277332,2654480793,godeok_central_ipark,wolse,65000,100,505,10,59.97,82.26,보증금 및 임대기간 협의가능,고덕첫번째공인중개사사무소,50,2026-10-08,2026-10-09,2026-10-10,,,1
2654279122,2653730310,godeok_central_ipark,sale,190000,,505,중,59.97,82.26,"시스템에어컨,집상태굿,세대창고,위치굿,우수커뮤니티,로얄동,",으뜸그라시움공인중개사사무소,49,2026-10-08,2026-10-09,2026-10-10,,,1
2654279856,2654480793,godeok_central_ipark,wolse,65000,100,505,중,59.97,82.26,"시스쳄에어컨,세대창고,로얄동,로얄층, 집상태굿,우수 커뮤니티",으뜸그라시움공인중개사사무소,50,2026-10-08,2026-10-09,2026-10-10,,,1
2654297460,2654471626,godeok_central_ipark,sale,205000,,517,3,84.97,115.81,"커뮤니티최고시설,풀옵션,학세권고일초5분거리,정상입주",경성공인중개사사무소,15,2026-10-08,2026-10-09,2026-10-10,,,1
2654298003,2654463706,godeok_central_ipark,jeonse,110000,,517,저,84.97,115.81,"커뮤니티최고시설,풀옵션,학세권고일초5분거리,정상입주",경성공인중개사사무소,9,2026-10-08,2026-10-09,2026-10-10,,,1
2654298465,2654445203,godeok_central_ipark,wolse,80000,120,517,저,84.97,115.81,"커뮤니티최고시설,풀옵션,학세권고일초5분거리,정상입주",경성공인중개사사무소,9,2026-10-08,2026-10-09,2026-10-10,,,1
2654323505,2654480793,godeok_central_ipark,wolse,65000,100,505,10,59.97,82.26,역가까운 에어컨 정남향 보증금저절가,고덕신흥공인중개사사무소,50,2026-10-08,2026-10-09,2026-10-10,,,1
2654324612,2654437817,godeok_central_ipark,wolse,65000,70,515,고,59.97,82.26,"융무,올확장,상일역,마트,커뮤니티 가까운동으로 생활편리,12월말협의",단지내이레(443-6606)공인중개사사무소,3,2026-10-08,2026-10-09,2026-10-10,,,1
2654326042,2654475348,godeok_central_ipark,jeonse,98000,,514,저,84.97,115.81,추천급전세 채광좋은로얄동층 풀에어컨 넓은팬트리,고덕스카이공인중개사사무소,9,2026-10-08,2026-10-09,2026-10-10,,,1
2654327085,2654463706,godeok_central_ipark,jeonse,110000,,517,저,84.97,115.81,선호하는로얄동 채광양호한집 풀에어컨 커뮤니티바로,고덕스카이공인중개사사무소,9,2026-10-08,2026-10-09,2026-10-10,,,1
2654335194,2654480880,godeok_central_ipark,jeonse,90000,,505,중,59.97,82.26,"뛰어라. 귀한 25 전세. 풀옵션. 입주협의,집상태 굿",뛰어라공인중개사사무소,57,2026-10-08,2026-10-09,2026-10-10,,,1
2654335264,2654480793,godeok_central_ipark,wolse,65000,100,505,중,59.97,82.26,"뛰어라. 귀한 월세, 정남향 햇살좋은집. 풀옵션.집상태 굿",뛰어라공인중개사사무소,50,2026-10-08,2026-10-09,2026-10-10,,,1
2654336787,2654480912,godeok_central_ipark,jeonse,95000,,514,저,84.91,115.36,뛰어라. 풀옵션. 풀에어컨. 12월 협의. 장기거주가능,뛰어라공인중개사사무소,48,2026-10-08,2026-10-09,2026-10-10,,,1
2654344237,2654481546,godeok_central_ipark,jeonse,110000,,514,저,84.97,115.81,풀시스템에어컨 I 예쁜 광장뷰 I 보증금조정가 I 엘베 2대,노아공인중개사사무소,32,2026-10-09,2026-10-09,2026-10-10,,,1
2654345031,2654480793,godeok_central_ipark,wolse,65000,100,505,10,59.97,82.26,금터. 25A 선호동 선호평면 뷰 나오는 정남향 진출입편리 지하 세대창고,고덕그라시움금터부동산공인중개사사무소,50,2026-10-09,2026-10-09,2026-10-10,,,1
2654345032,2654461237,godeok_central_ipark,wolse,40000,280,514,7,84.97,115.81,"금터 34B 침실3 욕실2 시에5 눈부신 채광 전세10,5억可",고덕그라시움금터부동산공인중개사사무소,34,2026-10-09,2026-10-09,2026-10-10,,,1
2654345040,2654480880,godeok_central_ipark,jeonse,90000,,505,10,59.97,82.26,금터. 25A 선호동 선호평면 뷰 나오는 정남향 진출입편리 지하 세대창고,고덕그라시움금터부동산공인중개사사무소,57,2026-10-09,2026-10-09,2026-10-10,,,1
2654345041,2654480912,godeok_central_ipark,jeonse,95000,,514,저,84.91,115.36,금터. 34A 시세대비 저럼 고일초 선호타입 식세기 인덕션 가림없는 뷰,고덕그라시움금터부동산공인중개사사무소,48,2026-10-09,2026-10-09,2026-10-10,,,1
2654345048,2654481546,godeok_central_ipark,jeonse,110000,,514,저,84.97,115.81,금터 34B 침실3 욕실2 시에5 눈부신 채광 월세 5억220可,고덕그라시움금터부동산공인중개사사무소,32,2026-10-09,2026-10-09,2026-10-10,,,1
2654346426,2654479755,godeok_central_ipark,sale,220000,,518,저,84.97,115.81,선호타입 I 풀시스템에어컨 I 지하철역 고일초 커뮤니티 인접동,노아공인중개사사무소,27,2026-10-09,2026-10-09,2026-10-10,,,1
2654346435,2654480880,godeok_central_ipark,jeonse,83000,,505,10,59.97,82.26,역 가까운 동 I 정남향 I 시스템에어컨,노아공인중개사사무소,57,2026-10-09,2026-10-09,2026-10-10,,,1
2654346444,2654479776,godeok_central_ipark,sale,190000,,502,저,59.97,82.26,높은세안고 I 늦은입주 I 시스템에어컨,노아공인중개사사무소,38,2026-10-09,2026-10-09,2026-10-10,,,1
2654346465,2653730310,godeok_central_ipark,sale,190000,,505,중,59.97,82.26,입주협의 l 정남향 l 판상형 l 로얄동층 l 우수커뮤니티,노아공인중개사사무소,49,2026-10-09,2026-10-09,2026-10-10,,,1
2654348708,2654480793,godeok_central_ipark,wolse,65000,100,505,10,59.97,82.26,역세권. 정 남향 시스템 에어컨 선호 동 커뮤니티 이용 편리,사랑부동산공인중개사사무소,50,2026-10-09,2026-10-09,2026-10-10,,,1
2654348713,2654397102,godeok_central_ipark,wolse,40000,200,501,15,59.97,82.26,날짜협의가능 역세권. 시스템에어컨 선호 동 커뮤니티 이용 편리,사랑부동산공인중개사사무소,27,2026-10-09,2026-10-09,2026-10-10,,,1
2654348726,2653301191,godeok_central_ipark,sale,200000,,507,저,84.91,115.36,추천매물. 세안고 늦은입주 예쁜 단지뷰. 채광 좋음. 선호 동,사랑부동산공인중개사사무소,14,2026-10-09,2026-10-09,2026-10-10,,,1
2654348727,2654480880,godeok_central_ipark,jeonse,90000,,505,10,59.97,82.26,역세권. 정 남향 시스템 에어컨 선호 동 커뮤니티 이용 편리,사랑부동산공인중개사사무소,57,2026-10-09,2026-10-09,2026-10-10,,,1
2654348740,2654481546,godeok_central_ipark,jeonse,110000,,514,저,84.97,115.81,입주협의가능 시스템에어컨풀 보증금조정가 선호동 커뮤니티이용편,사랑부동산공인중개사사무소,32,2026-10-09,2026-10-09,2026-10-10,,,1
2654348747,2654461237,godeok_central_ipark,wolse,40000,280,514,저,84.97,115.81,입주협의가능 시스템에어컨풀 보증금조정가 선호동 커뮤니티이용편,사랑부동산공인중개사사무소,34,2026-10-09,2026-10-09,2026-10-10,,,1
2654348760,2654475348,godeok_central_ipark,jeonse,98000,,514,저,84.97,115.81,추천매물. 에어컨풀 12월입주 예쁜 단지뷰,사랑부동산공인중개사사무소,9,2026-10-09,2026-10-09,2026-10-10,,,1
2654348762,2654480912,godeok_central_ipark,jeonse,95000,,514,저,84.91,115.36,추천매물. 에어컨풀 식세기 인덕션 12월입주 예쁜 단지뷰,사랑부동산공인중개사사무소,48,2026-10-09,2026-10-09,2026-10-10,,,1
2654348764,2653757148,godeok_central_ipark,sale,185000,,519,저,59.91,82.42,입주 가능 트인뷰 지하세대 창고 고일초 앞,사랑부동산공인중개사사무소,31,2026-10-09,2026-10-09,2026-10-10,,,1
2654364802,2654445203,godeok_central_ipark,wolse,80000,120,517,저,84.97,115.81,지하철편리한선호동 풀에어컨 팬트리공간 거실뷰양호,고덕스카이공인중개사사무소,9,2026-10-09,2026-10-09,2026-10-10,,,1
2654365228,2654397102,godeok_central_ipark,wolse,40000,200,501,15,59.97,82.26,추천월세 탁트인뷰좋음 채광좋은로얄동층 시스템에어컨 판상형,고덕스카이공인중개사사무소,27,2026-10-09,2026-10-09,2026-10-10,,,1
2654365619,2654467740,godeok_central_ipark,sale,210000,,508,고,84.91,115.36,"상일 공원 뷰,에어컨 풀 ,계절 창고,다양한 커뮤니티, 세안고",센트럴부자공인중개사사무소,8,2026-10-09,2026-10-09,2026-10-10,,,1
2654365885,2654365885,godeok_central_ipark,jeonse,88000,,501,중,59.97,82.26,추천전세 탁트인로얄동층 채광좋은판상형 시스템에어컨,고덕스카이공인중개사사무소,4,2026-10-09,2026-10-09,2026-10-10,,,1
2654365911,2653757148,godeok_central_ipark,sale,185000,,519,저,59.91,82.42,추천급매 전망좋음 편리한지하철이용 로얄동층 커뮤니티우수,고덕스카이공인중개사사무소,31,2026-10-09,2026-10-09,2026-10-10,,,1
2654365926,2654471626,godeok_central_ipark,sale,205000,,517,3,84.97,115.81,지하철가까운로얄동 풀에어컨 파우더룸 커뮤니티우수 입주협의,고덕스카이공인중개사사무소,15,2026-10-09,2026-10-09,2026-10-10,,,1
2654367203,2654480912,godeok_central_ipark,jeonse,95000,,514,저,84.91,115.36,34P.풀에어컨 풀옵션 로얄동 내부깔끔 정원뷰가 예쁜집 세대창고,미르(426-1120)공인중개사사무소,48,2026-10-09,2026-10-09,2026-10-10,,,1
2654367256,2654480880,godeok_central_ipark,jeonse,83000,,505,10,59.97,82.26,25.집보여드림 시스템에어컨 옵션굿 내부깔끔 채광우수 지하철 이용편리,미르(426-1120)공인중개사사무소,57,2026-10-09,2026-10-09,2026-10-10,,,1
2654368390,2654480912,godeok_central_ipark,jeonse,95000,,514,저,84.91,115.36,"정원뷰,계절 창고 편의시설 시,에,장기거주 가능",센트럴부자공인중개사사무소,48,2026-10-09,2026-10-09,2026-10-10,,,1
2654368765,2654461237,godeok_central_ipark,wolse,40000,280,514,7,84.97,115.81,보증금 조율가 집보여드림 풀에어컨 내부깔끔 학군우수 예쁜 단지뷰,미르(426-1120)공인중개사사무소,34,2026-10-09,2026-10-09,2026-10-10,,,1
2654368787,2654480793,godeok_central_ipark,wolse,65000,100,505,중,59.97,82.26,"정남향,시,에,채광A급,다양한 커뮤니티,입주 협의",센트럴부자공인중개사사무소,50,2026-10-09,2026-10-09,2026-10-10,,,1
2654368795,2653730310,godeok_central_ipark,sale,190000,,505,중,59.97,82.26,로얄동층 지하철가까운정남향 채광좋음 판상형 시스템에어컨,고덕스카이공인중개사사무소,49,2026-10-09,2026-10-09,2026-10-10,,,1
2654368830,2654480793,godeok_central_ipark,wolse,65000,100,505,10,59.97,82.26,25.집보여드림 시스템에어컨 옵션多 정남향 채광굿 지하철이용편리,미르(426-1120)공인중개사사무소,50,2026-10-09,2026-10-09,2026-10-10,,,1
2654369207,2654461237,godeok_central_ipark,wolse,60000,200,514,저,84.97,115.81,"트인뷰,시,에5대 ,계절 창고 다양한 커뮤니티 11월30일 입주",센트럴부자공인중개사사무소,34,2026-10-09,2026-10-09,2026-10-10,,,1
2654369988,2654480793,godeok_central_ipark,wolse,65000,100,505,10,59.97,82.26,로얄동층 시스템에어컨 채광좋은정남향 커뮤니티우수,고덕스카이공인중개사사무소,50,2026-10-09,2026-10-09,2026-10-10,,,1
2654370117,2654480880,godeok_central_ipark,jeonse,90000,,505,10,59.97,82.26,지하철가까운로얄동층 채광좋은정남향 시스템에어컨 판상형,고덕스카이공인중개사사무소,57,2026-10-09,2026-10-09,2026-10-10,,,1
2654370987,2654475080,godeok_central_ipark,sale,220000,,506,중,84.91,115.36,세안고매매 지하철가까운로얄동층 채광좋은정남향 풀에어컨,고덕스카이공인중개사사무소,24,2026-10-09,2026-10-09,2026-10-10,,,1
2654371657,2654467740,godeok_central_ipark,sale,210000,,508,고,84.91,115.36,세안고 탁트인전망 채광좋은로얄동층 판상형 시스템에어컨 시원한통창,고덕스카이공인중개사사무소,8,2026-10-09,2026-10-09,2026-10-10,,,1
2654373036,2653757148,godeok_central_ipark,sale,185000,,519,저,59.91,82.42,"트인 정원뷰, 역세권 ,다양한 커뮤니티 , 늦은입주",센트럴부자공인중개사사무소,31,2026-10-09,2026-10-09,2026-10-10,,,1
2654373942,2654477384,godeok_central_ipark,sale,185000,,516,중,59.97,82.26,"정남향,시,에,편의시설 근접, 로얄동 로얄층,입주 협의.",센트럴부자공인중개사사무소,5,2026-10-09,2026-10-09,2026-10-10,,,1
2654374099,2654397102,godeok_central_ipark,wolse,40000,200,501,15,59.97,82.26,"공원뷰,.시,에,계절 창고. 다양한 커뮤니티 11월말 이후",센트럴부자공인중개사사무소,27,2026-10-09,2026-10-09,2026-10-10,,,1
2654377064,2654481546,godeok_central_ipark,jeonse,110000,,514,저,84.97,115.81,로얄동층 에어컨풀 중앙광장뷰좋음 햇살좋은집 커뮤니티우수,고덕스카이공인중개사사무소,32,2026-10-09,2026-10-09,2026-10-10,,,1
2654379192,2654475348,godeok_central_ipark,jeonse,98000,,514,저,84.97,115.81,"주인거주 관리 잘된집. 12월입주. 풀에어컨. 명문학군, 우수 커뮤니티",고덕햇살426-3336공인중개사사무소,9,2026-10-09,2026-10-09,2026-10-10,,,1
2654379335,2654463706,godeok_central_ipark,jeonse,110000,,517,저,84.97,115.81,고현초 가까운동. 트인 환한뷰. 풀옵션. 명문학군. 우수 커뮤니티,고덕햇살426-3336공인중개사사무소,9,2026-10-09,2026-10-09,2026-10-10,,,1
2654379658,2654445203,godeok_central_ipark,wolse,80000,120,517,저,84.97,115.81,고현초 가까운동. 트인 환한뷰. 풀옵션. 명문학군. 우수 커뮤니티,고덕햇살426-3336공인중개사사무소,9,2026-10-09,2026-10-09,2026-10-10,,,1
2654382449,2654481546,godeok_central_ipark,jeonse,110000,,514,저,84.97,115.81,"추천, 귀한 전세, 풀에어컨, 지하철 가까운 동, 우수 커뮤니티",자이햇살공인중개사사무소,32,2026-10-09,2026-10-10,2026-10-10,,,1
2654382580,2654480912,godeok_central_ipark,jeonse,95000,,514,저,84.91,115.36,"귀한 전세, 로얄동 층, 트인 환한 뷰, 풀옵션, 우수 커뮤니티",자이햇살공인중개사사무소,48,2026-10-09,2026-10-10,2026-10-10,,,1
2654382586,2654467740,godeok_central_ipark,sale,210000,,508,고,84.91,115.36,"세안고 매매, 올확장,정남향의 채광좋은 트인뷰,로얄동층입니다",단지내이레(443-6606)공인중개사사무소,8,2026-10-09,2026-10-10,2026-10-10,,,1
2654382874,2654471626,godeok_central_ipark,sale,205000,,517,저,84.97,115.81,추천. 고일초 인접. 뚫린 뷰. 풀에어컨. 역세권. 명문학군,고덕햇살426-3336공인중개사사무소,15,2026-10-09,2026-10-10,2026-10-10,,,1
2654382907,2654480880,godeok_central_ipark,jeonse,90000,,505,10,59.97,82.26,"귀한 전세, 지하철 가까운 동, 정남향 밝은 뷰, 풀옵션, 우수 커뮤니티",자이햇살공인중개사사무소,57,2026-10-09,2026-10-10,2026-10-10,,,1
2654382942,2654397102,godeok_central_ipark,wolse,40000,200,501,15,59.97,82.26,"올확장,트인뷰,채광좋은집,관리 잘 된 집,입주협의",단지내이레(443-6606)공인중개사사무소,27,2026-10-09,2026-10-10,2026-10-10,,,1
2654383319,2654461237,godeok_central_ipark,wolse,50000,240,514,7,84.97,115.81,"추천, 귀한 월세, 풀에어컨, 지하철 가까운 동, 보증금 조정 가능",자이햇살공인중개사사무소,34,2026-10-09,2026-10-10,2026-10-10,,,1
2654383433,2654480793,godeok_central_ipark,wolse,65000,100,505,10,59.97,82.26,"귀한 월세, 지하철 가까운 동, 정남향 밝은 뷰, 풀옵션, 우수 커뮤니티",자이햇살공인중개사사무소,50,2026-10-09,2026-10-10,2026-10-10,,,1
2654386791,2653730310,godeok_central_ipark,sale,190000,,505,중,59.97,82.26,"추천, 지하철 가까운 동, 정남향 밝은 뷰, 풀옵션, 우수 커뮤니티",자이햇살공인중개사사무소,49,2026-10-09,2026-10-10,2026-10-10,,,1
2654386860,2654479776,godeok_central_ipark,sale,190000,,502,저,59.97,82.26,"갭투, 정남향 밝은 집, 예쁜 단지 뷰, 우수 커뮤니티",자이햇살공인중개사사무소,38,2026-10-09,2026-10-10,2026-10-10,,,1
2654387144,2653757148,godeok_central_ipark,sale,185000,,519,저,59.91,82.42,"추천, 트인 환한 뷰, 고일초 바로 앞, 우수 커뮤니티, 늦은 입주",자이햇살공인중개사사무소,31,2026-10-09,2026-10-10,2026-10-10,,,1
2654387507,2654471626,godeok_central_ipark,sale,205000,,517,3,84.97,115.81,"추천, 입주 매매, 로얄동, 트인 환한 뷰, 풀옵션, 우수 커뮤니티",자이햇살공인중개사사무소,15,2026-10-09,2026-10-10,2026-10-10,,,1
2654387570,2654420855,godeok_central_ipark,sale,220000,,513,저,84.91,115.36,"추천, 입주매매, 로얄동, 풀에어컨, 집상태 최상, 우수 커뮤니티",자이햇살공인중개사사무소,9,2026-10-09,2026-10-10,2026-10-10,,,1
2654387940,2654479755,godeok_central_ipark,sale,220000,,518,저,84.97,115.81,"추천, 입주 가능, 탁트인 환한 뷰, 풀옵션, 고일초 바로 옆동",자이햇살공인중개사사무소,27,2026-10-09,2026-10-10,2026-10-10,,,1
2654388041,2654475080,godeok_central_ipark,sale,220000,,506,중,84.91,115.36,"로얄동 층, 세안고 매매, 풀옵션, 정남향 밝은 집, 우수 커뮤니티",자이햇살공인중개사사무소,24,2026-10-09,2026-10-10,2026-10-10,,,1
2654393506,2654467740,godeok_central_ipark,sale,210000,,508,고,84.91,115.36,"정남향 채광좋은집, 시스템에어컨, 세대창고, 우수커뮤",고덕굿모닝(437-6009)공인중개사사무소,8,2026-10-09,2026-10-10,2026-10-10,,,1
2654394435,2654480912,godeok_central_ipark,jeonse,95000,,514,저,84.91,115.36,로얄동층 풀에어컨 12월 입주협의 채광좋은 집 장기거주가능,고덕태양공인중개사사무소,48,2026-10-09,2026-10-10,2026-10-10,,,1
2654395230,2654480912,godeok_central_ipark,jeonse,95000,,514,저,84.91,115.36,"장기거주가능, 시스템에어컨, 트인뷰 채광좋은집, 세대지하창고",고덕굿모닝(437-6009)공인중개사사무소,48,2026-10-09,2026-10-10,2026-10-10,,,1
2654397102,2654397102,godeok_central_ipark,wolse,40000,200,501,15,59.97,82.26,"입주날짜협의, 시스템에어컨, 트인뷰, 세대지하창고, 우수커뮤",고덕굿모닝(437-6009)공인중개사사무소,27,2026-10-09,2026-10-10,2026-10-10,,,1
2654397120,2654480793,godeok_central_ipark,wolse,65000,100,505,10,59.97,82.26,보증금조율가능 깔끔한내부관리상태,부동산앤코공인중개사사무소,50,2026-10-09,2026-10-10,2026-10-10,,,1
2654397681,2654480880,godeok_central_ipark,jeonse,90000,,505,10,59.97,82.26,반전세조건가능 깔끔한내부관리상태,부동산앤코공인중개사사무소,57,2026-10-09,2026-10-10,2026-10-10,,,1
2654399690,2654481546,godeok_central_ipark,jeonse,110000,,514,저,84.97,115.81,추천 로얄동층 풀에어컨 커뮤니티우수 상가이용편리한 중앙동,고덕태양공인중개사사무소,32,2026-10-09,2026-10-10,2026-10-10,,,1
2654399944,2654480793,godeok_central_ipark,wolse,65000,100,505,10,59.97,82.26,시스템에어컨. 지하철가까운동. 세대지하창고. 우수커뮤니티시설,고덕굿모닝(437-6009)공인중개사사무소,50,2026-10-09,2026-10-10,2026-10-10,,,1
2654400258,2654461237,godeok_central_ipark,wolse,60000,200,514,7,84.97,115.81,"보증금조정가, 에풀, 세대지하창고, 넓은동간거리, 우수커뮤니티",고덕굿모닝(437-6009)공인중개사사무소,34,2026-10-09,2026-10-10,2026-10-10,,,1
2654402605,2654481546,godeok_central_ipark,jeonse,110000,,514,저,84.97,115.81,"입주일협의가, 에풀, 세대지하창고, 넓은동간거리, 채광좋은집, 우수커뮤",고덕굿모닝(437-6009)공인중개사사무소,32,2026-10-09,2026-10-10,2026-10-10,,,1
2654402946,2653757148,godeok_central_ipark,sale,185000,,519,저,59.91,82.42,"늦은입주, 에어컨풀, 개방감좋음, 고일초인접, 세대지하창고,우수커뮤니티",고덕굿모닝(437-6009)공인중개사사무소,31,2026-10-09,2026-10-10,2026-10-10,,,1
2654404938,2654475348,godeok_central_ipark,jeonse,98000,,514,저,84.97,115.81,"에풀, 트인뷰 채광좋은집, 세대창고, 우수커뮤니티",고덕굿모닝(437-6009)공인중개사사무소,9,2026-10-09,2026-10-10,2026-10-10,,,1
2654405170,2654471626,godeok_central_ipark,sale,205000,,517,저,84.97,115.81,"급매, 에어컨풀, 세대창고, 커뮤니티시설우수, 고일초바로앞",고덕굿모닝(437-6009)공인중개사사무소,15,2026-10-09,2026-10-10,2026-10-10,,,1
2654406189,2654480880,godeok_central_ipark,jeonse,90000,,505,10,59.97,82.26,"귀한전세, 정남향, 시스템에어컨, 지하철가까운동, 지하세대창고",고덕굿모닝(437-6009)공인중개사사무소,57,2026-10-09,2026-10-10,2026-10-10,,,1
2654409384,2654471626,godeok_central_ipark,sale,205000,,517,저,84.97,115.81,T 02 3013 2500 정원뻥뷰 사생활보호 눈부신채광 거주만족높은집,부동산뉴스공인중개사사무소,15,2026-10-09,2026-10-10,2026-10-10,,,1
2654411749,2654437817,godeok_central_ipark,wolse,65000,70,515,고,59.97,82.26,,고덕무지개공인중개사사무소,3,2026-10-09,2026-10-10,2026-10-10,,,1
2654420855,2654420855,godeok_central_ipark,sale,220000,,513,저,84.91,115.36,T 02 3013 2500 주인거주 풀에어컨 로얄동 로얄층 커뮤니티최우수,부동산뉴스공인중개사사무소,9,2026-10-09,2026-10-10,2026-10-10,,,1
2654422396,2654475348,godeok_central_ipark,jeonse,98000,,514,저,84.97,115.81,"커뮤니티최고시설, 풀에어컨,학세권고일초5분거리,정상입주",경성공인중개사사무소,9,2026-10-09,2026-10-10,2026-10-10,,,1
2654423760,2654481546,godeok_central_ipark,jeonse,110000,,514,저,84.97,115.81,반전세가능 입주협의 역가깝고 상가이용 편리한 중앙동.,고덕설연공인중개사사무소,32,2026-10-09,2026-10-10,2026-10-10,,,1
2654424159,2654461237,godeok_central_ipark,wolse,50000,240,514,저,84.97,115.81,34. 풀에어컨. 중앙동. 햇살 좋은집. 전세10.5억 가능. 전망 굿,고덕탑공인중개사사무소,34,2026-10-09,2026-10-10,2026-10-10,,,1
2654425523,2654425523,godeok_central_ipark,wolse,65000,80,502,중,59.97,82.26,정남향. 채광 통풍 좋아요. 판상형. 시스템에어컨.,고덕탑공인중개사사무소,3,2026-10-09,2026-10-10,2026-10-10,,,1
2654425536,2654397102,godeok_central_ipark,wolse,40000,200,501,고,59.97,82.26,트인 뷰 날짜 협의,동서울부동산공인중개사사무소,27,2026-10-09,2026-10-10,2026-10-10,,,1
2654425547,2654480793,godeok_central_ipark,wolse,65000,100,505,중,59.97,82.26,남향. 채광 좋은집. 전세9억가능. 전철 가까운 동. 시스템에어컨.,고덕탑공인중개사사무소,50,2026-10-09,2026-10-10,2026-10-10,,,1
2654425690,2654481546,godeok_central_ipark,jeonse,110000,,514,저,84.97,115.81,34. 풀에어컨. 중앙동. 햇살 좋은집. 5억220가능. 전망 굿,고덕탑공인중개사사무소,32,2026-10-09,2026-10-10,2026-10-10,,,1
2654425704,2654480880,godeok_central_ipark,jeonse,90000,,505,중,59.97,82.26,정남향. 6.5억100가능. 채광 굿. 전철 가까운 동. 시스템에어컨,고덕탑공인중개사사무소,57,2026-10-09,2026-10-10,2026-10-10,,,1
2654425877,2654480912,godeok_central_ipark,jeonse,95000,,514,저,84.91,115.36,34. 풀에어컨. 햇살 좋은집. 장기거주가. 식세기. 인덕션. 12월입주,고덕탑공인중개사사무소,48,2026-10-09,2026-10-10,2026-10-10,,,1
2654426550,2654397102,godeok_central_ipark,wolse,40000,200,501,고,59.97,82.26,"추.천. 귀한 25P월세, 입주일조정가, 로얄층, 커뮤니티우수,",강동명문공인중개사사무소,27,2026-10-09,2026-10-10,2026-10-10,,,1
2654427939,2654463706,godeok_central_ipark,jeonse,110000,,517,저,84.97,115.81,"트인뷰 ,에어컨 풀, 계절 창고,커뮤니티.중문,입주 협의",센트럴부자공인중개사사무소,9,2026-10-09,2026-10-10,2026-10-10,,,1
2654428477,2654480912,godeok_central_ipark,jeonse,95000,,514,저,84.91,115.36,추천로얄동 중앙광장뷰 풀에 엘베2대 12월입주 커뮤니티굿.,고덕설연공인중개사사무소,48,2026-10-09,2026-10-10,2026-10-10,,,1
2654428527,2654445203,godeok_central_ipark,wolse,80000,120,517,저,84.97,115.81,"트인 뷰,시,에5,계절 창고,중 문",센트럴부자공인중개사사무소,9,2026-10-09,2026-10-10,2026-10-10,,,1
2654428557,2654475348,godeok_central_ipark,jeonse,98000,,514,저,84.97,115.81,강.추.풀.에어컨. 채광좋은 관리잘된집. 로열동.층.채광굿.커뮤니티굿,골드공인중개사사무소,9,2026-10-09,2026-10-10,2026-10-10,,,1
2654429165,2653730310,godeok_central_ipark,sale,190000,,505,중,59.97,82.26,"추천25p매매, 로얄층, 정남향, 커뮤니티우수",강동명문공인중개사사무소,49,2026-10-09,2026-10-10,2026-10-10,,,1
2654430048,2654480880,godeok_central_ipark,jeonse,90000,,505,중,59.97,82.26,"귀한전세매물,지하철역가까운동,옵션좋아요",단지내길공인중개사사무소,57,2026-10-09,2026-10-10,2026-10-10,,,1
2654430551,2654477384,godeok_central_ipark,sale,185000,,516,중,59.97,82.26,매도인 의뢰 입주가 집상태 좋아요.,동서울부동산공인중개사사무소,5,2026-10-09,2026-10-10,2026-10-10,,,1
2654430918,2654480912,godeok_central_ipark,jeonse,95000,,514,저,84.91,115.36,"12월초순협의,귀한전세,관리잘된집",단지내길공인중개사사무소,48,2026-10-09,2026-10-10,2026-10-10,,,1
2654431448,2653730310,godeok_central_ipark,sale,190000,,505,중,59.97,82.26,25. 입주. 정남향. 채광 좋아요. 전철 가까운 동. 시스템에어컨.,고덕탑공인중개사사무소,49,2026-10-09,2026-10-10,2026-10-10,,,1
2654431495,2654431495,godeok_central_ipark,sale,190000,,513,중,59.97,82.26,25. 늦은 입주. 로얄동 층. 채광좋음. 판상형. 잘 관리된 집,고덕탑공인중개사사무소,3,2026-10-09,2026-10-10,2026-10-10,,,1
2654431502,2654471626,godeok_central_ipark,sale,205000,,517,저,84.97,115.81,"34. 추천. 트인뷰, 채광 전망 좋은집. 풀에어컨.",고덕탑공인중개사사무소,15,2026-10-09,2026-10-10,2026-10-10,,,1
2654431503,2654481546,godeok_central_ipark,jeonse,110000,,514,저,84.97,115.81,"선호타입,전망굿,빠른입주선호,보증금조절가능",단지내길공인중개사사무소,32,2026-10-09,2026-10-10,2026-10-10,,,1
2654431534,2654477393,godeok_central_ipark,sale,220000,,515,고,84.91,115.36,매도인 의뢰 풀 옵션,동서울부동산공인중개사사무소,2,2026-10-09,2026-10-10,2026-10-10,,,1
2654437817,2654437817,godeok_central_ipark,wolse,65000,70,515,고,59.97,82.26,융무 에어컨 중문 채광굿 로얄동,고덕신흥공인중개사사무소,3,2026-10-09,2026-10-10,2026-10-10,,,1
2654444408,2654475348,godeok_central_ipark,jeonse,98000,,514,저,84.97,115.81,"역세권, 로얄동, 단지 전망 굿, 편의시설우수",고덕하나부동산공인중개사사무소,9,2026-10-09,2026-10-10,2026-10-10,,,1
2654444556,2654480880,godeok_central_ipark,jeonse,90000,,505,10,59.97,82.26,"역세권, 로얄동, 단지 전망 굿, 편의시설우수",고덕하나부동산공인중개사사무소,57,2026-10-09,2026-10-10,2026-10-10,,,1
2654445203,2654445203,godeok_central_ipark,wolse,80000,120,517,저,84.97,115.81,"정원조망,전세가능,2월입주",신고덕(427-8955)공인중개사사무소,9,2026-10-09,2026-10-10,2026-10-10,,,1
2654447729,2654471626,godeok_central_ipark,sale,205000,,517,저,84.97,115.81,"편안한 정원뷰,관리상태 굿,건강한 생활에 좋아요",신고덕(427-8955)공인중개사사무소,15,2026-10-09,2026-10-10,2026-10-10,,,1
2654450965,2654450965,godeok_central_ipark,sale,190000,,510,저,74.88,102.27,"추천 31p, 입주매매, 정남향, 에어컨풀, 세대별창고, 1층아님",고덕굿모닝(437-6009)공인중개사사무소,4,2026-10-09,2026-10-10,2026-10-10,,,1
2654453300,2653730310,godeok_central_ipark,sale,190000,,505,중,59.97,82.26,"역세권, 로얄동, 단지 전망 굿, 편의시설우수",고덕하나부동산공인중개사사무소,49,2026-10-09,2026-10-10,2026-10-10,,,1
2654461237,2654461237,godeok_central_ipark,wolse,30000,320,514,7,84.97,115.81,보증금조정가능 풀에어컨 날짜협의 전세가능,고덕명가공인중개사사무소,34,2026-10-09,2026-10-10,2026-10-10,,,1
2654463706,2654463706,godeok_central_ipark,jeonse,110000,,517,저,84.97,115.81,"정상입주,에풀, 8억120가능,확트인뷰,세대창고, 커뮤니티 이용편리",강동명문공인중개사사무소,9,2026-10-09,2026-10-10,2026-10-10,,,1
2654463968,2654463968,godeok_central_ipark,jeonse,110000,,517,저,84.97,115.81,풀옵션 27.2월 협의가능 수납우수 반월세가능,고덕무지개공인중개사사무소,1,2026-10-09,2026-10-10,2026-10-10,,,1
2654464600,2654461237,godeok_central_ipark,wolse,40000,280,514,저,84.97,115.81,"추.천. 귀한 34P월세,11월말입주,보증금조정가능,로얄층,커뮤니티우수",강동명문공인중개사사무소,34,2026-10-09,2026-10-10,2026-10-10,,,1
2654466876,2654475348,godeok_central_ipark,jeonse,98000,,514,저,84.97,115.81,에어컨4대.중문.식세기 o 깔끔한집 o 우수학군 o 세대창고,롯데공인중개사사무소,9,2026-10-09,2026-10-10,2026-10-10,,,1
2654467740,2654467740,godeok_central_ipark,sale,210000,,508,고,84.91,115.36,"세안고 매매, 탁트인 환한 뷰, 정남향 밝은 집, 우수 커뮤니티",자이햇살공인중개사사무소,8,2026-10-09,2026-10-10,2026-10-10,,,1
2654471626,2654471626,godeok_central_ipark,sale,205000,,517,3,84.97,115.81,전세안고 풀에어컨 트인뷰 밝은집,고덕자이(441-0109)공인중개사사무소,15,2026-10-09,2026-10-10,2026-10-10,,,1
2654475080,2654475080,godeok_central_ipark,sale,220000,,506,중,84.91,115.36,추천매물. 세안고 늦은입주 예쁜 단지뷰. 채광 좋음. 선호 동,사랑부동산공인중개사사무소,24,2026-10-10,2026-10-10,2026-10-10,,,1
2654475115,2654479776,godeok_central_ipark,sale,190000,,502,저,59.97,82.26,세안고 갭투가능한집 로얄동 로얄층 단지죠경예쁜집,사랑부동산공인중개사사무소,38,2026-10-10,2026-10-10,2026-10-10,,,1
2654475118,2653730310,godeok_central_ipark,sale,190000,,505,중,59.97,82.26,역세권. 정 남향 시스템 에어컨 선호 동 커뮤니티 이용 편리,사랑부동산공인중개사사무소,49,2026-10-10,2026-10-10,2026-10-10,,,1
2654475320,2654397102,godeok_central_ipark,wolse,40000,200,501,고,59.97,82.26,시스템 에어컨 김냉 집볼수있어요 선호동 커뮤니티 이용 편리,고덕그라시움사랑부동산중개,27,2026-10-10,2026-10-10,2026-10-10,,,1
2654475325,2654480793,godeok_central_ipark,wolse,65000,100,505,10,59.97,82.26,역세권. 정 남향 시스템 에어컨 선호 동 커뮤니티 이용 편리,고덕그라시움사랑부동산중개,50,2026-10-10,2026-10-10,2026-10-10,,,1
2654475326,2653301191,godeok_central_ipark,sale,200000,,507,저,84.91,115.36,추천매물. 세안고 늦은입주 예쁜 단지뷰. 채광 좋음. 선호 동,고덕그라시움사랑부동산중개,14,2026-10-10,2026-10-10,2026-10-10,,,1
2654475327,2654480880,godeok_central_ipark,jeonse,90000,,505,10,59.97,82.26,역세권. 정 남향 시스템 에어컨 선호 동 커뮤니티 이용 편리,고덕그라시움사랑부동산중개,57,2026-10-10,2026-10-10,2026-10-10,,,1
2654475332,2654480912,godeok_central_ipark,jeonse,95000,,514,저,84.91,115.36,추천매물. 에어컨풀 식세기 인덕션 12월입주 예쁜 단지뷰,고덕그라시움사랑부동산중개,48,2026-10-10,2026-10-10,2026-10-10,,,1
2654475333,2654461237,godeok_central_ipark,wolse,40000,280,514,저,84.97,115.81,입주협의가능 시스템에어컨풀 보증금조정가 선호동 커뮤니티이용편,고덕그라시움사랑부동산중개,34,2026-10-10,2026-10-10,2026-10-10,,,1
2654475336,2654481546,godeok_central_ipark,jeonse,110000,,514,저,84.97,115.81,입주협의가능 시스템에어컨풀 보증금조정가 선호동 커뮤니티이용편,고덕그라시움사랑부동산중개,32,2026-10-10,2026-10-10,2026-10-10,,,1
2654475348,2654475348,godeok_central_ipark,jeonse,98000,,514,저,84.97,115.81,추천매물. 에어컨풀 12월입주 예쁜 단지뷰,고덕그라시움사랑부동산중개,9,2026-10-10,2026-10-10,2026-10-10,,,1
2654475351,2653757148,godeok_central_ipark,sale,185000,,519,저,59.91,82.42,입주 가능 트인뷰 지하세대 창고 고일초 앞,고덕그라시움사랑부동산중개,31,2026-10-10,2026-10-10,2026-10-10,,,1
2654477369,2654397102,godeok_central_ipark,wolse,40000,200,501,고,59.97,82.26,트인 뷰 날짜 협의,동서울부동산공인중개사사무소,27,2026-10-10,2026-10-10,2026-10-10,,,1
2654477384,2654477384,godeok_central_ipark,sale,185000,,516,중,59.97,82.26,매도인 의뢰 입주가 집상태 좋아요.,동서울부동산공인중개사사무소,5,2026-10-10,2026-10-10,2026-10-10,,,1
2654477393,2654477393,godeok_central_ipark,sale,220000,,515,고,84.91,115.36,매도인 의뢰 풀 옵션,동서울부동산공인중개사사무소,2,2026-10-10,2026-10-10,2026-10-10,,,1
2654479755,2654479755,godeok_central_ipark,sale,220000,,518,저,84.97,115.81,선호타입 I 풀시스템에어컨 I 지하철역 고일초 커뮤니티 인접동,노아공인중개사사무소,27,2026-10-10,2026-10-10,2026-10-10,,,1
2654479768,2654480880,godeok_central_ipark,jeonse,83000,,505,10,59.97,82.26,역 가까운 동 I 정남향 I 시스템에어컨,노아공인중개사사무소,57,2026-10-10,2026-10-10,2026-10-10,,,1
2654479776,2654479776,godeok_central_ipark,sale,190000,,502,저,59.97,82.26,높은세안고 I 늦은입주 I 시스템에어컨,노아공인중개사사무소,38,2026-10-10,2026-10-10,2026-10-10,,,1
2654479787,2653730310,godeok_central_ipark,sale,190000,,505,중,59.97,82.26,입주협의 l 정남향 l 판상형 l 로얄동층 l 우수커뮤니티,노아공인중개사사무소,49,2026-10-10,2026-10-10,2026-10-10,,,1
2654480792,2654480912,godeok_central_ipark,jeonse,95000,,514,저,84.91,115.36,로얄동. 로얄층. 트인뷰. 풀옵션. 관리잘된집,그라시움하늘공인중개사사무소,48,2026-10-10,2026-10-10,2026-10-10,,,1
2654480793,2654480793,godeok_central_ipark,wolse,65000,100,505,10,59.97,82.26,추천. 정남향. 로얄동층. 관리잘된집,그라시움하늘공인중개사사무소,50,2026-10-10,2026-10-10,2026-10-10,,,1
2654480796,2654480880,godeok_central_ipark,jeonse,90000,,505,10,59.97,82.26,추천. 정남향. 로얄동층. 옵션굿. 융자없고 관리잘된집,그라시움하늘공인중개사사무소,57,2026-10-10,2026-10-10,2026-10-10,,,1
2654480880,2654480880,godeok_central_ipark,jeonse,90000,,505,10,59.97,82.26,25p 큰문 입주협의 정남향 로얄동 보증금6억5천 반전세 가능,큰문공인중개사사무소,57,2026-10-10,2026-10-10,2026-10-10,,,1
2654480912,2654480912,godeok_central_ipark,jeonse,95000,,514,저,84.91,115.36,34p 큰문 풀옵션 예쁜단지뷰 교통편리,큰문공인중개사사무소,48,2026-10-10,2026-10-10,2026-10-10,,,1
2654481546,2654481546,godeok_central_ipark,jeonse,110000,,514,저,84.97,115.81,풀시스템에어컨 I 예쁜 광장뷰 I 보증금조정가 I 엘베 2대,노아공인중개사사무소,32,2026-10-10,2026-10-10,2026-10-10,,,1
2648692683,2654374099,godeok_central_ipark,wolse,40000,200,501,고,59.97,82.26,개방감 최고. 장기거주가능. 에유. 집보기 가능합니다.,고덕대승부동산공인중개사사무소,28,2026-09-09,2026-10-09,2026-10-09,,,0
2648757989,2654368765,godeok_central_ipark,wolse,40000,260,514,저,84.97,115.81,풀에어컨 중앙동 보증금조정가 엘베2,고덕신흥공인중개사사무소,34,2026-09-09,2026-10-09,2026-10-09,,,0
2648758183,2654377064,godeok_central_ipark,jeonse,105000,,514,저,84.97,115.81,풀에어컨 중앙동 보증금조정가 엘베2,고덕신흥공인중개사사무소,31,2026-09-09,2026-10-09,2026-10-09,,,0
2650016864,2654374099,godeok_central_ipark,wolse,40000,200,501,고,59.97,82.26,"추.천. 귀한 25P월세, 입주일조정가, 로얄층, 커뮤니티우수,",강동명문공인중개사사무소,28,2026-09-15,2026-10-09,2026-10-09,,,0
2651323505,2654370117,godeok_central_ipark,jeonse,83000,,505,10,59.97,82.26,강추전세 로얄동층 지하철근접동 채광굿 컨디션굿 반전세가능,그라시움거성공인중개사사무소,58,2026-09-22,2026-10-09,2026-10-09,,,0
2651324404,2654369988,godeok_central_ipark,wolse,65000,70,505,10,59.97,82.26,강추 로얄동층 지하철근접동 채광굿 컨디션굿 명품커뮤니티 전세가능,그라시움거성공인중개사사무소,52,2026-09-22,2026-10-09,2026-10-09,,,0
2652323838,2654370117,godeok_central_ipark,jeonse,83000,,505,10,59.97,82.26,빠른이사가능 반전세조건가능 깔끔한내부관리상태,부동산앤코공인중개사사무소,58,2026-09-29,2026-10-09,2026-10-09,,,0
2652324184,2654369988,godeok_central_ipark,wolse,65000,70,505,10,59.97,82.26,보증금조율가능 깔끔한내부관리상태,부동산앤코공인중개사사무소,52,2026-09-29,2026-10-09,2026-10-09,,,0
2652345378,2654368765,godeok_central_ipark,wolse,40000,280,514,저,84.97,115.81,"추.천. 귀한 34P월세,11월말입주,보증금조정가능,로얄층,커뮤니티우수",강동명문공인중개사사무소,34,2026-09-29,2026-10-09,2026-10-09,,,0
2652350094,2653730310,godeok_central_ipark,sale,190000,,505,중,59.97,82.26,"추천25p매매, 로얄층, 정남향, 커뮤니티우수",강동명문공인중개사사무소,49,2026-09-29,2026-10-09,2026-10-09,,,0
2652494679,2654365926,godeok_central_ipark,sale,205000,,517,저,84.97,115.81,T 02 3013 2500 정원뻥뷰 사생활보호 눈부신채광 거주만족높은집,부동산뉴스공인중개사사무소,13,2026-09-30,2026-10-09,2026-10-09,,,0
2652495490,2654370117,godeok_central_ipark,jeonse,83000,,505,10,59.97,82.26,"역세권,풀옵션,채광 통풍좋음,커뮤니티굿,지하세대창고 넓음.",고덕설연공인중개사사무소,58,2026-09-30,2026-10-09,2026-10-09,,,0
2652546641,2654369988,godeok_central_ipark,wolse,65000,70,505,10,59.97,82.26,정남 역가까운동 채광 통풍좋음 커뮤니티굿 지하세대창고.,고덕설연공인중개사사무소,52,2026-09-30,2026-10-09,2026-10-09,,,0
2653202987,2654370987,godeok_central_ipark,sale,220000,,506,중,84.91,115.36,추천매물. 세안고 늦은입주 예쁜 단지뷰. 채광 좋음. 선호 동,사랑부동산공인중개사사무소,24,2026-10-03,2026-10-09,2026-10-09,,,0
2653236329,2654370987,godeok_central_ipark,sale,220000,,506,중,84.91,115.36,"로얄동 층, 세안고 매매, 풀옵션, 정남향 밝은 집, 우수 커뮤니티",자이햇살공인중개사사무소,24,2026-10-03,2026-10-09,2026-10-09,,,0
2653236665,2654346426,godeok_central_ipark,sale,220000,,518,저,84.97,115.81,"추천, 입주 가능, 탁트인 환한 뷰, 풀옵션, 고일초 바로 옆동",자이햇살공인중개사사무소,27,2026-10-03,2026-10-09,2026-10-09,,,0
2653236751,2654025413,godeok_central_ipark,sale,220000,,513,저,84.91,115.36,"추천, 입주매매, 로얄동, 풀에어컨, 집상태 최상, 우수 커뮤니티",자이햇살공인중개사사무소,8,2026-10-03,2026-10-09,2026-10-09,,,0
2653266361,2654377064,godeok_central_ipark,jeonse,110000,,514,저,84.97,115.81,반전세가능 입주협의 역가깝고 상가이용 편리한 중앙동.,고덕설연공인중개사사무소,31,2026-10-03,2026-10-09,2026-10-09,,,0
2653273322,2654368390,godeok_central_ipark,jeonse,95000,,514,저,84.91,115.36,추천로얄동 중앙광장뷰 풀에 엘베2대 12월입주 커뮤니티굿.,고덕설연공인중개사사무소,46,2026-10-03,2026-10-09,2026-10-09,,,0
2653408442,2654365228,godeok_central_ipark,wolse,40000,200,501,15,59.97,82.26,"공원뷰,.시,에,계절 창고. 다양한 커뮤니티 11월말 이후",센트럴부자공인중개사사무소,28,2026-10-05,2026-10-09,2026-10-09,,,0
2653419955,2654373942,godeok_central_ipark,sale,185000,,516,중,59.97,82.26,매도인 의뢰 입주가 집상태 좋아요.,동서울부동산공인중개사사무소,5,2026-10-05,2026-10-09,2026-10-09,,,0
2653421124,2653815560,godeok_central_ipark,sale,220000,,515,고,84.91,115.36,매도인 의뢰 풀 옵션,동서울부동산공인중개사사무소,2,2026-10-05,2026-10-09,2026-10-09,,,0
2653518668,2653730310,godeok_central_ipark,sale,190000,,505,중,59.97,82.26,역세권. 정 남향 시스템 에어컨 선호 동 커뮤니티 이용 편리,사랑부동산공인중개사사무소,49,2026-10-06,2026-10-09,2026-10-09,,,0
2653518670,2654346444,godeok_central_ipark,sale,190000,,502,저,59.97,82.26,세안고 갭투가능한집 로얄동 로얄층 단지죠경예쁜집,사랑부동산공인중개사사무소,38,2026-10-06,2026-10-09,2026-10-09,,,0
2653599779,2654348740,godeok_central_ipark,jeonse,110000,,514,저,84.97,115.81,로얄동층 에어컨풀 중앙광장뷰좋음 햇살좋은집 커뮤니티우수,고덕스카이공인중개사사무소,31,2026-10-06,2026-10-09,2026-10-09,,,0
2653750476,2654371657,godeok_central_ipark,sale,210000,,508,고,84.91,115.36,"정남향 채광좋은집, 시스템에어컨, 세대창고, 우수커뮤",고덕굿모닝(437-6009)공인중개사사무소,7,2026-10-06,2026-10-09,2026-10-09,,,0
2653802306,2654365619,godeok_central_ipark,sale,210000,,508,고,84.91,115.36,세안고 탁트인전망 채광좋은로얄동층 판상형 시스템에어컨 시원한통창,고덕스카이공인중개사사무소,7,2026-10-06,2026-10-09,2026-10-09,,,0
2653815553,2654373942,godeok_central_ipark,sale,185000,,516,중,59.97,82.26,매도인 의뢰 입주가 집상태 좋아요.,동서울부동산공인중개사사무소,5,2026-10-07,2026-10-09,2026-10-09,,,0
2653815560,2653815560,godeok_central_ipark,sale,220000,,515,고,84.91,115.36,매도인 의뢰 풀 옵션,동서울부동산공인중개사사무소,2,2026-10-07,2026-10-09,2026-10-09,,,0
2653819403,2654346426,godeok_central_ipark,sale,220000,,518,저,84.97,115.81,선호타입 I 풀시스템에어컨 I 지하철역 고일초 커뮤니티 인접동,노아공인중개사사무소,27,2026-10-07,2026-10-09,2026-10-09,,,0
2653819412,2654370117,godeok_central_ipark,jeonse,83000,,505,10,59.97,82.26,역 가까운 동 I 정남향 I 시스템에어컨,노아공인중개사사무소,58,2026-10-07,2026-10-09,2026-10-09,,,0
2653819420,2654346444,godeok_central_ipark,sale,190000,,502,저,59.97,82.26,높은세안고 I 늦은입주 I 시스템에어컨,노아공인중개사사무소,38,2026-10-07,2026-10-09,2026-10-09,,,0
2653819442,2653730310,godeok_central_ipark,sale,190000,,505,중,59.97,82.26,입주협의 l 정남향 l 판상형 l 로얄동층 l 우수커뮤니티,노아공인중개사사무소,49,2026-10-07,2026-10-09,2026-10-09,,,0
2653855347,2653855347,godeok_central_ipark,sale,185000,,516,중,59.97,82.26,"정남향,시,에,편의시설 근접, 로얄동 로얄층,입주 협의.",센트럴부자공인중개사사무소,5,2026-10-07,2026-10-09,2026-10-09,,,0
2653855927,2653757148,godeok_central_ipark,sale,185000,,519,저,59.91,82.42,"트인 정원뷰, 역세권 ,다양한 커뮤니티 , 늦은입주",센트럴부자공인중개사사무소,31,2026-10-07,2026-10-09,2026-10-09,,,0
2653872205,2654368765,godeok_central_ipark,wolse,50000,240,514,저,84.97,115.81,34. 풀에어컨. 중앙동. 햇살 좋은집. 전세10.5억 가능. 전망 굿,고덕탑공인중개사사무소,34,2026-10-07,2026-10-09,2026-10-09,,,0
2653884576,2654370117,godeok_central_ipark,jeonse,90000,,505,10,59.97,82.26,"귀한 전세, 지하철 가까운 동, 정남향 밝은 뷰, 풀옵션, 우수 커뮤니티",자이햇살공인중개사사무소,58,2026-10-07,2026-10-09,2026-10-09,,,0
2653884681,2654368390,godeok_central_ipark,jeonse,95000,,514,저,84.91,115.36,"귀한 전세, 로얄동 층, 트인 환한 뷰, 풀옵션, 우수 커뮤니티",자이햇살공인중개사사무소,46,2026-10-07,2026-10-09,2026-10-09,,,0
2653884780,2654377064,godeok_central_ipark,jeonse,110000,,514,저,84.97,115.81,"추천, 귀한 전세, 풀에어컨, 지하철 가까운 동, 우수 커뮤니티",자이햇살공인중개사사무소,31,2026-10-07,2026-10-09,2026-10-09,,,0
2653885607,2654369988,godeok_central_ipark,wolse,65000,100,505,10,59.97,82.26,"귀한 월세, 지하철 가까운 동, 정남향 밝은 뷰, 풀옵션, 우수 커뮤니티",자이햇살공인중개사사무소,52,2026-10-07,2026-10-09,2026-10-09,,,0
2653885692,2654368765,godeok_central_ipark,wolse,50000,240,514,7,84.97,115.81,"추천, 귀한 월세, 풀에어컨, 지하철 가까운 동, 보증금 조정 가능",자이햇살공인중개사사무소,34,2026-10-07,2026-10-09,2026-10-09,,,0
2653890075,2654365926,godeok_central_ipark,sale,205000,,517,저,84.97,115.81,"추천, 입주 매매, 로얄동, 트인 환한 뷰, 풀옵션, 우수 커뮤니티",자이햇살공인중개사사무소,13,2026-10-07,2026-10-09,2026-10-09,,,0
2653890549,2653757148,godeok_central_ipark,sale,185000,,519,저,59.91,82.42,"추천, 트인 환한 뷰, 고일초 바로 앞, 우수 커뮤니티, 늦은 입주",자이햇살공인중개사사무소,31,2026-10-07,2026-10-09,2026-10-09,,,0
2653890636,2654346444,godeok_central_ipark,sale,190000,,502,저,59.97,82.26,"갭투, 정남향 밝은 집, 예쁜 단지 뷰, 우수 커뮤니티",자이햇살공인중개사사무소,38,2026-10-07,2026-10-09,2026-10-09,,,0
2653891147,2653730310,godeok_central_ipark,sale,190000,,505,중,59.97,82.26,"추천, 지하철 가까운 동, 정남향 밝은 뷰, 풀옵션, 우수 커뮤니티",자이햇살공인중개사사무소,49,2026-10-07,2026-10-09,2026-10-09,,,0
2653914025,2654217409,godeok_central_ipark,sale,220000,,506,중,84.91,115.36,세안고매매 지하철가까운로얄동층 채광좋은정남향 풀에어컨,고덕스카이공인중개사사무소,24,2026-10-07,2026-10-09,2026-10-09,,,0
2653946933,2654379192,godeok_central_ipark,jeonse,98000,,514,저,84.97,115.81,강.추.풀.에어컨. 채광좋은 관리잘된집. 로열동.층.채광굿.커뮤니티굿,골드공인중개사사무소,6,2026-10-07,2026-10-09,2026-10-09,,,0
2653978618,2654371657,godeok_central_ipark,sale,210000,,508,고,84.91,115.36,"세안고 매매, 올확장,정남향의 채광좋은 트인뷰,로얄동층입니다",단지내이레(443-6606)공인중개사사무소,7,2026-10-07,2026-10-09,2026-10-09,,,0
2654038204,2654369988,godeok_central_ipark,wolse,65000,100,505,10,59.97,82.26,역세권. 정 남향 시스템 에어컨 선호 동 커뮤니티 이용 편리,고덕그라시움사랑부동산중개,52,2026-10-08,2026-10-09,2026-10-09,,,0
2654038205,2654374099,godeok_central_ipark,wolse,40000,200,501,고,59.97,82.26,시스템 에어컨 김냉 집볼수있어요 선호동 커뮤니티 이용 편리,고덕그라시움사랑부동산중개,28,2026-10-08,2026-10-09,2026-10-09,,,0
2654038207,2654370117,godeok_central_ipark,jeonse,90000,,505,10,59.97,82.26,역세권. 정 남향 시스템 에어컨 선호 동 커뮤니티 이용 편리,고덕그라시움사랑부동산중개,58,2026-10-08,2026-10-09,2026-10-09,,,0
2654038222,2653301191,godeok_central_ipark,sale,200000,,507,저,84.91,115.36,추천매물. 세안고 늦은입주 예쁜 단지뷰. 채광 좋음. 선호 동,고덕그라시움사랑부동산중개,14,2026-10-08,2026-10-09,2026-10-09,,,0
2654038230,2653757148,godeok_central_ipark,sale,185000,,519,저,59.91,82.42,입주 가능 트인뷰 지하세대 창고 고일초 앞,고덕그라시움사랑부동산중개,31,2026-10-08,2026-10-09,2026-10-09,,,0
2654038232,2654368765,godeok_central_ipark,wolse,40000,280,514,저,84.97,115.81,입주협의가능 시스템에어컨풀 보증금조정가 선호동 커뮤니티이용편,고덕그라시움사랑부동산중개,34,2026-10-08,2026-10-09,2026-10-09,,,0
2654038233,2654368390,godeok_central_ipark,jeonse,95000,,514,저,84.91,115.36,추천매물. 에어컨풀 식세기 인덕션 12월입주 예쁜 단지뷰,고덕그라시움사랑부동산중개,46,2026-10-08,2026-10-09,2026-10-09,,,0
2654038234,2654377064,godeok_central_ipark,jeonse,110000,,514,저,84.97,115.81,입주협의가능 시스템에어컨풀 보증금조정가 선호동 커뮤니티이용편,고덕그라시움사랑부동산중개,31,2026-10-08,2026-10-09,2026-10-09,,,0
2654044235,2654369988,godeok_central_ipark,wolse,65000,100,505,10,59.97,82.26,추천. 정남향. 로얄동층. 관리잘된집,그라시움하늘공인중개사사무소,52,2026-10-08,2026-10-09,2026-10-09,,,0
2654044239,2654370117,godeok_central_ipark,jeonse,90000,,505,10,59.97,82.26,추천. 정남향. 로얄동층. 옵션굿. 융자없고 관리잘된집,그라시움하늘공인중개사사무소,58,2026-10-08,2026-10-09,2026-10-09,,,0
2654091502,2654379192,godeok_central_ipark,jeonse,98000,,514,저,84.97,115.81,"역세권, 로얄동, 단지 전망 굿, 편의시설우수",고덕하나부동산공인중개사사무소,6,2026-10-08,2026-10-09,2026-10-09,,,0
2654120870,2654120870,godeok_central_ipark,wolse,65000,80,502,중,59.97,82.26,정남향. 채광 통풍 좋아요. 판상형. 시스템에어컨.,고덕탑공인중개사사무소,3,2026-10-08,2026-10-09,2026-10-09,,,0
2654121575,2654369988,godeok_central_ipark,wolse,65000,100,505,중,59.97,82.26,남향. 채광 좋은집. 전세9억가능. 전철 가까운 동. 시스템에어컨.,고덕탑공인중개사사무소,52,2026-10-08,2026-10-09,2026-10-09,,,0
2654121787,2654377064,godeok_central_ipark,jeonse,110000,,514,저,84.97,115.81,34. 풀에어컨. 중앙동. 햇살 좋은집. 5억220가능. 전망 굿,고덕탑공인중개사사무소,31,2026-10-08,2026-10-09,2026-10-09,,,0
2654122768,2654370117,godeok_central_ipark,jeonse,90000,,505,중,59.97,82.26,정남향. 6.5억100가능. 채광 굿. 전철 가까운 동. 시스템에어컨,고덕탑공인중개사사무소,58,2026-10-08,2026-10-09,2026-10-09,,,0
2654123761,2654368390,godeok_central_ipark,jeonse,95000,,514,저,84.91,115.36,34. 풀에어컨. 햇살 좋은집. 장기거주가. 식세기. 인덕션. 12월입주,고덕탑공인중개사사무소,46,2026-10-08,2026-10-09,2026-10-09,,,0
2654125633,2654367256,godeok_central_ipark,jeonse,90000,,505,10,59.97,82.26,지하철가까운로얄동층 채광좋은정남향 시스템에어컨 판상형,고덕스카이공인중개사사무소,58,2026-10-08,2026-10-09,2026-10-09,,,0
2654127012,2654348708,godeok_central_ipark,wolse,65000,100,505,10,59.97,82.26,로얄동층 시스템에어컨 채광좋은정남향 커뮤니티우수,고덕스카이공인중개사사무소,50,2026-10-08,2026-10-09,2026-10-09,,,0
2654148198,2654374099,godeok_central_ipark,wolse,40000,200,501,15,59.97,82.26,"입주날짜협의, 시스템에어컨, 트인뷰, 세대지하창고, 우수커뮤",고덕굿모닝(437-6009)공인중개사사무소,28,2026-10-08,2026-10-09,2026-10-09,,,0
2654151911,2654369988,godeok_central_ipark,wolse,65000,100,505,10,59.97,82.26,시스템에어컨. 지하철가까운동. 세대지하창고. 우수커뮤니티시설,고덕굿모닝(437-6009)공인중개사사무소,52,2026-10-08,2026-10-09,2026-10-09,,,0
2654155339,2654368765,godeok_central_ipark,wolse,60000,200,514,7,84.97,115.81,"보증금조정가, 에풀, 세대지하창고, 넓은동간거리, 우수커뮤니티",고덕굿모닝(437-6009)공인중개사사무소,34,2026-10-08,2026-10-09,2026-10-09,,,0
2654159894,2654377064,godeok_central_ipark,jeonse,110000,,514,저,84.97,115.81,"입주일협의가, 에풀, 세대지하창고, 넓은동간거리, 채광좋은집, 우수커뮤",고덕굿모닝(437-6009)공인중개사사무소,31,2026-10-08,2026-10-09,2026-10-09,,,0
2654162911,2653757148,godeok_central_ipark,sale,185000,,519,저,59.91,82.42,"늦은입주, 에어컨풀, 개방감좋음, 고일초인접, 세대지하창고,우수커뮤니티",고덕굿모닝(437-6009)공인중개사사무소,31,2026-10-08,2026-10-09,2026-10-09,,,0
2654165365,2654365926,godeok_central_ipark,sale,205000,,517,저,84.97,115.81,"급매, 에어컨풀, 세대창고, 커뮤니티시설우수, 고일초바로앞",고덕굿모닝(437-6009)공인중개사사무소,13,2026-10-08,2026-10-09,2026-10-09,,,0
2654165959,2654165959,godeok_central_ipark,sale,190000,,513,중,59.97,82.26,25. 늦은 입주. 로얄동 층. 채광좋음. 판상형. 잘 관리된 집,고덕탑공인중개사사무소,3,2026-10-08,2026-10-09,2026-10-09,,,0
2654166100,2653730310,godeok_central_ipark,sale,190000,,505,중,59.97,82.26,25. 입주. 정남향. 채광 좋아요. 전철 가까운 동. 시스템에어컨.,고덕탑공인중개사사무소,49,2026-10-08,2026-10-09,2026-10-09,,,0
2654167552,2654365926,godeok_central_ipark,sale,205000,,517,저,84.97,115.81,"34. 추천. 트인뷰, 채광 전망 좋은집. 풀에어컨.",고덕탑공인중개사사무소,13,2026-10-08,2026-10-09,2026-10-09,,,0
2654209882,2654370117,godeok_central_ipark,jeonse,90000,,505,10,59.97,82.26,"역세권, 로얄동, 단지 전망 굿, 편의시설우수",고덕하나부동산공인중개사사무소,58,2026-10-08,2026-10-09,2026-10-09,,,0
2654213745,2653730310,godeok_central_ipark,sale,190000,,505,중,59.97,82.26,"역세권, 로얄동, 단지 전망 굿, 편의시설우수",고덕하나부동산공인중개사사무소,49,2026-10-08,2026-10-09,2026-10-09,,,0
2654223340,2654374099,godeok_central_ipark,wolse,40000,200,501,15,59.97,82.26,"올확장,트인뷰,채광좋은집,관리 잘 된 집,입주협의",단지내이레(443-6606)공인중개사사무소,28,2026-10-08,2026-10-09,2026-10-09,,,0
2654231042,2654231042,godeok_central_ipark,sale,190000,,510,저,74.88,102.27,"추천 31p, 입주매매, 정남향, 에어컨풀, 세대별창고, 1층아님",고덕굿모닝(437-6009)공인중개사사무소,4,2026-10-08,2026-10-09,2026-10-09,,,0
2654248834,2654379192,godeok_central_ipark,jeonse,98000,,514,저,84.97,115.81,"에풀, 트인뷰 채광좋은집, 세대창고, 우수커뮤니티",고덕굿모닝(437-6009)공인중개사사무소,6,2026-10-08,2026-10-09,2026-10-09,,,0
2654250114,2654377064,godeok_central_ipark,jeonse,110000,,514,저,84.97,115.81,풀시스템에어컨 I 예쁜 광장뷰 I 보증금조정가 I 엘베 2대,노아공인중개사사무소,31,2026-10-08,2026-10-09,2026-10-09,,,0
2654256479,2654365926,godeok_central_ipark,sale,205000,,517,3,84.97,115.81,전세안고 풀에어컨 트인뷰 밝은집,고덕자이(441-0109)공인중개사사무소,13,2026-10-08,2026-10-09,2026-10-09,,,0
2654259786,2654370117,godeok_central_ipark,jeonse,90000,,505,10,59.97,82.26,"귀한전세, 정남향, 시스템에어컨, 지하철가까운동, 지하세대창고",고덕굿모닝(437-6009)공인중개사사무소,58,2026-10-08,2026-10-09,2026-10-09,,,0
2654269246,2654368390,godeok_central_ipark,jeonse,95000,,514,저,84.91,115.36,"장기거주가능, 시스템에어컨, 트인뷰 채광좋은집, 세대지하창고",고덕굿모닝(437-6009)공인중개사사무소,46,2026-10-08,2026-10-09,2026-10-09,,,0
2654273271,2654327085,godeok_central_ipark,jeonse,110000,,517,저,84.97,115.81,고현초 가까운동. 트인 환한뷰. 풀옵션. 명문학군. 우수 커뮤니티,고덕햇살426-3336공인중개사사무소,7,2026-10-08,2026-10-09,2026-10-09,,,0
2654274516,2654364802,godeok_central_ipark,wolse,80000,120,517,저,84.97,115.81,고현초 가까운동. 트인 환한뷰. 풀옵션. 명문학군. 우수 커뮤니티,고덕햇살426-3336공인중개사사무소,7,2026-10-08,2026-10-09,2026-10-09,,,0
2654279449,2654348760,godeok_central_ipark,jeonse,98000,,514,저,84.97,115.81,"주인거주 관리 잘된집. 12월입주. 풀에어컨. 명문학군, 우수 커뮤니티",고덕햇살426-3336공인중개사사무소,6,2026-10-08,2026-10-09,2026-10-09,,,0
2654320845,2654374099,godeok_central_ipark,wolse,40000,200,501,고,59.97,82.26,트인 뷰 날짜 협의,동서울부동산공인중개사사무소,28,2026-10-08,2026-10-09,2026-10-09,,,0
2654344457,2654374099,godeok_central_ipark,wolse,40000,200,501,고,59.97,82.26,트인 뷰 날짜 협의,동서울부동산공인중개사사무소,28,2026-10-09,2026-10-09,2026-10-09,,,0
2654347535,2654368390,godeok_central_ipark,jeonse,95000,,514,저,84.91,115.36,로얄동. 로얄층. 트인뷰. 풀옵션. 관리잘된집,그라시움하늘공인중개사사무소,46,2026-10-09,2026-10-09,2026-10-09,,,0
2654347972,2654370117,godeok_central_ipark,jeonse,90000,,505,10,59.97,82.26,25p 큰문 입주협의 정남향 로얄동 보증금6억5천 반전세 가능,큰문공인중개사사무소,58,2026-10-09,2026-10-09,2026-10-09,,,0
2654347976,2654368390,godeok_central_ipark,jeonse,95000,,514,저,84.91,115.36,34p 큰문 풀옵션 예쁜단지뷰 교통편리,큰문공인중개사사무소,46,2026-10-09,2026-10-09,2026-10-09,,,0
2648848745,2654479756,godeok_lotte_castle_venezia,sale,185000,,716,중,59.98,83.39,편리한동 에어컨 입주가,고덕신흥공인중개사사무소,26,2026-09-10,2026-10-09,2026-10-10,,,1
2648895270,2648895270,godeok_lotte_castle_venezia,sale,210000,,709,중,84.92,111.26,"전면이 트인 상일 공원뷰,계절 창고 다양한 커뮤니티,입주.",센트럴부자공인중개사사무소,1,2026-09-10,2026-10-09,2026-10-10,,,1
2648901534,2654479766,godeok_lotte_castle_venezia,sale,190000,,712,저,84.92,111.26,"편안한 정원조망,입주 편하게 하세요,풀에어컨",신고덕(427-8955)공인중개사사무소,29,2026-09-10,2026-10-09,2026-10-10,,,1
2648944104,2648944104,godeok_lotte_castle_venezia,sale,190000,,712,저,84.92,111.26,입주바로가능 풀에어컨 내부상태 우수 커뮤너티근접동 단지내뷰,고덕무지개공인중개사사무소,1,2026-09-10,2026-10-09,2026-10-10,,,1
2649031325,2654479802,godeok_lotte_castle_venezia,sale,230000,,704,고,84.92,111.26,입주 채광 좋은 집 풀옵션 선호학군 커뮤니티최적,고덕그라시움공인중개사사무소,25,2026-09-10,2026-10-09,2026-10-10,,,1
2649152399,2652834276,godeok_lotte_castle_venezia,wolse,68000,48,706,저,59.98,83.39,융자없음 o 에어컨4대.중문 o 트인뷰 o 우수학군 o 교통편리,롯데공인중개사사무소,3,2026-09-11,2026-10-09,2026-10-10,,,1
2649193254,2654479756,godeok_lotte_castle_venezia,sale,185000,,716,중,59.98,83.39,"입주매매 ,시스템에어컨, 정남향, 전망좋음, 교통편이용편리",고덕굿모닝(437-6009)공인중개사사무소,26,2026-09-11,2026-10-09,2026-10-10,,,1
2649224107,2654479766,godeok_lotte_castle_venezia,sale,190000,,712,저,84.92,111.26,"강추,입주매매,예쁜뷰정원,세대별창고,넓은동간격,고품격커뮤니티.",골드공인중개사사무소,29,2026-09-11,2026-10-09,2026-10-10,,,1
2649238942,2654475048,godeok_lotte_castle_venezia,sale,195000,,704,저,84.92,111.26,입주 풀에어컨 풀옵션 컨디션최상,고덕신흥공인중개사사무소,6,2026-09-11,2026-10-09,2026-10-10,,,1
2649265452,2654475048,godeok_lotte_castle_venezia,sale,195000,,704,저,84.92,111.26,"정남향,입주협의,에5,중문,붙박이장,지하창고",단지내길공인중개사사무소,6,2026-09-11,2026-10-09,2026-10-10,,,1
2649278386,2654254120,godeok_lotte_castle_venezia,sale,200000,,714,저,84.92,111.26,"입주협의,선호동,지하창고,명품학군",단지내길공인중개사사무소,24,2026-09-11,2026-10-09,2026-10-10,,,1
2649321588,2653390323,godeok_lotte_castle_venezia,sale,225000,,709,8,84.92,111.26,34A 중저층 채광.전망우수 내부컨디션최상,현대부동산공인중개사사무소,2,2026-09-12,2026-10-09,2026-10-10,,,1
2649352357,2654100877,godeok_lotte_castle_venezia,sale,205000,,711,고,84.14,112.34,"입주매매, 수납공간많음.시스템에어컨, 로얄동층, 세대창고, 우수커뮤니티",고덕굿모닝(437-6009)공인중개사사무소,37,2026-09-12,2026-10-09,2026-10-10,,,1
2649418198,2654479766,godeok_lotte_castle_venezia,sale,190000,,712,저,84.92,111.26,관리잘된 깨끗한집 풀에 추천동 채광좋음 커뮤니티활용편리,고덕설연공인중개사사무소,29,2026-09-12,2026-10-09,2026-10-10,,,1
2649418639,2654479767,godeok_lotte_castle_venezia,sale,190000,,713,중,84.92,111.26,"세안고,채광 통풍좋음,주차공간 세대창고 넓음,커뮤니티 굿.",고덕설연공인중개사사무소,40,2026-09-12,2026-10-09,2026-10-10,,,1
2649425197,2654479756,godeok_lotte_castle_venezia,sale,185000,,716,중,59.98,83.39,입주협의 정남향 채광좋고 대중교통편리 상가이용편리.,고덕설연공인중개사사무소,26,2026-09-12,2026-10-09,2026-10-10,,,1
2649557183,2654100877,godeok_lotte_castle_venezia,sale,205000,,711,고,84.14,112.34,입주매매 채광좋고 내부상태최상 풀에어컨 풀옵션 커뮤니티우수단지,조은동네부동산426-9800공인중개사사무소,37,2026-09-14,2026-10-09,2026-10-10,,,1
2649575728,2654475066,godeok_lotte_castle_venezia,sale,200000,,707,중,84.92,111.26,로얄동 에어컨 트인뷰 컨디션최상,고덕신흥공인중개사사무소,24,2026-09-14,2026-10-09,2026-10-10,,,1
2649608778,2654479767,godeok_lotte_castle_venezia,sale,190000,,713,중,84.92,111.26,추천. 세안고매매. 로얄동층. 트인뷰. 관리잘된집,그라시움하늘공인중개사사무소,40,2026-09-14,2026-10-09,2026-10-10,,,1
2649611068,2654479802,godeok_lotte_castle_venezia,sale,230000,,704,고,84.92,111.26,"추천, 정남향 밝은 집, 탁트인 환한 뷰, 풀에어컨, 우수 커뮤니티",자이햇살공인중개사사무소,25,2026-09-14,2026-10-09,2026-10-10,,,1
2649673475,2654479756,godeok_lotte_castle_venezia,sale,185000,,716,중,59.98,83.39,입주 강추 로얄동 정남향 채광굿 예쁜단지조망,고덕선경(428-3939)공인중개사사무소,26,2026-09-14,2026-10-09,2026-10-10,,,1
2649728643,2654475063,godeok_lotte_castle_venezia,sale,210000,,704,고,84.14,112.34,"입주매매,탁 트인 뷰, 로얄동층, 시스템에어컨, 명문학군",고덕현대공인중개사사무소,14,2026-09-14,2026-10-09,2026-10-10,,,1
2649900766,2654475076,godeok_lotte_castle_venezia,sale,250000,,715,중,122.08,152.38,탁트인 환한 숲뷰. 풀에어컨등 풀옵션. 우수 학군. 커뮤니티 굿,고덕햇살426-3336공인중개사사무소,20,2026-09-15,2026-10-09,2026-10-10,,,1
2649901094,2653377424,godeok_lotte_castle_venezia,sale,220000,,709,중,84.14,112.34,파노라마 숲뷰.입주가능. 시스템에어컨.명문학군. 우수 커뮤니티,고덕햇살426-3336공인중개사사무소,11,2026-09-15,2026-10-09,2026-10-10,,,1
2649901850,2654479802,godeok_lotte_castle_venezia,sale,230000,,704,고,84.92,111.26,채광 좋은 남향. 지하철 가까운동. 풀에어컨. 우수 커뮤니티,고덕햇살426-3336공인중개사사무소,25,2026-09-15,2026-10-09,2026-10-10,,,1
2649919976,2654479756,godeok_lotte_castle_venezia,sale,185000,,716,중,59.98,83.39,"단지 로얄동,예쁜 정원뷰,여유있는 입주",신고덕(427-8955)공인중개사사무소,26,2026-09-15,2026-10-09,2026-10-10,,,1
2649939001,2649939001,godeok_lotte_castle_venezia,sale,205000,,708,저,84.14,112.34,"풀옵션,정상입주매매,커뮤니티이용편리동",단지내길공인중개사사무소,1,2026-09-15,2026-10-09,2026-10-10,,,1
2649956174,2654475076,godeok_lotte_castle_venezia,sale,250000,,715,중,122.08,152.38,46P.탁.트인 풀뷰. 풀에어컨. 넓은 드레스룸.지하창고.내부 컨디션굿,골드공인중개사사무소,20,2026-09-15,2026-10-09,2026-10-10,,,1
2649963375,2654479802,godeok_lotte_castle_venezia,sale,230000,,704,고,84.92,111.26,탁.트인 남향에 채광좋은 풀뷰. 고품격커뮤니티 .컨디션갑. 풀에어컨.,골드공인중개사사무소,25,2026-09-15,2026-10-09,2026-10-10,,,1
2649977290,2654385663,godeok_lotte_castle_venezia,sale,200000,,707,저,84.92,111.26,입주추천 중앙공원뷰 판상형 풀에어컨 커뮤너티근접 개별창고,고덕무지개공인중개사사무소,12,2026-09-15,2026-10-09,2026-10-10,,,1
2649991490,2649991490,godeok_lotte_castle_venezia,jeonse,110000,,715,고,84.92,111.26,"공원뷰, 최상풀옵션, 입주협의",그라시움무지개공인중개사사무소,1,2026-09-15,2026-10-09,2026-10-10,,,1
2650022449,2654479756,godeok_lotte_castle_venezia,sale,185000,,716,중,59.98,83.39,"귀한25p. 막힘없고 밝은 집, 관리잘된집, 커뮤티니우수, 명품학군",강동명문공인중개사사무소,26,2026-09-15,2026-10-09,2026-10-10,,,1
2650094771,2650094771,godeok_lotte_castle_venezia,sale,200000,,702,중,84.14,112.34,"뛰어라,세안고 매매,채광좋은 남동향,트인뷰,조용한 동,수납공간",뛰어라공인중개사사무소,1,2026-09-16,2026-10-09,2026-10-10,,,1
2650110488,2653416660,godeok_lotte_castle_venezia,sale,200000,,705,저,84.92,111.26,"인근 초등,고등학교 있음,상일동인접동",오렌지공인중개사사무소,5,2026-09-16,2026-10-09,2026-10-10,,,1
2650158460,2654479802,godeok_lotte_castle_venezia,sale,230000,,704,고,84.92,111.26,"정남향 숲세권 뷰,시,에5대 계절 창고,입주 협의",센트럴부자공인중개사사무소,25,2026-09-16,2026-10-09,2026-10-10,,,1
2650171556,2654479767,godeok_lotte_castle_venezia,sale,190000,,713,중,84.92,111.26,"추천, 세안고 늦은입주 28.4월 로얄층, 에3.커뮤니티우수 9호선호재",강동명문공인중개사사무소,40,2026-09-16,2026-10-09,2026-10-10,,,1
2650171775,2654100877,godeok_lotte_castle_venezia,sale,205000,,711,고,84.14,112.34,"추천,주인거주, 입주일조정,에풀, 로얄층,수납좋음,커뮤니티우수, 9호선",강동명문공인중개사사무소,37,2026-09-16,2026-10-09,2026-10-10,,,1
2650202822,2654479766,godeok_lotte_castle_venezia,sale,190000,,712,저,84.92,111.26,"예쁜 정원뷰, 학세권",스마트그라시움공인중개사사무소,29,2026-09-17,2026-10-09,2026-10-10,,,1
2650203375,2654479767,godeok_lotte_castle_venezia,sale,190000,,713,중,84.92,111.26,세끼고 로얄동층 시스템에어컨 채광통풍굿 관리상태굿 우수학군,스마트그라시움공인중개사사무소,40,2026-09-17,2026-10-09,2026-10-10,,,1
2650234752,2652834276,godeok_lotte_castle_venezia,wolse,68000,48,706,저,59.98,83.39,주인거주로 관리잘 된집 시스템에어컨 입주협의 귀한매물,채운공인중개사사무소,3,2026-09-17,2026-10-09,2026-10-10,,,1
2650315703,2652837145,godeok_lotte_castle_venezia,sale,230000,,715,고,84.14,112.34,대단지 커뮤니티 우수학군 상가이용편리 에풀 입주,뉴욕부동산중개 주식회사,7,2026-09-17,2026-10-09,2026-10-10,,,1
2650321553,2653377424,godeok_lotte_castle_venezia,sale,220000,,709,중,84.14,112.34,탁트인뷰최상 채광좋은로얄동층 시스템에어컨 팬트리공간 학군우수,고덕스카이공인중개사사무소,11,2026-09-17,2026-10-09,2026-10-10,,,1
2650321758,2654479802,godeok_lotte_castle_venezia,sale,230000,,704,고,84.92,111.26,로얄동층 동산뷰좋음 채광좋은정남향 풀시스템에어컨 커뮤니티우수,고덕스카이공인중개사사무소,25,2026-09-17,2026-10-09,2026-10-10,,,1
2650324425,2652837145,godeok_lotte_castle_venezia,sale,230000,,715,고,84.14,112.34,탁트인뷰 채광좋은로얄동층 풀에어컨 커뮤니티우수,고덕스카이공인중개사사무소,7,2026-09-17,2026-10-09,2026-10-10,,,1
2650365279,2653377424,godeok_lotte_castle_venezia,sale,220000,,709,중,84.14,112.34,정상입주 탁트인 뷰 채광 조망 굿 학군우수 커뮤니티 우수,고덕시온공인중개사사무소,11,2026-09-17,2026-10-09,2026-10-10,,,1
2650704875,2654479802,godeok_lotte_castle_venezia,sale,230000,,704,고,84.92,111.26,"입주정상,로얄동층,남향,채광굿,뷰굿,풀에어컨",고덕현대공인중개사사무소,25,2026-09-19,2026-10-09,2026-10-10,,,1
2650705346,2654479756,godeok_lotte_castle_venezia,sale,185000,,716,중,59.98,83.39,"로얄동층,정남향, 시스템에어컨, 늦은입주,명문학군",고덕현대공인중개사사무소,26,2026-09-19,2026-10-09,2026-10-10,,,1
2650706519,2654475063,godeok_lotte_castle_venezia,sale,210000,,704,고,84.14,112.34,로얄동층 숲세권 명문학군 9호선호재 입주물건,그라시움거성공인중개사사무소,14,2026-09-19,2026-10-09,2026-10-10,,,1
2650712849,2652837145,godeok_lotte_castle_venezia,sale,230000,,715,고,84.14,112.34,"탁트인 숲뷰, 풀옵션, 명품 커뮤니티, 우수 학군",자이햇살공인중개사사무소,7,2026-09-19,2026-10-09,2026-10-10,,,1
2650714506,2654100877,godeok_lotte_castle_venezia,sale,205000,,711,고,84.14,112.34,매매추천 늦은입주 풀에어컨 로열동층 컨디션좋음,고덕대박(428-8600)공인중개사사무소,37,2026-09-19,2026-10-09,2026-10-10,,,1
2650728442,2654100877,godeok_lotte_castle_venezia,sale,205000,,711,고,84.14,112.34,"입주매매,올확장,로얄동 층,채광좋은집, 트인뷰, 풀옵션,늦은잔금",단지내이레(443-6606)공인중개사사무소,37,2026-09-19,2026-10-09,2026-10-10,,,1
2650734216,2653377424,godeok_lotte_castle_venezia,sale,220000,,709,중,84.14,112.34,강.추.로얄층.커뮤니티.채광.생태숲 뷰.학군우수. 시스템에어컨.컨디션굿.,골드공인중개사사무소,11,2026-09-19,2026-10-09,2026-10-10,,,1
2650745375,2654479802,godeok_lotte_castle_venezia,sale,230000,,704,고,84.92,111.26,에풀 정남향 채광 조망 굿 학군우수 커뮤니티 우수,고덕시온공인중개사사무소,25,2026-09-19,2026-10-09,2026-10-10,,,1
2650745435,2654479766,godeok_lotte_castle_venezia,sale,190000,,712,저,84.92,111.26,입주 채광 조망 굿 학군우수 커뮤니티 우수 에풀,고덕시온공인중개사사무소,29,2026-09-19,2026-10-09,2026-10-10,,,1
2650745799,2654100877,godeok_lotte_castle_venezia,sale,205000,,711,고,84.14,112.34,늦은입주 채광 조망 굿 학군우수 커뮤니티 우수 로얄동,고덕시온공인중개사사무소,37,2026-09-19,2026-10-09,2026-10-10,,,1
2650796342,2654365282,godeok_lotte_castle_venezia,sale,197000,,702,중,84.14,112.34,"커뮤니티최고시설,풀옵션,학세권고일초5분거리,정상입주",경성공인중개사사무소,6,2026-09-19,2026-10-09,2026-10-10,2026-10-10,200000,1
2650797292,2654100877,godeok_lotte_castle_venezia,sale,205000,,711,고,84.14,112.34,추천. 입주매매. 로얄동층. 트인뷰. 풀옵션. 관리잘된 예쁜집,그라시움하늘공인중개사사무소,37,2026-09-19,2026-10-09,2026-10-10,,,1
2650820962,2650820962,godeok_lotte_castle_venezia,sale,265000,,715,중,122.08,152.38,"커뮤니티최고시설,풀옵션,학세권고일초5분거리,정상입주",경성공인중개사사무소,1,2026-09-19,2026-10-09,2026-10-10,,,1
2650826132,2650826132,godeok_lotte_castle_venezia,sale,260000,,715,고,122.08,152.38,"커뮤니티최고시설,풀옵션,학세권고일초5분거리, 정상입주",경성공인중개사사무소,1,2026-09-19,2026-10-09,2026-10-10,,,1
2650828073,2654118259,godeok_lotte_castle_venezia,sale,197000,,702,저,84.14,112.34,우수학군 멋진뷰,스마트그라시움공인중개사사무소,5,2026-09-19,2026-10-09,2026-10-10,,,1
2650918104,2654475066,godeok_lotte_castle_venezia,sale,200000,,707,중,84.92,111.26,"로얄동 로얄층,세안고,계절 창고,학군 양호,시,에",센트럴부자공인중개사사무소,24,2026-09-21,2026-10-09,2026-10-10,,,1
2650960708,2654475063,godeok_lotte_castle_venezia,sale,210000,,704,고,84.14,112.34,추천 정상입주 트인숲뷰 앞동선호 수납팬트리구조 안방드레스룸,고덕무지개공인중개사사무소,14,2026-09-21,2026-10-09,2026-10-10,,,1
2650991277,2654100877,godeok_lotte_castle_venezia,sale,205000,,711,고,84.14,112.34,"강추,풀옵션,미니발코니,로얄동층,컨디션최상,트인뷰,커뮤니티최고,에풀",미사누리공인중개사사무소,37,2026-09-21,2026-10-09,2026-10-10,,,1
2650995658,2653416660,godeok_lotte_castle_venezia,sale,200000,,705,저,84.92,111.26,"입주매매, 트인뷰 로얄동 채광좋은집, 시스템에어컨, 세대창고, 우수커뮤",고덕굿모닝(437-6009)공인중개사사무소,5,2026-09-21,2026-10-09,2026-10-10,,,1
2651018063,2654479766,godeok_lotte_castle_venezia,sale,190000,,712,저,84.92,111.26,실거주만족도높음 구조채광수납굿 동간간격넓음 조용한위치 에어컨풀 하시입주,가화공인중개사사무소,29,2026-09-21,2026-10-09,2026-10-10,,,1
2651030617,2653379380,godeok_lotte_castle_venezia,sale,200000,,712,저,84.14,112.34,입주 o 에어컨풀.간접조명 o 내부컨디션최상 o 동간격넓음,롯데공인중개사사무소,2,2026-09-21,2026-10-09,2026-10-10,,,1
2651056291,2654475066,godeok_lotte_castle_venezia,sale,200000,,707,중,84.92,111.26,"추천, 세안고, 로얄층, 통풍 채광 좋은 집, 커뮤니티 우수",강동명문공인중개사사무소,24,2026-09-21,2026-10-09,2026-10-10,,,1
2651063651,2654479802,godeok_lotte_castle_venezia,sale,230000,,704,고,84.92,111.26,정남향 로얄동층 상일동산뷰 밝고 환한 집 풀에어컨,강동위드공인중개사사무소,25,2026-09-21,2026-10-09,2026-10-10,,,1
2651091057,2654475063,godeok_lotte_castle_venezia,sale,210000,,704,고,84.14,112.34,확트인 채광좋은뷰.시스템에어컨.전철역도보권.중고등 바로.우수커뮤니티,키움공인중개사사무소,14,2026-09-21,2026-10-09,2026-10-10,,,1
2651091788,2654479802,godeok_lotte_castle_venezia,sale,230000,,704,고,84.92,111.26,풀에어컨.전철역 도보권.확트인뷰.생활권 편리.우수 커뮤니티,키움공인중개사사무소,25,2026-09-21,2026-10-09,2026-10-10,,,1
2651138138,2652830239,godeok_lotte_castle_venezia,sale,205000,,708,고,84.14,112.34,트인 숲뷰 로얄라인. 풀에어컨. 밝고 환기 잘되는집. 입주일협의 가능,참좋은공인중개사사무소,2,2026-09-21,2026-10-09,2026-10-10,,,1
2651164921,2654475076,godeok_lotte_castle_venezia,sale,250000,,715,중,122.08,152.38,"입주매매, 에풀, 탁트인 파노라마뷰, 세대지하창고, 우수커뮤니티",고덕굿모닝(437-6009)공인중개사사무소,20,2026-09-21,2026-10-09,2026-10-10,,,1
2651203482,2654100877,godeok_lotte_castle_venezia,sale,205000,,711,고,84.14,112.34,입주가능 로얄동 풀에어컨 풀옵션 컨디션최상,고덕신흥공인중개사사무소,37,2026-09-22,2026-10-09,2026-10-10,,,1
2651236885,2654475063,godeok_lotte_castle_venezia,sale,210000,,704,고,84.14,112.34,입주 집보여드림 풀옵션 풀에어컨 내부깨끗 사계절 예쁜 공원뷰 커뮤니티우수,미르(426-1120)공인중개사사무소,14,2026-09-22,2026-10-09,2026-10-10,,,1
2651238780,2652837145,godeok_lotte_castle_venezia,sale,230000,,715,고,84.14,112.34,추천.확트인 파노라마뷰.풀에어컨. 우수학군. 전철 상가 이용편리.,키움공인중개사사무소,7,2026-09-22,2026-10-09,2026-10-10,,,1
2651241200,2654100877,godeok_lotte_castle_venezia,sale,205000,,711,고,84.14,112.34,"올확장,시스템에어컨,대단지신축아파트 ,편의시설근접 입주매물",고덕거성공인중개사사무소,37,2026-09-22,2026-10-09,2026-10-10,,,1
2651257993,2654479770,godeok_lotte_castle_venezia,sale,200000,,704,중,84.92,111.26,"입주매매, 로얄동층, 채광좋은 정남향, 풀에어컨, 학군 우수",고덕현대공인중개사사무소,27,2026-09-22,2026-10-09,2026-10-10,,,1
2651263199,2654100877,godeok_lotte_castle_venezia,sale,205000,,711,고,84.14,112.34,"입주매매, 채광좋은 트인 전망, 로얄동층,풀에어컨, 늦은잔금",고덕현대공인중개사사무소,37,2026-09-22,2026-10-09,2026-10-10,,,1
2651270418,2653377424,godeok_lotte_castle_venezia,sale,220000,,709,중,84.14,112.34,"숲세권. 에어컨, 햇빛가득한 전망. 채광 굿",단지내행복그라시움공인중개사사무소,11,2026-09-22,2026-10-09,2026-10-10,,,1
2651270645,2654475076,godeok_lotte_castle_venezia,sale,250000,,715,중,122.08,152.38,"풀옵션, 예쁜 숲속 뷰,. 채광 굿",단지내행복그라시움공인중개사사무소,20,2026-09-22,2026-10-09,2026-10-10,,,1
2651277874,2654100877,godeok_lotte_castle_venezia,sale,205000,,711,고,84.14,112.34,"로얄층.풀옵션, 앞트인 전망. 햇빛가득한 전망.",단지내행복그라시움공인중개사사무소,37,2026-09-22,2026-10-09,2026-10-10,,,1
2651285668,2654479767,godeok_lotte_castle_venezia,sale,190000,,713,중,84.92,111.26,"숲세권, 에어컨, 로얄동 층, 채광 굿. 세안고",단지내행복그라시움공인중개사사무소,40,2026-09-22,2026-10-09,2026-10-10,,,1
2651326948,2654100877,godeok_lotte_castle_venezia,sale,205000,,711,고,84.14,112.34,로얄동 탁트인뷰 풀옵션 에어컨풀 입주 관리 잘된집 세대창고,예스공인중개사사무소,37,2026-09-22,2026-10-09,2026-10-10,,,1
2651327784,2654475309,godeok_lotte_castle_venezia,wolse,42000,160,701,고,59.98,83.39,"로얄동, 학군우수, 편의시설우수, 빠른 입주",고덕하나부동산공인중개사사무소,11,2026-09-22,2026-10-09,2026-10-10,,,1
2651332617,2654475066,godeok_lotte_castle_venezia,sale,200000,,707,중,84.92,111.26,세안고매매.로얄동. 지하철가까운동.시스템에어컨. 우수 커뮤니티,참좋은공인중개사사무소,24,2026-09-22,2026-10-09,2026-10-10,,,1
2651339001,2654479802,godeok_lotte_castle_venezia,sale,230000,,704,고,84.92,111.26,주인거주 관리잘된집. 채광좋은 남향. 로얄동. 우수 커뮤니티,참좋은공인중개사사무소,25,2026-09-22,2026-10-09,2026-10-10,,,1
2651344009,2652837145,godeok_lotte_castle_venezia,sale,230000,,715,고,84.14,112.34,"입주매매, 탁트인 뻥 숲뷰, 관리잘된 단지, 우수 커뮤니티",참좋은공인중개사사무소,7,2026-09-22,2026-10-09,2026-10-10,,,1
2651344819,2654479767,godeok_lotte_castle_venezia,sale,190000,,713,중,84.92,111.26,세안고매매.채광좋은 집. 시스템에어컨. 우수 커뮤니티,참좋은공인중개사사무소,40,2026-09-22,2026-10-09,2026-10-10,,,1
2651361301,2654365282,godeok_lotte_castle_venezia,sale,200000,,702,중,84.14,112.34,입주협의. 채광좋은 숲보이는 트인뷰. 로얄동. 우수 커뮤니티,참좋은공인중개사사무소,6,2026-09-22,2026-10-09,2026-10-10,,,1
2651369775,2654100877,godeok_lotte_castle_venezia,sale,205000,,711,고,84.14,112.34,입주매매 내부컨디션최상 풀시스템에아컨 풀옵션 늦은잔금가능,강동위드공인중개사사무소,37,2026-09-22,2026-10-09,2026-10-10,,,1
2651410683,2654254120,godeok_lotte_castle_venezia,sale,200000,,714,저,84.92,111.26,34p 큰문 입주협의 조용하고 쾌적한 동 예쁜 조경,큰문공인중개사사무소,24,2026-09-23,2026-10-09,2026-10-10,,,1
2651410814,2654100877,godeok_lotte_castle_venezia,sale,205000,,711,고,84.14,112.34,34p 큰문 입주협의 풀옵션 늦은잔금 생활편리동,큰문공인중개사사무소,37,2026-09-23,2026-10-09,2026-10-10,,,1
2651413147,2653164545,godeok_lotte_castle_venezia,sale,195000,,703,저,84.92,111.26,베네루체.강추.입주가능.9호선호재.이용편리.시스템에어컨.고일상일한영학군,고덕베네루체공인중개사사무소,7,2026-09-23,2026-10-09,2026-10-10,,,1
2651443792,2654475076,godeok_lotte_castle_venezia,sale,250000,,715,중,122.08,152.38,입주가능 뻥뷰 풀에어컨 풀옵션,고덕신흥공인중개사사무소,20,2026-09-23,2026-10-09,2026-10-10,,,1
2651451003,2654479766,godeok_lotte_castle_venezia,sale,190000,,712,저,84.92,111.26,즉시입주가 트인정원뷰 에어컨 편리한동 컨디션최상,고덕신흥공인중개사사무소,29,2026-09-23,2026-10-09,2026-10-10,,,1
2651505016,2653164545,godeok_lotte_castle_venezia,sale,195000,,703,저,84.92,111.26,입주추천 판상형 내부상태우수 앞동선호 개별창고 9호선호재,고덕무지개공인중개사사무소,7,2026-09-23,2026-10-09,2026-10-10,,,1
2651531526,2654385663,godeok_lotte_castle_venezia,sale,200000,,707,저,84.92,111.26,"숲 세권, 풀옵션, 햇빛가득한 전망, 채광 굿",단지내행복그라시움공인중개사사무소,12,2026-09-23,2026-10-09,2026-10-10,,,1
2651533457,2653164545,godeok_lotte_castle_venezia,sale,195000,,703,저,84.92,111.26,추천. 입주매매. 정남향. 로얄동. 관리잘된집,그라시움하늘공인중개사사무소,7,2026-09-23,2026-10-09,2026-10-10,,,1
2651593541,2654100877,godeok_lotte_castle_venezia,sale,207000,,711,고,84.14,112.34,"34,막히지 않은 고층뷰,수납이 풍뷰한 선호하는 구조, 단지 초입",고일공인중개사사무소,37,2026-09-23,2026-10-09,2026-10-10,,,1
2651616069,2653164545,godeok_lotte_castle_venezia,sale,195000,,703,저,84.92,111.26,입주 에어컨 초입동 정남향 9호선호재,고덕신흥공인중개사사무소,7,2026-09-23,2026-10-09,2026-10-10,,,1
2651668534,2654479766,godeok_lotte_castle_venezia,sale,190000,,712,저,84.92,111.26,입주 일등매물 뷰좋은 가성비매물 빠른입주가능,고덕일등공인중개사사무소,29,2026-09-24,2026-10-09,2026-10-10,,,1
2651688386,2653164545,godeok_lotte_castle_venezia,sale,195000,,703,저,84.92,111.26,베네루체.강추.입주가능.9호선호재.이용편리.시스템에어컨.고일상일한영학군,고덕베네루체공인중개사사무소,7,2026-09-25,2026-10-09,2026-10-10,,,1
2651689100,2654475309,godeok_lotte_castle_venezia,wolse,42000,160,701,고,59.98,83.39,관리가 잘된 예쁜집. 일조권 좋아요.,김앤김그라시움공인,11,2026-09-25,2026-10-09,2026-10-10,,,1
2651699234,2654475309,godeok_lotte_castle_venezia,wolse,42000,160,701,고,59.98,83.39,관리가 잘된 예쁜집. 일조권 좋아요.,김앤김그라시움공인,11,2026-09-26,2026-10-09,2026-10-10,,,1
2651714907,2654254120,godeok_lotte_castle_venezia,sale,200000,,714,1,84.92,111.26,"창밖에 펼쳐지는 나만의 정원, 상일동산을 품은 저층의 특별함을 원하시는분",부동산이즈고덕카페부동산공인중개사사무소,24,2026-09-28,2026-10-09,2026-10-10,,,1
2651753897,2654479770,godeok_lotte_castle_venezia,sale,205000,,704,중,84.92,111.26,입주 일등매물 로얄동층 뷰좋고 관리잘된집,고덕일등공인중개사사무소,27,2026-09-28,2026-10-09,2026-10-10,,,1
2651756228,2654254120,godeok_lotte_castle_venezia,sale,200000,,714,저,84.92,111.26,"초 중 고 인접, 베란다 확장, 커뮤니티 시설, 단지 조경뷰",금성CB부동산중개,24,2026-09-28,2026-10-09,2026-10-10,,,1
2651803188,2653377424,godeok_lotte_castle_venezia,sale,220000,,709,중,84.14,112.34,사계절 숲뷰최고 커뮤너티동 수납팬트리 안방드레스룸 지하개별창고 추천,고덕무지개공인중개사사무소,11,2026-09-28,2026-10-09,2026-10-10,,,1
2651810557,2654100877,godeok_lotte_castle_venezia,sale,205000,,711,고,84.14,112.34,입주매매 추천 풀에어컨 수납팬트리 개별창고 사우나 헬스 게스트룸등,고덕무지개공인중개사사무소,37,2026-09-28,2026-10-09,2026-10-10,,,1
2651827798,2654479756,godeok_lotte_castle_venezia,sale,185000,,716,중,59.98,83.39,대단지역세권 명문학군 숲뷰 풀옵션 9호선공사중 입주물건,고덕거성공인중개사사무소,26,2026-09-28,2026-10-09,2026-10-10,,,1
2651866803,2654479767,godeok_lotte_castle_venezia,sale,190000,,713,중,84.92,111.26,"시원하게 트인뷰,에어컨 풀,다양한 커뮤니티 입주협의",센트럴부자공인중개사사무소,40,2026-09-28,2026-10-09,2026-10-10,,,1
2651869000,2654479767,godeok_lotte_castle_venezia,sale,190000,,713,중,84.92,111.26,세안고 추천매매 대단지조경 및 커뮤너티우수 학군 9호선연장,고덕무지개공인중개사사무소,40,2026-09-28,2026-10-09,2026-10-10,,,1
2651875550,2654254120,godeok_lotte_castle_venezia,sale,200000,,714,저,84.92,111.26,"입주매매,올확장,채광좋은 아이키우기 좋은 집입니다.",단지내이레(443-6606)공인중개사사무소,24,2026-09-28,2026-10-09,2026-10-10,,,1
2651882481,2654254120,godeok_lotte_castle_venezia,sale,200000,,714,저,84.92,111.26,전자계약 공동환영 숲세권 중고등학교 인접,가온누리부동산중개법인주식회사,24,2026-09-28,2026-10-09,2026-10-10,,,1
2651894609,2654479802,godeok_lotte_castle_venezia,sale,230000,,704,고,84.92,111.26,입주매매추천 내부깨끗 풀에어컨 정남향 채광우수 대중교통 이용편리,미르(426-1120)공인중개사사무소,25,2026-09-28,2026-10-09,2026-10-10,,,1
2651895931,2654475076,godeok_lotte_castle_venezia,sale,250000,,715,중,122.08,152.38,46p 입주 집보여드림 방4 풀에어컨 식세기 내부깔끔 채광굿 트인 숲조망,미르(426-1120)공인중개사사무소,20,2026-09-28,2026-10-09,2026-10-10,,,1
2651910249,2654479802,godeok_lotte_castle_venezia,sale,230000,,704,고,84.92,111.26,트인뷰. 정남향 o 에어컨5대 o 채광우수 o 집컨디션최상 o 우수학군,롯데공인중개사사무소,25,2026-09-28,2026-10-09,2026-10-10,,,1
2651925643,2654475066,godeok_lotte_castle_venezia,sale,200000,,707,중,84.92,111.26,"채광좋은 트인 뷰, 시스템에어컨, 늦은입주, 우수학군, 전철상가이용편리",고덕현대공인중개사사무소,24,2026-09-28,2026-10-09,2026-10-10,,,1
2651944780,2654254120,godeok_lotte_castle_venezia,sale,200000,,714,1,84.92,111.26,예쁜 정원뷰. 자녀키우기 좋은 숲세권. 컨디션.굿.붙박이장설치. 통풍굿.,골드공인중개사사무소,24,2026-09-28,2026-10-09,2026-10-10,,,1
2651962803,2654479767,godeok_lotte_castle_venezia,sale,190000,,713,중,84.92,111.26,"강.추,세안고. 로얄동. 층. 고품격커뮤니티 .숲속도서관5분컷.생태숲세권",골드공인중개사사무소,40,2026-09-28,2026-10-09,2026-10-10,,,1
2652016855,2654475063,godeok_lotte_castle_venezia,sale,210000,,704,고,84.14,112.34,"34,사계절이 아름다운동산 숲뷰, 풀에어컨",고일공인중개사사무소,14,2026-09-28,2026-10-09,2026-10-10,,,1
2652017128,2654479767,godeok_lotte_castle_venezia,sale,195000,,713,중,84.92,111.26,"인기판상형,우수학군,앞트임 좋아요",신고덕(427-8955)공인중개사사무소,40,2026-09-28,2026-10-09,2026-10-10,,,1
2652027154,2654254120,godeok_lotte_castle_venezia,sale,200000,,714,1,84.92,111.26,상일동산뷰.채광굿.전망굿.통풍굿.모든생활동선1분컷,미사누리공인중개사사무소,24,2026-09-28,2026-10-09,2026-10-10,,,1
2652030693,2654254120,godeok_lotte_castle_venezia,sale,200000,,714,저,84.92,111.26,"숲세권,채광좋음,커뮤니티이용굿,교통좋음,최적의 주거환경,애들이행복한집",좋은터부동산공인중개사사무소,24,2026-09-28,2026-10-09,2026-10-10,,,1
2652037781,2653900843,godeok_lotte_castle_venezia,sale,183000,,701,저,59.98,83.39,위치좋은동 명문중고교학군 구립도서관 9호선 근거리 입니다,대일공인중개사,3,2026-09-28,2026-10-09,2026-10-10,,,1
2652043451,2654100877,godeok_lotte_castle_venezia,sale,205000,,711,고,84.14,112.34,풀에 채광 통풍좋음 위치좋고 대중교통이용 편리한 동.,고덕설연공인중개사사무소,37,2026-09-28,2026-10-09,2026-10-10,,,1
2652087288,2654100877,godeok_lotte_castle_venezia,sale,205000,,711,고,84.14,112.34,"초록한숲뷰,채광좋음,선호동,게스트하우스등 커뮤니티굿.",상일설연부동산중개,37,2026-09-28,2026-10-09,2026-10-10,,,1
2652150549,2654479767,godeok_lotte_castle_venezia,sale,190000,,713,중,84.92,111.26,"세안고 조용한 로얄동,층 옵션굿 갭투강추",고덕명가공인중개사사무소,40,2026-09-28,2026-10-09,2026-10-10,,,1
2652205431,2654475048,godeok_lotte_castle_venezia,sale,195000,,704,저,84.92,111.26,,이화공인중개사,6,2026-09-29,2026-10-09,2026-10-10,,,1
2652214090,2654475066,godeok_lotte_castle_venezia,sale,200000,,707,중,84.92,111.26,세안고 앞동선호 판상형 단지내 중앙공원뷰 커뮤너티근접,고덕무지개공인중개사사무소,24,2026-09-29,2026-10-09,2026-10-10,,,1
2652217128,2652217128,godeok_lotte_castle_venezia,sale,170000,,701,저,59.98,83.39,"손님만전화주세요,세끼고,커뮤니티최고시설,풀옵션,학세권고일초5분거리",경성공인중개사사무소,1,2026-09-29,2026-10-09,2026-10-10,,,1
2652218260,2654254120,godeok_lotte_castle_venezia,sale,200000,,714,저,84.92,111.26,시야가 확트이고 조경이 이쁜집,그라시움하늘공인중개사사무소,24,2026-09-29,2026-10-09,2026-10-10,,,1
2652250717,2653416660,godeok_lotte_castle_venezia,sale,200000,,705,저,84.92,111.26,,이화공인중개사,5,2026-09-29,2026-10-09,2026-10-10,,,1
2652271300,2654479767,godeok_lotte_castle_venezia,sale,190000,,713,중,84.92,111.26,T 3013 2500 뉴스강추매물 밝고깊은채광 명문학군 커뮤니티최고,부동산뉴스공인중개사사무소,40,2026-09-29,2026-10-09,2026-10-10,,,1
2652308553,2654475066,godeok_lotte_castle_venezia,sale,200000,,707,중,84.92,111.26,강.추.탁트인뷰. 고품격커뮤니티. 컨디션굿.명문학군지. 새대별창고.,골드공인중개사사무소,24,2026-09-29,2026-10-09,2026-10-10,,,1
2652348504,2652348504,godeok_lotte_castle_venezia,sale,195000,,713,중,84.92,111.26,"커뮤니티최고시설, 풀옵션, 세끼고",경성공인중개사사무소,1,2026-09-29,2026-10-09,2026-10-10,,,1
2652349620,2654475076,godeok_lotte_castle_venezia,sale,250000,,715,중,122.08,152.38,"커뮤니티최고시설,풀옵션, 탁 트인 전망, 학세권,정상입주",경성공인중개사사무소,20,2026-09-29,2026-10-09,2026-10-10,,,1
2652352044,2654479802,godeok_lotte_castle_venezia,sale,230000,,704,고,84.92,111.26,"입주,채광 좋은 정남향, 로얄층, 트인 뷰,지하철 도보권",강동명문공인중개사사무소,25,2026-09-29,2026-10-09,2026-10-10,,,1
2652353300,2654254120,godeok_lotte_castle_venezia,sale,200000,,714,1,84.92,111.26,"주인거주,정원이 아름다워요,세대창고,아이 키우기 좋은 1층",더미사공인중개사사무소,24,2026-09-29,2026-10-09,2026-10-10,,,1
2652356024,2653377424,godeok_lotte_castle_venezia,sale,220000,,709,중,84.14,112.34,"엘베편리, 로얄층, 숲 파노라마 뻥뷰, 커뮤니티 우수, 9호선호재",강동명문공인중개사사무소,11,2026-09-29,2026-10-09,2026-10-10,,,1
2652399358,2653377424,godeok_lotte_castle_venezia,sale,220000,,709,중,84.14,112.34,뷰좋고 밝고 따뜻한 집 선호구조 커뮤니티 우수 학군우수,사랑부동산공인중개사사무소,11,2026-09-29,2026-10-09,2026-10-10,,,1
2652415637,2654475066,godeok_lotte_castle_venezia,sale,200000,,707,중,84.92,111.26,추천 조용한 단지 뷰 채광좋음 우수한 학세권,그라시움이화공인중개사사무소,24,2026-09-29,2026-10-09,2026-10-10,,,1
2652423390,2654475066,godeok_lotte_castle_venezia,sale,200000,,707,중,84.92,111.26,입주 일등매물 로얄동층 관리잘된 집,일등그라시움 부동산중개,24,2026-09-30,2026-10-09,2026-10-10,,,1
2652423518,2654479767,godeok_lotte_castle_venezia,sale,190000,,713,중,84.92,111.26,세안고 일등매물 28년4월 늦은입주 가성비갑,고덕일등공인중개사사무소,40,2026-09-30,2026-10-09,2026-10-10,,,1
2652492846,2654254120,godeok_lotte_castle_venezia,sale,200000,,714,저,84.92,111.26,깔끔하고쾌적해요,시범공인중개사,24,2026-09-30,2026-10-09,2026-10-10,,,1
2652513894,2654479770,godeok_lotte_castle_venezia,sale,200000,,704,중,84.92,111.26,강추 뻥 숲 뷰 채광 좋음 풀에어컨 풀옵션 내부컨디션 굿,그라시움이화공인중개사사무소,27,2026-09-30,2026-10-09,2026-10-10,,,1
2652521518,2652521518,godeok_lotte_castle_venezia,sale,175000,,716,고,59.98,83.39,,고덕굿모닝공인중개사사무소,1,2026-09-30,2026-10-09,2026-10-10,,,1
2652524140,2654479770,godeok_lotte_castle_venezia,sale,205000,,704,중,84.92,111.26,강.추. 생태숲세권. 풀에어컨. 내부상태굿. 커뮤니티최적화. 학세권.,골드공인중개사사무소,27,2026-09-30,2026-10-09,2026-10-10,,,1
2652533432,2652964339,godeok_lotte_castle_venezia,sale,203000,,715,저,84.14,112.34,거성추천 상일공원숲뷰 행복가득한집 채광굿 명문학군 에어컨풀 입주,그라시움거성공인중개사사무소,3,2026-09-30,2026-10-09,2026-10-10,,,1
2652533437,2654479802,godeok_lotte_castle_venezia,sale,230000,,704,고,84.92,111.26,"추천입주, 생활인프라 높은입지.활용좋은커뮤니티, 리조트조경,",상일설연부동산중개,25,2026-09-30,2026-10-09,2026-10-10,,,1
2652534792,2654100877,godeok_lotte_castle_venezia,sale,205000,,711,고,84.14,112.34,강추 로얄동층 선호동 채광통풍굿 수납공간좋음 에어컨풀 입주매물,그라시움거성공인중개사사무소,37,2026-09-30,2026-10-09,2026-10-10,,,1
2652535756,2654479767,godeok_lotte_castle_venezia,sale,190000,,713,중,84.92,111.26,,예스공인중개사사무소,40,2026-09-30,2026-10-09,2026-10-10,,,1
2652536384,2653164545,godeok_lotte_castle_venezia,sale,195000,,703,저,84.92,111.26,거성추천 선호동 컨디션굿 명문학군 9호선호재 시스템에어컨 입주,그라시움거성공인중개사사무소,7,2026-09-30,2026-10-09,2026-10-10,,,1
2652541463,2654479766,godeok_lotte_castle_venezia,sale,190000,,712,저,84.92,111.26,"빠른입주가능,전망굿,동간거리넓어요",단지내길공인중개사사무소,29,2026-09-30,2026-10-09,2026-10-10,,,1
2652558405,2652558405,godeok_lotte_castle_venezia,sale,210000,,713,중,84.92,111.26,세안고 학세권 풀옵션 우수 커뮤니티,단지내 센텀탑공인중개사사무소,1,2026-09-30,2026-10-09,2026-10-10,,,1
2652604225,2654100877,godeok_lotte_castle_venezia,sale,205000,,711,고,84.14,112.34,입주추천. 탁트인뷰.풀에어컨. 상가인접동. 고품격커뮤니티. 컨디션갑.,골드공인중개사사무소,37,2026-09-30,2026-10-09,2026-10-10,,,1
2652606076,2652837145,godeok_lotte_castle_venezia,sale,230000,,715,고,84.14,112.34,뻥뷰 숲세권 명문학군 커뮤니티 입주매물,고덕거성공인중개사사무소,7,2026-09-30,2026-10-09,2026-10-10,,,1
2652607085,2654254120,godeok_lotte_castle_venezia,sale,200000,,714,저,84.92,111.26,입주협의. 명일근린공원 상일동산 쾌적한 숲세권. 학교인접,해피부동산공인중개사사무소,24,2026-09-30,2026-10-09,2026-10-10,,,1
2652608134,2652608134,godeok_lotte_castle_venezia,sale,185000,,710,고,59.98,83.39,입주.탁트인뷰.명문학군.고품격커뮤니티.상권인접.관리잘된집.,골드공인중개사사무소,1,2026-09-30,2026-10-09,2026-10-10,,,1
2652614586,2654469584,godeok_lotte_castle_venezia,sale,212000,,709,고,84.92,111.26,찐숲세권 풀뷰.풀 옵션.컨디션갑.9호선연계버스인접,골드공인중개사사무소,4,2026-09-30,2026-10-09,2026-10-10,,,1
2652615896,2654385663,godeok_lotte_castle_venezia,sale,200000,,707,저,84.92,111.26,풀 옵션.예쁜정원뷰.컨디션 갑.조망이 확보된 세대,골드공인중개사사무소,12,2026-09-30,2026-10-09,2026-10-10,,,1
2652627219,2654479766,godeok_lotte_castle_venezia,sale,190000,,712,저,84.92,111.26,입주 일등매물 뷰좋은 가성비매물 빠른입주가능,고덕일등공인중개사사무소,29,2026-10-01,2026-10-09,2026-10-10,,,1
2652665658,2654479802,godeok_lotte_castle_venezia,sale,230000,,704,고,84.92,111.26,로얄동 풀에어컨 풀옵션 컨디션최상,고덕신흥공인중개사사무소,25,2026-10-01,2026-10-09,2026-10-10,,,1
2652665745,2653377424,godeok_lotte_castle_venezia,sale,220000,,709,중,84.14,112.34,입주 환상숲뷰 에어컨 엘베2 로얄동 귀한b타입,고덕신흥공인중개사사무소,11,2026-10-01,2026-10-09,2026-10-10,,,1
2652665821,2652665821,godeok_lotte_castle_venezia,sale,230000,,709,고,84.14,112.34,로.얄 환상숲뷰 풀에어컨 풀옵션 엘베2 커뮤니티동,고덕신흥공인중개사사무소,1,2026-10-01,2026-10-09,2026-10-10,,,1
2652666311,2654475063,godeok_lotte_castle_venezia,sale,210000,,704,고,84.14,112.34,환상숲뷰 선호타입 풀에어컨 풀옵션 로얄,고덕신흥공인중개사사무소,14,2026-10-01,2026-10-09,2026-10-10,,,1
2652692225,2654479770,godeok_lotte_castle_venezia,sale,200000,,704,중,84.92,111.26,"34,남향 로얄동층, 옵션풀",고일공인중개사사무소,27,2026-10-01,2026-10-09,2026-10-10,,,1
2652709664,2652709664,godeok_lotte_castle_venezia,sale,195000,,714,저,84.92,111.26,주인거주. 로열동 선호층. 풀에어컨. 동산뷰. 세대창고.,원스탑공인중개사사무소,1,2026-10-01,2026-10-09,2026-10-10,,,1
2652711528,2652711528,godeok_lotte_castle_venezia,sale,195000,,714,저,84.92,111.26,입주. 풀시스템에어컨. 숲조망. 층 좋아요.,원스탑공인중개사사무소,1,2026-10-01,2026-10-09,2026-10-10,,,1
2652718115,2654479802,godeok_lotte_castle_venezia,sale,230000,,704,고,84.92,111.26,"인기판상형,전체 에어컨,앞트임 좋아요",신고덕(427-8955)공인중개사사무소,25,2026-10-01,2026-10-09,2026-10-10,,,1
2652740955,2653726198,godeok_lotte_castle_venezia,sale,220000,,707,중,84.92,111.26,로얄동.로얄층.상태굿.입주협의.상일역7분,삼익파크공인중개사사무소,5,2026-10-01,2026-10-09,2026-10-10,,,1
2652791756,2654475063,godeok_lotte_castle_venezia,sale,210000,,704,고,84.14,112.34,"특 조망권 숲세권,월드타워뷰,계절 창고 입주협의",센트럴부자공인중개사사무소,14,2026-10-01,2026-10-09,2026-10-10,,,1
2652792088,2654475076,godeok_lotte_castle_venezia,sale,250000,,715,중,122.08,152.38,"전면이 트인뷰,시,에5대 우수한 커뮤니티,계절 창고,입주 협의",센트럴부자공인중개사사무소,20,2026-10-01,2026-10-09,2026-10-10,,,1
2652798809,2654254120,godeok_lotte_castle_venezia,sale,200000,,714,저,84.92,111.26,학군 우수하며 교통환경도 좋고 생활인프로 좋고 주변 자연환경이 좋은 곳임,명일OK공인중개사사무소,24,2026-10-01,2026-10-09,2026-10-10,,,1
2652815476,2654479767,godeok_lotte_castle_venezia,sale,190000,,713,중,84.92,111.26,"세안고,커뮤니티동,지하창고,숲세권",단지내길공인중개사사무소,40,2026-10-01,2026-10-09,2026-10-10,,,1
2652816623,2652816623,godeok_lotte_castle_venezia,sale,210000,,711,27,84.92,111.26,입주가능 고층 뻥뷰 컨디션 최상,경인(02-572-5557)공인중개사사무소,1,2026-10-01,2026-10-09,2026-10-10,,,1
2652818849,2654475066,godeok_lotte_castle_venezia,sale,200000,,707,중,84.92,111.26,"세안고,로얄동,전망굿,풀옵션",단지내길공인중개사사무소,24,2026-10-01,2026-10-09,2026-10-10,,,1
2652820724,2654385663,godeok_lotte_castle_venezia,sale,200000,,707,저,84.92,111.26,"주인거주,정원 사계절뷰,지하창고",단지내길공인중개사사무소,12,2026-10-01,2026-10-09,2026-10-10,,,1
2652821148,2654479770,godeok_lotte_castle_venezia,sale,205000,,704,중,84.92,111.26,"정남향,로얄동,숲뷰,정상입주가능",단지내길공인중개사사무소,27,2026-10-01,2026-10-09,2026-10-10,,,1
2652822573,2654385259,godeok_lotte_castle_venezia,sale,200000,,709,중,84.92,111.26,"늦은입주,탁트인숲뷰,명품학군",단지내길공인중개사사무소,4,2026-10-01,2026-10-09,2026-10-10,,,1
2652830239,2652830239,godeok_lotte_castle_venezia,sale,205000,,708,고,84.14,112.34,"주인거주,풀인테리어,에5,선호타입",단지내길공인중개사사무소,2,2026-10-01,2026-10-09,2026-10-10,,,1
2652833326,2654475076,godeok_lotte_castle_venezia,sale,250000,,715,중,122.08,152.38,"대형평수,탁트인뷰,방4칸넓게나왔어요",단지내길공인중개사사무소,20,2026-10-01,2026-10-09,2026-10-10,,,1
2652834276,2652834276,godeok_lotte_castle_venezia,wolse,68000,48,706,저,59.98,83.39,"주인거주,탁트인조경뷰,상가이용편리동",단지내길공인중개사사무소,3,2026-10-01,2026-10-09,2026-10-10,,,1
2652837145,2652837145,godeok_lotte_castle_venezia,sale,230000,,715,고,84.14,112.34,풀옵션. 숲세권 하늘정원뷰. 탁월한 공간구성 .전원주택같은 아파트.강추.,골드공인중개사사무소,7,2026-10-01,2026-10-09,2026-10-10,,,1
2652856429,2654385663,godeok_lotte_castle_venezia,sale,200000,,707,저,84.92,111.26,입주 채광 조망 굿 로얄동 학군우수 커뮤니티 우수,고덕시온공인중개사사무소,12,2026-10-01,2026-10-09,2026-10-10,,,1
2652861990,2654479756,godeok_lotte_castle_venezia,sale,185000,,716,중,59.98,83.39,입주 로얄동 채광 조망 굿 학군우수 커뮤니티 우수,고덕시온공인중개사사무소,26,2026-10-01,2026-10-09,2026-10-10,,,1
2652897624,2652964339,godeok_lotte_castle_venezia,sale,203000,,715,저,84.14,112.34,뛰어라 . 합격기운 좋은집. 정상입주. 풀에어컨. 풀옵션. 보면반할,뛰어라공인중개사사무소,3,2026-10-01,2026-10-09,2026-10-10,,,1
2652921748,2654100877,godeok_lotte_castle_venezia,sale,205000,,711,20,84.14,112.34,풀옵션 숲 조망 세대창고 입주,강동공인중개사사무소,37,2026-10-02,2026-10-09,2026-10-10,,,1
2652928902,2654479802,godeok_lotte_castle_venezia,sale,230000,,704,고,84.92,111.26,공원뷰. 밝고 따뜻한 집 선호 구조 커뮤니티 우수 학군우수,사랑부동산공인중개사사무소,25,2026-10-02,2026-10-09,2026-10-10,,,1
2652949261,2654475076,godeok_lotte_castle_venezia,sale,250000,,715,중,122.08,152.38,추천. 입주협의. 확트인뷰. 풀옵션. 집상태최상,그라시움하늘공인중개사사무소,20,2026-10-02,2026-10-09,2026-10-10,,,1
2652953251,2654479766,godeok_lotte_castle_venezia,sale,190000,,712,저,84.92,111.26,추천. 입주매매. 로얄동. 예쁜정원뷰. 풀에어컨. 집상태최상,그라시움하늘공인중개사사무소,29,2026-10-02,2026-10-09,2026-10-10,,,1
2652963256,2654385663,godeok_lotte_castle_venezia,sale,200000,,707,저,84.92,111.26,추천.채광좋은집.앞동라인.에어컨풀.컨디션굿.기운좋은집,고덕베네루체공인중개사사무소,12,2026-10-02,2026-10-09,2026-10-10,,,1
2652964339,2652964339,godeok_lotte_castle_venezia,sale,203000,,715,저,84.14,112.34,숲뷰.좋은대학보내는기운좋은집.정상입주.에어컨풀.중문.김냉.지인집,고덕베네루체공인중개사사무소,3,2026-10-02,2026-10-09,2026-10-10,,,1
2653012261,2654254120,godeok_lotte_castle_venezia,sale,200000,,714,1,84.92,111.26,"살기좋은 대단지 아파트 , 숲세권 명문학군 9호선공사중 입주매물",고덕거성공인중개사사무소,24,2026-10-02,2026-10-09,2026-10-10,,,1
2653072198,2654475063,godeok_lotte_castle_venezia,sale,210000,,704,고,84.14,112.34,"커뮤니티최고시설, 시스템에어컨, 굿뷰, 정상입주",경성공인중개사사무소,14,2026-10-02,2026-10-09,2026-10-10,,,1
2653117015,2653117015,godeok_lotte_castle_venezia,sale,185000,,716,중,59.98,83.39,앞동 입주추천 내부상태우수 조경 및 커뮤너티우수,고덕무지개공인중개사사무소,1,2026-10-02,2026-10-09,2026-10-10,,,1
2653127135,2653377424,godeok_lotte_castle_venezia,sale,220000,,709,중,84.14,112.34,알찬 주인거주 탁트인 사계절숲뷰 전망굿,알찬(406-4900)공인중개사사무소,11,2026-10-02,2026-10-09,2026-10-10,,,1
2653127758,2654100877,godeok_lotte_castle_venezia,sale,205000,,711,고,84.14,112.34,베네루체추천.풀옵션.입주.시원한뻥뷰.두번째라인.우수학군지,고덕베네루체공인중개사사무소,37,2026-10-02,2026-10-09,2026-10-10,,,1
2653145470,2653145470,godeok_lotte_castle_venezia,sale,200000,,709,중,84.92,111.26,숲조망 최고동 풀에어컨 입주추천 커뮤너티근접 조경우수,고덕무지개공인중개사사무소,1,2026-10-02,2026-10-09,2026-10-10,,,1
2653147331,2654114009,godeok_lotte_castle_venezia,jeonse,98000,,708,저,84.14,112.34,"풀옵션, 숲조망, 커뮤니티이용편리, 융무",고덕숲공인중개사사무소,2,2026-10-02,2026-10-09,2026-10-10,,,1
2653152262,2654479770,godeok_lotte_castle_venezia,sale,205000,,704,중,84.92,111.26,입주가능 로얄동 트인뷰 채광 조망 굿 학군우수 커뮤니티 우수,고덕시온공인중개사사무소,27,2026-10-02,2026-10-09,2026-10-10,,,1
2653164251,2654266914,godeok_lotte_castle_venezia,sale,210000,,714,중,84.14,112.34,"숲세권, 에어컨, 햇빛가득한 전망. 채광 굿",단지내행복그라시움공인중개사사무소,5,2026-10-02,2026-10-09,2026-10-10,,,1
2653164545,2653164545,godeok_lotte_castle_venezia,sale,195000,,703,저,84.92,111.26,"숲세권, 에어컨, 햇빛 가득한 전망, 채광 굿",단지내행복그라시움공인중개사사무소,7,2026-10-02,2026-10-09,2026-10-10,,,1
2653181870,2654266914,godeok_lotte_castle_venezia,sale,210000,,714,중,84.14,112.34,시원한 숲뷰. 시스템에어컨. 주인거주 관리 잘 된집. 명문 학군,고덕햇살426-3336공인중개사사무소,5,2026-10-02,2026-10-09,2026-10-10,,,1
2653230282,2654469584,godeok_lotte_castle_venezia,sale,212000,,709,고,84.92,111.26,탁트인숲뷰최상 채광좋은로얄동층 풀에어컨 판상형,고덕스카이공인중개사사무소,4,2026-10-03,2026-10-09,2026-10-10,,,1
2653232773,2654475309,godeok_lotte_castle_venezia,wolse,42000,160,701,고,59.98,83.39,융자 없는 깔끔한 집. 채광 통풍 최고. 시스템에어컨. 빠른 입주도 가,일등그라시움 부동산중개,11,2026-10-03,2026-10-09,2026-10-10,,,1
2653250526,2654385284,godeok_lotte_castle_venezia,sale,178000,,701,고,59.98,83.39,"입주매매 ,로얄동 로얄층,시스템에어컨 ,정남향, 세대창고,학군우수",고덕굿모닝(437-6009)공인중개사사무소,2,2026-10-03,2026-10-09,2026-10-10,,,1
2653258404,2654475309,godeok_lotte_castle_venezia,wolse,42000,160,701,고,59.98,83.39,풀에어컨 폴옵션 로얄동 융무 정남향,고덕신흥공인중개사사무소,11,2026-10-03,2026-10-09,2026-10-10,,,1
2653259825,2653259825,godeok_lotte_castle_venezia,wolse,40000,165,717,중,59.98,83.39,정남향 에어컨 편리한동 융무,고덕신흥공인중개사사무소,1,2026-10-03,2026-10-09,2026-10-10,,,1
2653277789,2654254120,godeok_lotte_castle_venezia,sale,200000,,714,1,84.92,111.26,"커뮤니티최고시설,학세권, 예쁜 조경뷰, 정상입주",경성공인중개사사무소,24,2026-10-03,2026-10-09,2026-10-10,,,1
2653277925,2654266914,godeok_lotte_castle_venezia,sale,210000,,714,중,84.14,112.34,"숲속뷰최고입니다,커뮤니티최고시설,풀옵션,학세권고일초5분거리,정상입주",경성공인중개사사무소,5,2026-10-03,2026-10-09,2026-10-10,,,1
2653278217,2654385663,godeok_lotte_castle_venezia,sale,200000,,707,저,84.92,111.26,"커뮤니티최고시설,풀옵션,학세권고일초5분거리,정상입주",경성공인중개사사무소,12,2026-10-03,2026-10-09,2026-10-10,,,1
2653278403,2654479802,godeok_lotte_castle_venezia,sale,230000,,704,고,84.92,111.26,"커뮤니티최고시설,풀옵션,학세권고일초5분거리,정상입주",경성공인중개사사무소,25,2026-10-03,2026-10-09,2026-10-10,,,1
2653278533,2654475066,godeok_lotte_castle_venezia,sale,200000,,707,중,84.92,111.26,"커뮤니티최고시설,풀옵션,학세권고일초5분거리,세끼고",경성공인중개사사무소,24,2026-10-03,2026-10-09,2026-10-10,,,1
2653278688,2654100877,godeok_lotte_castle_venezia,sale,205000,,711,고,84.14,112.34,"커뮤니티최고시설, 풀옵션, 학세권",경성공인중개사사무소,37,2026-10-03,2026-10-09,2026-10-10,,,1
2653279282,2653279282,godeok_lotte_castle_venezia,sale,205000,,712,고,84.14,112.34,"커뮤니티최고시설,풀옵션,학세권고일초5분거리,정상입주",경성공인중개사사무소,1,2026-10-03,2026-10-09,2026-10-10,,,1
2653279411,2653837173,godeok_lotte_castle_venezia,sale,210000,,707,고,84.92,111.26,"커뮤니티최고시설, 시스템 에어컨,학세권고일초5분거리,정상입주",경성공인중개사사무소,3,2026-10-03,2026-10-09,2026-10-10,,,1
2653279598,2654479770,godeok_lotte_castle_venezia,sale,205000,,704,중,84.92,111.26,"숲전망,커뮤니티최고시설,정상입주 ,지하창고있음",경성공인중개사사무소,27,2026-10-03,2026-10-09,2026-10-10,,,1
2653297989,2654266914,godeok_lotte_castle_venezia,sale,210000,,714,중,84.14,112.34,탁트인뷰최상 채광좋은로얄동층 시스템에어컨 커뮤니티우수,고덕스카이공인중개사사무소,5,2026-10-03,2026-10-09,2026-10-10,,,1
2653309254,2654475066,godeok_lotte_castle_venezia,sale,200000,,707,중,84.92,111.26,"중앙동,늦은입주가능,대중교통이용편리.우수커뮤니티,쾌적한 주거환경,",상일설연부동산중개,24,2026-10-03,2026-10-09,2026-10-10,,,1
2653309956,2654479766,godeok_lotte_castle_venezia,sale,190000,,712,저,84.92,111.26,"운동시설가까운동,수납좋은펜트리,대중교통이용편리.산책하기좋은단지.",상일설연부동산중개,29,2026-10-03,2026-10-09,2026-10-10,,,1
2653314055,2654479767,godeok_lotte_castle_venezia,sale,190000,,713,중,84.92,111.26,"세안고,채광우수,주차공간 세대창고 넓음,활용좋은커뮤니티.",상일설연부동산중개,40,2026-10-03,2026-10-09,2026-10-10,,,1
2653314285,2654479770,godeok_lotte_castle_venezia,sale,205000,,704,중,84.92,111.26,"추천,쾌적한주거환경, 풀옵션 풀인테리어 채광좋고 대중교통편리함",상일설연부동산중개,27,2026-10-03,2026-10-09,2026-10-10,,,1
2653323400,2654475076,godeok_lotte_castle_venezia,sale,250000,,715,중,122.08,152.38,추천.큰평수.확트인 파노라마뷰.풀에어컨.우수학군.우수 커뮤니티,키움공인중개사사무소,20,2026-10-03,2026-10-09,2026-10-10,,,1
2653328050,2654479756,godeok_lotte_castle_venezia,sale,185000,,716,중,59.98,83.39,강.추.밝고환한 남향.명문학군지.품격있는 단지구성.컨디션굿.,골드공인중개사사무소,26,2026-10-03,2026-10-09,2026-10-10,,,1
2653357985,2654479770,godeok_lotte_castle_venezia,sale,205000,,704,중,84.92,111.26,입주 일등매물 로얄동층 뷰좋고 관리잘된집,고덕일등공인중개사사무소,27,2026-10-05,2026-10-09,2026-10-10,,,1
2653359482,2654475076,godeok_lotte_castle_venezia,sale,250000,,715,중,122.08,152.38,추천 l 대형평수 l 풀옵션 l 예쁜단지,노아공인중개사사무소,20,2026-10-05,2026-10-09,2026-10-10,,,1
2653377424,2653377424,godeok_lotte_castle_venezia,sale,220000,,709,중,84.14,112.34,입주매매. 로얄동층. 트인뷰. 관리잘된집,그라시움하늘공인중개사사무소,11,2026-10-05,2026-10-09,2026-10-10,,,1
2653378277,2654479770,godeok_lotte_castle_venezia,sale,200000,,704,중,84.92,111.26,추천. 입주매매. 정남향. 풀에어컨. 관리잘된집,그라시움하늘공인중개사사무소,27,2026-10-05,2026-10-09,2026-10-10,,,1
2653378599,2653378599,godeok_lotte_castle_venezia,sale,200000,,720,중,84.14,112.34,추천. 입주매매. 확트인뷰. 풀옵션. 집상태최상,그라시움하늘공인중개사사무소,1,2026-10-05,2026-10-09,2026-10-10,,,1
2653379083,2654475063,godeok_lotte_castle_venezia,sale,210000,,704,고,84.14,112.34,추천. 입주매매. 확트인공원뷰. 관리잘된 예쁜집,그라시움하늘공인중개사사무소,14,2026-10-05,2026-10-09,2026-10-10,,,1
2653379380,2653379380,godeok_lotte_castle_venezia,sale,200000,,712,저,84.14,112.34,추천. 입주매매. 로얄동층. 풀에어컨. 인테리어예쁜집,그라시움하늘공인중개사사무소,2,2026-10-05,2026-10-09,2026-10-10,,,1
2653389682,2653900843,godeok_lotte_castle_venezia,sale,183000,,701,저,59.98,83.39,입주가능 풀에어컨 풀옵션 초입동 9호선호재,고덕신흥공인중개사사무소,3,2026-10-05,2026-10-09,2026-10-10,,,1
2653390323,2653390323,godeok_lotte_castle_venezia,sale,225000,,709,저,84.92,111.26,입주 올수리 채광굿 9호선호재 로얄,고덕신흥공인중개사사무소,2,2026-10-05,2026-10-09,2026-10-10,,,1
2653406867,2654479766,godeok_lotte_castle_venezia,sale,190000,,712,저,84.92,111.26,,센트럴부자공인중개사사무소,29,2026-10-05,2026-10-09,2026-10-10,,,1
2653414230,2654385663,godeok_lotte_castle_venezia,sale,200000,,707,저,84.92,111.26,입주가능 로얄동 판상형 풀에어컨 커뮤니티우수 학군좋음,고덕스카이공인중개사사무소,12,2026-10-05,2026-10-09,2026-10-10,,,1
2653419307,2654100877,godeok_lotte_castle_venezia,sale,205000,,711,고,84.14,112.34,로얄동층 채광좋은집 풀에어컨 커뮤니티우수 상태굿,고덕스카이공인중개사사무소,37,2026-10-05,2026-10-09,2026-10-10,,,1
2653426714,2654479767,godeok_lotte_castle_venezia,sale,190000,,713,중,84.92,111.26,로얄동층 숲세권 명문학군 9호선호재 세안고매매,그라시움거성공인중개사사무소,40,2026-10-05,2026-10-09,2026-10-10,,,1
2653427288,2654254120,godeok_lotte_castle_venezia,sale,200000,,714,1,84.92,111.26,거성추천 입주 예쁜단지조경뷰 명문학군 9호선호재 상일동산뷰,그라시움거성공인중개사사무소,24,2026-10-05,2026-10-09,2026-10-10,,,1
2653465803,2654254120,godeok_lotte_castle_venezia,sale,200000,,714,저,84.92,111.26,개방감좋은 워터가든뷰. 중고등 바로.우수 커뮤니티.생활권 우수,키움공인중개사사무소,24,2026-10-05,2026-10-09,2026-10-10,,,1
2653466278,2654100877,godeok_lotte_castle_venezia,sale,205000,,711,고,84.14,112.34,고층 시원하게 트인 뷰 채광좋음 풀옵션 내부컨디션 굿 입주매매,그라시움이화공인중개사사무소,37,2026-10-05,2026-10-09,2026-10-10,,,1
2653480768,2653480768,godeok_lotte_castle_venezia,sale,195000,,704,저,84.92,111.26,입주추천 풀에어컨 내부판상형우수 커뮤너티근접,고덕무지개공인중개사사무소,1,2026-10-05,2026-10-09,2026-10-10,,,1
2653487641,2654475066,godeok_lotte_castle_venezia,sale,200000,,707,중,84.92,111.26,"중앙동,늦은입주가능,풀옵션,조망 채광굿,커뮤니티굿.",고덕설연공인중개사사무소,24,2026-10-05,2026-10-09,2026-10-10,,,1
2653487645,2654479770,godeok_lotte_castle_venezia,sale,205000,,704,중,84.92,111.26,"정남향,채광 통풍좋음,대중교통 이용편리,활용좋은커뮤니티.",고덕설연공인중개사사무소,27,2026-10-05,2026-10-09,2026-10-10,,,1
2653494780,2654365282,godeok_lotte_castle_venezia,sale,200000,,702,중,84.14,112.34,"입주매매, 탁트인 전망좋은집,에풀,아주깨끗,세대창고, 학권우수",고덕굿모닝(437-6009)공인중개사사무소,6,2026-10-05,2026-10-09,2026-10-10,,,1
2653495974,2654254120,godeok_lotte_castle_venezia,sale,200000,,714,1,84.92,111.26,"채광우수, 탁 트인 조망, 입주매매",퀸공인중개사사무소,24,2026-10-05,2026-10-09,2026-10-10,,,1
2653498361,2654475076,godeok_lotte_castle_venezia,sale,250000,,715,중,122.08,152.38,"넓은전망,에어컨풀,풀옵션,넓은 드레스룸과 지하창고. 컨디션 굿.강.추",고덕자이(441-0109)공인중개사사무소,20,2026-10-05,2026-10-09,2026-10-10,,,1
2653509092,2653509092,godeok_lotte_castle_venezia,sale,195000,,703,저,84.92,111.26,"커뮤니티최고시설,정상입주,풀옵션,고일초5분거리",경성공인중개사사무소,1,2026-10-05,2026-10-09,2026-10-10,,,1
2653189465,2654479766,godeok_lotte_castle_venezia,sale,190000,,712,저,84.92,111.26,"정원뷰의 안정감 있는 공간,학군굿",고덕종점그라시움공인중개사사무소,29,2026-10-06,2026-10-09,2026-10-10,,,1
2653277667,2653277667,godeok_lotte_castle_venezia,sale,195000,,714,저,84.14,112.34,"커뮤니티최고시설,풀옵션,학세권,정상입주",경성공인중개사사무소,1,2026-10-06,2026-10-09,2026-10-10,,,1
2653309501,2654118259,godeok_lotte_castle_venezia,sale,197000,,702,저,84.14,112.34,막힘없는뷰 풀에 채광통풍좋음 대중교통 이용편리 커뮤니티굿.,상일설연부동산중개,5,2026-10-06,2026-10-09,2026-10-10,,,1
2653413916,2653413916,godeok_lotte_castle_venezia,wolse,30000,300,711,중,84.92,111.26,단독 o 에어컨5대. 중문. 안방붙박이장 o 출입가까운동 o 우수학군,롯데공인중개사사무소,1,2026-10-06,2026-10-09,2026-10-10,,,1
2653416660,2653416660,godeok_lotte_castle_venezia,sale,200000,,705,저,84.92,111.26,입주 o 계절마다 예쁜 동산뷰 o 에어컨3대 o 우수학군,롯데공인중개사사무소,5,2026-10-06,2026-10-09,2026-10-10,,,1
2653417206,2653417206,godeok_lotte_castle_venezia,sale,210000,,718,고,84.92,111.26,입주 o 정남향트인뷰 o 에어컨풀. 중문. 안방붙박이. 식세기. 간접조명,롯데공인중개사사무소,1,2026-10-06,2026-10-09,2026-10-10,,,1
2653499239,2654479756,godeok_lotte_castle_venezia,sale,185000,,716,중,59.98,83.39,입주협의 정남향 채광좋고 대중교통편리 상가이용편리.,고덕설연공인중개사사무소,26,2026-10-06,2026-10-09,2026-10-10,,,1
2653501638,2654118259,godeok_lotte_castle_venezia,sale,197000,,702,저,84.14,112.34,입주매매 트인뷰 햇빛좋은 대중교통 편리한 동,고덕설연공인중개사사무소,5,2026-10-06,2026-10-09,2026-10-10,,,1
2653529508,2654479766,godeok_lotte_castle_venezia,sale,190000,,712,저,84.92,111.26,추천 관리되어 깨끗하고 햇빛좋음 커뮤니티이용 좋은동.,고덕설연공인중개사사무소,29,2026-10-06,2026-10-09,2026-10-10,,,1
2653531005,2654479767,godeok_lotte_castle_venezia,sale,190000,,713,중,84.92,111.26,세안고 햇빛좋음 주차공간 세대창고 넓음 커뮤니티 굿.,고덕설연공인중개사사무소,40,2026-10-06,2026-10-09,2026-10-10,,,1
2653533123,2654475076,godeok_lotte_castle_venezia,sale,250000,,715,중,122.08,152.38,입주협의 귀한대형 시원한공원뷰 풀에 세대창고 넓음.,고덕설연공인중개사사무소,20,2026-10-06,2026-10-09,2026-10-10,,,1
2653548411,2653726198,godeok_lotte_castle_venezia,sale,220000,,707,중,84.92,111.26,입주 로얄동 에어컨 컨디션최상,고덕신흥공인중개사사무소,5,2026-10-06,2026-10-09,2026-10-10,,,1
2653599375,2654479767,godeok_lotte_castle_venezia,sale,190000,,713,중,84.92,111.26,"세안고 매매. 시스템에어컨, 명문 학군. 우수 커뮤니티",고덕햇살426-3336공인중개사사무소,40,2026-10-06,2026-10-09,2026-10-10,,,1
2653612294,2653726198,godeok_lotte_castle_venezia,sale,220000,,707,중,84.92,111.26,입주 o 에어컨풀.중문 o 출입편리앞동 o 우수학군,롯데공인중개사사무소,5,2026-10-06,2026-10-09,2026-10-10,,,1
2653631532,2653631532,godeok_lotte_castle_venezia,sale,180000,,701,저,59.98,83.39,T 02 3013 2500 채광좋은저층 눈부시게 깨끗한집 인프라훌륭,부동산뉴스공인중개사사무소,1,2026-10-06,2026-10-09,2026-10-10,,,1
2653640814,2653640814,godeok_lotte_castle_venezia,sale,200000,,720,저,84.14,112.34,T 02 3013 2500 하루종일 꿀채광 학교가깝고 예쁘게관리된집,부동산뉴스공인중개사사무소,1,2026-10-06,2026-10-09,2026-10-10,,,1
2653643483,2653726198,godeok_lotte_castle_venezia,sale,220000,,707,중,84.92,111.26,빠른입주 로얄동 채광 조망 굿 풀옵 학군우수 커뮤니티 우수,고덕시온공인중개사사무소,5,2026-10-06,2026-10-09,2026-10-10,,,1
2653645156,2654385663,godeok_lotte_castle_venezia,sale,200000,,707,저,84.92,111.26,T 02 3013 2500 풀옵션 뉴인테리어 채광굿 사생활보호굿 강추,부동산뉴스공인중개사사무소,12,2026-10-06,2026-10-09,2026-10-10,,,1
2653656046,2654365282,godeok_lotte_castle_venezia,sale,210000,,702,중,84.14,112.34,34p 풀인테리어 로얄동 확트인 공원뷰 강동숲도서관 인접,고덕리더스부동산공인중개사사무소,6,2026-10-06,2026-10-09,2026-10-10,,,1
2653656687,2654475076,godeok_lotte_castle_venezia,sale,250000,,715,중,122.08,152.38,"46p 강추 트인뷰,풀옵션,넓은 드레스룸, 지하창고, 컨디션 굿",고덕리더스부동산공인중개사사무소,20,2026-10-06,2026-10-09,2026-10-10,,,1
2653656793,2653837173,godeok_lotte_castle_venezia,sale,210000,,707,고,84.92,111.26,34p 강추 정상입주 9호선 호재 한영중고 로얄동 층 예쁜 정원뷰,고덕리더스부동산공인중개사사무소,3,2026-10-06,2026-10-09,2026-10-10,,,1
2653656850,2654479767,godeok_lotte_castle_venezia,sale,190000,,713,중,84.92,111.26,34p 세안고 늦은입주 무주택자 26.12.31까지 로얄동 에3,고덕리더스부동산공인중개사사무소,40,2026-10-06,2026-10-09,2026-10-10,,,1
2653661177,2654475066,godeok_lotte_castle_venezia,sale,200000,,707,중,84.92,111.26,34p 로얄동 층 9호선호재 조망굿 트인뷰 세안고,고덕리더스부동산공인중개사사무소,24,2026-10-06,2026-10-09,2026-10-10,,,1
2653661794,2653416660,godeok_lotte_castle_venezia,sale,200000,,705,저,84.92,111.26,추천입주 l 예쁜숲뷰 l 시스템에어컨 l 9호선인접,노아공인중개사사무소,5,2026-10-06,2026-10-09,2026-10-10,,,1
2653678132,2653678132,godeok_lotte_castle_venezia,sale,210000,,720,중,84.92,111.26,"탁트인전망,정상입주매매,로얄동,에5,인덕션",단지내길공인중개사사무소,1,2026-10-06,2026-10-09,2026-10-10,,,1
2653681677,2654479756,godeok_lotte_castle_venezia,sale,185000,,716,중,59.98,83.39,"귀한매물,늦은입주가능,정남향,지하창고",단지내길공인중개사사무소,26,2026-10-06,2026-10-09,2026-10-10,,,1
2653685945,2654475063,godeok_lotte_castle_venezia,sale,210000,,704,고,84.14,112.34,"정상입주,탁트인숲뷰,시스템에어컨",단지내길공인중개사사무소,14,2026-10-06,2026-10-09,2026-10-10,,,1
2653686338,2654100877,godeok_lotte_castle_venezia,sale,205000,,711,고,84.14,112.34,"늦은입주가능,에5,중문",단지내길공인중개사사무소,37,2026-10-06,2026-10-09,2026-10-10,,,1
2653706461,2653706461,godeok_lotte_castle_venezia,sale,189500,,713,중,84.92,111.26,내부 풀옵션 학군과 생활편리인프라좋은 로얄단지,나이스공인중개사사무소,1,2026-10-06,2026-10-09,2026-10-10,,,1
2653726198,2653726198,godeok_lotte_castle_venezia,sale,220000,,707,중,84.92,111.26,"커뮤니티최고시설, 풀옵션, 학세권고일초5분거리, 정상입주",경성공인중개사사무소,5,2026-10-06,2026-10-09,2026-10-10,,,1
2653735774,2653735774,godeok_lotte_castle_venezia,sale,178000,,701,고,59.98,83.39,내부 컨디션 깨끗 채광 밝은집,롯데캐슬공인중개사사무소,1,2026-10-06,2026-10-09,2026-10-10,,,1
2653737981,2654479766,godeok_lotte_castle_venezia,sale,190000,,712,저,84.92,111.26,"커뮤니티최고시설, 풀에어컨,정상입주,지하창고",경성공인중개사사무소,29,2026-10-06,2026-10-09,2026-10-10,,,1
2653738328,2654385259,godeok_lotte_castle_venezia,sale,200000,,709,중,84.92,111.26,"커뮤니티최고시설, 풀옵션, 굿뷰, 정상입주",경성공인중개사사무소,4,2026-10-06,2026-10-09,2026-10-10,,,1
2653738596,2653738596,godeok_lotte_castle_venezia,sale,190000,,711,중,84.14,112.34,"커뮤니티최고시설, 시스템 에어컨, 중문, 학세권, 세끼고",경성공인중개사사무소,1,2026-10-06,2026-10-09,2026-10-10,,,1
2653741747,2654479767,godeok_lotte_castle_venezia,sale,190000,,713,중,84.92,111.26,"커뮤니티최고시설, 시스템에어컨, 학세권",경성공인중개사사무소,40,2026-10-06,2026-10-09,2026-10-10,,,1
2653761410,2654118259,godeok_lotte_castle_venezia,sale,197000,,702,저,84.14,112.34,개방감 좋은 환한뷰.전철역 도보권.초중품아.우수학군. 우수커뮤니티,키움공인중개사사무소,5,2026-10-06,2026-10-09,2026-10-10,,,1
2653777546,2654479756,godeok_lotte_castle_venezia,sale,185000,,716,중,59.98,83.39,"커뮤니티최고시설, 학세권, 시스템 에어컨",경성공인중개사사무소,26,2026-10-06,2026-10-09,2026-10-10,,,1
2653806590,2654100877,godeok_lotte_castle_venezia,sale,205000,,711,고,84.14,112.34,풀에어컨 미니발코니 트인뷰,고덕자이(441-0109)공인중개사사무소,37,2026-10-06,2026-10-09,2026-10-10,,,1
2653806935,2654479770,godeok_lotte_castle_venezia,sale,205000,,704,중,84.92,111.26,정남향밝은집 풀에어컨,고덕자이(441-0109)공인중개사사무소,27,2026-10-06,2026-10-09,2026-10-10,,,1
2653817393,2654475066,godeok_lotte_castle_venezia,sale,200000,,707,중,84.92,111.26,입주 일등매물 로얄동층 관리잘된 집,일등그라시움 부동산중개,24,2026-10-07,2026-10-09,2026-10-10,,,1
2653817406,2654475076,godeok_lotte_castle_venezia,sale,250000,,715,중,122.08,152.38,추천 l 대형평수 l 풀옵션 l 예쁜단지,노아공인중개사사무소,20,2026-10-07,2026-10-09,2026-10-10,,,1
2653817456,2654479767,godeok_lotte_castle_venezia,sale,190000,,713,중,84.92,111.26,세안고 일등매물 28년4월 늦은입주 가성비갑,고덕일등공인중개사사무소,40,2026-10-07,2026-10-09,2026-10-10,,,1
2653818649,2654479767,godeok_lotte_castle_venezia,sale,190000,,713,중,84.92,111.26,세안고매매 o 시스템에어컨 o 커뮤니티동,롯데공인중개사사무소,40,2026-10-07,2026-10-09,2026-10-10,,,1
2653837173,2653837173,godeok_lotte_castle_venezia,sale,210000,,707,고,84.92,111.26,금터. 34P 로얄동층 밝고 환한집 우수커뮤니티 주변 힐링공원 근접,고덕그라시움금터부동산공인중개사사무소,3,2026-10-07,2026-10-09,2026-10-10,,,1
2653863273,2654479756,godeok_lotte_castle_venezia,sale,185000,,716,중,59.98,83.39,,센트럴부자공인중개사사무소,26,2026-10-07,2026-10-09,2026-10-10,,,1
2653878708,2653878708,godeok_lotte_castle_venezia,jeonse,100000,,708,고,84.92,111.26,1월말 입주 명문중고교학군 트인뷰 좋은집입니다,대일공인중개사,1,2026-10-07,2026-10-09,2026-10-10,,,1
2653887808,2654479770,godeok_lotte_castle_venezia,sale,205000,,704,중,84.92,111.26,"추천, 입주 가능, 로얄동 층, 풀에어컨, 탁트인 숲뷰, 우수 커뮤니티",자이햇살공인중개사사무소,27,2026-10-07,2026-10-09,2026-10-10,,,1
2653888354,2654100877,godeok_lotte_castle_venezia,sale,205000,,711,20,84.14,112.34,"추천, 풀옵션, 지하철 가까운 동, 트인 환한 뷰, 우수 커뮤니티",자이햇살공인중개사사무소,37,2026-10-07,2026-10-09,2026-10-10,,,1
2653889824,2654479767,godeok_lotte_castle_venezia,sale,190000,,713,중,84.92,111.26,추천 세안고 9호선호재 명문학군지 시스템에어컨,고덕선경(428-3939)공인중개사사무소,40,2026-10-07,2026-10-09,2026-10-10,,,1
2653900267,2654479770,godeok_lotte_castle_venezia,sale,205000,,704,중,84.92,111.26,34. 로얄동 층. 숲뷰 . 남향. 판상형. 풀에어컨,고덕탑공인중개사사무소,27,2026-10-07,2026-10-09,2026-10-10,,,1
2653900366,2654479767,godeok_lotte_castle_venezia,sale,190000,,713,중,84.92,111.26,"34. 세안고 매매. 로얄동 층. 우수 커뮤니티시설, 시스템에어컨",고덕탑공인중개사사무소,40,2026-10-07,2026-10-09,2026-10-10,,,1
2653900770,2654100877,godeok_lotte_castle_venezia,sale,205000,,711,고,84.14,112.34,입주매매. 로얄동 층. 풀에어컨. 고층 환한 뷰,고덕탑공인중개사사무소,37,2026-10-07,2026-10-09,2026-10-10,,,1
2653900843,2653900843,godeok_lotte_castle_venezia,sale,183000,,701,저,59.98,83.39,"정남향, 아이 키우기 너무 좋은집, 입주협의. 추천매매",고덕탑공인중개사사무소,3,2026-10-07,2026-10-09,2026-10-10,,,1
2653910892,2654481559,godeok_lotte_castle_venezia,jeonse,110000,,708,저,84.14,112.34,,단지내행복그라시움공인중개사사무소,12,2026-10-07,2026-10-09,2026-10-10,,,1
2653911151,2653911151,godeok_lotte_castle_venezia,sale,250000,,715,중,122.08,152.38,풀옵션 트인 숲뷰 내부수납공간우수 입주추천,고덕무지개공인중개사사무소,1,2026-10-07,2026-10-09,2026-10-10,,,1
2653912658,2653912658,godeok_lotte_castle_venezia,sale,180000,,701,저,59.98,83.39,빠른입주도 가능 명문초중고교 숲속도서관 9호선역 근거리입니다,대일공인중개사,1,2026-10-07,2026-10-09,2026-10-10,,,1
2653916891,2654475063,godeok_lotte_castle_venezia,sale,210000,,704,고,84.14,112.34,탁트인뷰최상 로얄동층 채광좋은집 팬트리공간 시스템에어컨,고덕스카이공인중개사사무소,14,2026-10-07,2026-10-09,2026-10-10,,,1
2653925037,2653925037,godeok_lotte_castle_venezia,sale,185000,,704,저,84.92,111.26,,나이스공인중개사사무소,1,2026-10-07,2026-10-09,2026-10-10,,,1
2653927156,2654254120,godeok_lotte_castle_venezia,sale,200000,,714,저,84.92,111.26,34P 입주매물 편안한 조경부 상일동산 9호선.호재 세대창고,예스공인중개사사무소,24,2026-10-07,2026-10-09,2026-10-10,,,1
2653964125,2654475048,godeok_lotte_castle_venezia,sale,195000,,704,저,84.92,111.26,강.력.추.천 정남향 예쁜뷰 풀옵션 관리잘된세대,그라시움이레(481-4924)공인중개사사무소,6,2026-10-07,2026-10-09,2026-10-10,,,1
2653971932,2654254120,godeok_lotte_castle_venezia,sale,200000,,714,1,84.92,111.26,커뮤니티좋은단지 우수학군 판상형구조 지하세대창고 숲세권 아이키우기좋은집,부동산뉴스공인중개사사무소,24,2026-10-07,2026-10-09,2026-10-10,,,1
2653974668,2654479767,godeok_lotte_castle_venezia,sale,190000,,713,중,84.92,111.26,채광좋은 선호타입.시스템에어컨.중고등 바로.우수 커뮤니티.전철역 도보권,키움공인중개사사무소,40,2026-10-07,2026-10-09,2026-10-10,,,1
2653975354,2654479802,godeok_lotte_castle_venezia,sale,230000,,704,고,84.92,111.26,매매추천 풀에어컨 대단지 우수커뮤니티 학세권 편리한교통 세대창고,고덕대박(428-8600)공인중개사사무소,25,2026-10-07,2026-10-09,2026-10-10,,,1
2653975370,2654479767,godeok_lotte_castle_venezia,sale,190000,,713,중,84.92,111.26,세안고 갭매매 뻥뷰 로열동층 세대창고 학세권 편리한교통,고덕대박(428-8600)공인중개사사무소,40,2026-10-07,2026-10-09,2026-10-10,,,1
2653988080,2653988080,godeok_lotte_castle_venezia,sale,185000,,704,저,84.92,111.26,,나이스공인중개사사무소,1,2026-10-07,2026-10-09,2026-10-10,,,1
2654005339,2654479802,godeok_lotte_castle_venezia,sale,230000,,704,고,84.92,111.26,로얄동 탁트인뷰 에어컨풀 남향 세대창고,예스공인중개사사무소,25,2026-10-07,2026-10-09,2026-10-10,,,1
2654017215,2654017215,godeok_lotte_castle_venezia,wolse,20000,240,717,고,59.98,83.39,남향 1월입주 생활편리 명문초중고교근거리학군최고커뮤니티 장기거주가,대일공인중개사,1,2026-10-07,2026-10-09,2026-10-10,,,1
2654034037,2654479756,godeok_lotte_castle_venezia,sale,185000,,716,중,59.98,83.39,늦은입주 정남향,고덕자이(441-0109)공인중개사사무소,26,2026-10-07,2026-10-09,2026-10-10,,,1
2654013065,2654013065,godeok_lotte_castle_venezia,sale,200000,,714,중,84.14,112.34,34 고덕 대단지 아파트 더블역세권 학군우수 내부옵션최상,반포자이천일부동산중개사무소,1,2026-10-08,2026-10-09,2026-10-10,,,1
2654023570,2654481559,godeok_lotte_castle_venezia,jeonse,105000,,708,9,84.14,112.34,"숲 조망, 밝고 좋은 집입니다",알고파공인중개사사무소,12,2026-10-08,2026-10-09,2026-10-10,,,1
2654042846,2654479770,godeok_lotte_castle_venezia,sale,205000,,704,중,84.92,111.26,트인뷰. 정남향 o 에어컨풀 o 채광우수 o 집컨디션최상 o 우수학군,롯데공인중개사사무소,27,2026-10-08,2026-10-09,2026-10-10,,,1
2654088977,2654479770,godeok_lotte_castle_venezia,sale,205000,,704,중,84.92,111.26,"트인뷰,9호선 호재,에어컨 풀 .댜양한 커뮤니티,입주 정상.",센트럴부자공인중개사사무소,27,2026-10-08,2026-10-09,2026-10-10,,,1
2654097879,2654385663,godeok_lotte_castle_venezia,sale,200000,,707,저,84.92,111.26,예쁜 정원뷰. 풀에어컨. 조명등 관리 잘 된집. 명문 학군.정상입주,고덕햇살426-3336공인중개사사무소,12,2026-10-08,2026-10-09,2026-10-10,,,1
2654098631,2654475066,godeok_lotte_castle_venezia,sale,200000,,707,중,84.92,111.26,세안고. 지하철 가까운동. 시스템에어컨. 명문 학군. 우수 커뮤니티,고덕햇살426-3336공인중개사사무소,24,2026-10-08,2026-10-09,2026-10-10,,,1
2654099020,2654479756,godeok_lotte_castle_venezia,sale,185000,,716,중,59.98,83.39,추천.늦은 입주. 상가 지하철 가까운동. 채광 좋은 남향. 명문 학군,고덕햇살426-3336공인중개사사무소,26,2026-10-08,2026-10-09,2026-10-10,,,1
2654100185,2654479770,godeok_lotte_castle_venezia,sale,205000,,704,중,84.92,111.26,"채광 좋은 남향. 풀에어컨. 관리 잘 된 집. 명문 학군, 우수 커뮤니티",고덕햇살426-3336공인중개사사무소,27,2026-10-08,2026-10-09,2026-10-10,,,1
2654100877,2654100877,godeok_lotte_castle_venezia,sale,205000,,711,20,84.14,112.34,지하철 가까운동.넉넉한 수납공간.풀에어컨등 풀옵션. 명문학군,고덕햇살426-3336공인중개사사무소,37,2026-10-08,2026-10-09,2026-10-10,,,1
2654102901,2654479767,godeok_lotte_castle_venezia,sale,190000,,713,중,84.92,111.26,시스템에어컨 세안고 학군수혜 9호선 이용 편리 보훈병원역,고덕그라시움공인중개사사무소,40,2026-10-08,2026-10-09,2026-10-10,,,1
2654106382,2654100877,godeok_lotte_castle_venezia,sale,207000,,711,고,84.14,112.34,풀옵션 로얄동 로얄층 넓은팬트리 커뮤니티최적,고덕그라시움공인중개사사무소,37,2026-10-08,2026-10-09,2026-10-10,,,1
2654107547,2654475066,godeok_lotte_castle_venezia,sale,200000,,707,중,84.92,111.26,시스템에어컨 로얄 세안고 커뮤니티 최적 학군수요 수혜,고덕그라시움공인중개사사무소,24,2026-10-08,2026-10-09,2026-10-10,,,1
2654112627,2654479756,godeok_lotte_castle_venezia,sale,185000,,716,중,59.98,83.39,남향 명문학군 시스템에어컨 우수커무니티 세대창고,파크자이(428-4270)공인중개사사무소,26,2026-10-08,2026-10-09,2026-10-10,,,1
2654114009,2654114009,godeok_lotte_castle_venezia,jeonse,98000,,708,저,84.14,112.34,"풀옵션, 숲조망, 커뮤니티이용편리, 융무",고덕숲공인중개사무소,2,2026-10-08,2026-10-09,2026-10-10,,,1
2654114679,2654481559,godeok_lotte_castle_venezia,jeonse,110000,,708,저,84.14,112.34,풀옵션. 시원한 숲뷰. 명문 학군. 우수 커뮤니티,고덕햇살426-3336공인중개사사무소,12,2026-10-08,2026-10-09,2026-10-10,,,1
2654118259,2654118259,godeok_lotte_castle_venezia,sale,197000,,702,저,84.14,112.34,입주 o 4계절예쁜숲뷰 o 에어컨풀 o 접근성좋은집,롯데공인중개사사무소,5,2026-10-08,2026-10-09,2026-10-10,,,1
2654119409,2654475309,godeok_lotte_castle_venezia,wolse,42000,160,701,고,59.98,83.39,융자없음 o 에어컨4대 o 내부컨디션최상 o 우수학군 o 세대창고,롯데공인중개사사무소,11,2026-10-08,2026-10-09,2026-10-10,,,1
2654119523,2654479756,godeok_lotte_castle_venezia,sale,185000,,716,중,59.98,83.39,시스템에어컨 늦은 입주 로얄동 커뮤니티 최적 선호 학군수혜,고덕그라시움공인중개사사무소,26,2026-10-08,2026-10-09,2026-10-10,,,1
2654121775,2654469584,godeok_lotte_castle_venezia,sale,212000,,709,고,84.92,111.26,막힘없는로얄뷰 o 에어컨풀 o 커뮤니티인접 o 입주협의 o 우수학군,롯데공인중개사사무소,4,2026-10-08,2026-10-09,2026-10-10,,,1
2654122550,2654100877,godeok_lotte_castle_venezia,sale,205000,,711,고,84.14,112.34,입주 o 양창트인뷰 o 에어컨5대 o 접근성좋은동 o 오픈발코니,롯데공인중개사사무소,37,2026-10-08,2026-10-09,2026-10-10,,,1
2654136887,2654136887,godeok_lotte_castle_venezia,sale,250000,,715,중,122.08,152.38,풀에어컨 조망좋음 입주가능한 대형 평형,대상공인중개사사무소(427-0001),1,2026-10-08,2026-10-09,2026-10-10,,,1
2654137992,2654475063,godeok_lotte_castle_venezia,sale,210000,,704,고,84.14,112.34,풀에어컨 중문 조망좋음,대상공인중개사사무소(427-0001),14,2026-10-08,2026-10-09,2026-10-10,,,1
2654138268,2654475076,godeok_lotte_castle_venezia,sale,250000,,715,중,122.08,152.38,에어컨3대 중문 인덕션 팬트리서재로 안방붙박이장 조망뷰 입주가능,대상공인중개사사무소(427-0001),20,2026-10-08,2026-10-09,2026-10-10,,,1
2654138691,2654479802,godeok_lotte_castle_venezia,sale,230000,,704,고,84.92,111.26,풀에어컨 고덕산 조망이 최고입니다 세대창고 커뮤니티,대상공인중개사사무소(427-0001),25,2026-10-08,2026-10-09,2026-10-10,,,1
2654141774,2654479766,godeok_lotte_castle_venezia,sale,190000,,712,저,84.92,111.26,"정상입주, 에어컨풀, 트인 뷰, 집상태 굿",고덕현대공인중개사사무소,29,2026-10-08,2026-10-09,2026-10-10,,,1
2654145789,2654100877,godeok_lotte_castle_venezia,sale,205000,,711,고,84.14,112.34,풀옵션 풀에어컨,대상공인중개사사무소(427-0001),37,2026-10-08,2026-10-09,2026-10-10,,,1
2654146845,2654479766,godeok_lotte_castle_venezia,sale,190000,,712,저,84.92,111.26,풀에어컨 지하세대창고,대상공인중개사사무소(427-0001),29,2026-10-08,2026-10-09,2026-10-10,,,1
2654147254,2654475066,godeok_lotte_castle_venezia,sale,200000,,707,중,84.92,111.26,입주 에어컨 세대창고 커뮤니티,대상공인중개사사무소(427-0001),24,2026-10-08,2026-10-09,2026-10-10,,,1
2654147624,2654479767,godeok_lotte_castle_venezia,sale,190000,,713,중,84.92,111.26,에어컨3대 지하세대창고,대상공인중개사사무소(427-0001),40,2026-10-08,2026-10-09,2026-10-10,,,1
2654148143,2654479770,godeok_lotte_castle_venezia,sale,205000,,704,중,84.92,111.26,입주가능 로얄동 남향 채광 조망 아주 좋음 지하세대창고,대상공인중개사사무소(427-0001),27,2026-10-08,2026-10-09,2026-10-10,,,1
2654148898,2654385663,godeok_lotte_castle_venezia,sale,200000,,707,저,84.92,111.26,입주 o 에어컨풀 o 해잘들고 정원뷰예쁜집 o 선호하는 앞동 o 우수학군,롯데공인중개사사무소,12,2026-10-08,2026-10-09,2026-10-10,,,1
2654156098,2654479756,godeok_lotte_castle_venezia,sale,185000,,716,중,59.98,83.39,시스템에어컨 정남향 커뮤니티우수 지하세대창고,대상공인중개사사무소(427-0001),26,2026-10-08,2026-10-09,2026-10-10,,,1
2654162327,2654481559,godeok_lotte_castle_venezia,jeonse,110000,,708,저,84.14,112.34,추천. 채광좋은 트인뷰.풀에어컨.중고등 바로. 우수 커뮤니티,키움공인중개사사무소,12,2026-10-08,2026-10-09,2026-10-10,,,1
2654198200,2654479767,godeok_lotte_castle_venezia,sale,190000,,713,중,84.92,111.26,STAR추천 세안고 시스템에어컨 세대창고 28년초입주,고덕스타공인중개사사무소,40,2026-10-08,2026-10-09,2026-10-10,,,1
2654198748,2654365282,godeok_lotte_castle_venezia,sale,197000,,702,중,84.14,112.34,강.추.풀에어컨.숲세권 풀뷰.컨디션갑.개별창고.학세권. 숲속도서관인접.,골드공인중개사사무소,6,2026-10-08,2026-10-09,2026-10-10,,,1
2654221047,2654479802,godeok_lotte_castle_venezia,sale,230000,,704,고,84.92,111.26,"올확장,시스템에어컨,대단지신축아파트 ,편의시설근접 입주매물",고덕거성공인중개사사무소,25,2026-10-08,2026-10-09,2026-10-10,,,1
2654225782,2654225782,godeok_lotte_castle_venezia,wolse,10000,280,701,저,59.98,83.39,"손님만전화주세요,커뮤니티최고시설,풀옵션,학세권고일초5분거리",경성공인중개사사무소,1,2026-10-08,2026-10-09,2026-10-10,,,1
2654228332,2654479756,godeok_lotte_castle_venezia,sale,185000,,716,중,59.98,83.39,입주 고일초 상가 근거리 좋은집입니다,대일공인중개사사무소,26,2026-10-08,2026-10-09,2026-10-10,,,1
2654240321,2654479766,godeok_lotte_castle_venezia,sale,190000,,712,저,84.92,111.26,중앙라인 확트인 개방감좋은뷰.풀에어컨.중등학교 인접,키움공인중개사사무소,29,2026-10-08,2026-10-09,2026-10-10,,,1
2654246595,2654475066,godeok_lotte_castle_venezia,sale,200000,,707,중,84.92,111.26,채광좋은 트인뷰.시스템에어컨.전철 상가 이용편리.우수학군.우수 커뮤니티,키움공인중개사사무소,24,2026-10-08,2026-10-09,2026-10-10,,,1
2654246885,2654479770,godeok_lotte_castle_venezia,sale,205000,,704,중,84.92,111.26,로얄동층.확트인 숲뷰.정남향.우수학군.우수커뮤니티,키움공인중개사사무소,27,2026-10-08,2026-10-09,2026-10-10,,,1
2654254120,2654254120,godeok_lotte_castle_venezia,sale,200000,,714,1,84.92,111.26,숲뷰 조용하고 밝은집,고덕자이(441-0109)공인중개사사무소,24,2026-10-08,2026-10-09,2026-10-10,,,1
2654257776,2654481559,godeok_lotte_castle_venezia,jeonse,110000,,708,저,84.14,112.34,강.추.풀 옵션. 탁.트인뷰가 예쁜 수납공간 많고 살림하기 좋은.편안함.,골드공인중개사사무소,12,2026-10-08,2026-10-09,2026-10-10,,,1
2654263784,2654254120,godeok_lotte_castle_venezia,sale,200000,,714,저,84.92,111.26,상일동산뷰 채광좋은로얄동 판상형 커뮤니티우수 주거환경쾌적,고덕스카이공인중개사사무소,24,2026-10-08,2026-10-09,2026-10-10,,,1
2654266914,2654266914,godeok_lotte_castle_venezia,sale,210000,,714,중,84.14,112.34,강추. 한눈에 탁.트인뷰.숲세권 초록뷰. 만족도 높은커뮤니티.학세권.,골드공인중개사사무소,5,2026-10-08,2026-10-09,2026-10-10,,,1
2654272930,2654100877,godeok_lotte_castle_venezia,sale,205000,,711,고,84.14,112.34,"전면이 트인 영구숲세권 뷰,에어컨풀 ,계절 창고,다양한 커뮤니티,하시입주",센트럴부자공인중개사사무소,37,2026-10-08,2026-10-09,2026-10-10,,,1
2654276240,2654276240,godeok_lotte_castle_venezia,sale,249000,,715,고,122.08,152.38,탁 트인뷰 컨디션 최상 풀옵션,롯데공인중개사무소,1,2026-10-08,2026-10-09,2026-10-10,,,1
2654278850,2654278850,godeok_lotte_castle_venezia,jeonse,100000,,708,저,84.14,112.34,"커뮤니티최고시설,풀옵션,학세권고일초5분거리,정상입주",경성공인중개사사무소,1,2026-10-08,2026-10-09,2026-10-10,,,1
2654279370,2654479770,godeok_lotte_castle_venezia,sale,205000,,704,중,84.92,111.26,독일추천. 주인거주 관리 최상. 정남향. 트인뷰. 숲세권 쾌적한 아파트.,고덕독일489-4100공인중개사사무소,27,2026-10-08,2026-10-09,2026-10-10,,,1
2654344246,2654481559,godeok_lotte_castle_venezia,jeonse,110000,,708,저,84.14,112.34,풀시스템에어컨 I 타워형 양창 I 엘리베이터 2대,노아공인중개사사무소,12,2026-10-09,2026-10-09,2026-10-10,2026-10-10,105000,1
2654345794,2654479767,godeok_lotte_castle_venezia,sale,190000,,713,중,84.92,111.26,세안고매매 o 시스템에어컨 o 커뮤니티동,롯데공인중개사사무소,40,2026-10-09,2026-10-09,2026-10-10,,,1
2654346078,2654479770,godeok_lotte_castle_venezia,sale,205000,,704,중,84.92,111.26,트인뷰. 정남향 o 에어컨풀 o 채광우수 o 집컨디션최상 o 우수학군,롯데공인중개사사무소,27,2026-10-09,2026-10-09,2026-10-10,,,1
2654346427,2654479756,godeok_lotte_castle_venezia,sale,185000,,716,중,59.98,83.39,입주 I 시스템에어컨 I 정남향,노아공인중개사사무소,26,2026-10-09,2026-10-09,2026-10-10,,,1
2654346434,2654479770,godeok_lotte_castle_venezia,sale,205000,,704,중,84.92,111.26,추천 l 상일동산뷰 l 풀에어컨 l 명품커뮤니티,노아공인중개사사무소,27,2026-10-09,2026-10-09,2026-10-10,,,1
2654346436,2654479767,godeok_lotte_castle_venezia,sale,190000,,713,중,84.92,111.26,추천.세안고 l 예쁜단지 l 시스템에어컨 l 우수학군,노아공인중개사사무소,40,2026-10-09,2026-10-09,2026-10-10,,,1
2654346445,2654479766,godeok_lotte_castle_venezia,sale,190000,,712,저,84.92,111.26,풀시스템에어컨 I 넓은동간격 I 트인뷰 I 하시입주,노아공인중개사사무소,29,2026-10-09,2026-10-09,2026-10-10,,,1
2654346482,2654479802,godeok_lotte_castle_venezia,sale,230000,,704,고,84.92,111.26,풀시스템에어컨 I 상일동산뷰 I 전망채광통풍굿 I 로얄동,노아공인중개사사무소,25,2026-10-09,2026-10-09,2026-10-10,,,1
2654348684,2654475309,godeok_lotte_castle_venezia,wolse,42000,160,701,고,59.98,83.39,빠른입주가능 집상태좋아요 밝고 따뜻한집 시스템에어컨4 선호구조,사랑부동산공인중개사사무소,11,2026-10-09,2026-10-09,2026-10-10,,,1
2654348693,2654479766,godeok_lotte_castle_venezia,sale,190000,,712,저,84.92,111.26,사계절예쁜뷰. 밝고 따뜻한집 시스템에어컨풀 선호구조 명품커뮤니티,사랑부동산공인중개사사무소,29,2026-10-09,2026-10-09,2026-10-10,,,1
2654348696,2654479767,godeok_lotte_castle_venezia,sale,190000,,713,중,84.92,111.26,세안고 밝고 따뜻한 집 선호 구조 커뮤니티 우수 학군우수,사랑부동산공인중개사사무소,40,2026-10-09,2026-10-09,2026-10-10,,,1
2654365282,2654365282,godeok_lotte_castle_venezia,sale,197000,,702,중,84.14,112.34,사계절탁트인동산뷰최고 채광좋은로얄동층 풀에어컨 팬트리여유공간,고덕스카이공인중개사사무소,6,2026-10-09,2026-10-09,2026-10-10,,,1
2654365292,2654385259,godeok_lotte_castle_venezia,sale,200000,,709,중,84.92,111.26,추천입주 탁트인조망권최고 채광좋은로얄동층 풀에어컨 판상형,고덕스카이공인중개사사무소,4,2026-10-09,2026-10-09,2026-10-10,,,1
2654365863,2654481559,godeok_lotte_castle_venezia,jeonse,110000,,708,저,84.14,112.34,추천급전세 동산뷰좋음 로얄동층 풀에어컨 팬트리공간넓음,고덕스카이공인중개사사무소,12,2026-10-09,2026-10-09,2026-10-10,2026-10-10,105000,1
2654366439,2654479756,godeok_lotte_castle_venezia,sale,185000,,716,중,59.98,83.39,로얄동층 시스템에어컨 정남향 커뮤니티우수 늦은입주,고덕스카이공인중개사사무소,26,2026-10-09,2026-10-09,2026-10-10,,,1
2654366461,2654475309,godeok_lotte_castle_venezia,wolse,42000,160,701,고,59.98,83.39,추천급월세 로얄동층 채광좋은집 풀에어컨 판상형,고덕스카이공인중개사사무소,11,2026-10-09,2026-10-09,2026-10-10,,,1
2654367996,2654479767,godeok_lotte_castle_venezia,sale,190000,,713,중,84.92,111.26,갭투매매 로얄동층 시스템에어컨 판상형 커뮤니티우수,고덕스카이공인중개사사무소,40,2026-10-09,2026-10-09,2026-10-10,,,1
2654368268,2654475066,godeok_lotte_castle_venezia,sale,200000,,707,중,84.92,111.26,세안고매매 로얄동층 시스템에어컨 판상형 커뮤니티우수,고덕스카이공인중개사사무소,24,2026-10-09,2026-10-09,2026-10-10,,,1
2654369178,2654479766,godeok_lotte_castle_venezia,sale,190000,,712,저,84.92,111.26,바로계약가능 입주일 맞춰드려요 집보여드림 풀에어컨 조용한 단지뷰 컨디션굿,미르(426-1120)공인중개사사무소,29,2026-10-09,2026-10-09,2026-10-10,,,1
2654369186,2654479766,godeok_lotte_castle_venezia,sale,190000,,712,저,84.92,111.26,강추입주급매 트윈뷰 풀시스템에어컨 커뮤니티우수 하시입주,고덕스카이공인중개사사무소,29,2026-10-09,2026-10-09,2026-10-10,,,1
2654369287,2654479770,godeok_lotte_castle_venezia,sale,205000,,704,중,84.92,111.26,입주급매 탁트인공원뷰 로얄동층 채광좋은정남향 풀에어컨,고덕스카이공인중개사사무소,27,2026-10-09,2026-10-09,2026-10-10,,,1
2654375953,2654475309,godeok_lotte_castle_venezia,wolse,42000,160,701,고,59.98,83.39,"정남향의 채광좋은 집, 풀시스템에어컨,집상태최상,11월12월입주가능",단지내이레(443-6606)공인중개사사무소,11,2026-10-09,2026-10-09,2026-10-10,,,1
2654378738,2654475076,godeok_lotte_castle_venezia,sale,250000,,715,중,122.08,152.38,"추천, 귀한 대형평수, 탁트인 파노라마 뷰, 풀옵션, 우수 커뮤니티",자이햇살공인중개사사무소,20,2026-10-09,2026-10-09,2026-10-10,,,1
2654383029,2654479767,godeok_lotte_castle_venezia,sale,190000,,713,중,84.92,111.26,"세안고 매매, 확트인뷰,조합원옵션,늦은 입주",단지내이레(443-6606)공인중개사사무소,40,2026-10-09,2026-10-10,2026-10-10,,,1
2654384219,2654479766,godeok_lotte_castle_venezia,sale,190000,,712,저,84.92,111.26,"하시입주가능,풀옵션,아이키우기 좋은 집",단지내이레(443-6606)공인중개사사무소,29,2026-10-09,2026-10-10,2026-10-10,,,1
2654385259,2654385259,godeok_lotte_castle_venezia,sale,200000,,709,중,84.92,111.26,"추천, 풀옵션, 탁트인 숲뷰, 우수 커뮤니티, 학군 좋음",자이햇살공인중개사사무소,4,2026-10-09,2026-10-10,2026-10-10,,,1
2654385284,2654385284,godeok_lotte_castle_venezia,sale,178000,,701,고,59.98,83.39,입주 채광좋은 남향 지하철 가까운동 시스템에어컨 숲속도서관 선호학군,고덕그라시움공인중개사사무소,2,2026-10-09,2026-10-10,2026-10-10,,,1
2654385597,2654475048,godeok_lotte_castle_venezia,sale,195000,,704,저,84.92,111.26,"추천, 정남향 밝은 집, 풀옵션, 예쁜 정원 뷰, 우수 커뮤니티",자이햇살공인중개사사무소,6,2026-10-09,2026-10-10,2026-10-10,,,1
2654385663,2654385663,godeok_lotte_castle_venezia,sale,200000,,707,저,84.92,111.26,"추천, 입주 매매, 풀옵션, 예쁜 정원뷰, 우수 커뮤니티, 관리 잘된 집",자이햇살공인중개사사무소,12,2026-10-09,2026-10-10,2026-10-10,,,1
2654386014,2654475066,godeok_lotte_castle_venezia,sale,200000,,707,중,84.92,111.26,"지하철 가까운 동, 명품 커뮤니티, 우수 학군, 트인 환한 뷰",자이햇살공인중개사사무소,24,2026-10-09,2026-10-10,2026-10-10,,,1
2654386394,2654479767,godeok_lotte_castle_venezia,sale,190000,,713,중,84.92,111.26,"추천, 세안고 매매, 트인 환한 뷰, 우수 커뮤니티",자이햇살공인중개사사무소,40,2026-10-09,2026-10-10,2026-10-10,,,1
2654386474,2654479756,godeok_lotte_castle_venezia,sale,185000,,716,중,59.98,83.39,"추천, 지하철 가까운 동, 정남향 밝은 집, 입주 매매, 우수 커뮤니티",자이햇살공인중개사사무소,26,2026-10-09,2026-10-10,2026-10-10,,,1
2654397467,2654481559,godeok_lotte_castle_venezia,jeonse,110000,,708,저,84.14,112.34,"에풀 중문 김냉, 세대지하창고, 커뮤이용편리, 학군우수",고덕굿모닝(437-6009)공인중개사사무소,12,2026-10-09,2026-10-10,2026-10-10,,,1
2654397840,2654479756,godeok_lotte_castle_venezia,sale,185000,,716,중,59.98,83.39,밝고환한예쁜집 27년1월입주협의,부동산앤코공인중개사사무소,26,2026-10-09,2026-10-10,2026-10-10,,,1
2654401201,2654479767,godeok_lotte_castle_venezia,sale,190000,,713,중,84.92,111.26,"로얄동, 우수학군, 커뮤니티시설우수, 세안고, 지하세대창고",고덕굿모닝(437-6009)공인중개사사무소,40,2026-10-09,2026-10-10,2026-10-10,,,1
2654402932,2654254120,godeok_lotte_castle_venezia,sale,200000,,714,저,84.92,111.26,,고덕강남부동산공인중개사사무소,24,2026-10-09,2026-10-10,2026-10-10,,,1
2654402990,2654479766,godeok_lotte_castle_venezia,sale,190000,,712,저,84.92,111.26,"입주급매, 집너무깨끗함, 에풀, 세대창고, 커뮤니티시설우수, 학군우수",고덕굿모닝(437-6009)공인중개사사무소,29,2026-10-09,2026-10-10,2026-10-10,,,1
2654426823,2654475309,godeok_lotte_castle_venezia,wolse,42000,160,701,고,59.98,83.39,"정남향,빠른입주가능,풀에어컨,지하창고",단지내길공인중개사사무소,11,2026-10-09,2026-10-10,2026-10-10,,,1
2654428869,2654481559,godeok_lotte_castle_venezia,jeonse,110000,,708,저,84.14,112.34,"관리잘된집,융무,지하창고,커뮤니티이용편리동",단지내길공인중개사사무소,12,2026-10-09,2026-10-10,2026-10-10,,,1
2654443739,2654481559,godeok_lotte_castle_venezia,jeonse,110000,,708,저,84.14,112.34,풀에어컨 커뮤니트이용 편리한동,고덕자이(441-0109)공인중개사사무소,12,2026-10-09,2026-10-10,2026-10-10,,,1
2654448701,2654448701,godeok_lotte_castle_venezia,jeonse,98000,,712,저,84.92,111.26,"조망 좋은 귀한 전세, 옵션 양호",고덕명품공인중개사사무소,1,2026-10-09,2026-10-10,2026-10-10,,,1
2654449813,2654481559,godeok_lotte_castle_venezia,jeonse,110000,,708,저,84.14,112.34,풀에어컨 중문 세대지하창고 커뮤이용편리,대상공인중개사사무소(427-0001),12,2026-10-09,2026-10-10,2026-10-10,,,1
2654451507,2654475066,godeok_lotte_castle_venezia,sale,200000,,707,중,84.92,111.26,"세안고,중앙동,풀에,예쁜정원뷰,풀옵션,학군좋은단지,활용좋은커뮤니티",상일설연부동산중개,24,2026-10-09,2026-10-10,2026-10-10,,,1
2654460299,2654100877,godeok_lotte_castle_venezia,sale,205000,,711,고,84.14,112.34,추천선호동 주출입구가까움 채광 통풍굿 넓은주차 커뮤니티좋음.,고덕설연공인중개사사무소,37,2026-10-09,2026-10-10,2026-10-10,,,1
2654460303,2654479766,godeok_lotte_castle_venezia,sale,190000,,712,저,84.92,111.26,추천동 커뮤니티이용좋은동 관리되어 깨끗함 햇빛좋음.,고덕설연공인중개사사무소,29,2026-10-09,2026-10-10,2026-10-10,,,1
2654460307,2654479767,godeok_lotte_castle_venezia,sale,190000,,713,중,84.92,111.26,"세안고,채광우수,주차공간 세대창고 넓음,활용좋은커뮤니티.",고덕설연공인중개사사무소,40,2026-10-09,2026-10-10,2026-10-10,,,1
2654460507,2654475066,godeok_lotte_castle_venezia,sale,200000,,707,중,84.92,111.26,위치좋은동 채광 통풍좋음 대중교통 이용편리 세대창고 넓음.,고덕설연공인중개사사무소,24,2026-10-09,2026-10-10,2026-10-10,,,1
2654460555,2654475076,godeok_lotte_castle_venezia,sale,250000,,715,중,122.08,152.38,"입주협의,시원한공원뷰,풀에,풀옵션,채광 통풍좋음,활용좋은커뮤니티.",고덕설연공인중개사사무소,20,2026-10-09,2026-10-10,2026-10-10,,,1
2654460628,2654479770,godeok_lotte_castle_venezia,sale,205000,,704,중,84.92,111.26,정남향 채광 통풍좋음 대중교통 이용편리 활용좋은커뮤니티.,고덕설연공인중개사사무소,27,2026-10-09,2026-10-10,2026-10-10,,,1
2654465111,2654465111,godeok_lotte_castle_venezia,sale,210000,,712,고,84.92,111.26,로얄동층 o 시스템에어컨.중문 o 넓은동간격 o 커뮤니티인접,롯데공인중개사사무소,1,2026-10-09,2026-10-10,2026-10-10,,,1
2654469584,2654469584,godeok_lotte_castle_venezia,sale,212000,,709,고,84.92,111.26,입주 숲세권조경 시그니처뷰 종일채광,부동산앤코공인중개사사무소,4,2026-10-09,2026-10-10,2026-10-10,,,1
2654472680,2654479766,godeok_lotte_castle_venezia,sale,190000,,712,저,84.92,111.26,추천입주매물 풀에어컨 트인뷰,고덕자이(441-0109)공인중개사사무소,29,2026-10-09,2026-10-10,2026-10-10,,,1
2654475048,2654475048,godeok_lotte_castle_venezia,sale,195000,,704,저,84.92,111.26,예쁜정원뷰 밝고따뜻한 집 입주조율가 시스템에어컨풀 옵션좋아요,사랑부동산공인중개사사무소,6,2026-10-10,2026-10-10,2026-10-10,,,1
2654475050,2654479770,godeok_lotte_castle_venezia,sale,205000,,704,중,84.92,111.26,공원뷰. 밝고 따뜻한 집 선호 구조 커뮤니티 우수 학군우수,사랑부동산공인중개사사무소,27,2026-10-10,2026-10-10,2026-10-10,,,1
2654475063,2654475063,godeok_lotte_castle_venezia,sale,210000,,704,고,84.14,112.34,공원뷰. 밝고 따뜻한 집 선호 구조 커뮤니티 우수 학군우수,사랑부동산공인중개사사무소,14,2026-10-10,2026-10-10,2026-10-10,,,1
2654475066,2654475066,godeok_lotte_castle_venezia,sale,200000,,707,중,84.92,111.26,세안고 밝고 따뜻한 집 선호 구조 커뮤니티 우수 학군우수,사랑부동산공인중개사사무소,24,2026-10-10,2026-10-10,2026-10-10,,,1
2654475067,2654100877,godeok_lotte_castle_venezia,sale,205000,,711,고,84.14,112.34,늦은입주 밝고 따뜻한 집 선호구조 커뮤니티 우수 학군우수,사랑부동산공인중개사사무소,37,2026-10-10,2026-10-10,2026-10-10,,,1
2654475076,2654475076,godeok_lotte_castle_venezia,sale,250000,,715,중,122.08,152.38,방4. 넓은드레스룸 뻥뚫린뷰 밝고 따뜻한 집 시스템 에어컨,사랑부동산공인중개사사무소,20,2026-10-10,2026-10-10,2026-10-10,,,1
2654475081,2654479756,godeok_lotte_castle_venezia,sale,185000,,716,중,59.98,83.39,늦은입주가능 밝고 따뜻한집 시스템에어컨 선호구조 명품커뮤니티,사랑부동산공인중개사사무소,26,2026-10-10,2026-10-10,2026-10-10,,,1
2654475309,2654475309,godeok_lotte_castle_venezia,wolse,42000,160,701,고,59.98,83.39,빠른입주가능 집상태좋아요 밝고 따뜻한집 시스템에어컨4 선호구조,고덕그라시움사랑부동산중개,11,2026-10-10,2026-10-10,2026-10-10,,,1
2654475310,2654479767,godeok_lotte_castle_venezia,sale,190000,,713,중,84.92,111.26,세안고 밝고 따뜻한 집 선호 구조 커뮤니티 우수 학군우수,고덕그라시움사랑부동산중개,40,2026-10-10,2026-10-10,2026-10-10,,,1
2654475312,2654479766,godeok_lotte_castle_venezia,sale,190000,,712,저,84.92,111.26,사계절예쁜뷰. 밝고 따뜻한집 시스템에어컨풀 선호구조 명품커뮤니티,고덕그라시움사랑부동산중개,29,2026-10-10,2026-10-10,2026-10-10,,,1
2654479756,2654479756,godeok_lotte_castle_venezia,sale,185000,,716,중,59.98,83.39,입주 I 시스템에어컨 I 정남향,노아공인중개사사무소,26,2026-10-10,2026-10-10,2026-10-10,,,1
2654479766,2654479766,godeok_lotte_castle_venezia,sale,190000,,712,저,84.92,111.26,풀시스템에어컨 I 넓은동간격 I 트인뷰 I 하시입주,노아공인중개사사무소,29,2026-10-10,2026-10-10,2026-10-10,,,1
2654479767,2654479767,godeok_lotte_castle_venezia,sale,190000,,713,중,84.92,111.26,추천.세안고 l 예쁜단지 l 시스템에어컨 l 우수학군,노아공인중개사사무소,40,2026-10-10,2026-10-10,2026-10-10,,,1
2654479770,2654479770,godeok_lotte_castle_venezia,sale,205000,,704,중,84.92,111.26,추천 l 상일동산뷰 l 풀에어컨 l 명품커뮤니티,노아공인중개사사무소,27,2026-10-10,2026-10-10,2026-10-10,,,1
2654479802,2654479802,godeok_lotte_castle_venezia,sale,230000,,704,고,84.92,111.26,풀시스템에어컨 I 상일동산뷰 I 전망채광통풍굿 I 로얄동,노아공인중개사사무소,25,2026-10-10,2026-10-10,2026-10-10,,,1
2654481559,2654481559,godeok_lotte_castle_venezia,jeonse,110000,,708,저,84.14,112.34,풀시스템에어컨 I 타워형 양창 I 엘리베이터 2대,노아공인중개사사무소,12,2026-10-10,2026-10-10,2026-10-10,,,1
2648617820,2648617820,godeok_lotte_castle_venezia,sale,190000,,709,중,84.14,112.34,고덕숲뷰 최고입니다,스마트그라시움공인중개사사무소,1,2026-09-09,2026-10-09,2026-10-09,,,0
2648628429,2654367996,godeok_lotte_castle_venezia,sale,190000,,713,중,84.92,111.26,급매.전세안고매매.주변환경굿.초중고학군지.근린공원인접.9호선호재,고덕베네루체공인중개사사무소,41,2026-09-09,2026-10-09,2026-10-09,,,0
2648683306,2652348504,godeok_lotte_castle_venezia,sale,195000,,713,중,84.92,111.26,"세안고 매매, 늦은 입주가능, 풀옵션의 최상급집입니다",단지내이레(443-6606)공인중개사사무소,2,2026-09-09,2026-10-09,2026-10-09,,,0
2648716171,2654137992,godeok_lotte_castle_venezia,sale,210000,,704,고,84.14,112.34,입주매매 숲전망최고 우수한학군,채운공인중개사사무소,15,2026-09-09,2026-10-09,2026-10-09,,,0
2648741542,2648741542,godeok_lotte_castle_venezia,sale,195000,,702,중,84.14,112.34,"커뮤니티최고시설,학세권,숲세권,숲속도서관3분거리,",경성공인중개사사무소,1,2026-09-09,2026-10-09,2026-10-09,,,0
2649425413,2654100877,godeok_lotte_castle_venezia,sale,205000,,711,고,84.14,112.34,추천선호동 주출입구가까움 채광 통풍굿 넓은주차 커뮤니티좋음.,고덕설연공인중개사사무소,37,2026-09-12,2026-10-09,2026-10-09,,,0
2649699403,2654368268,godeok_lotte_castle_venezia,sale,200000,,707,중,84.92,111.26,"세안고,중앙동,풀에,예쁜정원뷰,풀옵션,학군좋은단지,활용좋은커뮤니티",상일설연부동산중개,24,2026-09-14,2026-10-09,2026-10-09,,,0
2652027505,2654366439,godeok_lotte_castle_venezia,sale,185000,,716,중,59.98,83.39,입주협의 상가이용편리 정남향 공기좋은주거단지 커뮤니티굿,고덕설연공인중개사사무소,27,2026-09-28,2026-10-09,2026-10-09,,,0
2652027989,2654369186,godeok_lotte_castle_venezia,sale,190000,,712,저,84.92,111.26,추천동 커뮤니티이용좋은동 관리되어 깨끗함 햇빛좋음.,고덕설연공인중개사사무소,29,2026-09-28,2026-10-09,2026-10-09,,,0
2652028422,2654367996,godeok_lotte_castle_venezia,sale,190000,,713,중,84.92,111.26,"세안고,채광우수,주차공간 세대창고 넓음,활용좋은커뮤니티.",고덕설연공인중개사사무소,41,2026-09-28,2026-10-09,2026-10-09,,,0
2652037940,2654378738,godeok_lotte_castle_venezia,sale,250000,,715,중,122.08,152.38,"입주협의,시원한공원뷰,풀에,풀옵션,채광 통풍좋음,활용좋은커뮤니티.",고덕설연공인중개사사무소,20,2026-09-28,2026-10-09,2026-10-09,,,0
2652042882,2654369287,godeok_lotte_castle_venezia,sale,205000,,704,중,84.92,111.26,정남향 채광 통풍좋음 대중교통 이용편리 활용좋은커뮤니티.,고덕설연공인중개사사무소,27,2026-09-28,2026-10-09,2026-10-09,,,0
2652343016,2652343016,godeok_lotte_castle_venezia,wolse,50000,150,718,중,84.92,111.26,"손님만전화주세요 커뮤니티최고시설,풀옵션,학세권고일초5분거리,정상입주",경성공인중개사사무소,1,2026-09-29,2026-10-09,2026-10-09,,,0
2652484355,2654368268,godeok_lotte_castle_venezia,sale,200000,,707,중,84.92,111.26,위치좋은동 채광 통풍좋음 대중교통 이용편리 세대창고 넓음.,고덕설연공인중개사사무소,24,2026-09-30,2026-10-09,2026-10-09,,,0
2653190826,2654365863,godeok_lotte_castle_venezia,jeonse,105000,,708,저,84.14,112.34,풀에어컨 커뮤니트이용 편리한동,고덕자이(441-0109)공인중개사사무소,10,2026-10-02,2026-10-09,2026-10-09,,,0
2653202896,2653889241,godeok_lotte_castle_venezia,sale,195000,,704,저,84.92,111.26,예쁜정원뷰 밝고따뜻한 집 입주조율가 시스템에어컨풀 옵션좋아요,사랑부동산공인중개사사무소,6,2026-10-03,2026-10-09,2026-10-09,,,0
2653202897,2654369287,godeok_lotte_castle_venezia,sale,205000,,704,중,84.92,111.26,공원뷰. 밝고 따뜻한 집 선호 구조 커뮤니티 우수 학군우수,사랑부동산공인중개사사무소,27,2026-10-03,2026-10-09,2026-10-09,,,0
2653202920,2654100877,godeok_lotte_castle_venezia,sale,205000,,711,고,84.14,112.34,늦은입주 밝고 따뜻한 집 선호구조 커뮤니티 우수 학군우수,사랑부동산공인중개사사무소,37,2026-10-03,2026-10-09,2026-10-09,,,0
2653202924,2654137992,godeok_lotte_castle_venezia,sale,210000,,704,고,84.14,112.34,공원뷰. 밝고 따뜻한 집 선호 구조 커뮤니티 우수 학군우수,사랑부동산공인중개사사무소,15,2026-10-03,2026-10-09,2026-10-09,,,0
2653202925,2654368268,godeok_lotte_castle_venezia,sale,200000,,707,중,84.92,111.26,세안고 밝고 따뜻한 집 선호 구조 커뮤니티 우수 학군우수,사랑부동산공인중개사사무소,24,2026-10-03,2026-10-09,2026-10-09,,,0
2653202947,2654366439,godeok_lotte_castle_venezia,sale,185000,,716,중,59.98,83.39,늦은입주가능 밝고 따뜻한집 시스템에어컨 선호구조 명품커뮤니티,사랑부동산공인중개사사무소,27,2026-10-03,2026-10-09,2026-10-09,,,0
2653202948,2654378738,godeok_lotte_castle_venezia,sale,250000,,715,중,122.08,152.38,방4. 넓은드레스룸 뻥뚫린뷰 밝고 따뜻한 집 시스템 에어컨,사랑부동산공인중개사사무소,20,2026-10-03,2026-10-09,2026-10-09,,,0
2653232367,2654254120,godeok_lotte_castle_venezia,sale,200000,,714,저,84.92,111.26,,고덕강남부동산공인중개사사무소,24,2026-10-03,2026-10-09,2026-10-09,,,0
2653281210,2654366439,godeok_lotte_castle_venezia,sale,185000,,716,중,59.98,83.39,밝고환한예쁜집 27년1월입주협의,부동산앤코공인중개사사무소,27,2026-10-03,2026-10-09,2026-10-09,,,0
2653397845,2654367996,godeok_lotte_castle_venezia,sale,190000,,713,중,84.92,111.26,"세안고 매매, 확트인뷰,조합원옵션,늦은 입주",단지내이레(443-6606)공인중개사사무소,41,2026-10-05,2026-10-09,2026-10-09,,,0
2653819404,2654366439,godeok_lotte_castle_venezia,sale,185000,,716,중,59.98,83.39,입주 I 시스템에어컨 I 정남향,노아공인중개사사무소,27,2026-10-07,2026-10-09,2026-10-09,,,0
2653819413,2654369287,godeok_lotte_castle_venezia,sale,205000,,704,중,84.92,111.26,추천 l 상일동산뷰 l 풀에어컨 l 명품커뮤니티,노아공인중개사사무소,27,2026-10-07,2026-10-09,2026-10-09,,,0
2653819415,2654367996,godeok_lotte_castle_venezia,sale,190000,,713,중,84.92,111.26,추천.세안고 l 예쁜단지 l 시스템에어컨 l 우수학군,노아공인중개사사무소,41,2026-10-07,2026-10-09,2026-10-09,,,0
2653819419,2654369186,godeok_lotte_castle_venezia,sale,190000,,712,저,84.92,111.26,풀시스템에어컨 I 넓은동간격 I 트인뷰 I 하시입주,노아공인중개사사무소,29,2026-10-07,2026-10-09,2026-10-09,,,0
2653819456,2654346482,godeok_lotte_castle_venezia,sale,230000,,704,고,84.92,111.26,풀시스템에어컨 I 상일동산뷰 I 전망채광통풍굿 I 로얄동,노아공인중개사사무소,25,2026-10-07,2026-10-09,2026-10-09,,,0
2653860316,2654369186,godeok_lotte_castle_venezia,sale,190000,,712,저,84.92,111.26,"하시입주가능,풀옵션,아이키우기 좋은 집",단지내이레(443-6606)공인중개사사무소,29,2026-10-07,2026-10-09,2026-10-09,,,0
2653888392,2654366439,godeok_lotte_castle_venezia,sale,185000,,716,중,59.98,83.39,"추천, 지하철 가까운 동, 정남향 밝은 집, 입주 매매, 우수 커뮤니티",자이햇살공인중개사사무소,27,2026-10-07,2026-10-09,2026-10-09,,,0
2653888475,2654367996,godeok_lotte_castle_venezia,sale,190000,,713,중,84.92,111.26,"추천, 세안고 매매, 트인 환한 뷰, 우수 커뮤니티",자이햇살공인중개사사무소,41,2026-10-07,2026-10-09,2026-10-09,,,0
2653888571,2654368268,godeok_lotte_castle_venezia,sale,200000,,707,중,84.92,111.26,"지하철 가까운 동, 명품 커뮤니티, 우수 학군, 트인 환한 뷰",자이햇살공인중개사사무소,24,2026-10-07,2026-10-09,2026-10-09,,,0
2653889116,2654148898,godeok_lotte_castle_venezia,sale,200000,,707,저,84.92,111.26,"추천, 입주 매매, 풀옵션, 예쁜 정원뷰, 우수 커뮤니티, 관리 잘된 집",자이햇살공인중개사사무소,12,2026-10-07,2026-10-09,2026-10-09,,,0
2653889241,2653889241,godeok_lotte_castle_venezia,sale,195000,,704,저,84.92,111.26,"추천, 정남향 밝은 집, 풀옵션, 예쁜 정원 뷰, 우수 커뮤니티",자이햇살공인중개사사무소,6,2026-10-07,2026-10-09,2026-10-09,,,0
2653889915,2654365292,godeok_lotte_castle_venezia,sale,200000,,709,중,84.92,111.26,"추천, 풀옵션, 탁트인 숲뷰, 우수 커뮤니티, 학군 좋음",자이햇살공인중개사사무소,4,2026-10-07,2026-10-09,2026-10-09,,,0
2653993586,2653993586,godeok_lotte_castle_venezia,sale,180000,,701,저,59.98,83.39,남향.숲세권. 숲속도서관2분컷. 넓은개별창고.입주민커뮤니티굿.,골드공인중개사사무소,2,2026-10-07,2026-10-09,2026-10-09,,,0
2654038175,2654375953,godeok_lotte_castle_venezia,wolse,42000,160,701,고,59.98,83.39,빠른입주가능 집상태좋아요 밝고 따뜻한집 시스템에어컨4 선호구조,고덕그라시움사랑부동산중개,10,2026-10-08,2026-10-09,2026-10-09,,,0
2654038195,2654367996,godeok_lotte_castle_venezia,sale,190000,,713,중,84.92,111.26,세안고 밝고 따뜻한 집 선호 구조 커뮤니티 우수 학군우수,고덕그라시움사랑부동산중개,41,2026-10-08,2026-10-09,2026-10-09,,,0
2654038196,2654369186,godeok_lotte_castle_venezia,sale,190000,,712,저,84.92,111.26,사계절예쁜뷰. 밝고 따뜻한집 시스템에어컨풀 선호구조 명품커뮤니티,고덕그라시움사랑부동산중개,29,2026-10-08,2026-10-09,2026-10-09,,,0
2654100930,2654100930,godeok_lotte_castle_venezia,sale,178000,,701,고,59.98,83.39,입주 채광좋은 남향 지하철 가까운동 시스템에어컨 숲속도서관 선호학군,고덕그라시움공인중개사사무소,2,2026-10-08,2026-10-09,2026-10-09,,,0
2654148437,2654365863,godeok_lotte_castle_venezia,jeonse,105000,,708,저,84.14,112.34,"에풀 중문 김냉, 세대지하창고, 커뮤이용편리, 학군우수",고덕굿모닝(437-6009)공인중개사사무소,10,2026-10-08,2026-10-09,2026-10-09,,,0
2654161036,2654367996,godeok_lotte_castle_venezia,sale,190000,,713,중,84.92,111.26,"로얄동, 우수학군, 커뮤니티시설우수, 세안고, 지하세대창고",고덕굿모닝(437-6009)공인중개사사무소,41,2026-10-08,2026-10-09,2026-10-09,,,0
2654163002,2654369186,godeok_lotte_castle_venezia,sale,190000,,712,저,84.92,111.26,"입주급매, 집너무깨끗함, 에풀, 세대창고, 커뮤니티시설우수, 학군우수",고덕굿모닝(437-6009)공인중개사사무소,29,2026-10-08,2026-10-09,2026-10-09,,,0
2654203392,2654121775,godeok_lotte_castle_venezia,sale,212000,,709,고,84.92,111.26,입주 숲세권조경 시그니처뷰 종일채광,부동산앤코공인중개사사무소,4,2026-10-08,2026-10-09,2026-10-09,,,0
2654224828,2654366461,godeok_lotte_castle_venezia,wolse,42000,160,701,고,59.98,83.39,"정남향의 채광좋은 집, 풀시스템에어컨,집상태최상,11월12월입주가능",단지내이레(443-6606)공인중개사사무소,10,2026-10-08,2026-10-09,2026-10-09,,,0
2654254694,2654365863,godeok_lotte_castle_venezia,jeonse,105000,,708,저,84.14,112.34,풀시스템에어컨 I 타워형 양창 I 엘리베이터 2대,노아공인중개사사무소,10,2026-10-08,2026-10-09,2026-10-09,,,0
2654256961,2654369186,godeok_lotte_castle_venezia,sale,190000,,712,저,84.92,111.26,추천입주매물 풀에어컨 트인뷰,고덕자이(441-0109)공인중개사사무소,29,2026-10-08,2026-10-09,2026-10-09,,,0
2648896239,2654475226,godeok_xi,sale,220000,,109,저,84.97,109.92,"트인뷰 ,에어컨 ,중문 ,격조높은 커뮤니티. 특 인테리어 입주",센트럴부자공인중개사사무소,28,2026-09-10,2026-10-09,2026-10-10,,,1
2648965215,2648965215,godeok_xi,sale,250000,,117,고,101.99,128.29,확트인 파노라마 조망권 학세권 명품학군 명품커뮤니티,현대공인중개사사무소,1,2026-09-10,2026-10-09,2026-10-10,,,1
2649104595,2654479737,godeok_xi,sale,207000,,109,25,84.97,109.92,추천. 세안고매매. 풀에어컨. 로얄동층. 관리잘된집,그라시움하늘공인중개사사무소,28,2026-09-11,2026-10-09,2026-10-10,,,1
2649333698,2650676415,godeok_xi,sale,215000,,103,중,84.97,109.92,역세권 초품아 명품학군 명품커뮤니티 편리한 엘베2대1개라인 1대,현대공인중개사사무소,2,2026-09-12,2026-10-09,2026-10-10,,,1
2649388070,2654475228,godeok_xi,sale,270000,,116,고,118.44,146.48,T 02 3013 2500 정남향 시원한 초록하늘뷰 초품아 귀한매물,부동산뉴스공인중개사사무소,27,2026-09-12,2026-10-09,2026-10-10,,,1
2649476558,2654041895,godeok_xi,sale,220000,,119,고,74.82,98.73,단독. 세안고매매o 정남향o채광통풍굿o내부컨디션굿o탁트인사계절뷰,단지내애플공인중개사사무소,8,2026-09-12,2026-10-09,2026-10-10,,,1
2649484831,2654475220,godeok_xi,sale,220000,,108,9,84.73,110.00,초품아. 생활인프라굿 .정남향. 채광굿. 고품격커뮤니티. 세대창고.굿.,골드공인중개사사무소,36,2026-09-12,2026-10-09,2026-10-10,,,1
2649562682,2654475226,godeok_xi,sale,220000,,109,저,84.97,109.92,강추 매매 채광좋은 인테리어잘된집 로얄동 로얄층 입주협의,조은동네부동산426-9800공인중개사사무소,28,2026-09-14,2026-10-09,2026-10-10,,,1
2649609084,2654479747,godeok_xi,sale,200000,,119,중,74.30,99.02,추천. 입주매매. 트인뷰. 풀에어컨. 관리잘된집,그라시움하늘공인중개사사무소,38,2026-09-14,2026-10-09,2026-10-10,,,1
2649624312,2654041895,godeok_xi,sale,220000,,119,고,74.82,98.73,세안고매매 탁트인뷰좋음 로얄동층 풀에어컨 판상형,고덕스카이공인중개사사무소,8,2026-09-14,2026-10-09,2026-10-10,,,1
2649635881,2649635881,godeok_xi,sale,220000,,110,저,84.44,110.43,"34 ,단지정원 전망, 고일초단지내,",고일공인중개사사무소,1,2026-09-14,2026-10-09,2026-10-10,,,1
2649637430,2654475220,godeok_xi,sale,220000,,108,9,84.73,110.00,"34,남향,뷰가 좋은 동,고일초근접",고일공인중개사사무소,36,2026-09-14,2026-10-09,2026-10-10,,,1
2649660561,2654479747,godeok_xi,sale,200000,,119,14,74.30,99.02,강추 입주 탁트인시원한조망 햇살가득 밝고환한집,고덕선경(428-3939)공인중개사사무소,38,2026-09-14,2026-10-09,2026-10-10,,,1
2649661215,2654402650,godeok_xi,sale,180000,,115,저,59.70,84.28,추천 세안고 풀옵션 트인조망 초품아,고덕선경(428-3939)공인중개사사무소,23,2026-09-14,2026-10-09,2026-10-10,,,1
2649670612,2654479747,godeok_xi,sale,200000,,119,중,74.30,99.02,귀한평수 탁트인뷰 풀에어컨 선호도 좋은 구조 입주가능,강동위드공인중개사사무소,38,2026-09-14,2026-10-09,2026-10-10,,,1
2649696005,2654472702,godeok_xi,sale,200000,,111,중,74.30,99.02,대단지역세권 명문학군 커뮤니티 풀옵션 입주물건,고덕거성공인중개사사무소,20,2026-09-14,2026-10-09,2026-10-10,,,1
2649720806,2654465807,godeok_xi,sale,220000,,114,저,84.44,110.43,추천.정원뷰가 예쁜.초품아.풀에어컨. 채광굿.세대별 창고.수납굿.,골드공인중개사사무소,17,2026-09-14,2026-10-09,2026-10-10,,,1
2649764853,2654217775,godeok_xi,wolse,58000,440,116,저,118.44,146.48,T3013 2500 뉴스강추 최상급컨디션 초품아 우수커뮤니티 채광굿,부동산뉴스공인중개사사무소,4,2026-09-14,2026-10-09,2026-10-10,,,1
2649794286,2654241365,godeok_xi,sale,220000,,118,고,84.97,109.92,"탁트인전망,주인거주로관리잘된 강력추천매물",단지내길공인중개사사무소,6,2026-09-14,2026-10-09,2026-10-10,,,1
2649814274,2653257743,godeok_xi,sale,238000,,117,12,101.99,128.29,"트인조망, 시스템에어컨5, 초품아, 세대창고",고덕숲공인중개사사무소,6,2026-09-15,2026-10-09,2026-10-10,,,1
2649823743,2654475220,godeok_xi,sale,215000,,108,9,84.73,110.00,"즉시입주, 초등학교 바로옆 로얄동 로얄층, 지하상가 연결동",주식회사 우대빵부동산중개센터 강남지점,36,2026-09-15,2026-10-09,2026-10-10,,,1
2649875536,2654479785,godeok_xi,sale,188000,,111,21,59.93,83.30,입주매매 초품아 아름다운 조경 시스템에어컨풀,21세기공인중개사사무소,45,2026-09-15,2026-10-09,2026-10-10,,,1
2649882147,2654475226,godeok_xi,sale,220000,,109,저,84.97,109.92,"올확장,단지 중앙 조용한 동,초품아,우수커뮤니티",단지내이레(443-6606)공인중개사사무소,28,2026-09-15,2026-10-09,2026-10-10,,,1
2649912972,2654479747,godeok_xi,sale,200000,,119,14,74.30,99.02,대단지역세권 명문학군 커뮤니티 풀옵션 입주가능,고덕거성공인중개사사무소,38,2026-09-15,2026-10-09,2026-10-10,,,1
2649919907,2654479071,godeok_xi,sale,185000,,115,저,59.93,83.30,"예쁜 앞전망,관리상태좋은 세대,여유있는 입주",신고덕(427-8955)공인중개사사무소,22,2026-09-15,2026-10-09,2026-10-10,,,1
2649957543,2653286771,godeok_xi,sale,220000,,110,중,84.44,110.43,풀에어컨.초품아.내부컨디션 갑.개방감굿. 세대별지하창고.추천.,골드공인중개사사무소,3,2026-09-15,2026-10-09,2026-10-10,,,1
2649976949,2649976949,godeok_xi,sale,220000,,108,고,84.44,110.43,실입주 일조량좋은 고층 선호타입 세대창고,위너스부동산래미안라그란데단지내아이파크자이공인중개사사무소,1,2026-09-15,2026-10-09,2026-10-10,,,1
2649989898,2654475235,godeok_xi,sale,200000,,111,중,74.82,98.73,"추천, 귀한30p. 풀옵션, 세안고 매매. 로얄층, 탁 트인뷰",강동명문공인중개사사무소,13,2026-09-15,2026-10-09,2026-10-10,,,1
2650012690,2653999737,godeok_xi,sale,190000,,102,저,59.93,83.30,"정남향 판상형, 지하철가까운동, 고일초초품아,우수커뮤니티",고덕굿모닝(437-6009)공인중개사사무소,14,2026-09-15,2026-10-09,2026-10-10,,,1
2650013792,2654475220,godeok_xi,sale,220000,,108,9,84.73,110.00,"방4개,개방감 굿, 시스템에어컨풀, 정남향,초품아, 우수커뮤니티",고덕굿모닝(437-6009)공인중개사사무소,36,2026-09-15,2026-10-09,2026-10-10,,,1
2650016196,2654475233,godeok_xi,sale,185000,,119,중,59.93,83.30,"추천,귀한 25p,늦은 입주, 탁 트인 뷰, 커뮤니티우수",강동명문공인중개사사무소,19,2026-09-15,2026-10-09,2026-10-10,,,1
2650021591,2654462288,godeok_xi,sale,220000,,114,고,84.97,109.92,"입주매매 뷰좋음, 에풀, 고일초초품아, 세대지하창고, 커뮤니티우수",고덕굿모닝(437-6009)공인중개사사무소,7,2026-09-15,2026-10-09,2026-10-10,,,1
2650092058,2653999737,godeok_xi,sale,190000,,102,저,59.93,83.30,"정남향 밝은 집, 풀에어컨, 학교 지하철 가까운 동, 상가 이용 편리",자이햇살공인중개사사무소,14,2026-09-16,2026-10-09,2026-10-10,,,1
2650156680,2654475228,godeok_xi,sale,270000,,116,고,118.44,146.48,"귀한 44p. 입주매매, 로얄동 탁 트인뷰, 커뮤니티 우수",강동명문공인중개사사무소,27,2026-09-16,2026-10-09,2026-10-10,,,1
2650156959,2654479747,godeok_xi,sale,200000,,119,중,74.30,99.02,"귀한평수30P, 풀에, 따뜻한 남향, 채광좋음, 입주매매,로얄층,",강동명문공인중개사사무소,38,2026-09-16,2026-10-09,2026-10-10,,,1
2650157198,2654475226,godeok_xi,sale,220000,,109,저,84.97,109.92,"입주매매, 방3, 폴리싱바닥, 고급인테리어, 로얄동, 커뮤니티",강동명문공인중개사사무소,28,2026-09-16,2026-10-09,2026-10-10,,,1
2650182369,2654475220,godeok_xi,sale,220000,,108,고,84.73,110.00,정남향의 초등학교 가까운동. 트인뷰 채광긋 옵션좋음 입주협의,예스공인중개사사무소,36,2026-09-16,2026-10-09,2026-10-10,,,1
2650261765,2654475228,godeok_xi,sale,270000,,116,고,118.44,146.48,44P.탁트인조망권. 채광좋은 남향. 초품아.명문학군. 세대별창고.,골드공인중개사사무소,27,2026-09-17,2026-10-09,2026-10-10,,,1
2650308048,2650308048,godeok_xi,sale,220000,,118,9,84.97,109.92,탁트인뷰 상태최상 풀에어컨 입주가능,동아공인중개사사무소,1,2026-09-17,2026-10-09,2026-10-10,,,1
2650313330,2654479785,godeok_xi,sale,188000,,111,고,59.93,83.30,"뛰어라,풀에어컨,트인뷰,입주매매,안방붙박이장,로얄동",뛰어라공인중개사사무소,45,2026-09-17,2026-10-09,2026-10-10,,,1
2650342826,2654475235,godeok_xi,sale,200000,,111,10,74.82,98.73,"세안고, 초품아 해잘들고 관리잘된집 커뮤니티시설우수 세대창고",고덕굿모닝(437-6009)공인중개사사무소,13,2026-09-17,2026-10-09,2026-10-10,,,1
2650351477,2654479071,godeok_xi,sale,185000,,115,저,59.93,83.30,입주협의 채광통풍좋음 초품아 세대창고 구성좋은 커뮤니티.,고덕설연공인중개사사무소,22,2026-09-17,2026-10-09,2026-10-10,,,1
2650354845,2654475233,godeok_xi,sale,185000,,119,중,59.93,83.30,세안고 트인뷰 통풍 채광좋은집 편리한커뮤니티.,고덕설연공인중개사사무소,19,2026-09-17,2026-10-09,2026-10-10,,,1
2650355448,2654462288,godeok_xi,sale,220000,,114,고,84.97,109.92,"입주 매매, 밝고 환한 고층뷰, 풀에어컨, 초품아, 우수 커뮤니티",자이햇살공인중개사사무소,7,2026-09-17,2026-10-09,2026-10-10,,,1
2650355499,2654475220,godeok_xi,sale,220000,,108,9,84.73,110.00,"입주협의,정남향,초품아,통풍 채광좋은집,편리한커뮤니티.",고덕설연공인중개사사무소,36,2026-09-17,2026-10-09,2026-10-10,,,1
2650358681,2654465807,godeok_xi,sale,220000,,114,저,84.44,110.43,입주협의 엘베2 햇빛좋은집 로얄동 커뮤니티 굿,고덕설연공인중개사사무소,17,2026-09-17,2026-10-09,2026-10-10,,,1
2650363408,2654381317,godeok_xi,sale,230000,,107,고,84.73,110.00,상가가깝고 주차공간 많은동 커뮤니티이용편리 초품아 풀에 입주협의.,고덕설연공인중개사사무소,12,2026-09-17,2026-10-09,2026-10-10,,,1
2650478570,2654475220,godeok_xi,sale,220000,,108,9,84.73,110.00,"올확장, 풀옵션,트인뷰의 정남향으로 채광좋아요",단지내이레(443-6606)공인중개사사무소,36,2026-09-18,2026-10-09,2026-10-10,,,1
2650511630,2654217775,godeok_xi,wolse,58000,400,116,저,118.44,146.48,"큰평수 정남향 탁트인뷰, 세대지하창고, 에풀,초품아, 커뮤니티우수",고덕굿모닝(437-6009)공인중개사사무소,4,2026-09-18,2026-10-09,2026-10-10,,,1
2650521617,2654462288,godeok_xi,sale,220000,,114,고,84.97,109.92,추천.고층 시원한 뻥뷰. 풀에어컨.정상입주. 초품아. 우수 커뮤니티,고덕햇살426-3336공인중개사사무소,7,2026-09-18,2026-10-09,2026-10-10,,,1
2650523227,2654479785,godeok_xi,sale,188000,,111,21,59.93,83.30,여기로.25 컨디션최상 시스템에어컨 로얄층 탁트인뷰 초품아 귀한매물,여기로부동산중개,45,2026-09-18,2026-10-09,2026-10-10,,,1
2650549609,2654475228,godeok_xi,sale,270000,,116,고,118.44,146.48,"남향,고층트인 전망, 고일초근접, 커뮤니티우수",고일공인중개사사무소,27,2026-09-18,2026-10-09,2026-10-10,,,1
2650553300,2654410409,godeok_xi,sale,218000,,109,저,84.97,109.92,대단지역세권 명문학군 커뮤니티 풀옵션 입주가능,고덕거성공인중개사사무소,14,2026-09-18,2026-10-09,2026-10-10,,,1
2650554705,2652349814,godeok_xi,sale,217000,,109,고,84.44,110.43,대단지역세권 명문학군 커뮤니티 풀옵션 인테리어 롯데타워전망 입주,고덕거성공인중개사사무소,2,2026-09-18,2026-10-09,2026-10-10,,,1
2650619950,2654475227,godeok_xi,sale,185000,,105,저,59.93,83.30,늦은입주 귀한 매물 채광 조망 굿 초품아 학군우수 커뮤니티 우수,고덕시온공인중개사사무소,20,2026-09-18,2026-10-09,2026-10-10,,,1
2650666770,2654041895,godeok_xi,sale,220000,,119,고,74.82,98.73,세안고매매 풀옵션 시원한 트인뷰 지하세대창고 초품아 커뮤니티우수,강동위드공인중개사사무소,8,2026-09-19,2026-10-09,2026-10-10,,,1
2650676415,2650676415,godeok_xi,sale,215000,,103,중,84.97,109.92,역세권 초품아 명품학군 명품커뮤니티 편리한 엘베2대1개라인 1대,현대공인중개사사무소,2,2026-09-19,2026-10-09,2026-10-10,,,1
2650724230,2654475235,godeok_xi,sale,200000,,111,중,74.82,98.73,강추 높은세안고 풀에어컨 선호구조 로얄동 트인뷰 컨디션최상 고일초품아,미르(426-1120)공인중개사사무소,13,2026-09-19,2026-10-09,2026-10-10,,,1
2650754659,2654402650,godeok_xi,sale,180000,,115,2,59.70,84.28,세안고매매 풀에어컨 초품아 대단지커뮤니티 지하세대창고,강동위드공인중개사사무소,23,2026-09-19,2026-10-09,2026-10-10,,,1
2650762948,2653257743,godeok_xi,sale,238000,,117,중,101.99,128.29,세안고매매 채광 뷰 좋음 관리잘됨 추천,고덕첫번째공인중개사사무소,6,2026-09-19,2026-10-09,2026-10-10,,,1
2650773574,2654413936,godeok_xi,sale,210000,,110,19,84.44,110.43,입주.풀에어컨.좋은가격.초품아.상가지하철가까운동.채광굿.,대박공인중개사사무소,5,2026-09-19,2026-10-09,2026-10-10,,,1
2650799214,2650799214,godeok_xi,sale,210000,,118,고,84.44,110.43,"시스템에어컨, 로얄동층 탁트인뷰, 세대지하창고, 우수커뮤니티",고덕굿모닝공인중개사사무소,1,2026-09-19,2026-10-09,2026-10-10,,,1
2650808015,2654479737,godeok_xi,sale,207000,,109,25,84.97,109.92,"커뮤니티최고시설,풀옵션,학세권고일초5분거리,세끼고",경성공인중개사사무소,28,2026-09-19,2026-10-09,2026-10-10,,,1
2650808443,2654475235,godeok_xi,sale,200000,,111,중,74.82,98.73,"커뮤니티최고시설,풀옵션,학세권고일초5분거리,세끼고",경성공인중개사사무소,13,2026-09-19,2026-10-09,2026-10-10,,,1
2650808549,2654479785,godeok_xi,sale,185000,,111,21,59.93,83.30,"커뮤니티최고시설,풀옵션,학세권고일초5분거리,정상입주",경성공인중개사사무소,45,2026-09-19,2026-10-09,2026-10-10,2026-10-10,188000,1
2650812567,2654434420,godeok_xi,sale,217000,,110,중,84.44,110.43,"커뮤니티최고시설,풀옵션,학세권고일초5분거리,정상입주",경성공인중개사사무소,15,2026-09-19,2026-10-09,2026-10-10,,,1
2650814156,2654479785,godeok_xi,sale,188000,,111,고,59.93,83.30,T 02 3013 2500 풀에어컨 완벽하게 관리한집 온종일 꿀채광,부동산뉴스공인중개사사무소,45,2026-09-19,2026-10-09,2026-10-10,,,1
2650840974,2654479747,godeok_xi,sale,200000,,119,중,74.30,99.02,강추.풀에어컨.공간구성 탁월한 탁트인뷰.고품격커뮤니티.초품아.컨디션굿.,골드공인중개사사무소,38,2026-09-19,2026-10-09,2026-10-10,,,1
2650885594,2654479747,godeok_xi,sale,200000,,119,14,74.30,99.02,탁트인뷰 조망 일조 최상 에어컨 세대창고 커뮤니티,강동공인중개사사무소,38,2026-09-21,2026-10-09,2026-10-10,,,1
2650885702,2654475226,godeok_xi,sale,220000,,109,저,84.97,109.92,소유자 직접 의뢰 내부 인테리어 수리 관리 잘된 정상입주 협의,재테크공인중개사사무소,28,2026-09-21,2026-10-09,2026-10-10,,,1
2650897564,2654475220,godeok_xi,sale,220000,,108,고,84.73,110.00,,태영공인중개사사무소,36,2026-09-21,2026-10-09,2026-10-10,,,1
2650909424,2654475228,godeok_xi,sale,270000,,116,고,118.44,146.48,남향 트인뷰 채광우수 풀옵션 입주협의 대단지 커뮤너티,고덕무지개공인중개사사무소,27,2026-09-21,2026-10-09,2026-10-10,,,1
2651061411,2651061411,godeok_xi,sale,238000,,117,중,101.99,128.29,T 02 3013 2500 눈부신채광 풀에어컨 새집컨디션,부동산뉴스공인중개사사무소,1,2026-09-21,2026-10-09,2026-10-10,,,1
2651070975,2654475220,godeok_xi,sale,220000,,108,9,84.73,110.00,트인 환한뷰. 고일초 인접동. 풀에어컨. 우수 커뮤니티,고덕햇살426-3336공인중개사사무소,36,2026-09-21,2026-10-09,2026-10-10,,,1
2651071538,2651071538,godeok_xi,sale,250000,,117,중,101.99,128.29,풀옵션 탁트인뷰 특수리 입주,가로등공인중개사사무소,1,2026-09-21,2026-10-09,2026-10-10,,,1
2651140874,2654475228,godeok_xi,sale,270000,,116,13,118.44,146.48,큰평수.확트인 스카이뷰 최상.초품아.우수 커뮤니티,키움공인중개사사무소,27,2026-09-21,2026-10-09,2026-10-10,,,1
2651146355,2654402650,godeok_xi,sale,180000,,115,2,59.70,84.28,세안고.급매.풀 에어컨. 햇살좋은 초품아.내부 컨디션갑.고품격커뮤니티.,골드공인중개사사무소,23,2026-09-21,2026-10-09,2026-10-10,,,1
2651153461,2654434420,godeok_xi,sale,217000,,110,중,84.44,110.43,"추천,늦은입주, 풀에,수납력 좋음, 로얄층,커뮤니티우수",강동명문공인중개사사무소,15,2026-09-21,2026-10-09,2026-10-10,,,1
2651236694,2654475228,godeok_xi,sale,270000,,116,고,118.44,146.48,44p 집보여드림 방4 풀옵션 풀에어컨 내부깨끗 정남향 트인조망 친절협의,미르(426-1120)공인중개사사무소,27,2026-09-22,2026-10-09,2026-10-10,,,1
2651261648,2654402650,godeok_xi,sale,180000,,115,저,59.70,84.28,"세안고매매,구조좋음,초품아,편리한생활인프라,뷰좋음",고덕현대공인중개사사무소,23,2026-09-22,2026-10-09,2026-10-10,,,1
2651283330,2654479785,godeok_xi,sale,188000,,111,고,59.93,83.30,"역세권, 풀옵션, 앞 트인 전망, 채광 굿.",단지내행복그라시움공인중개사사무소,45,2026-09-22,2026-10-09,2026-10-10,,,1
2651304732,2654475226,godeok_xi,sale,220000,,109,저,84.97,109.92,인테리어 잘된 집 고현초 에어컨풀 트인뷰 채광긋 입주협의,예스공인중개사사무소,28,2026-09-22,2026-10-09,2026-10-10,,,1
2651345401,2654479747,godeok_xi,sale,200000,,119,중,74.30,99.02,"탁트인 시야,풀에어컨,방문환영",신고덕(427-8955)공인중개사사무소,38,2026-09-22,2026-10-09,2026-10-10,,,1
2651380700,2654475226,godeok_xi,sale,220000,,109,저,84.97,109.92,로얄동층. 초품아. 풀에어컨. 트인뷰. 방3. 집보실수있어요,강동위드공인중개사사무소,28,2026-09-22,2026-10-09,2026-10-10,,,1
2651384088,2654365263,godeok_xi,sale,220000,,104,중,84.44,110.43,"입주매매, 에풀, 고일초초품아, 세대지하창고, 우수커뮤니티",고덕굿모닝(437-6009)공인중개사사무소,5,2026-09-22,2026-10-09,2026-10-10,,,1
2651396023,2654472702,godeok_xi,sale,200000,,111,중,74.30,99.02,입주 풀에어컨 채광 뷰 좋음 관리최상 추천,고덕첫번째공인중개사사무소,20,2026-09-22,2026-10-09,2026-10-10,,,1
2651425237,2654472702,godeok_xi,sale,200000,,111,중,74.30,99.02,"주인의뢰, 탁트인뷰, 풀옵션,",부동산랜드공인중개사,20,2026-09-23,2026-10-09,2026-10-10,,,1
2651446960,2654475226,godeok_xi,sale,220000,,109,저,84.97,109.92,로얄중앙동 트인뷰 풀에어컨 풀옵션,고덕신흥공인중개사사무소,28,2026-09-23,2026-10-09,2026-10-10,,,1
2651470224,2654479743,godeok_xi,sale,205000,,109,저,84.97,109.92,T 02 3013 2500 초품아 초록뷰 호텔급인테리어 세안고 강추,부동산뉴스공인중개사사무소,19,2026-09-23,2026-10-09,2026-10-10,,,1
2651518967,2651518967,godeok_xi,sale,200000,,105,고,74.82,98.73,"31, 입주,단지뷰,동간거리 넓음.,고일초, 버스정류장인접",고일공인중개사사무소,1,2026-09-23,2026-10-09,2026-10-10,,,1
2651523075,2654413936,godeok_xi,sale,210000,,110,19,84.44,110.43,33. 더힐추천 소유주직통 올확장 풀에어컨 탁트인고층 입주협의 공동환영,더힐공인중개사사무소,5,2026-09-23,2026-10-09,2026-10-10,,,1
2651531358,2654479747,godeok_xi,sale,200000,,119,중,74.30,99.02,"역세권, 풀 옵션, . 햇빛 가득한 좋은 뷰.",단지내행복그라시움공인중개사사무소,38,2026-09-23,2026-10-09,2026-10-10,,,1
2651568612,2654402650,godeok_xi,sale,180000,,115,2,59.70,84.28,전세안고 풀에어컨 트인뷰 밝은집,고덕자이(441-0109)공인중개사사무소,23,2026-09-23,2026-10-09,2026-10-10,,,1
2651569500,2654479785,godeok_xi,sale,188000,,111,고,59.93,83.30,입주가능한 로얄동. 고층 트인뷰. 입주가능. 고일초. 옵션풍부,일등그라시움 부동산중개,45,2026-09-23,2026-10-09,2026-10-10,,,1
2651577177,2654475220,godeok_xi,sale,220000,,108,9,84.73,110.00,"로얄동 층, 정남향 밝은집, 탁트인 환한뷰, 풀옵션, 커뮤니티 이용 편리",자이햇살공인중개사사무소,36,2026-09-23,2026-10-09,2026-10-10,,,1
2651616692,2654479785,godeok_xi,sale,188000,,111,21,59.93,83.30,"시에플, 초품아, 주인거주 입주매매",퀸공인중개사사무소,45,2026-09-23,2026-10-09,2026-10-10,,,1
2651631522,2654434420,godeok_xi,sale,217000,,110,중,84.44,110.43,추천 내년입주 전망이끝내주고 옵션이 좋아요 편의시설좋아요 초품아예요,조은동네부동산426-9800공인중개사사무소,15,2026-09-23,2026-10-09,2026-10-10,,,1
2651661208,2654479747,godeok_xi,sale,200000,,119,14,74.30,99.02,정상입주 뻥뷰 풀에어컨 깨끗한집,고덕자이(441-0109)공인중개사사무소,38,2026-09-23,2026-10-09,2026-10-10,,,1
2651661547,2654475226,godeok_xi,sale,220000,,109,저,84.97,109.92,풀에어컨 트인뷰,고덕자이(441-0109)공인중개사사무소,28,2026-09-23,2026-10-09,2026-10-10,,,1
2651757796,2654381317,godeok_xi,sale,230000,,107,11,84.73,110.00,정남향 막힘없는 조망권 일조권 최상 에어컨풀 세대창고 입주,강동공인중개사사무소,12,2026-09-28,2026-10-09,2026-10-10,,,1
2651757850,2654475226,godeok_xi,sale,220000,,109,저,84.97,109.92,확장형 방3 에어컨및 특 인테리어 중앙광장 조망 세대창고,강동공인중개사사무소,28,2026-09-28,2026-10-09,2026-10-10,,,1
2651799894,2654479747,godeok_xi,sale,200000,,119,중,74.30,99.02,입주추천 트인뷰 풀에어컨 입주정상 30P 알파룸,고덕무지개공인중개사사무소,38,2026-09-28,2026-10-09,2026-10-10,,,1
2651806745,2654479737,godeok_xi,sale,207000,,109,고,84.97,109.92,세안고 풀에어컨 대단지 커뮤너티시설 학군 단지조성우수,고덕무지개공인중개사사무소,28,2026-09-28,2026-10-09,2026-10-10,,,1
2651810344,2654402650,godeok_xi,sale,180000,,115,저,59.70,84.28,세안고 트인 고덕천뷰 풀에어컨 개별창고,고덕무지개공인중개사사무소,23,2026-09-28,2026-10-09,2026-10-10,,,1
2651813634,2654472698,godeok_xi,sale,185000,,102,고,59.93,83.30,로얄동 트인조망 남향 초품아 풀에어컨 중문 식세기,미래부동산공인중개사사무소,13,2026-09-28,2026-10-09,2026-10-10,,,1
2651827416,2654472702,godeok_xi,sale,200000,,111,중,74.30,99.02,"정상입주,풀옵션,우수커뮤니티시설,학세권",정원공인중개사사무소,20,2026-09-28,2026-10-09,2026-10-10,,,1
2651864599,2654462288,godeok_xi,sale,220000,,114,고,84.97,109.92,강추입주 탁트인전망최고 로얄동층 풀에어컨 판상형 입주협의,고덕스카이공인중개사사무소,7,2026-09-28,2026-10-09,2026-10-10,,,1
2651866821,2654475220,godeok_xi,sale,220000,,108,9,84.73,110.00,대단지역세권 명문학군 커뮤니티 풀옵션 입주가능,고덕거성공인중개사사무소,36,2026-09-28,2026-10-09,2026-10-10,,,1
2651886444,2654410409,godeok_xi,sale,218000,,109,저,84.97,109.92,"입주,로얄동, 풀에어컨, 예쁜 단지뷰, 명품커뮤니티",고덕현대공인중개사사무소,14,2026-09-28,2026-10-09,2026-10-10,,,1
2651893555,2654475228,godeok_xi,sale,270000,,116,13,118.44,146.48,대단지역세권 명문학군 커뮤니티 풀옵션 입주가능,고덕거성공인중개사사무소,27,2026-09-28,2026-10-09,2026-10-10,,,1
2651899799,2654475226,godeok_xi,sale,220000,,109,저,84.97,109.92,대단지역세권 명문학군 커뮤니티 풀옵션 입주가능,고덕거성공인중개사사무소,28,2026-09-28,2026-10-09,2026-10-10,,,1
2651901450,2654465807,godeok_xi,sale,220000,,114,저,84.44,110.43,대단지역세권 명문학군 커뮤니티 풀옵션 늦은입주가능,고덕거성공인중개사사무소,17,2026-09-28,2026-10-09,2026-10-10,,,1
2651913191,2653999737,godeok_xi,sale,190000,,102,저,59.93,83.30,입주매매 27.2월 o 접근성. 인프라 최상 o 정원뷰,롯데공인중개사사무소,14,2026-09-28,2026-10-09,2026-10-10,,,1
2651920122,2654475228,godeok_xi,sale,270000,,116,13,118.44,146.48,입주 o 귀한대형평형 o 에어컨풀 o 정남향밝은집 o 트인뷰,롯데공인중개사사무소,27,2026-09-28,2026-10-09,2026-10-10,,,1
2651974072,2654475220,godeok_xi,sale,220000,,108,9,84.73,110.00,로얄동층 채광좋은정남향 풀시스템에어컨 초품아,고덕스카이공인중개사사무소,36,2026-09-28,2026-10-09,2026-10-10,,,1
2651993649,2654479747,godeok_xi,sale,200000,,119,중,74.30,99.02,"고덕천뷰,입주가,초품아,선호구조",고덕종점그라시움공인중개사사무소,38,2026-09-28,2026-10-09,2026-10-10,,,1
2651996731,2654479785,godeok_xi,sale,188000,,111,21,59.93,83.30,입주협의 풀에 채광좋은 가든뷰 세대창고 커뮤니티굿,고덕설연공인중개사사무소,45,2026-09-28,2026-10-09,2026-10-10,,,1
2651998749,2654472702,godeok_xi,sale,200000,,111,중,74.30,99.02,"입주매매, 주인거주 관리잘된 트인 뷰, 풀옵션,초품아",학사(427-7300)공인중개사사무소,20,2026-09-28,2026-10-09,2026-10-10,,,1
2652013462,2654479747,godeok_xi,sale,200000,,119,중,74.30,99.02,,고일공인중개사사무소,38,2026-09-28,2026-10-09,2026-10-10,,,1
2652022702,2653999737,godeok_xi,sale,190000,,102,저,59.93,83.30,입주매매 역가깝고 상가이용편리한동 채광좋은정남향 커뮤니티굿,고덕설연공인중개사사무소,14,2026-09-28,2026-10-09,2026-10-10,,,1
2652023861,2654479747,godeok_xi,sale,200000,,119,14,74.30,99.02,"입주협의,초품아,귀한평형,통풍 채광좋은집,편리한커뮤니티.",고덕설연공인중개사사무소,38,2026-09-28,2026-10-09,2026-10-10,,,1
2652024374,2654479743,godeok_xi,sale,205000,,109,저,84.97,109.92,세안고급매 늦은입주 엘베2 수납좋은구조 채광좋음,고덕설연공인중개사사무소,19,2026-09-28,2026-10-09,2026-10-10,,,1
2652025346,2654479737,godeok_xi,sale,207000,,109,25,84.97,109.92,"세안고,엘베2,풀에,중앙선호동,채광좋음,세대창고,커뮤니티굿.",고덕설연공인중개사사무소,28,2026-09-28,2026-10-09,2026-10-10,,,1
2652025821,2654465807,godeok_xi,sale,220000,,114,저,84.44,110.43,풀에 입주협의 엘베2 초품아 세대창고 수납좋은구조 커뮤니티굿.,고덕설연공인중개사사무소,17,2026-09-28,2026-10-09,2026-10-10,,,1
2652028415,2654472702,godeok_xi,sale,200000,,111,중,74.30,99.02,초품아 학세권 트인뷰 관리 잘됨 입주,금성공인중개사사무소,20,2026-09-28,2026-10-09,2026-10-10,,,1
2652038137,2654041895,godeok_xi,sale,220000,,119,고,74.82,98.73,전세안고 I 풀시스템에어컨 I 탁트인뷰,노아공인중개사사무소,8,2026-09-28,2026-10-09,2026-10-10,,,1
2652040732,2654465807,godeok_xi,sale,220000,,114,저,84.44,110.43,늦은 입주. 풀에어컨. 김냉. 넉넉한 수납공간. 초품아. 우수커뮤니티,고덕햇살426-3336공인중개사사무소,17,2026-09-28,2026-10-09,2026-10-10,,,1
2652047779,2654410409,godeok_xi,sale,218000,,109,저,84.97,109.92,트인뷰 시에5 초품아 고덕천 명문중고교학군근거리 깔끔하고 좋은집입니다,대일공인중개사,14,2026-09-28,2026-10-09,2026-10-10,,,1
2652055870,2654479747,godeok_xi,sale,200000,,119,중,74.30,99.02,입주 트인뷰 초품아 선호하는타입 좋은집입니다,대일공인중개사사무소,38,2026-09-28,2026-10-09,2026-10-10,,,1
2652085664,2654475228,godeok_xi,sale,270000,,116,고,118.44,146.48,"역세권, 풀 옵션, 앞 트인 예쁜 전망, 채광 굿",단지내행복그라시움공인중개사사무소,27,2026-09-28,2026-10-09,2026-10-10,,,1
2652095714,2654475228,godeok_xi,sale,270000,,116,고,118.44,146.48,,강동위드공인중개사사무소,27,2026-09-28,2026-10-09,2026-10-10,,,1
2652120687,2652120687,godeok_xi,sale,185000,,106,저,59.93,83.30,"올확장,정남향의 채광좋은 집,찐풀옵션의 관리 잘 된 집",단지내이레(443-6606)공인중개사사무소,1,2026-09-28,2026-10-09,2026-10-10,,,1
2652134227,2654475226,godeok_xi,sale,220000,,109,저,84.97,109.92,넓은거실.확트인뷰.선호타입.풀에어컨.전철역 도보권,키움공인중개사사무소,28,2026-09-28,2026-10-09,2026-10-10,,,1
2652139289,2654475220,godeok_xi,sale,220000,,108,9,84.73,110.00,초등바로.전철역.상가이용편리한동.풀에어컨.풀옵션.집상태굿,키움공인중개사사무소,36,2026-09-28,2026-10-09,2026-10-10,,,1
2652158480,2654381317,godeok_xi,sale,230000,,107,11,84.73,110.00,풀에어컨 정남향 밝은집 입주가능,고덕자이(441-0109)공인중개사사무소,12,2026-09-28,2026-10-09,2026-10-10,,,1
2652159375,2654462288,godeok_xi,sale,220000,,114,고,84.97,109.92,입주가능 트인뷰 엘베2 로얄동,고덕자이(441-0109)공인중개사사무소,7,2026-09-28,2026-10-09,2026-10-10,,,1
2652211027,2654475220,godeok_xi,sale,220000,,108,고,84.73,110.00,풀옵션 입주매매 내부상태우수 단지내조경 대단지커뮤너티,고덕무지개공인중개사사무소,36,2026-09-29,2026-10-09,2026-10-10,,,1
2652213091,2654475220,godeok_xi,sale,220000,,108,9,84.73,110.00,입주협의 풀에어컨 내부깔끔 로얄동 조망 좋은집 채광굿 초품아 상가이용편리,미르(426-1120)공인중개사사무소,36,2026-09-29,2026-10-09,2026-10-10,,,1
2652213211,2654475226,godeok_xi,sale,220000,,109,저,84.97,109.92,입주 집보여드림 방3 에3 인테리어되어 내부깔끔 트인 단지조망 조건협의가,미르(426-1120)공인중개사사무소,28,2026-09-29,2026-10-09,2026-10-10,,,1
2652280803,2654475228,godeok_xi,sale,270000,,116,고,118.44,146.48,대형평수. 남향 트인뷰. 시스템에어컨풀. 초품아아파트,참좋은공인중개사사무소,27,2026-09-29,2026-10-09,2026-10-10,,,1
2652309022,2654381317,godeok_xi,sale,230000,,107,고,84.73,110.00,강추.탁.트인 조망권.초품아.풀에어컨. 활성화된상권.커뮤니티굿.세대창고,골드공인중개사사무소,12,2026-09-29,2026-10-09,2026-10-10,,,1
2652345552,2654479071,godeok_xi,sale,185000,,115,저,59.93,83.30,"귀한25p. 내년초입주,풀옵션, 밝은 집, 관리잘된집, 커뮤티니우수",강동명문공인중개사사무소,22,2026-09-29,2026-10-09,2026-10-10,,,1
2652347328,2652347328,godeok_xi,jeonse,85000,,119,4,59.93,83.30,고덕천뷰 보증금 월세 협이가능 입주11월10일부터1월19일사이,달인공인중개사사무소,2,2026-09-29,2026-10-09,2026-10-10,,,1
2652349814,2652349814,godeok_xi,sale,217000,,109,고,84.44,110.43,"단독.입주추천,고급 인테리어 잘된 집, 수입대리석, 시원한 롯데타워 뻥뷰",강동명문공인중개사사무소,2,2026-09-29,2026-10-09,2026-10-10,,,1
2652355702,2654475220,godeok_xi,sale,220000,,108,9,84.73,110.00,"고일초와 상가 인접동, 커뮤니티 이용 편리, 남향, 통풍과 채광 좋음",강동명문공인중개사사무소,36,2026-09-29,2026-10-09,2026-10-10,,,1
2652356459,2654465807,godeok_xi,sale,220000,,114,저,84.44,110.43,"추천,늦은입주, 풀옵션,로얄층,수납력 좋음,커뮤니티 우수,",강동명문공인중개사사무소,17,2026-09-29,2026-10-09,2026-10-10,,,1
2652358750,2654381317,godeok_xi,sale,230000,,107,고,84.73,110.00,"늦은입주, 풀에, 따뜻한 정남향,로얄층,커뮤니티 우수",강동명문공인중개사사무소,12,2026-09-29,2026-10-09,2026-10-10,,,1
2652362281,2654475228,godeok_xi,sale,270000,,116,13,118.44,146.48,입주. 풀에어컨. 고일초품아. 앞동없는 고층조망. 정남향,원스탑공인중개사사무소,27,2026-09-29,2026-10-09,2026-10-10,,,1
2652366333,2654479737,godeok_xi,sale,207000,,109,고,84.97,109.92,우수학군 멋진뷰,스마트그라시움공인중개사사무소,28,2026-09-29,2026-10-09,2026-10-10,,,1
2652374146,2654410409,godeok_xi,sale,218000,,109,저,84.97,109.92,"커뮤니티최고시설,풀옵션,학세권고일초5분거리,정상입주",경성공인중개사사무소,14,2026-09-29,2026-10-09,2026-10-10,,,1
2652376802,2653257743,godeok_xi,sale,238000,,117,중,101.99,128.29,세안고 매매 옵션좋고 뷰최상 추천,첫번째공인중개사사무소,6,2026-09-29,2026-10-09,2026-10-10,,,1
2652377123,2654410409,godeok_xi,sale,218000,,109,저,84.97,109.92,풀에어컨 조용한 단지 뷰좋은 초품아 생활편리,첫번째공인중개사사무소,14,2026-09-29,2026-10-09,2026-10-10,,,1
2652378218,2654479743,godeok_xi,sale,205000,,109,저,84.97,109.92,"커뮤니티최고시설,풀옵션,학세권고일초5분거리",경성공인중개사사무소,19,2026-09-29,2026-10-09,2026-10-10,,,1
2652378443,2654475226,godeok_xi,sale,220000,,109,저,84.97,109.92,"커뮤니티최고시설,풀옵션,학세권고일초5분거리,정상입주",경성공인중개사사무소,28,2026-09-29,2026-10-09,2026-10-10,,,1
2652379429,2654365263,godeok_xi,sale,220000,,104,중,84.44,110.43,"커뮤니티최고시설,풀에어컨,학세권고일초5분거리, 정상입주",경성공인중개사사무소,5,2026-09-29,2026-10-09,2026-10-10,,,1
2652379943,2653999737,godeok_xi,sale,190000,,102,저,59.93,83.30,"커뮤니티최고시설, 지하철 가까운 동, 상가 이용 편리, 학세권",경성공인중개사사무소,14,2026-09-29,2026-10-09,2026-10-10,,,1
2652380150,2654475228,godeok_xi,sale,270000,,116,13,118.44,146.48,"커뮤니티최고시설,풀옵션,학세권고일초5분거리,정상입주",경성공인중개사사무소,27,2026-09-29,2026-10-09,2026-10-10,,,1
2652397225,2654410409,godeok_xi,sale,218000,,109,저,84.97,109.92,인테리어 잘된 집 고현초 에어컨풀 트인뷰 채광긋 입주협의,예스공인중개사사무소,14,2026-09-29,2026-10-09,2026-10-10,,,1
2652415406,2654475228,godeok_xi,sale,270000,,116,고,118.44,146.48,추천 정남향 트인 뷰 채광좋음 풀에어컨 초품아,그라시움이화공인중개사사무소,27,2026-09-29,2026-10-09,2026-10-10,,,1
2652415466,2654041895,godeok_xi,sale,220000,,119,고,74.82,98.73,고층 시원하게 트인 뷰 채광좋음 풀옵션 세안고 초품아,그라시움이화공인중개사사무소,8,2026-09-29,2026-10-09,2026-10-10,,,1
2652415580,2654475220,godeok_xi,sale,220000,,108,고,84.73,110.00,추천 남향으로 채광좋음 풀에어컨 초품아 인접동,그라시움이화공인중개사사무소,36,2026-09-29,2026-10-09,2026-10-10,,,1
2652449653,2654475226,godeok_xi,sale,220000,,109,저,84.97,109.92,인테리어끝판왕 폴리싱바닥타일 최고급벽지 멋진중문 에4 탁트인뷰,고덕강남부동산공인중개사사무소,28,2026-09-30,2026-10-09,2026-10-10,,,1
2652451977,2654472702,godeok_xi,sale,200000,,111,중,74.30,99.02,트인뷰 풀에어컨 입주매매,그라시움하늘공인중개사사무소,20,2026-09-30,2026-10-09,2026-10-10,,,1
2652521141,2652521141,godeok_xi,wolse,65000,85,119,저,59.93,83.30,탁 트인 고덕천뷰.시스템에어컨4대.대중교통 최상 로얄동.27년1월중순협의,선명부동산공인중개사사무소,1,2026-09-30,2026-10-09,2026-10-10,,,1
2652524986,2654479737,godeok_xi,sale,207000,,109,고,84.97,109.92,탁트인 고층뷰 세안고. 초품아. 활성화된 커뮤니티.세대창고.채광굿.,골드공인중개사사무소,28,2026-09-30,2026-10-09,2026-10-10,,,1
2652525143,2654479785,godeok_xi,sale,188000,,111,고,59.93,83.30,강.추.초품아.풀에어컨.활성화된커뮤니티.고덕체육센터2분컷.컨디션굿.,골드공인중개사사무소,45,2026-09-30,2026-10-09,2026-10-10,,,1
2652540214,2652540214,godeok_xi,sale,236000,,117,고,101.99,128.29,전망채광좋은 로얄타입 내부풀옵션 로얄동매물,미래원공인중개사사무소,1,2026-09-30,2026-10-09,2026-10-10,,,1
2652542899,2653286771,godeok_xi,sale,220000,,110,중,84.44,110.43,"입주매매, 수납공간밚은집, 풀옵션,초품아, 세대 창고,엘베2대",고덕굿모닝(437-6009)공인중개사사무소,3,2026-09-30,2026-10-09,2026-10-10,,,1
2652548131,2652347328,godeok_xi,jeonse,85000,,119,저,59.93,83.30,탁 트인 고덕천뷰.시스템에어컨4대.대중교통 최상 로얄동.27년1월중순협의,선명부동산공인중개사사무소,2,2026-09-30,2026-10-09,2026-10-10,,,1
2652612113,2652612113,godeok_xi,sale,212000,,118,고,84.44,110.43,,경성공인중개사사무소,1,2026-10-01,2026-10-09,2026-10-10,,,1
2652630803,2654475220,godeok_xi,sale,220000,,108,9,84.73,110.00,정남향 막힘없는 조망권 일조권 최상 에어컨풀 세대창고 입주,강동공인중개사사무소,36,2026-10-01,2026-10-09,2026-10-10,,,1
2652693166,2654479785,godeok_xi,sale,188000,,111,21,59.93,83.30,,고일공인중개사사무소,45,2026-10-01,2026-10-09,2026-10-10,,,1
2652704446,2654475220,godeok_xi,sale,220000,,108,고,84.73,110.00,"개방감 굿,입주,풀에어컨",신고덕(427-8955)공인중개사사무소,36,2026-10-01,2026-10-09,2026-10-10,,,1
2652716253,2654475226,godeok_xi,sale,220000,,109,저,84.97,109.92,"단지정원조망,인테리어 잘된 집,방문예약 잡으세요",신고덕(427-8955)공인중개사사무소,28,2026-10-01,2026-10-09,2026-10-10,,,1
2652760783,2654479785,godeok_xi,sale,188000,,111,고,59.93,83.30,늦은입주 로얄동 귀한매물 초품아 학군우수 커뮤니티 우수,고덕시온공인중개사사무소,45,2026-10-01,2026-10-09,2026-10-10,,,1
2652761438,2654479071,godeok_xi,sale,185000,,115,저,59.93,83.30,늦은입주 채광 조망 굿 초품아 학군우수 커뮤니티 우수,고덕시온공인중개사사무소,22,2026-10-01,2026-10-09,2026-10-10,,,1
2652761516,2654402650,godeok_xi,sale,180000,,115,저,59.70,84.28,세안고 늦은입주 채광 조망 굿 초품아 학군우수 커뮤니티 우수,고덕시온공인중개사사무소,23,2026-10-01,2026-10-09,2026-10-10,,,1
2652762198,2654465807,godeok_xi,sale,220000,,114,저,84.44,110.43,늦은입주 로얄동 초품아 학군우수 커뮤니티 우수 채광 조망 굿,고덕시온공인중개사사무소,17,2026-10-01,2026-10-09,2026-10-10,,,1
2652764942,2653315785,godeok_xi,sale,215000,,108,저,84.44,110.43,"입주협의, 풀옵션, 넓은동간거리, 초품아, 지하세대창고",고덕굿모닝(437-6009)공인중개사사무소,3,2026-10-01,2026-10-09,2026-10-10,,,1
2652773763,2652773763,godeok_xi,jeonse,90000,,111,중,59.70,84.28,,부동산뉴스공인중개사사무소,1,2026-10-01,2026-10-09,2026-10-10,,,1
2652777449,2654472702,godeok_xi,sale,200000,,111,중,74.30,99.02,"초품아, 에풀, 트인조망, 주인세대거주, 입주",고덕숲공인중개사사무소,20,2026-10-01,2026-10-09,2026-10-10,,,1
2652784157,2653257743,godeok_xi,sale,238000,,117,중,101.99,128.29,"트인조망, 시스템에어컨5, 초품아, 세대창고",고덕숲공인중개사무소,6,2026-10-01,2026-10-09,2026-10-10,,,1
2652848396,2654373530,godeok_xi,jeonse,105000,,114,저,84.44,110.43,대단지역세권 명문학군 커뮤니티 풀옵션 1218입주 귀한전세,고덕거성공인중개사사무소,5,2026-10-01,2026-10-09,2026-10-10,,,1
2652850882,2654472698,godeok_xi,sale,185000,,102,고,59.93,83.30,"시세보다 저렴한 금매물, 역세권, 남향,로얄동.층, 풀옵션, 초품아,",뱅크공인중개사사무소,13,2026-10-01,2026-10-09,2026-10-10,,,1
2652857097,2653666037,godeok_xi,sale,300000,,116,중,118.44,146.48,"남향,고층트인 전망, 고일초근접, 커뮤니티우수",고일공인중개사사무소,4,2026-10-01,2026-10-09,2026-10-10,,,1
2652869732,2654410409,godeok_xi,sale,218000,,109,저,84.97,109.92,"입주협의. 주인거주 관리잘된 집., 뷰 탁트인 집. 시스템에어컨.",참좋은공인중개사사무소,14,2026-10-01,2026-10-09,2026-10-10,,,1
2652873179,2653666037,godeok_xi,sale,300000,,116,중,118.44,146.48,탁트인뷰최상 채광좋은로얄동층 풀에어컨 풀옵션 커뮤니티우수,고덕스카이공인중개사사무소,4,2026-10-01,2026-10-09,2026-10-10,,,1
2652879145,2654373530,godeok_xi,jeonse,105000,,114,저,84.44,110.43,풀옵션 채광 뷰 좋음 관리최상 추천,고덕첫번째공인중개사사무소,5,2026-10-01,2026-10-09,2026-10-10,,,1
2652906555,2654365263,godeok_xi,sale,220000,,104,중,84.44,110.43,"추천, 입주 매매, 지하철 가까운 동, 풀에어컨, 초품아, 우수 커뮤니티",자이햇살공인중개사사무소,5,2026-10-01,2026-10-09,2026-10-10,,,1
2652959065,2654475233,godeok_xi,sale,185000,,119,중,59.93,83.30,T 02 3013 2500 사계절예쁜 고덕천뷰 관리잘된 예쁜집,부동산뉴스공인중개사사무소,19,2026-10-02,2026-10-09,2026-10-10,,,1
2652964959,2654241365,godeok_xi,sale,220000,,118,고,84.97,109.92,"주인직, 풀에어컨, 선호동 시원하게 트인뷰, 입주조건 적극협의",엘리트부동산공인중개사사무소,6,2026-10-02,2026-10-09,2026-10-10,,,1
2652967234,2654472698,godeok_xi,sale,185000,,102,고,59.93,83.30,강추.입주.상일동역과 가장가까운동.햇살좋은집.에어컨풀.단지내고일초있음.,고덕베네루체공인중개사사무소,13,2026-10-02,2026-10-09,2026-10-10,,,1
2652987682,2652987682,godeok_xi,sale,187000,,115,고,59.70,84.28,T 02 3013 2500 사계절 예쁜 고덕천뷰 반질반질 관리된집,부동산뉴스공인중개사사무소,1,2026-10-02,2026-10-09,2026-10-10,,,1
2652998197,2654217775,godeok_xi,wolse,58000,400,116,저,118.44,146.48,44p 풀옵션 초품아 공원뷰 입주일조정가능,고덕리더스부동산공인중개사사무소,4,2026-10-02,2026-10-09,2026-10-10,,,1
2653011160,2654475235,godeok_xi,sale,200000,,111,중,74.82,98.73,"트인뷰,에어컨 풀,계절 창고, 세안고. 초품아.",센트럴부자공인중개사사무소,13,2026-10-02,2026-10-09,2026-10-10,,,1
2653019659,2654475233,godeok_xi,sale,185000,,119,중,59.93,83.30,"고덕천뷰,에어컨 ,다양한 커뮤니티,초품아 늦은입주",센트럴부자공인중개사사무소,19,2026-10-02,2026-10-09,2026-10-10,,,1
2653024242,2654479747,godeok_xi,sale,200000,,119,14,74.30,99.02,"입주매매, 확트인뷰, 시스템에어컨풀, 초품아, 커뮤니티시설우수",고덕굿모닝(437-6009)공인중개사사무소,38,2026-10-02,2026-10-09,2026-10-10,,,1
2653024963,2654465807,godeok_xi,sale,220000,,114,저,84.44,110.43,"조용한 단지 내 정원 뷰,에어컨 풀,중 문,27년 3월 입주 협의",센트럴부자공인중개사사무소,17,2026-10-02,2026-10-09,2026-10-10,,,1
2653058598,2653666037,godeok_xi,sale,300000,,116,중,118.44,146.48,"입주매매 넓은평수, 에어컨풀, 정남향 트인뷰, 세대창고, 우수커뮤",고덕굿모닝(437-6009)공인중개사사무소,4,2026-10-02,2026-10-09,2026-10-10,,,1
2653066985,2654475220,godeok_xi,sale,220000,,108,9,84.73,110.00,"커뮤니티최고시설,풀옵션,학세권고일초5분거리,정상입주",경성공인중개사사무소,36,2026-10-02,2026-10-09,2026-10-10,,,1
2653069067,2653315785,godeok_xi,sale,215000,,108,저,84.44,110.43,"커뮤니티최고시설,풀옵션,학세권고일초5분거리,입주협의",경성공인중개사사무소,3,2026-10-02,2026-10-09,2026-10-10,,,1
2653069631,2654381317,godeok_xi,sale,230000,,107,11,84.73,110.00,"커뮤니티최고시설,풀옵션,학세권고일초5분거리,정상입주",경성공인중개사사무소,12,2026-10-02,2026-10-09,2026-10-10,,,1
2653079793,2654461224,godeok_xi,sale,185000,,102,중,59.93,83.30,,조은동네부동산426-9800공인중개사사무소,10,2026-10-02,2026-10-09,2026-10-10,,,1
2653103166,2653103166,godeok_xi,sale,185000,,119,저,59.93,83.30,추천.개방감좋은 뷰.초품아.풀에어컨.역 도보권.우수커뮤니티,키움공인중개사사무소,1,2026-10-02,2026-10-09,2026-10-10,,,1
2653124690,2654475233,godeok_xi,sale,185000,,119,중,59.93,83.30,추천.세안고 l 탁트인뷰 l 27년상반기입주 l 초품아,노아공인중개사사무소,19,2026-10-02,2026-10-09,2026-10-10,,,1
2653139143,2654479747,godeok_xi,sale,200000,,119,14,74.30,99.02,"입주협의,초품아,귀한평형,통풍 채광좋은집,편리한커뮤니티.",고덕설연공인중개사사무소,38,2026-10-02,2026-10-09,2026-10-10,,,1
2653139203,2653257743,godeok_xi,sale,238000,,117,중,101.99,128.29,시스템에어컨 막힘없는뷰 세안고매매,고덕자이(441-0109)공인중개사사무소,6,2026-10-02,2026-10-09,2026-10-10,,,1
2653152944,2654475226,godeok_xi,sale,220000,,109,저,84.97,109.92,입주 로얄동 채광 조망 굿 학군우수 초품아 커뮤니티 우수,고덕시온공인중개사사무소,28,2026-10-02,2026-10-09,2026-10-10,,,1
2653153344,2654475220,godeok_xi,sale,220000,,108,고,84.73,110.00,입주가능 초품아 학교인근 채광 조망 굿 로얄동 학군우수 커뮤니티 우수,고덕시온공인중개사사무소,36,2026-10-02,2026-10-09,2026-10-10,,,1
2653158041,2654479785,godeok_xi,sale,188000,,111,21,59.93,83.30,입주협의. 채광좋은 트인뷰. 시스템에어컨. 초품아아파트,참좋은공인중개사사무소,45,2026-10-02,2026-10-09,2026-10-10,,,1
2653158814,2654392913,godeok_xi,wolse,10000,300,102,저,59.93,83.30,,고덕굿모닝(437-6009)공인중개사사무소,2,2026-10-02,2026-10-09,2026-10-10,,,1
2653174851,2654241365,godeok_xi,sale,220000,,118,26,84.97,109.92,"추천, 입주 매매, 탁트인 환한 뷰, 풀에어컨, 초품아, 우수 커뮤니티",자이햇살공인중개사사무소,6,2026-10-02,2026-10-09,2026-10-10,,,1
2653216201,2654475228,godeok_xi,sale,270000,,116,고,118.44,146.48,"올확장, 정남향의 확트인 뷰,풀시스템에어컨,초품아,우수커뮤니티",단지내이레(443-6606)공인중개사사무소,27,2026-10-03,2026-10-09,2026-10-10,,,1
2653231732,2654381317,godeok_xi,sale,230000,,107,고,84.73,110.00,로얄동층 전망좋은뷰 채광좋은판상형 풀에어컨 정남향,고덕스카이공인중개사사무소,12,2026-10-03,2026-10-09,2026-10-10,,,1
2653231912,2653231912,godeok_xi,sale,230000,,109,중,84.44,110.43,추천입주 채광좋은로얄동층 거실뷰좋음 풀에어컨 풀옵션 팬트리공간,고덕스카이공인중개사사무소,1,2026-10-03,2026-10-09,2026-10-10,,,1
2653257743,2653257743,godeok_xi,sale,238000,,117,12,101.99,128.29,"넓은평수, 에풀, 개방감굿 탁트인뷰, 고일초초품아, 커뮤니티우수",고덕굿모닝(437-6009)공인중개사사무소,6,2026-10-03,2026-10-09,2026-10-10,,,1
2653276692,2654462022,godeok_xi,jeonse,84000,,111,고,59.93,83.30,시원한 고층 트인뷰. 로얄 고덕천뷰. 채광 통풍좋은 판상형 구조,일등그라시움 부동산중개,12,2026-10-03,2026-10-09,2026-10-10,,,1
2653276862,2654382099,godeok_xi,wolse,70000,60,111,고,59.93,83.30,뛰어난 조망권. 시원한 고층 뷰. 시스템 에어컨. 전세도 가능,일등그라시움 부동산중개,10,2026-10-03,2026-10-09,2026-10-10,,,1
2653279793,2654405193,godeok_xi,sale,215000,,118,고,84.44,110.43,"커뮤니티최고시설,풀옵션,학세권고일초5분거리,정상입주",경성공인중개사사무소,8,2026-10-03,2026-10-09,2026-10-10,,,1
2653280198,2654465807,godeok_xi,sale,220000,,114,저,84.44,110.43,"커뮤니티최고시설,풀옵션,학세권고일초5분거리",경성공인중개사사무소,17,2026-10-03,2026-10-09,2026-10-10,,,1
2653280375,2654041895,godeok_xi,sale,220000,,119,고,74.82,98.73,"커뮤니티최고시설,풀에어컨,학세권고일초5분거리,세끼고",경성공인중개사사무소,8,2026-10-03,2026-10-09,2026-10-10,,,1
2653285725,2654475233,godeok_xi,sale,185000,,119,중,59.93,83.30,입주협의세안고 트인뷰 초품아 통풍 채광좋은집 편리한커뮤니티.,상일설연부동산중개,19,2026-10-03,2026-10-09,2026-10-10,,,1
2653286771,2653286771,godeok_xi,sale,220000,,110,중,84.44,110.43,"커뮤니티최고시설,풀옵션,학세권고일초5분거리,정상입주",경성공인중개사사무소,3,2026-10-03,2026-10-09,2026-10-10,,,1
2653289493,2654472698,godeok_xi,sale,185000,,102,고,59.93,83.30,입구 최고동 입주 초품아 상가근거리 풀옵션 입니다,대일공인중개사사무소,13,2026-10-03,2026-10-09,2026-10-10,,,1
2653293739,2654382099,godeok_xi,wolse,70000,60,111,고,59.93,83.30,"추.천. 귀한 25P월세, 탁트인 고덕천뷰,11월,관리잘된 집,로얄층",강동명문공인중개사사무소,10,2026-10-03,2026-10-09,2026-10-10,,,1
2653295469,2654241365,godeok_xi,sale,220000,,118,고,84.97,109.92,로얄동 입주매매 채광 조망 굿 넓은 뷰 초품아 학군우수 커뮤니티 우수,고덕시온공인중개사사무소,6,2026-10-03,2026-10-09,2026-10-10,,,1
2653295613,2654373530,godeok_xi,jeonse,105000,,114,저,84.44,110.43,강추.너무좋은집.에어컨풀.중문.고일초품아.상일중.한영중학군.12월중순,고덕베네루체공인중개사사무소,5,2026-10-03,2026-10-09,2026-10-10,,,1
2653296114,2654475233,godeok_xi,sale,185000,,119,중,59.93,83.30,세안고 로얄동 채광 조망 굿 초품아 학군우수 커뮤니티 우수,고덕시온공인중개사사무소,19,2026-10-03,2026-10-09,2026-10-10,,,1
2653296358,2653296358,godeok_xi,sale,200000,,115,고,74.82,98.73,단독 늦은입주 귀한 매물 채광 조망 굿 초품아 학군우수 커뮤니티,고덕시온공인중개사사무소,1,2026-10-03,2026-10-09,2026-10-10,,,1
2653305451,2654475227,godeok_xi,sale,185000,,105,저,59.93,83.30,T3013 2500 시에 깨끗하게 관리된집 채광우수 안정적인뷰,부동산뉴스공인중개사사무소,20,2026-10-03,2026-10-09,2026-10-10,,,1
2653307457,2654434420,godeok_xi,sale,217000,,110,중,84.44,110.43,"세안고,중앙동,엘베2,수납좋은구조,채광좋음,세대창고,커뮤니티굿.",상일설연부동산중개,15,2026-10-03,2026-10-09,2026-10-10,,,1
2653307878,2654479743,godeok_xi,sale,205000,,109,저,84.97,109.92,"세안고,중앙동,엘베2,수납좋은구조,채광좋음,세대창고,커뮤니티굿.",상일설연부동산중개,19,2026-10-03,2026-10-09,2026-10-10,,,1
2653308045,2654410409,godeok_xi,sale,218000,,109,저,84.97,109.92,"상일동역 도보권, 초품아, 풀에, 확트인 남동향 ,인기동,",상일설연부동산중개,14,2026-10-03,2026-10-09,2026-10-10,,,1
2653311027,2653311027,godeok_xi,jeonse,105000,,104,고,84.44,110.43,추천. 고층 시원한뷰.풀에어컨. 역에서 가까운동. 초품아,고덕햇살426-3336공인중개사사무소,1,2026-10-03,2026-10-09,2026-10-10,,,1
2653315785,2653315785,godeok_xi,sale,215000,,108,저,84.44,110.43,"34p 고일초 바로옆 초품아, 조망굿, 채광굿 트인뷰, 입주협의",고덕리더스부동산공인중개사사무소,3,2026-10-03,2026-10-09,2026-10-10,,,1
2653315794,2654475228,godeok_xi,sale,270000,,116,고,118.44,146.48,44p 강추 귀한 대형 풀옵션 탁트인 공원 뻥뷰 역세권 밝고환한집,고덕리더스부동산공인중개사사무소,27,2026-10-03,2026-10-09,2026-10-10,,,1
2653315879,2654479737,godeok_xi,sale,207000,,109,고,84.97,109.92,34p 강추 역세권 풀에어컨 조망굿 고일초 세안고,고덕리더스부동산공인중개사사무소,28,2026-10-03,2026-10-09,2026-10-10,,,1
2653315909,2654479747,godeok_xi,sale,200000,,119,중,74.30,99.02,30p 강추 입주매매 풀옵션 트인 뷰 관리잘된집,고덕리더스부동산공인중개사사무소,38,2026-10-03,2026-10-09,2026-10-10,,,1
2653318411,2654472702,godeok_xi,sale,200000,,111,중,74.30,99.02,"커뮤니티최고시설,풀옵션,학세권고일초5분거리,정상입주",경성공인중개사사무소,20,2026-10-03,2026-10-09,2026-10-10,,,1
2653323419,2654479747,godeok_xi,sale,200000,,119,14,74.30,99.02,확트인 시원한뷰.채광굿.풀에어컨.선호타입.초품아.전철역 도보권,키움공인중개사사무소,38,2026-10-03,2026-10-09,2026-10-10,,,1
2653359451,2654475228,godeok_xi,sale,270000,,116,13,118.44,146.48,추천 I 풀에어컨 I 트인고층뷰 I 고일초근접,노아공인중개사사무소,27,2026-10-05,2026-10-09,2026-10-10,,,1
2653359470,2654475220,godeok_xi,sale,220000,,108,9,84.73,110.00,방4 I 풀시스템에어컨 I 로얄동층 I 트인뷰,노아공인중개사사무소,36,2026-10-05,2026-10-09,2026-10-10,,,1
2653359472,2654475226,godeok_xi,sale,220000,,109,저,84.97,109.92,로얄동 I 넓은동간격 I 시스템에어컨,노아공인중개사사무소,28,2026-10-05,2026-10-09,2026-10-10,,,1
2653392260,2654405193,godeok_xi,sale,215000,,118,고,84.44,110.43,트인뷰 일조량풍부 초품아 명문중고교학군 좋은집 입니다,대일공인중개사사무소,8,2026-10-05,2026-10-09,2026-10-10,,,1
2653393225,2654393829,godeok_xi,sale,185000,,102,중,59.93,83.30,추천. 입주매매. 로얄동층. 트인뷰. 집상태최상,그라시움하늘공인중개사사무소,2,2026-10-05,2026-10-09,2026-10-10,,,1
2653403679,2654041895,godeok_xi,sale,220000,,119,고,74.82,98.73,"세안고 매매, 탁트인 환한 뷰, 풀에어컨, 초품아, 우수 커뮤니티",자이햇살공인중개사사무소,8,2026-10-05,2026-10-09,2026-10-10,,,1
2653415159,2654479747,godeok_xi,sale,200000,,119,14,74.30,99.02,"추천, 입주 가능, 탁트인 환한 뷰, 풀에어컨, 초품아, 우수 커뮤니티",자이햇살공인중개사사무소,38,2026-10-05,2026-10-09,2026-10-10,,,1
2653429846,2654475228,godeok_xi,sale,270000,,116,13,118.44,146.48,"풀옵션, 정남향, 초품아 우수학군, 우수커뮤니티, 조합원물건",고덕굿모닝(437-6009)공인중개사사무소,27,2026-10-05,2026-10-09,2026-10-10,,,1
2653443539,2653999737,godeok_xi,sale,190000,,102,저,59.93,83.30,"트인 전면뷰,에어컨,로얄동 로얄층,입주협의",센트럴부자공인중개사사무소,14,2026-10-05,2026-10-09,2026-10-10,,,1
2653468157,2654465807,godeok_xi,sale,220000,,114,저,84.44,110.43,"엘베2,초품아,올확장풀옵션,역세권,커뮤니티굿,세대창고",상일설연부동산중개,17,2026-10-05,2026-10-09,2026-10-10,,,1
2653486566,2653999737,godeok_xi,sale,190000,,102,저,59.93,83.30,역세권 상가이용편리함 채광좋음 초품아 커뮤니티굿,고덕설연공인중개사사무소,14,2026-10-05,2026-10-09,2026-10-10,,,1
2653486572,2654479071,godeok_xi,sale,185000,,115,저,59.93,83.30,급매 입주협의 통풍좋은구조 편리한 커뮤니티,고덕설연공인중개사사무소,22,2026-10-05,2026-10-09,2026-10-10,,,1
2653486580,2654475233,godeok_xi,sale,185000,,119,중,59.93,83.30,입주협의 트인뷰 초품아 통풍 채광좋은집 편리한커뮤니티.,고덕설연공인중개사사무소,19,2026-10-05,2026-10-09,2026-10-10,,,1
2653486582,2654475220,godeok_xi,sale,220000,,108,9,84.73,110.00,"정남향,올확장,풀옵션,채광좋음,초품아,상가이용편리,편리한커뮤니티.",고덕설연공인중개사사무소,36,2026-10-05,2026-10-09,2026-10-10,,,1
2653486586,2654472702,godeok_xi,sale,200000,,111,중,74.30,99.02,입주매매 트인뷰 관리잘된깨끗한집,고덕설연공인중개사사무소,20,2026-10-05,2026-10-09,2026-10-10,,,1
2653487146,2654479785,godeok_xi,sale,188000,,111,21,59.93,83.30,"풀에어컨,안방붙박이장,집상태최상, 뻥뷰, 세대창고,초품아,정상입주",으뜸그라시움공인중개사사무소,45,2026-10-05,2026-10-09,2026-10-10,,,1
2653493705,2654381317,godeok_xi,sale,230000,,107,고,84.73,110.00,"상가이용편리, 주차공간 많은동 커뮤니티이용편리 초품아 풀에",상일설연부동산중개,12,2026-10-05,2026-10-09,2026-10-10,,,1
2653495938,2653495938,godeok_xi,sale,210000,,103,저,84.97,109.92,풀에어컨 트인뷰엘베2대,고덕자이(441-0109)공인중개사사무소,1,2026-10-05,2026-10-09,2026-10-10,,,1
2653496135,2654434420,godeok_xi,sale,217000,,110,중,84.44,110.43,풀에어컨 트인뷰 엘베2대,고덕자이(441-0109)공인중개사사무소,15,2026-10-05,2026-10-09,2026-10-10,,,1
2653496299,2654365263,godeok_xi,sale,220000,,104,중,84.44,110.43,풀에어컨 트인뷰 엘베2대,고덕자이(441-0109)공인중개사사무소,5,2026-10-05,2026-10-09,2026-10-10,,,1
2653498581,2654465807,godeok_xi,sale,220000,,114,저,84.44,110.43,풀에어컨 풀옵션 엘베2대,고덕자이(441-0109)공인중개사사무소,17,2026-10-05,2026-10-09,2026-10-10,,,1
2653274294,2654479747,godeok_xi,sale,200000,,119,중,74.30,99.02,"입주매매, 로얄층, 풀에어컨, 초품아, 커뮤니티 시설 우수",고덕현대공인중개사사무소,38,2026-10-06,2026-10-09,2026-10-10,,,1
2653280538,2654462288,godeok_xi,sale,220000,,114,고,84.97,109.92,"커뮤니티최고시설,풀에어컨,학세권고일초5분거리,정상입주",경성공인중개사사무소,7,2026-10-06,2026-10-09,2026-10-10,,,1
2653394707,2654472698,godeok_xi,sale,185000,,102,고,59.93,83.30,"25,정남향, 단지초입 교통편리, 고일초근접,커뮤니티시설 및 상가근접",고일공인중개사사무소,13,2026-10-06,2026-10-09,2026-10-10,,,1
2653409120,2654475235,godeok_xi,sale,200000,,111,중,74.82,98.73,풀옵션 세안고 27.6월 귀한평형 대단지커뮤너티 고일초품,고덕무지개공인중개사사무소,13,2026-10-06,2026-10-09,2026-10-10,,,1
2653409954,2654479785,godeok_xi,sale,188000,,111,고,59.93,83.30,트인뷰 풀에어콘 커뮤너티우수 입주협의,고덕무지개공인중개사사무소,45,2026-10-06,2026-10-09,2026-10-10,,,1
2653414856,2653414856,godeok_xi,sale,215000,,110,고,84.97,109.92,"추천 판상형,입주급매, 엘베2대, 에어컨풀, 초품아,지하세대창고",고덕굿모닝(437-6009)공인중개사사무소,1,2026-10-06,2026-10-09,2026-10-10,,,1
2653486591,2654479737,godeok_xi,sale,207000,,109,25,84.97,109.92,"세안고,엘베2,풀에,중앙선호동,채광좋음,세대창고,커뮤니티굿.",고덕설연공인중개사사무소,28,2026-10-06,2026-10-09,2026-10-10,,,1
2653529241,2654479743,godeok_xi,sale,205000,,109,저,84.97,109.92,입주매매 채광좋음 중앙동 엘베2 초품아 세대창고.,고덕설연공인중개사사무소,19,2026-10-06,2026-10-09,2026-10-10,,,1
2653529439,2654479785,godeok_xi,sale,188000,,111,21,59.93,83.30,입주협의 관리잘된깨끗한집 정원뷰 초품아 세대창고 커뮤니티굿.,고덕설연공인중개사사무소,45,2026-10-06,2026-10-09,2026-10-10,,,1
2653564010,2654475220,godeok_xi,sale,220000,,108,9,84.73,110.00,입주매매 학교옆 로얄동호 풀에어컨 방4 중문 우수커뮤니티,파크자이(428-4270)공인중개사사무소,36,2026-10-06,2026-10-09,2026-10-10,,,1
2653571232,2654475226,godeok_xi,sale,220000,,109,저,84.97,109.92,에어컨5대 중문 고일초품아 우수커뮤니티 방3,파크자이(428-4270)공인중개사사무소,28,2026-10-06,2026-10-09,2026-10-10,,,1
2653574152,2654479747,godeok_xi,sale,200000,,119,14,74.30,99.02,입주매매 확트인뷰 풀에어컨 초품아 우수커뮤니티,파크자이(428-4270)공인중개사사무소,38,2026-10-06,2026-10-09,2026-10-10,,,1
2653586743,2654413936,godeok_xi,sale,210000,,110,19,84.44,110.43,"추천. 시원한 고층뷰. 역,상가 가까운동. 선호타입. 풀에어컨.초품아",고덕햇살426-3336공인중개사사무소,5,2026-10-06,2026-10-09,2026-10-10,,,1
2653606452,2654461224,godeok_xi,sale,185000,,102,중,59.93,83.30,T 02 3013 2500 초품아 상가이용편리 지하철가까운동 트인조망,부동산뉴스공인중개사사무소,10,2026-10-06,2026-10-09,2026-10-10,,,1
2653611441,2654402650,godeok_xi,sale,180000,,115,저,59.70,84.28,추천. 세안고 매매. 확트이뷰. 풀에어컨. 관리잘된집,그라시움하늘공인중개사사무소,23,2026-10-06,2026-10-09,2026-10-10,,,1
2653617412,2654472698,godeok_xi,sale,185000,,102,11,59.93,83.30,강추 입주매물 로얄동 정남향 트인조망 풀옵션 컨디션최상 초품아,고덕선경(428-3939)공인중개사사무소,13,2026-10-06,2026-10-09,2026-10-10,,,1
2653628326,2654479785,godeok_xi,sale,188000,,111,고,59.93,83.30,입주 로얄동층 컨디션최상 시스템에어컨 초품아 채광굿,고덕선경(428-3939)공인중개사사무소,45,2026-10-06,2026-10-09,2026-10-10,,,1
2653632316,2653632316,godeok_xi,wolse,70000,140,109,저,84.97,109.92,"시스템에어컨, 로얄동 채광좋은집, 방4개, 세대창고, 우수커뮤",고덕굿모닝(437-6009)공인중개사사무소,1,2026-10-06,2026-10-09,2026-10-10,,,1
2653665091,2654475226,godeok_xi,sale,220000,,109,저,84.97,109.92,34p 방4 특인테리어 에어컨3 중문 트인뷰 정상입주,고덕리더스부동산공인중개사사무소,28,2026-10-06,2026-10-09,2026-10-10,,,1
2653665503,2654475220,godeok_xi,sale,220000,,108,9,84.73,110.00,"34p 방4, 고일초 바로옆, 풀옵션, 정남향, 트인뷰, 정상입주",고덕리더스부동산공인중개사사무소,36,2026-10-06,2026-10-09,2026-10-10,,,1
2653666037,2653666037,godeok_xi,sale,300000,,116,중,118.44,146.48,44p 입주매매 로얄 동 층 확트인뷰 초품아 풀옵션,고덕리더스부동산공인중개사사무소,4,2026-10-06,2026-10-09,2026-10-10,,,1
2653683554,2654462022,godeok_xi,jeonse,84000,,111,고,59.93,83.30,월세 7억60도 가능,김앤김그라시움공인,12,2026-10-06,2026-10-09,2026-10-10,,,1
2653684139,2653684139,godeok_xi,sale,260000,,117,고,101.04,127.09,입주. 풀에어컨. 고일초품아. 앞동없는 고층조망,원스탑공인중개사사무소,1,2026-10-06,2026-10-09,2026-10-10,,,1
2653685175,2654479785,godeok_xi,sale,188000,,111,21,59.93,83.30,"늦은입주,로얄동층,채광굿,풀에어컨,초품아",고덕현대공인중개사사무소,45,2026-10-06,2026-10-09,2026-10-10,,,1
2653685948,2654475226,godeok_xi,sale,220000,,109,저,84.97,109.92,방3 확장구조 풀옵션 관리잘된집,고덕세븐공인중개사사무소,28,2026-10-06,2026-10-09,2026-10-10,,,1
2653697609,2654479785,godeok_xi,sale,188000,,111,21,59.93,83.30,전문브리핑완료로얄층풀옵션남서향 좋은집좋은아파트 연락주세요,에이원공인중개사사무소,45,2026-10-06,2026-10-09,2026-10-10,,,1
2653697984,2654472698,godeok_xi,sale,185000,,102,11,59.93,83.30,정확한브리핑준비된 좋은집로열층로열동,에이원공인중개사사무소,13,2026-10-06,2026-10-09,2026-10-10,,,1
2653720820,2654475226,godeok_xi,sale,220000,,109,저,84.97,109.92,로얄동 조용하고 초록 예쁜 정원뷰 풀인테리어 초품아 입주매매,그라시움이화공인중개사사무소,28,2026-10-06,2026-10-09,2026-10-10,,,1
2653745056,2654475227,godeok_xi,sale,185000,,105,저,59.93,83.30,"커뮤니티최고시설,풀옵션,학세권고일초5분거리,정상입주",경성공인중개사사무소,20,2026-10-06,2026-10-09,2026-10-10,,,1
2653745328,2654475233,godeok_xi,sale,185000,,119,중,59.93,83.30,"커뮤니티최고시설, 시스템 에어컨, 트인뷰, 늦은 입주",경성공인중개사사무소,19,2026-10-06,2026-10-09,2026-10-10,,,1
2653745614,2654402650,godeok_xi,sale,180000,,115,2,59.70,84.28,"커뮤니티최고시설,풀옵션,학세권고일초5분거리,세끼고",경성공인중개사사무소,23,2026-10-06,2026-10-09,2026-10-10,,,1
2653763189,2654479785,godeok_xi,sale,188000,,111,21,59.93,83.30,늦은입주 로얄동층 풀에어컨 세대창고 우수커뮤니티 초품아,강동위드공인중개사사무소,45,2026-10-06,2026-10-09,2026-10-10,,,1
2653776823,2654479747,godeok_xi,sale,200000,,119,14,74.30,99.02,"커뮤니티최고시설,풀에어컨,학세권고일초5분거리,정상입주",경성공인중개사사무소,38,2026-10-06,2026-10-09,2026-10-10,,,1
2653777475,2654402650,godeok_xi,sale,180000,,115,저,59.70,84.28,세안고. 고덕천트인뷰. 시스템에어컨풀. 초품아아파트,참좋은공인중개사사무소,23,2026-10-06,2026-10-09,2026-10-10,,,1
2653779774,2654381317,godeok_xi,sale,230000,,107,고,84.73,110.00,늦은입주. 고일초초품아. 채광좋은 남향. 강력추천 우수커뮤니티,참좋은공인중개사사무소,12,2026-10-06,2026-10-09,2026-10-10,,,1
2653779834,2653779834,godeok_xi,sale,215000,,111,고,74.82,98.73,풀에어컨 귀한 A타입,고덕자이(441-0109)공인중개사사무소,1,2026-10-06,2026-10-09,2026-10-10,,,1
2653780341,2654475233,godeok_xi,sale,185000,,119,중,59.93,83.30,세안고. 개방감좋은 고덕천뷰. 시스템에어컨.채광통풍굿.,참좋은공인중개사사무소,19,2026-10-06,2026-10-09,2026-10-10,,,1
2653782852,2654475226,godeok_xi,sale,220000,,109,저,84.97,109.92,"초품단지. 관리잘된 예쁜집 .풀시스템에어컨 ,판상",참좋은공인중개사사무소,28,2026-10-06,2026-10-09,2026-10-10,,,1
2653784277,2654479737,godeok_xi,sale,207000,,109,25,84.97,109.92,세안고. 풀에어컨 선호구조.강력추천 우수커뮤니티,참좋은공인중개사사무소,28,2026-10-06,2026-10-09,2026-10-10,,,1
2653784996,2654475227,godeok_xi,sale,185000,,105,저,59.93,83.30,"추.천. 25P 관리 잘된집, 예쁜단지뷰,에풀, 세안고,",강동명문공인중개사사무소,20,2026-10-06,2026-10-09,2026-10-10,,,1
2653785766,2654479747,godeok_xi,sale,200000,,119,중,74.30,99.02,입주협의.탁트인뷰. 풀에어컨 강력추천 우수커뮤니티,참좋은공인중개사사무소,38,2026-10-06,2026-10-09,2026-10-10,,,1
2653786597,2654479785,godeok_xi,sale,188000,,111,고,59.93,83.30,"귀한 25p , 주인거주, 로얄층,입주일조정,에4, 세대창고,",강동명문공인중개사사무소,45,2026-10-06,2026-10-09,2026-10-10,,,1
2653788408,2654475220,godeok_xi,sale,220000,,108,9,84.73,110.00,풀에어컨.입주협의가능.판상형 선호구조.강력추천 로얄동 로얄층.,참좋은공인중개사사무소,36,2026-10-06,2026-10-09,2026-10-10,,,1
2653800041,2654405193,godeok_xi,sale,215000,,118,고,84.44,110.43,늦은입주.로얄층.채광좋은 탁트인뷰. 시스템에어컨.강력추천 우수커뮤니티,참좋은공인중개사사무소,8,2026-10-06,2026-10-09,2026-10-10,,,1
2653800123,2654472702,godeok_xi,sale,200000,,111,중,74.30,99.02,관리잘된 집. 고덕천 조망.시스템에어컨풀. 초품아아파트,참좋은공인중개사사무소,20,2026-10-06,2026-10-09,2026-10-10,,,1
2653808018,2654475220,godeok_xi,sale,220000,,108,9,84.73,110.00,정남향 밝은집,고덕자이(441-0109)공인중개사사무소,36,2026-10-06,2026-10-09,2026-10-10,,,1
2653817348,2654475228,godeok_xi,sale,270000,,116,13,118.44,146.48,추천 I 풀에어컨 I 트인고층뷰 I 고일초근접,노아공인중개사사무소,27,2026-10-07,2026-10-09,2026-10-10,,,1
2653817373,2654475220,godeok_xi,sale,220000,,108,9,84.73,110.00,방4 I 풀시스템에어컨 I 로얄동층 I 트인뷰,노아공인중개사사무소,36,2026-10-07,2026-10-09,2026-10-10,,,1
2653817382,2654475226,godeok_xi,sale,220000,,109,저,84.97,109.92,로얄동 I 넓은동간격 I 시스템에어컨,노아공인중개사사무소,28,2026-10-07,2026-10-09,2026-10-10,,,1
2653872817,2653872817,godeok_xi,sale,236000,,117,고,101.99,128.29,단독 초급매 탁트인전망뷰최고 채광좋은로얄동층 풀에어컨 방4 초품아,고덕스카이공인중개사사무소,1,2026-10-07,2026-10-09,2026-10-10,,,1
2653876609,2654465807,godeok_xi,sale,220000,,114,저,84.44,110.43,"늦은 입주, 풀옵션, 트인 환한 뷰, 수납 좋은 타입, 초품아",자이햇살공인중개사사무소,17,2026-10-07,2026-10-09,2026-10-10,,,1
2653877334,2654381317,godeok_xi,sale,230000,,107,11,84.73,110.00,"늦은 입주, 정남향 밝은 집, 풀에어컨, 학교 지하철 가까운 동",자이햇살공인중개사사무소,12,2026-10-07,2026-10-09,2026-10-10,,,1
2653881824,2654479071,godeok_xi,sale,185000,,115,저,59.93,83.30,강추 늦은입주 초품아 시스템에어컨 커뮤니티우수,고덕선경(428-3939)공인중개사사무소,22,2026-10-07,2026-10-09,2026-10-10,,,1
2653893305,2653893305,godeok_xi,sale,220000,,118,중,84.44,110.43,T3013 2500 채광굿 탁트인조망 햇살가득 사계절느낄수있는집,부동산뉴스공인중개사사무소,1,2026-10-07,2026-10-09,2026-10-10,,,1
2653897227,2654413936,godeok_xi,sale,210000,,110,19,84.44,110.43,"추천, 밝고 환한 고층뷰, 선호 타입, 풀옵션, 초품아, 우수 커뮤니티",자이햇살공인중개사사무소,5,2026-10-07,2026-10-09,2026-10-10,,,1
2653897297,2654475226,godeok_xi,sale,220000,,109,저,84.97,109.92,"특올수리, 풀에어컨, 중앙동, 초품아, 우수 커뮤니티.",고덕탑공인중개사사무소,28,2026-10-07,2026-10-09,2026-10-10,,,1
2653898031,2654475220,godeok_xi,sale,220000,,108,고,84.73,110.00,"풀에어컨, 트인뷰. 채광 굿. 로얄동 층, 초품아, 우수 커뮤니티.",고덕탑공인중개사사무소,36,2026-10-07,2026-10-09,2026-10-10,,,1
2653898114,2654465807,godeok_xi,sale,220000,,114,저,84.44,110.43,풀에어컨. 김냉. 수납좋음. 트인 전망. 초품아. 늦은 입주,고덕탑공인중개사사무소,17,2026-10-07,2026-10-09,2026-10-10,,,1
2653898239,2654479737,godeok_xi,sale,207000,,109,고,84.97,109.92,추천. 전세안고 매매. 풀에어컨. 로얄동 층. 초품아. 우수 커뮤니티.,고덕탑공인중개사사무소,28,2026-10-07,2026-10-09,2026-10-10,,,1
2653898381,2654402650,godeok_xi,sale,180000,,115,저,59.70,84.28,"풀에어컨, 트인뷰, 채광좋은 집, 우수 커뮤니티시설.",고덕탑공인중개사사무소,23,2026-10-07,2026-10-09,2026-10-10,,,1
2653898521,2654479747,godeok_xi,sale,200000,,119,중,74.30,99.02,"풀에어컨, 트인뷰. 채광 굿. 초품아, 우수 커뮤니티.",고덕탑공인중개사사무소,38,2026-10-07,2026-10-09,2026-10-10,,,1
2653898953,2654475228,godeok_xi,sale,255000,,116,고,118.44,146.48,"44p.풀에어컨, 남향. 채광좋고 트인 뷰, 고일초, 우수 커뮤니티",고덕탑공인중개사사무소,27,2026-10-07,2026-10-09,2026-10-10,,,1
2653899049,2654479785,godeok_xi,sale,188000,,111,고,59.93,83.30,"풀에어컨, 채광좋은 집, 판상형 .지하창고. 우수 커뮤니티시설.",고덕탑공인중개사사무소,45,2026-10-07,2026-10-09,2026-10-10,,,1
2653899127,2654475227,godeok_xi,sale,185000,,105,저,59.93,83.30,"풀에어컨, 판상형. 우수 커뮤니티시설. 늦은 입주.",고덕탑공인중개사사무소,20,2026-10-07,2026-10-09,2026-10-10,,,1
2653905142,2654475233,godeok_xi,sale,185000,,119,중,59.93,83.30,"탁트인뷰 선호평형, 시스템에어컨, 고일초초품아, 우수커뮤니티",고덕굿모닝(437-6009)공인중개사사무소,19,2026-10-07,2026-10-09,2026-10-10,,,1
2653909820,2654464320,godeok_xi,sale,215000,,113,중,84.44,110.43,풀에어컨. 선호타입. 깔끔한 인테리어. 트인 전망. 늦은 입주,고덕탑공인중개사사무소,6,2026-10-07,2026-10-09,2026-10-10,,,1
2653912241,2654472698,godeok_xi,sale,185000,,102,11,59.93,83.30,풀옵션 포쉐린바닥 초품아 상일역 상가 근거리 깔끔 밝고 예쁜집,대일공인중개사,13,2026-10-07,2026-10-09,2026-10-10,,,1
2653916721,2654382099,godeok_xi,wolse,70000,60,111,고,59.93,83.30,STAR추천 로얄동 뻥뷰 고덕천뷰 에어컨O 관리잘된집,고덕스타공인중개사사무소,10,2026-10-07,2026-10-09,2026-10-10,,,1
2653920993,2654462022,godeok_xi,jeonse,84000,,111,고,59.93,83.30,STAR추천 로얄동 뻥뷰 고덕천뷰 에어컨O 관리잘된집,고덕스타공인중개사사무소,12,2026-10-07,2026-10-09,2026-10-10,,,1
2653923258,2654472756,godeok_xi,sale,205000,,109,저,84.44,110.43,입주 학세권 역세권 초품아 커뮤니티최고,하남시청역공인중개사사무소,7,2026-10-07,2026-10-09,2026-10-10,,,1
2653923658,2654434420,godeok_xi,sale,217000,,110,중,84.44,110.43,STAR추천 로얄동 중문 늦은입주 풀에어컨 엘베2대,고덕스타공인중개사사무소,15,2026-10-07,2026-10-09,2026-10-10,,,1
2653940061,2653940061,godeok_xi,jeonse,108000,,114,중,84.44,110.43,풀옵션 에5 공기청정기5 인덕션 중문 간접조명 폴리싱타일 대리석마감,삼원공인중개사,1,2026-10-07,2026-10-09,2026-10-10,,,1
2653971299,2654434420,godeok_xi,sale,217000,,110,중,84.44,110.43,"탁트인뷰,입주,초품아,풀옵션",고덕종점그라시움공인중개사사무소,15,2026-10-07,2026-10-09,2026-10-10,,,1
2653975051,2653975051,godeok_xi,sale,205000,,109,저,84.44,110.43,T3013 2500 채광굿 탁트인조망 햇살가득 사계절느낄수있는집,부동산뉴스공인중개사사무소,1,2026-10-07,2026-10-09,2026-10-10,,,1
2653980112,2654461224,godeok_xi,sale,185000,,102,중,59.93,83.30,"커뮤니티최고시설, 지하철 가까운 동, 시스템에어컨, 학세권",경성공인중개사사무소,10,2026-10-07,2026-10-09,2026-10-10,,,1
2653981449,2654479743,godeok_xi,sale,205000,,109,저,84.97,109.92,"추.천.입주매매,고급 인테리어,풀에, 채광좋은 로얄동,막힘없이 탁 트인뷰",강동명문공인중개사사무소,19,2026-10-07,2026-10-09,2026-10-10,,,1
2653986912,2654426859,godeok_xi,sale,212000,,116,저,84.44,110.43,"트인뷰, 입주가, 초품아, 에어컨5대, 중문, 폴리싱타일,창전체썬블럭필름",금강공인중개사사무소,2,2026-10-07,2026-10-09,2026-10-10,,,1
2653999737,2653999737,godeok_xi,sale,190000,,102,2,59.93,83.30,"정남향 판상형, 입주, 지하철, 상가 이용편리, 우수커뮤니티",고덕현대공인중개사사무소,14,2026-10-07,2026-10-09,2026-10-10,,,1
2654005522,2654479747,godeok_xi,sale,200000,,119,14,74.30,99.02,"입주협의,초품아,귀한평형,통풍 채광좋은집,편리한커뮤니티.",상일설연부동산중개,38,2026-10-07,2026-10-09,2026-10-10,,,1
2654005854,2654464320,godeok_xi,sale,215000,,113,중,84.44,110.43,"커뮤니티최고시설,풀옵션, 화이트 인테리어, 늦은 입주",경성공인중개사사무소,6,2026-10-07,2026-10-09,2026-10-10,,,1
2654009511,2654009511,godeok_xi,sale,220000,,113,중,84.97,109.92,즉시입주 풀에어컨 풀옵션 트인뷰 로얄,고덕신흥공인중개사사무소,1,2026-10-07,2026-10-09,2026-10-10,,,1
2654012702,2654472756,godeok_xi,sale,205000,,109,저,84.44,110.43,"단독. 주인거주 급매. 풀옵션,고급 인테리어,로얄동, 밝고 트인 뷰",강동명문공인중개사사무소,7,2026-10-07,2026-10-09,2026-10-10,,,1
2654028974,2654399909,godeok_xi,jeonse,130000,,117,중,101.04,127.09,,고덕베네루체공인중개사사무소,7,2026-10-07,2026-10-09,2026-10-10,,,1
2654034193,2654399909,godeok_xi,jeonse,130000,,117,중,101.04,127.09,풀에어컨 트인뷰 판상형,고덕자이(441-0109)공인중개사사무소,7,2026-10-07,2026-10-09,2026-10-10,,,1
2654034236,2654475228,godeok_xi,sale,270000,,116,13,118.44,146.48,,고덕자이(441-0109)공인중개사사무소,27,2026-10-07,2026-10-09,2026-10-10,,,1
2654017226,2654434420,godeok_xi,sale,217000,,110,중,84.44,110.43,"탁 트인 뷰,늦은입주, 로얄동층, 풀에, 커뮤니티 우수",고덕현대공인중개사사무소,15,2026-10-08,2026-10-09,2026-10-10,,,1
2654033625,2654405193,godeok_xi,sale,215000,,118,고,84.44,110.43,풀에어컨 트인뷰 엘베2대,고덕자이(441-0109)공인중개사사무소,8,2026-10-08,2026-10-09,2026-10-10,,,1
2654034490,2654034490,godeok_xi,sale,210000,,110,저,84.44,110.43,풀에어컨 트인뷰 수납공간많은집,고덕자이(441-0109)공인중개사사무소,1,2026-10-08,2026-10-09,2026-10-10,,,1
2654038303,2654475227,godeok_xi,sale,185000,,105,저,59.93,83.30,25P 예쁜단지뷰 관리잘된 집 에어컨풀 커뮤니티 우수 학군 우수,고덕그라시움사랑부동산중개,20,2026-10-08,2026-10-09,2026-10-10,,,1
2654038314,2654479071,godeok_xi,sale,185000,,115,저,59.93,83.30,여유 있는 입주 정원 조망 커뮤니티 우수 학군 우수,고덕그라시움사랑부동산중개,22,2026-10-08,2026-10-09,2026-10-10,,,1
2654038315,2654479785,godeok_xi,sale,188000,,111,21,59.93,83.30,늦은입주 역세권.25P 관리잘된 집 커뮤니티 우수 학군 우수,고덕그라시움사랑부동산중개,45,2026-10-08,2026-10-09,2026-10-10,,,1
2654038318,2654475235,godeok_xi,sale,200000,,111,중,74.82,98.73,세안고 시스템에어컨풀 단지내초등학교 커뮤니티우수 채광 통풍 좋음,고덕그라시움사랑부동산중개,13,2026-10-08,2026-10-09,2026-10-10,,,1
2654038333,2654479747,godeok_xi,sale,200000,,119,14,74.30,99.02,시스템에어컨풀 단지내초등학교 커뮤니티우수 채광 통풍 좋음,고덕그라시움사랑부동산중개,38,2026-10-08,2026-10-09,2026-10-10,,,1
2654038334,2654475233,godeok_xi,sale,185000,,119,중,59.93,83.30,25P 고덕천 뷰 인테리어 잘된 집 커뮤니티 우수 학군 우수,고덕그라시움사랑부동산중개,19,2026-10-08,2026-10-09,2026-10-10,,,1
2654038345,2654479737,godeok_xi,sale,207000,,109,25,84.97,109.92,세안고 급매 에어컨풀 단지내초등학교 커뮤니티우수 채광 통풍 좋음,고덕그라시움사랑부동산중개,28,2026-10-08,2026-10-09,2026-10-10,,,1
2654038346,2654479743,godeok_xi,sale,205000,,109,저,84.97,109.92,세안고 급매 에어컨풀 단지내초등학교 커뮤니티우수 채광 통풍 좋음,고덕그라시움사랑부동산중개,19,2026-10-08,2026-10-09,2026-10-10,,,1
2654038357,2654382099,godeok_xi,wolse,70000,60,111,고,59.93,83.30,역세권.25P 고덕천 뷰 11월입주 인테리어잘된 집 커뮤니티 우수,고덕그라시움사랑부동산중개,10,2026-10-08,2026-10-09,2026-10-10,,,1
2654038365,2654402650,godeok_xi,sale,180000,,115,2,59.70,84.28,역세권.25P 고덕천 뷰 인테리어 잘된 집 커뮤니티 우수 학군 우수,고덕그라시움사랑부동산중개,23,2026-10-08,2026-10-09,2026-10-10,,,1
2654038367,2654462022,godeok_xi,jeonse,84000,,111,고,59.93,83.30,역세권.25P 고덕천 뷰 11월입주 인테리어잘된 집 커뮤니티 우수,고덕그라시움사랑부동산중개,12,2026-10-08,2026-10-09,2026-10-10,,,1
2654041895,2654041895,godeok_xi,sale,220000,,119,고,74.82,98.73,풀옵션 로얄층 전망굿 학군우수 고층뷰 세안고 입주협의 세대창고,강동공인중개사사무소,8,2026-10-08,2026-10-09,2026-10-10,,,1
2654041927,2654402650,godeok_xi,sale,180000,,115,2,59.70,84.28,풀옵션 고덕천 조망 늦은입주 세대창고,강동공인중개사사무소,23,2026-10-08,2026-10-09,2026-10-10,,,1
2654042060,2654475228,godeok_xi,sale,270000,,116,13,118.44,146.48,정남향 막힘없는 조망권 일조권 최상 에어컨풀 세대창고 입주,강동공인중개사사무소,27,2026-10-08,2026-10-09,2026-10-10,,,1
2654082821,2654475228,godeok_xi,sale,270000,,116,고,118.44,146.48,"44p ,정남향 ,확트인뷰 에6 ,안방붙박이장, 고일초 2분컷,",고덕강남부동산공인중개사사무소,27,2026-10-08,2026-10-09,2026-10-10,,,1
2654085974,2654461224,godeok_xi,sale,185000,,102,중,59.93,83.30,추천 로얄동 정남향 햇살가득채광 초품아 커뮤니티우수,고덕선경(428-3939)공인중개사사무소,10,2026-10-08,2026-10-09,2026-10-10,,,1
2654086132,2654479785,godeok_xi,sale,188000,,111,고,59.93,83.30,"늦은입주,주인거주 관리상태최상, 고일초도보 5분컷, 에풀, 안방붙박이",고덕강남부동산공인중개사사무소,45,2026-10-08,2026-10-09,2026-10-10,,,1
2654087305,2654410409,godeok_xi,sale,218000,,109,저,84.97,109.92,로얄동층. 풀옵션. 주인거주 관리 잘된집. 초품아 .우수 커뮤니티,고덕햇살426-3336공인중개사사무소,14,2026-10-08,2026-10-09,2026-10-10,,,1
2654088052,2654434420,godeok_xi,sale,217000,,110,중,84.44,110.43,늦은입주. 로얄동층. 풀에어컨. 중문. 넉넉한 수납공간. 초품아,고덕햇살426-3336공인중개사사무소,15,2026-10-08,2026-10-09,2026-10-10,,,1
2654088277,2654472698,godeok_xi,sale,185000,,102,11,59.93,83.30,"입주매매. 채광 좋은 남향. 풀옵션. 초품아. 상가,지하철 가까운동",고덕햇살426-3336공인중개사사무소,13,2026-10-08,2026-10-09,2026-10-10,,,1
2654088804,2654475220,godeok_xi,sale,220000,,108,9,84.73,110.00,"트인뷰,에어컨 풀,중문, 붙박이장,방4,편리한 커뮤니티.",센트럴부자공인중개사사무소,36,2026-10-08,2026-10-09,2026-10-10,,,1
2654088817,2654472702,godeok_xi,sale,200000,,111,중,74.30,99.02,추천. 정상입주. 풀옵션. 주인거주 관리 잘된집. 초품아,고덕햇살426-3336공인중개사사무소,20,2026-10-08,2026-10-09,2026-10-10,,,1
2654089677,2654479737,godeok_xi,sale,207000,,109,25,84.97,109.92,세안고 급매.로얄동층. 풀에어컨.지하철 상가 가까운동. 초품아,고덕햇살426-3336공인중개사사무소,28,2026-10-08,2026-10-09,2026-10-10,,,1
2654090011,2654479747,godeok_xi,sale,200000,,119,중,74.30,99.02,"채광A급,초품아,정남향,다양한 커뮤니티, 세안고",센트럴부자공인중개사사무소,38,2026-10-08,2026-10-09,2026-10-10,,,1
2654090523,2654479071,godeok_xi,sale,185000,,115,저,59.93,83.30,늦은 입주. 초품아 대단지. 예쁜 단지뷰. 시스템에어컨.우수 학군,고덕햇살426-3336공인중개사사무소,22,2026-10-08,2026-10-09,2026-10-10,,,1
2654090709,2654475227,godeok_xi,sale,185000,,105,저,59.93,83.30,늦은 입주.지하철 가까운동. 풀에어컨. 초품아. 우수 커뮤니티,고덕햇살426-3336공인중개사사무소,20,2026-10-08,2026-10-09,2026-10-10,,,1
2654092599,2654479785,godeok_xi,sale,188000,,111,21,59.93,83.30,로얄동층.밝고 환한 고층뷰. 늦은입주. 풀에어컨. 초품아,고덕햇살426-3336공인중개사사무소,45,2026-10-08,2026-10-09,2026-10-10,,,1
2654093943,2654475235,godeok_xi,sale,200000,,111,중,74.82,98.73,추천. 세안고매매. 높은 보증금.풀에어컨. 중문.초품아. 우수 커뮤니티,고덕햇살426-3336공인중개사사무소,13,2026-10-08,2026-10-09,2026-10-10,,,1
2654094324,2654475233,godeok_xi,sale,185000,,119,중,59.93,83.30,막힘없이 뚫린뷰. 초품아. 세안고. 시스템에어컨. 명문학군,고덕햇살426-3336공인중개사사무소,19,2026-10-08,2026-10-09,2026-10-10,,,1
2654095344,2654402650,godeok_xi,sale,180000,,115,2,59.70,84.28,역세권.트인 환한뷰. 풀옵션. 초품아. 우수 커뮤니티,고덕햇살426-3336공인중개사사무소,23,2026-10-08,2026-10-09,2026-10-10,,,1
2654095676,2654479743,godeok_xi,sale,205000,,109,저,84.97,109.92,"세안고 매매. 또는 늦은 입주.풀에어컨. 중앙 광장뷰. 역,상가 가까운동",고덕햇살426-3336공인중개사사무소,19,2026-10-08,2026-10-09,2026-10-10,,,1
2654095931,2654479747,godeok_xi,sale,200000,,119,14,74.30,99.02,귀한평형.트인 환한뷰.풀에어컨. 관리 잘된집. 초품아.우수 커뮤니티,고덕햇살426-3336공인중개사사무소,38,2026-10-08,2026-10-09,2026-10-10,,,1
2654097707,2654475227,godeok_xi,sale,185000,,105,저,59.93,83.30,상일역세권 고일초품아 에4 고급풀옵션 고덕천산책로,파크자이(428-4270)공인중개사사무소,20,2026-10-08,2026-10-09,2026-10-10,,,1
2654100922,2654479737,godeok_xi,sale,207000,,109,25,84.97,109.92,로얄동층 세안고 풀에어컨 우수커뮤니티 고일초품아,파크자이(428-4270)공인중개사사무소,28,2026-10-08,2026-10-09,2026-10-10,,,1
2654102090,2654479747,godeok_xi,sale,200000,,119,중,74.30,99.02,입주 초품아 뻥뷰 세대창고 적극매매,고덕그라시움공인중개사사무소,38,2026-10-08,2026-10-09,2026-10-10,,,1
2654102880,2654479743,godeok_xi,sale,205000,,109,저,84.97,109.92,풀에어컨 세안고 고일초품아 우수커뮤니티,파크자이(428-4270)공인중개사사무소,19,2026-10-08,2026-10-09,2026-10-10,,,1
2654104481,2654479785,godeok_xi,sale,188000,,111,21,59.93,83.30,풀에어컨 우수커뮤니티 세대창고 초품아,파크자이(428-4270)공인중개사사무소,45,2026-10-08,2026-10-09,2026-10-10,,,1
2654106009,2654479071,godeok_xi,sale,185000,,115,저,59.93,83.30,풀옵션 초품아 귀한 25매 매 세안고 무주택자만 내년초 입주,고덕그라시움공인중개사사무소,22,2026-10-08,2026-10-09,2026-10-10,2026-10-10,180000,1
2654106607,2654475228,godeok_xi,sale,270000,,116,13,118.44,146.48,입주 귀한평형 동 위치굿 초품아 뻥뷰 세대창고 풀옵션,고덕그라시움공인중개사사무소,27,2026-10-08,2026-10-09,2026-10-10,,,1
2654107273,2654479737,godeok_xi,sale,207000,,109,25,84.97,109.92,세안고 초품아 풀옵션 로얄동 층 상일역 걸어서8분,고덕그라시움공인중개사사무소,28,2026-10-08,2026-10-09,2026-10-10,,,1
2654108559,2654462022,godeok_xi,jeonse,84000,,111,고,59.93,83.30,추천. 시원한 고층 뻥뷰.초품아. 로얄동층. 우수 커뮤니티,고덕햇살426-3336공인중개사사무소,12,2026-10-08,2026-10-09,2026-10-10,,,1
2654109298,2654382099,godeok_xi,wolse,70000,50,111,고,59.93,83.30,추천. 고층 시원한 뻥뷰. 빠른입주 가능. 초품아 .로얄동층,고덕햇살426-3336공인중개사사무소,10,2026-10-08,2026-10-09,2026-10-10,,,1
2654109853,2654461224,godeok_xi,sale,185000,,102,중,59.93,83.30,입주추천 앞동선호 채광우수 대단지커뮤너티근접 초품아,고덕무지개공인중개사사무소,10,2026-10-08,2026-10-09,2026-10-10,,,1
2654110620,2654479785,godeok_xi,sale,188000,,111,21,59.93,83.30,입주 역 걸어서 8분 초품아 세대창고,고덕그라시움공인중개사사무소,45,2026-10-08,2026-10-09,2026-10-10,,,1
2654126855,2654126855,godeok_xi,sale,182000,,106,중,59.93,83.30,,고덕대승부동산공인중개사사무소,1,2026-10-08,2026-10-09,2026-10-10,,,1
2654127183,2654479737,godeok_xi,sale,207000,,109,25,84.97,109.92,"로얄동층,세안고매매,초품아,뷰굿,채광굿,가성비굿",고덕현대공인중개사사무소,28,2026-10-08,2026-10-09,2026-10-10,,,1
2654131380,2653999737,godeok_xi,sale,190000,,102,저,59.93,83.30,입주 귀한필로티 역 걸어서 8분 초품아 직주근접삼성물산 등,고덕그라시움공인중개사사무소,14,2026-10-08,2026-10-09,2026-10-10,,,1
2654133886,2654479071,godeok_xi,sale,185000,,115,저,59.93,83.30,에어컨2대 초품아아파트 입주가능,대상공인중개사사무소(427-0001),22,2026-10-08,2026-10-09,2026-10-10,,,1
2654134820,2654475227,godeok_xi,sale,185000,,105,저,59.93,83.30,풀옵션 초품아아파트,대상공인중개사사무소(427-0001),20,2026-10-08,2026-10-09,2026-10-10,,,1
2654135077,2654479071,godeok_xi,sale,185000,,115,저,59.93,83.30,"늦은 입주, 시스템에어컨, 채광 통풍 굿, 초품아, 커뮤니티우수",고덕현대공인중개사사무소,22,2026-10-08,2026-10-09,2026-10-10,,,1
2654135216,2654475227,godeok_xi,sale,185000,,105,저,59.93,83.30,"늦은입주,로얄동층,풀에어컨,초품아,강추",고덕현대공인중개사사무소,20,2026-10-08,2026-10-09,2026-10-10,,,1
2654136485,2654465807,godeok_xi,sale,220000,,114,저,84.44,110.43,풀에어컨 풀공기청정기 완전풀옵션,대상공인중개사사무소(427-0001),17,2026-10-08,2026-10-09,2026-10-10,,,1
2654136608,2654465807,godeok_xi,sale,220000,,114,저,84.44,110.43,시스템에어컨 로얄동 고일초 세대창고,고덕그라시움공인중개사사무소,17,2026-10-08,2026-10-09,2026-10-10,,,1
2654136699,2654136699,godeok_xi,sale,220000,,116,고,84.44,110.43,27년2월입주가능 초품아아파트 폴리씽타일 팬트리분리,대상공인중개사사무소(427-0001),1,2026-10-08,2026-10-09,2026-10-10,,,1
2654140080,2654462022,godeok_xi,jeonse,83000,,111,고,59.93,83.30,"시스템에어컨, 전망뻥, 단지내초품아,커뮤니티, 7억에50도가능",으뜸그라시움공인중개사사무소,12,2026-10-08,2026-10-09,2026-10-10,,,1
2654145231,2654475226,godeok_xi,sale,220000,,109,저,84.97,109.92,에어컨3대 초품아아파트 중문,대상공인중개사사무소(427-0001),28,2026-10-08,2026-10-09,2026-10-10,,,1
2654145380,2654475220,godeok_xi,sale,220000,,108,고,84.73,110.00,입주 뷰가 좋아요 에어컨5대 중문 초품아아파트,대상공인중개사사무소(427-0001),36,2026-10-08,2026-10-09,2026-10-10,,,1
2654146356,2654410409,godeok_xi,sale,218000,,109,저,84.97,109.92,입주협의 소유주 거주로 관리잘된 집 풀에어컨 풀옵션 명품 워터가든뷰,미르(426-1120)공인중개사사무소,14,2026-10-08,2026-10-09,2026-10-10,,,1
2654146434,2654434420,godeok_xi,sale,220000,,110,중,84.44,110.43,시스텀에어컨 5대 공기청정기5대 초품아아파트,대상공인중개사사무소(427-0001),15,2026-10-08,2026-10-09,2026-10-10,,,1
2654153674,2654475235,godeok_xi,sale,200000,,111,중,74.82,98.73,"30, 뷰,단지중앙, 고일초품아, 교통편리,",고일공인중개사사무소,13,2026-10-08,2026-10-09,2026-10-10,,,1
2654154510,2654475228,godeok_xi,sale,270000,,116,고,118.44,146.48,입주 남향 에어컨 6대 풀옵션 조망 좋음 초품아아파트 세대창고,대상공인중개사사무소(427-0001),27,2026-10-08,2026-10-09,2026-10-10,,,1
2654155018,2654479785,godeok_xi,sale,188000,,111,고,59.93,83.30,입주가능 풀에어컨 정원 뷰 좋음 초품아아파트 햇살좋음,대상공인중개사사무소(427-0001),45,2026-10-08,2026-10-09,2026-10-10,,,1
2654156644,2654402650,godeok_xi,sale,180000,,115,2,59.70,84.28,"25,고덕천뷰, 풀에어컨 및 인테리어, 고일초,다양한커뮤니티",고일공인중개사사무소,23,2026-10-08,2026-10-09,2026-10-10,,,1
2654157416,2654475233,godeok_xi,sale,185000,,119,중,59.93,83.30,시스템에어컨3대 초품아아파트 지하세대창고,대상공인중개사사무소(427-0001),19,2026-10-08,2026-10-09,2026-10-10,,,1
2654157646,2654479737,godeok_xi,sale,207000,,109,고,84.97,109.92,풀에어컨. 로얄동층. 관리잘된집,대상공인중개사사무소(427-0001),28,2026-10-08,2026-10-09,2026-10-10,,,1
2654159336,2654472702,godeok_xi,sale,200000,,111,중,74.30,99.02,시스템에어컨5대 초품아아파트 입주가능,대상공인중개사사무소(427-0001),20,2026-10-08,2026-10-09,2026-10-10,,,1
2654161723,2654382099,godeok_xi,wolse,70000,50,111,고,59.93,83.30,고덕천 막힘없는뷰. 깨끗하고 환한집.시스템에어컨.붙박이장.,참좋은공인중개사사무소,10,2026-10-08,2026-10-09,2026-10-10,,,1
2654162284,2654462022,godeok_xi,jeonse,83000,,111,고,59.93,83.30,초품아. 고덕천 트인뷰. 시스템에어컨. 반전세7억50가능. 우수커뮤니티,참좋은공인중개사사무소,12,2026-10-08,2026-10-09,2026-10-10,,,1
2654182863,2654399909,godeok_xi,jeonse,130000,,117,중,101.04,127.09,확트인 채광좋은 뷰.초품아.편리한 생활권.우수 커뮤니티,키움공인중개사사무소,7,2026-10-08,2026-10-09,2026-10-10,,,1
2654197830,2654434420,godeok_xi,sale,217000,,110,중,84.44,110.43,STAR추천 로얄동 중문 늦은입주 풀에어컨 엘베2대,고덕스타공인중개사사무소,15,2026-10-08,2026-10-09,2026-10-10,,,1
2654201542,2654382099,godeok_xi,wolse,70000,60,111,고,59.93,83.30,STAR추천 로얄동 뻥뷰 고덕천뷰 에어컨O 관리잘된집,고덕스타공인중개사사무소,10,2026-10-08,2026-10-09,2026-10-10,,,1
2654202263,2654462022,godeok_xi,jeonse,84000,,111,고,59.93,83.30,STAR추천 로얄동 뻥뷰 고덕천뷰 에어컨O 관리잘된집,고덕스타공인중개사사무소,12,2026-10-08,2026-10-09,2026-10-10,,,1
2654206314,2654479785,godeok_xi,sale,188000,,111,21,59.93,83.30,입주가능 로얄동층 가든뷰좋음 풀에어컨 채광좋은집 초품아,고덕스카이공인중개사사무소,45,2026-10-08,2026-10-09,2026-10-10,,,1
2654206599,2654475235,godeok_xi,sale,200000,,111,중,74.82,98.73,세안고매매 지하철가까운로얄동층 풀에어컨 채광좋은집 초품아,고덕스카이공인중개사사무소,13,2026-10-08,2026-10-09,2026-10-10,,,1
2654211273,2654475227,godeok_xi,sale,185000,,105,저,59.93,83.30,"역세권, 초품아, 에어컨 풀, 편의시설우수, 입주매매",고덕하나부동산공인중개사사무소,20,2026-10-08,2026-10-09,2026-10-10,,,1
2654211607,2654479743,godeok_xi,sale,205000,,109,저,84.97,109.92,"초품아, 편의시설우수, 세안고",고덕하나부동산공인중개사사무소,19,2026-10-08,2026-10-09,2026-10-10,,,1
2654211645,2654479737,godeok_xi,sale,207000,,109,25,84.97,109.92,"초품아, 편의시설우수, 풀옵션, 세안고",고덕하나부동산공인중개사사무소,28,2026-10-08,2026-10-09,2026-10-10,,,1
2654212148,2654475220,godeok_xi,sale,220000,,108,9,84.73,110.00,"역세권, 초품아, 에어컨 풀, 편의시설우수",고덕하나부동산공인중개사사무소,36,2026-10-08,2026-10-09,2026-10-10,,,1
2654212182,2654479785,godeok_xi,sale,188000,,111,21,59.93,83.30,"역세권, 초품아, 에어컨 풀, 편의시설우수, 입주매매",고덕하나부동산공인중개사사무소,45,2026-10-08,2026-10-09,2026-10-10,,,1
2654217775,2654217775,godeok_xi,wolse,58000,400,116,저,118.44,146.48,대단지역세권 명문학군 브랜드1위아파트 귀한월세물건 입주협의,고덕거성공인중개사사무소,4,2026-10-08,2026-10-09,2026-10-10,,,1
2654224377,2654464320,godeok_xi,sale,215000,,113,중,84.44,110.43,"세안고매매,늦은 입주가능, 풀옵션,초품아, 채광좋은 트인뷰",단지내이레(443-6606)공인중개사사무소,6,2026-10-08,2026-10-09,2026-10-10,,,1
2654224412,2654475227,godeok_xi,sale,185000,,105,저,59.93,83.30,"입주매매,올확장,초품아,풀시스템에어컨,조용한 집",단지내이레(443-6606)공인중개사사무소,20,2026-10-08,2026-10-09,2026-10-10,,,1
2654231055,2654231055,godeok_xi,sale,210000,,115,중,74.30,99.02,고현초 에어컨풀 풀옵션 트인뷰 채광긋 입주협의,예스공인중개사사무소,1,2026-10-08,2026-10-09,2026-10-10,,,1
2654232079,2654232079,godeok_xi,sale,210000,,116,저,84.73,110.00,늦은 입주 고현초옆동 에어컨풀 공원뷰 트인뷰 채광긋,예스공인중개사사무소,1,2026-10-08,2026-10-09,2026-10-10,,,1
2654237549,2654472702,godeok_xi,sale,200000,,111,중,74.30,99.02,풀옵션 초품아 고일초5분 고덕천 뻥뷰 주인거주 관리잘된집,고덕씨앗부동산공인중개사사무소,20,2026-10-08,2026-10-09,2026-10-10,,,1
2654241333,2654475226,godeok_xi,sale,220000,,109,저,84.97,109.92,로얄동층 화이트인테리어 풀시스템에어컨 커뮤니티우수 초품아,고덕스카이공인중개사사무소,28,2026-10-08,2026-10-09,2026-10-10,,,1
2654241340,2653999737,godeok_xi,sale,190000,,102,저,59.93,83.30,지하철가까운로얄동 정남향 고일초바로 커뮤니티우수 입주협의,고덕스카이공인중개사사무소,14,2026-10-08,2026-10-09,2026-10-10,,,1
2654241365,2654241365,godeok_xi,sale,220000,,118,26,84.97,109.92,입주급매 탁트인뷰최상 풀시스템에어컨 판상형 초품아,고덕스카이공인중개사사무소,6,2026-10-08,2026-10-09,2026-10-10,,,1
2654248000,2654475227,godeok_xi,sale,185000,,105,저,59.93,83.30,로얄동층.탁트인 환한뷰. 풀에어컨.전철역 도보권.초품아,키움공인중개사사무소,20,2026-10-08,2026-10-09,2026-10-10,,,1
2654248041,2654479785,godeok_xi,sale,188000,,111,21,59.93,83.30,로얄동층. 풀에어컨.채광좋은 트인뷰.초품아.우수 커뮤니티,키움공인중개사사무소,45,2026-10-08,2026-10-09,2026-10-10,,,1
2654248445,2654479743,godeok_xi,sale,205000,,109,저,84.97,109.92,채광좋은 선호타입.풀에어컨.전철역 도보권.초품아. 우수커뮤니티,키움공인중개사사무소,19,2026-10-08,2026-10-09,2026-10-10,,,1
2654248808,2654479737,godeok_xi,sale,207000,,109,25,84.97,109.92,로얄동층.확트인 채광좋은뷰.풀에어컨.초품아.우수 커뮤니티,키움공인중개사사무소,28,2026-10-08,2026-10-09,2026-10-10,,,1
2654249148,2654475227,godeok_xi,sale,185000,,105,저,59.93,83.30,트인뷰 밝은집 시스템에어컨,고덕자이(441-0109)공인중개사사무소,20,2026-10-08,2026-10-09,2026-10-10,,,1
2654251690,2654475235,godeok_xi,sale,200000,,111,중,74.82,98.73,전세안고 풀에어컨 트인뷰,고덕자이(441-0109)공인중개사사무소,13,2026-10-08,2026-10-09,2026-10-10,,,1
2654253358,2653999737,godeok_xi,sale,190000,,102,저,59.93,83.30,상가 지하철 이용편리 조용한 단지뷰,고덕자이(441-0109)공인중개사사무소,14,2026-10-08,2026-10-09,2026-10-10,,,1
2654253764,2654475233,godeok_xi,sale,185000,,119,중,59.93,83.30,뻥뷰 늦은입주 채광 굳,고덕자이(441-0109)공인중개사사무소,19,2026-10-08,2026-10-09,2026-10-10,,,1
2654254993,2654479737,godeok_xi,sale,207000,,109,고,84.97,109.92,"명문추천, 세안고 급매, 풀에, 엘베2, 로얄층 뻥뷰,세대창고",강동명문공인중개사사무소,28,2026-10-08,2026-10-09,2026-10-10,,,1
2654256509,2654402650,godeok_xi,sale,180000,,115,저,59.70,84.28,"추천 ,25p, 에풀, 세안고, 고덕천 뷰, 커뮤니티 우수",강동명문공인중개사사무소,23,2026-10-08,2026-10-09,2026-10-10,,,1
2654266327,2654266327,godeok_xi,sale,300000,,116,고,118.44,146.48,"귀한 대형 입주매매, 에6,청정6,중문,남향 통풍 채광 좋음,",강동명문공인중개사사무소,1,2026-10-08,2026-10-09,2026-10-10,,,1
2654268391,2654268391,godeok_xi,sale,200000,,111,중,74.30,99.02,"정상입주,에5 풀옵션,막힘없는 뷰,수납력좋고 관리 잘된집, 커뮤니티우수",강동명문공인중개사사무소,1,2026-10-08,2026-10-09,2026-10-10,,,1
2654298956,2654472756,godeok_xi,sale,205000,,109,저,84.44,110.43,"추천.정상입주. 풀에. 초품아. 역,상가 가까운동. 명문학군",고덕햇살426-3336공인중개사사무소,7,2026-10-08,2026-10-09,2026-10-10,,,1
2654332840,2654475220,godeok_xi,sale,220000,,108,9,84.73,110.00,"정남향,올확장,풀옵션,채광좋음,초품아,상가이용편리,편리한커뮤니티.",상일설연부동산중개,36,2026-10-08,2026-10-09,2026-10-10,,,1
2654333329,2654399909,godeok_xi,jeonse,130000,,117,중,101.04,127.09,"38p 방4, 공원 뻥뷰 시스템에어컨 밝고 환한집",고덕리더스부동산공인중개사사무소,7,2026-10-08,2026-10-09,2026-10-10,,,1
2654345872,2654479071,godeok_xi,sale,185000,,115,저,59.93,83.30,늦은 입주 I 시스템에어컨 I 예쁜 단지뷰,노아공인중개사사무소,22,2026-10-09,2026-10-09,2026-10-10,,,1
2654346397,2654479737,godeok_xi,sale,207000,,109,25,84.97,109.92,풀시스템에어컨 I 엘베2대 I 로얄동층,노아공인중개사사무소,28,2026-10-09,2026-10-09,2026-10-10,,,1
2654346404,2654479743,godeok_xi,sale,205000,,109,저,84.97,109.92,늦은 입주 I 중앙 광장뷰 I 풀시스템에어컨,노아공인중개사사무소,19,2026-10-09,2026-10-09,2026-10-10,,,1
2654346406,2654479747,godeok_xi,sale,200000,,119,14,74.30,99.02,추천 l 입주가능 l 탁 트인뷰 l 풀에어컨 l 초품아,노아공인중개사사무소,38,2026-10-09,2026-10-09,2026-10-10,,,1
2654346464,2654479785,godeok_xi,sale,185000,,111,21,59.93,83.30,풀시스템에어컨 I 늦은입주 I 주인거주 깔끔한 집,노아공인중개사사무소,45,2026-10-09,2026-10-09,2026-10-10,2026-10-10,188000,1
2654347509,2654479785,godeok_xi,sale,188000,,111,21,59.93,83.30,금터 25A 정갈하고 깔끔한 컨디션 애지중지 관리한집 고일초 안심도보통학,고덕그라시움금터부동산공인중개사사무소,45,2026-10-09,2026-10-09,2026-10-10,,,1
2654348654,2654381317,godeok_xi,sale,230000,,107,11,84.73,110.00,늦은입주 시스템에어컨 단지내초등학교 커뮤니티우수 채광 통풍 좋음,사랑부동산공인중개사사무소,12,2026-10-09,2026-10-09,2026-10-10,,,1
2654348813,2654479737,godeok_xi,sale,207000,,109,25,84.97,109.92,세안고 급매 에어컨풀 단지내초등학교 커뮤니티우수 채광 통풍 좋음,사랑부동산공인중개사사무소,28,2026-10-09,2026-10-09,2026-10-10,,,1
2654348816,2654479743,godeok_xi,sale,205000,,109,저,84.97,109.92,세안고 급매 에어컨풀 단지내초등학교 커뮤니티우수 채광 통풍 좋음,사랑부동산공인중개사사무소,19,2026-10-09,2026-10-09,2026-10-10,,,1
2654348827,2654462022,godeok_xi,jeonse,84000,,111,고,59.93,83.30,역세권.25P 고덕천 뷰 11월입주 인테리어잘된 집 커뮤니티 우수,사랑부동산공인중개사사무소,12,2026-10-09,2026-10-09,2026-10-10,,,1
2654348828,2654402650,godeok_xi,sale,180000,,115,2,59.70,84.28,역세권.25P 고덕천 뷰 인테리어 잘된 집 커뮤니티 우수 학군 우수,사랑부동산공인중개사사무소,23,2026-10-09,2026-10-09,2026-10-10,,,1
2654348831,2654382099,godeok_xi,wolse,70000,60,111,고,59.93,83.30,역세권.25P 고덕천 뷰 11월입주 인테리어잘된 집 커뮤니티 우수,사랑부동산공인중개사사무소,10,2026-10-09,2026-10-09,2026-10-10,,,1
2654365212,2654475227,godeok_xi,sale,185000,,105,저,59.93,83.30,추천급매 지하철가까운로얄동층 풀에어컨 판상형 초품아,고덕스카이공인중개사사무소,20,2026-10-09,2026-10-09,2026-10-10,,,1
2654365219,2654472698,godeok_xi,sale,185000,,102,11,59.93,83.30,강추입주매매 지하철가까운로얄동층 정남향 풀에어컨 판상형,고덕스카이공인중개사사무소,13,2026-10-09,2026-10-09,2026-10-10,,,1
2654365235,2654410409,godeok_xi,sale,218000,,109,저,84.97,109.92,추천입주 로얄동층 풀시스템에어컨 풀옵션 워터가든뷰최상 초품아,고덕스카이공인중개사사무소,14,2026-10-09,2026-10-09,2026-10-10,,,1
2654365263,2654365263,godeok_xi,sale,220000,,104,중,84.44,110.43,입주가능 지하철가까운로얄동층 전망양호 풀에어컨 초품아,고덕스카이공인중개사사무소,5,2026-10-09,2026-10-09,2026-10-10,,,1
2654365276,2654465807,godeok_xi,sale,220000,,114,저,84.44,110.43,로얄동층 늦은입주 풀시스템에어컨 채광좋은집 팬트리공간,고덕스카이공인중개사사무소,17,2026-10-09,2026-10-09,2026-10-10,,,1
2654365298,2654472756,godeok_xi,sale,205000,,109,저,84.44,110.43,강추 시세대비저렴한로얄동 동간거리좋음 풀에어컨 팬트리공간,고덕스카이공인중개사사무소,7,2026-10-09,2026-10-09,2026-10-10,,,1
2654365870,2654373530,godeok_xi,jeonse,102000,,114,저,84.44,110.43,단독 추천급전세 풀시스템에어컨 풀옵션 넓은팬트리공간 커뮤니티우수,고덕스카이공인중개사사무소,5,2026-10-09,2026-10-09,2026-10-10,,,1
2654365872,2654382099,godeok_xi,wolse,70000,50,111,고,59.93,83.30,귀한월세 막힘없는뷰최상 판상형 시스템에어컨 초품아,고덕스카이공인중개사사무소,10,2026-10-09,2026-10-09,2026-10-10,,,1
2654365882,2654462022,godeok_xi,jeonse,83000,,111,고,59.93,83.30,강추급전세 탁트인고덕천뷰최상 시스템에어컨 판상형 초품아,고덕스카이공인중개사사무소,12,2026-10-09,2026-10-09,2026-10-10,,,1
2654365903,2654399909,godeok_xi,jeonse,130000,,117,중,101.04,127.09,탁트인전망최고 채광좋은로얄동층 풀에어컨 커뮤니티우수 초품아,고덕스카이공인중개사사무소,7,2026-10-09,2026-10-09,2026-10-10,,,1
2654365907,2654402650,godeok_xi,sale,180000,,115,2,59.70,84.28,세안고급매 탁트인뷰좋은로얄동 풀에어컨 초품아,고덕스카이공인중개사사무소,23,2026-10-09,2026-10-09,2026-10-10,,,1
2654365919,2654405193,godeok_xi,sale,215000,,118,고,84.44,110.43,추천입주 탁트인뷰좋음 채광좋은로얄동층 풀에어컨 팬트리공간넓음,고덕스카이공인중개사사무소,8,2026-10-09,2026-10-09,2026-10-10,,,1
2654365931,2654479071,godeok_xi,sale,185000,,115,저,59.93,83.30,추천입주급매 로얄동 시스템에어컨 채광좋음 판상형,고덕스카이공인중개사사무소,22,2026-10-09,2026-10-09,2026-10-10,,,1
2654365936,2654472702,godeok_xi,sale,200000,,111,중,74.30,99.02,입주가능 탁트인뷰좋음 채광좋은로얄동층 풀에어컨 초품아,고덕스카이공인중개사사무소,20,2026-10-09,2026-10-09,2026-10-10,,,1
2654366457,2654461224,godeok_xi,sale,185000,,102,중,59.93,83.30,입주가능 로얄동층 채광좋은정남향 판상형 시스템에어컨 초품아,고덕스카이공인중개사사무소,10,2026-10-09,2026-10-09,2026-10-10,,,1
2654367528,2654479747,godeok_xi,sale,200000,,119,14,74.30,99.02,추천입주매매 탁트인뷰최상 채광좋은로얄동층 풀에어컨 초품아,고덕스카이공인중개사사무소,38,2026-10-09,2026-10-09,2026-10-10,,,1
2654367990,2654479737,godeok_xi,sale,207000,,109,고,84.97,109.92,"전면이 트인뷰,에어컨 풀,중문 세안고",센트럴부자공인중개사사무소,28,2026-10-09,2026-10-09,2026-10-10,,,1
2654368388,2654479071,godeok_xi,sale,185000,,115,저,59.93,83.30,추천입주급매 로얄동 뷰양호 시스템에어컨 커뮤니티우수,고덕스카이공인중개사사무소,22,2026-10-09,2026-10-09,2026-10-10,,,1
2654368899,2654472698,godeok_xi,sale,185000,,102,11,59.93,83.30,입주급매 로얄동층 채광좋은정남향 풀에어컨 판상형 초품아,고덕스카이공인중개사사무소,13,2026-10-09,2026-10-09,2026-10-10,,,1
2654369993,2654479737,godeok_xi,sale,207000,,109,25,84.97,109.92,추천세안고매매 로얄동층 풀시스템에어컨 초품아,고덕스카이공인중개사사무소,28,2026-10-09,2026-10-09,2026-10-10,,,1
2654370033,2654479785,godeok_xi,sale,188000,,111,21,59.93,83.30,"트인뷰,에어컨 풀,우수한 커뮤니티,입주협의",센트럴부자공인중개사사무소,45,2026-10-09,2026-10-09,2026-10-10,,,1
2654370223,2654479743,godeok_xi,sale,205000,,109,저,84.97,109.92,세안고급매 채광좋은로얄동 풀에어컨 커뮤니티우수 초품아,고덕스카이공인중개사사무소,19,2026-10-09,2026-10-09,2026-10-10,,,1
2654370344,2654370344,godeok_xi,jeonse,83000,,106,고,59.93,83.30,강추 귀한전세 탁트인조망 정남향 밝고환한집 시스템에어컨,고덕선경(428-3939)공인중개사사무소,1,2026-10-09,2026-10-09,2026-10-10,2026-10-10,85000,1
2654370937,2654479747,godeok_xi,sale,200000,,119,14,74.30,99.02,협.의.입.주. 풀에어컨 막힘없이 트인 뷰 내부컨디션 굿 초품아,미르(426-1120)공인중개사사무소,38,2026-10-09,2026-10-09,2026-10-10,,,1
2654371003,2654475227,godeok_xi,sale,185000,,105,저,59.93,83.30,"파노라마 트인뷰,9호선 호재 단지,에어컨 풀,입주 정상",센트럴부자공인중개사사무소,20,2026-10-09,2026-10-09,2026-10-10,,,1
2654371007,2654479785,godeok_xi,sale,188000,,111,21,59.93,83.30,25.입주협의 집보여드림 풀에어컨 내부깔끔 커뮤니티우수,미르(426-1120)공인중개사사무소,45,2026-10-09,2026-10-09,2026-10-10,,,1
2654371074,2654475227,godeok_xi,sale,185000,,105,저,59.93,83.30,25.입주추천 집보여드림 풀에어컨 선호도높은 판상형 내부깔끔 초품아,미르(426-1120)공인중개사사무소,20,2026-10-09,2026-10-09,2026-10-10,,,1
2654371506,2654402650,godeok_xi,sale,180000,,115,2,59.70,84.28,내부 깔끔하게 관리 잘된 집 풀에어컨 조망 이쁜 단지뷰 학군 자이프리미엄,미르(426-1120)공인중개사사무소,23,2026-10-09,2026-10-09,2026-10-10,,,1
2654371617,2654402650,godeok_xi,sale,180000,,115,저,59.70,84.28,"최상의 전면뷰,에어컨 풀,계절 창고,세안고",센트럴부자공인중개사사무소,23,2026-10-09,2026-10-09,2026-10-10,,,1
2654371867,2654479071,godeok_xi,sale,185000,,115,저,59.93,83.30,"트인뷰,시,에 ,계절 창고 ,다양한 커뮤니티.늦은 입주",센트럴부자공인중개사사무소,22,2026-10-09,2026-10-09,2026-10-10,,,1
2654373530,2654373530,godeok_xi,jeonse,102000,,114,저,84.44,110.43,"올확장,풀옵션,펜트리있는 인기타입,초품아,우수커뮤니티",단지내이레(443-6606)공인중개사사무소,5,2026-10-09,2026-10-09,2026-10-10,,,1
2654374467,2654461224,godeok_xi,sale,185000,,102,중,59.93,83.30,"입주매매, 정남향,올확장,시스템에어컨,상일역 마트 병원 가까운 동",단지내이레(443-6606)공인중개사사무소,10,2026-10-09,2026-10-09,2026-10-10,,,1
2654374630,2654472702,godeok_xi,sale,200000,,111,중,74.30,99.02,"올확장, 단지내 트인뷰,풀시스템에어컨,하루종일 해드는 로얄동층",단지내이레(443-6606)공인중개사사무소,20,2026-10-09,2026-10-09,2026-10-10,,,1
2654374805,2654479747,godeok_xi,sale,200000,,119,14,74.30,99.02,"입주매매,올확장,풀옵션,채광좋은 집, 입주협의됩니다",단지내이레(443-6606)공인중개사사무소,38,2026-10-09,2026-10-09,2026-10-10,,,1
2654374903,2654405193,godeok_xi,sale,215000,,118,고,84.44,110.43,"입주매매,올확장,확트인 영구뷰,채광우수,초품아",단지내이레(443-6606)공인중개사사무소,8,2026-10-09,2026-10-09,2026-10-10,,,1
2654375298,2654410409,godeok_xi,sale,218000,,109,저,84.97,109.92,"입주매매,올확장,풀옵션,관리 잘 된 집,예쁜 단지뷰",단지내이레(443-6606)공인중개사사무소,14,2026-10-09,2026-10-09,2026-10-10,,,1
2654376062,2654479737,godeok_xi,sale,207000,,109,25,84.97,109.92,"세안고 매매 ,방3개, 풀시스템에어컨,조합원옵션,로얄동층",단지내이레(443-6606)공인중개사사무소,28,2026-10-09,2026-10-09,2026-10-10,,,1
2654376240,2654479743,godeok_xi,sale,205000,,109,저,84.97,109.92,"입주매매,풀옵션,풀인테리어, 단지 뷰,초품아,우수학군",단지내이레(443-6606)공인중개사사무소,19,2026-10-09,2026-10-09,2026-10-10,,,1
2654376403,2654472756,godeok_xi,sale,205000,,109,저,84.44,110.43,"입주매매, 빠른입주가능,단지 중앙동으로 채광이 좋은 트인뷰",단지내이레(443-6606)공인중개사사무소,7,2026-10-09,2026-10-09,2026-10-10,,,1
2654377078,2654464320,godeok_xi,sale,215000,,113,중,84.44,110.43,세안고매매 로얄동층 풀에어컨 팬트리공간 초품아,고덕스카이공인중개사사무소,6,2026-10-09,2026-10-09,2026-10-10,,,1
2654377100,2654475233,godeok_xi,sale,185000,,119,중,59.93,83.30,세안고 탁트인뷰최상 로얄동층 시스템에어컨 커뮤니티우수 초품아,고덕스카이공인중개사사무소,19,2026-10-09,2026-10-09,2026-10-10,,,1
2654377113,2654434420,godeok_xi,sale,217000,,110,중,84.44,110.43,늦은입주매매 로얄동층 풀에어컨 풀옵션 커뮤니티우수,고덕스카이공인중개사사무소,15,2026-10-09,2026-10-09,2026-10-10,,,1
2654380942,2653999737,godeok_xi,sale,190000,,102,저,59.93,83.30,"늦은 입주. 고일초, 상가 가까운동.우수 학군.예쁜 정원뷰",고덕햇살426-3336공인중개사사무소,14,2026-10-09,2026-10-09,2026-10-10,,,1
2654381317,2654381317,godeok_xi,sale,230000,,107,11,84.73,110.00,로얄동층. 풀에어컨.채광 좋은 남향. 초품아. 역에서 가까운동,고덕햇살426-3336공인중개사사무소,12,2026-10-09,2026-10-10,2026-10-10,,,1
2654381719,2654462022,godeok_xi,jeonse,83000,,111,고,59.93,83.30,"추천, 로얄동 로얄층, 탁트인 고덕천 뷰, 초품아, 우수 커뮤니티",자이햇살공인중개사사무소,12,2026-10-09,2026-10-10,2026-10-10,,,1
2654382035,2654399909,godeok_xi,jeonse,130000,,117,중,101.04,127.09,"추천, 귀한 대형 평형, 탁트인 환한 뷰, 고일초품아, 우수 커뮤니티",자이햇살공인중개사사무소,7,2026-10-09,2026-10-10,2026-10-10,,,1
2654382099,2654382099,godeok_xi,wolse,70000,50,111,고,59.93,83.30,"추천, 로얄동 로얄층, 탁트인 고덕천 뷰, 초품아, 우수 커뮤니티",자이햇살공인중개사사무소,10,2026-10-09,2026-10-10,2026-10-10,,,1
2654382974,2654241365,godeok_xi,sale,220000,,118,고,84.97,109.92,시원한 고층 뻥뷰.정상입주.풀에어컨. 초품아. 우수 커뮤니티,고덕햇살426-3336공인중개사사무소,6,2026-10-09,2026-10-10,2026-10-10,,,1
2654384542,2654405193,godeok_xi,sale,215000,,118,고,84.44,110.43,탁 트인뷰 초품아 세대창고 입주 에어컨 4 중문,고덕그라시움공인중개사사무소,8,2026-10-09,2026-10-10,2026-10-10,,,1
2654386754,2654475220,godeok_xi,sale,215000,,108,고,84.73,110.00,조합원 매물 정남향 풀에어컨 중문 커뮤니티인접동 고일초,고덕강남부동산공인중개사사무소,36,2026-10-09,2026-10-10,2026-10-10,,,1
2654388285,2654479785,godeok_xi,sale,188000,,111,21,59.93,83.30,"입주 매매, 밝고 환한 고층 뷰, 풀에어컨, 초품아, 우수 커뮤니티",자이햇살공인중개사사무소,45,2026-10-09,2026-10-10,2026-10-10,,,1
2654388360,2654472702,godeok_xi,sale,200000,,111,중,74.30,99.02,"추천, 입주 매매, 트인 환한 뷰, 풀에어컨, 관리 잘된 집, 초품아",자이햇살공인중개사사무소,20,2026-10-09,2026-10-10,2026-10-10,,,1
2654388625,2654479071,godeok_xi,sale,185000,,115,저,59.93,83.30,"추천, 입주 매매, 트인 환한 뷰, 고일초품아, 우수 커뮤니티",자이햇살공인중개사사무소,22,2026-10-09,2026-10-10,2026-10-10,,,1
2654388687,2654402650,godeok_xi,sale,180000,,115,2,59.70,84.28,"추천, 탁트인 뷰, 풀옵션, 우수 커뮤니티, 초품아",자이햇살공인중개사사무소,23,2026-10-09,2026-10-10,2026-10-10,,,1
2654388926,2654475235,godeok_xi,sale,200000,,111,중,74.82,98.73,"추천, 로얄동 층, 풀옵션, 탁트인 환한 뷰, 초품아, 우수 커뮤니티",자이햇살공인중개사사무소,13,2026-10-09,2026-10-10,2026-10-10,,,1
2654389019,2654479743,godeok_xi,sale,205000,,109,저,84.97,109.92,"추천, 늦은 입주, 로얄동, 풀에어컨, 초품아, 우수 커뮤니티",자이햇살공인중개사사무소,19,2026-10-09,2026-10-10,2026-10-10,,,1
2654389316,2654479737,godeok_xi,sale,207000,,109,25,84.97,109.92,"세안고 매매, 지하철 가까운 동, 풀에어컨, 초품아, 우수 커뮤니티",자이햇살공인중개사사무소,28,2026-10-09,2026-10-10,2026-10-10,,,1
2654389406,2654472698,godeok_xi,sale,185000,,102,11,59.93,83.30,"추천, 입주 매매, 정남향 밝은 집, 풀옵션, 상가 이용 편리, 초품아",자이햇살공인중개사사무소,13,2026-10-09,2026-10-10,2026-10-10,,,1
2654389676,2654475227,godeok_xi,sale,185000,,105,저,59.93,83.30,"추천, 늦은 입주, 지하철 가까운 동, 풀에어컨, 예쁜 단지뷰, 초품아",자이햇살공인중개사사무소,20,2026-10-09,2026-10-10,2026-10-10,,,1
2654389681,2654479743,godeok_xi,sale,205000,,109,저,84.97,109.92,"급매,늦은입주,풀인테리어, 에어컨풀, 조용한 로얄동, 초품아",고덕굿모닝(437-6009)공인중개사사무소,19,2026-10-09,2026-10-10,2026-10-10,,,1
2654390961,2654475233,godeok_xi,sale,185000,,119,중,59.93,83.30,"추천, 탁트인 환한 뷰, 초품아, 우수 커뮤니티, 세안고 매매",자이햇살공인중개사사무소,19,2026-10-09,2026-10-10,2026-10-10,,,1
2654392786,2654392786,godeok_xi,sale,212000,,114,중,84.44,110.43,"추천저렴, 입주매매,시스템에어컨4, 세대지하창고, 초품아, 공동가능",고덕굿모닝(437-6009)공인중개사사무소,1,2026-10-09,2026-10-10,2026-10-10,,,1
2654392913,2654392913,godeok_xi,wolse,50000,140,102,저,59.93,83.30,"공동가능,입주일조정가 에풀, 정남향, 세대창고, 상가이용편리, 초품아,",고덕굿모닝(437-6009)공인중개사사무소,2,2026-10-09,2026-10-10,2026-10-10,,,1
2654392993,2654392993,godeok_xi,sale,185000,,106,중,59.93,83.30,"입주매매, 에풀, 선호동 정남향 채광좋은집, 세대창고, 초품아, 우수커뮤",고덕굿모닝(437-6009)공인중개사사무소,1,2026-10-09,2026-10-10,2026-10-10,,,1
2654393180,2654393180,godeok_xi,jeonse,84000,,102,저,59.93,83.30,"에풀, 입주일조정가,정남향, 공동가능,상가이용편리",고덕굿모닝(437-6009)공인중개사사무소,1,2026-10-09,2026-10-10,2026-10-10,,,1
2654393588,2654393588,godeok_xi,jeonse,100000,,110,저,84.97,109.92,"융무, 워터가든뷰, 입주일조정가, 초품아, 세대창고",고덕굿모닝(437-6009)공인중개사사무소,1,2026-10-09,2026-10-10,2026-10-10,,,1
2654393829,2654393829,godeok_xi,sale,185000,,102,중,59.93,83.30,"입주,정남향, 시스템에어컨, 지하철가까운동, 상가이용편리, 세대창고",고덕굿모닝(437-6009)공인중개사사무소,2,2026-10-09,2026-10-10,2026-10-10,,,1
2654394077,2654394077,godeok_xi,wolse,20000,340,112,고,84.73,110.00,"너무깨끗,에어컨풀,판상형,입주일협의,초품아,장기거주가능,착한임대인,창고",고덕굿모닝(437-6009)공인중개사사무소,1,2026-10-09,2026-10-10,2026-10-10,,,1
2654395144,2654434420,godeok_xi,sale,217000,,110,중,84.44,110.43,"추천, 늦은 입주, 풀옵션, 밝고 환한 집, 초품아, 우수 커뮤니티",자이햇살공인중개사사무소,15,2026-10-09,2026-10-10,2026-10-10,,,1
2654395231,2654410409,godeok_xi,sale,218000,,109,저,84.97,109.92,"추천, 예쁜 단지뷰, 풀옵션, 관리 잘된 집, 초품아, 우수 커뮤니티",자이햇살공인중개사사무소,14,2026-10-09,2026-10-10,2026-10-10,,,1
2654399164,2654472756,godeok_xi,sale,205000,,109,저,84.44,110.43,"입주매매, 에풀, 로얄동 채광좋은집, 세대지하창고, 초품아, 우수커뮤",고덕굿모닝(437-6009)공인중개사사무소,7,2026-10-09,2026-10-10,2026-10-10,,,1
2654399909,2654399909,godeok_xi,jeonse,130000,,117,중,101.04,127.09,"방4개 38p,시스템에어컨풀, 탁트인뷰 로얄동층 , 초품아, 세대창고",고덕굿모닝(437-6009)공인중개사사무소,7,2026-10-09,2026-10-10,2026-10-10,,,1
2654400547,2654479737,godeok_xi,sale,207000,,109,25,84.97,109.92,"로얄동,세안고 급매, 풀에어컨 트인뷰 초품아 지하세대별창고",고덕굿모닝(437-6009)공인중개사사무소,28,2026-10-09,2026-10-10,2026-10-10,,,1
2654400619,2654479785,godeok_xi,sale,185000,,111,21,59.93,83.30,"입주급매,시스템에어컨, 로얄동층,초품아, 세대별지하창고, 우수커뮤니티",고덕굿모닝(437-6009)공인중개사사무소,45,2026-10-09,2026-10-10,2026-10-10,,,1
2654402650,2654402650,godeok_xi,sale,180000,,115,2,59.70,84.28,"입주내년초, 시스템에어컨4대,개방감 좋은 트인뷰,초품아. 세대창고",고덕굿모닝(437-6009)공인중개사사무소,23,2026-10-09,2026-10-10,2026-10-10,,,1
2654404519,2654472702,godeok_xi,sale,200000,,111,중,74.30,99.02,"입주매매, 풀옵션, 알파룸, 세대지하창고, 고일초초품아, 우수커뮤니티",고덕굿모닝(437-6009)공인중개사사무소,20,2026-10-09,2026-10-10,2026-10-10,,,1
2654405193,2654405193,godeok_xi,sale,215000,,118,고,84.44,110.43,"추천 ,입주매매, 에어컨풀, 가장좋은동, 뻥뷰,초품아, 우수커뮤니티",고덕굿모닝(437-6009)공인중개사사무소,8,2026-10-09,2026-10-10,2026-10-10,,,1
2654406014,2654479071,godeok_xi,sale,185000,,115,저,59.93,83.30,"입주매매 시스템에어컨, 개방감 굿, 확장, 초품아, 세대지하창고",고덕굿모닝(437-6009)공인중개사사무소,22,2026-10-09,2026-10-10,2026-10-10,,,1
2654406032,2654475227,godeok_xi,sale,185000,,105,저,59.93,83.30,"에풀, 선호평형, 고일초초품아, 세대지하창고, 우수커뮤니티",고덕굿모닝(437-6009)공인중개사사무소,20,2026-10-09,2026-10-10,2026-10-10,,,1
2654406220,2654464320,godeok_xi,sale,215000,,113,중,84.44,110.43,"풀옵션, 로얄동층 채광좋은집, 인테리어됨, 세대창고, 우수커뮤니티",고덕굿모닝(437-6009)공인중개사사무소,6,2026-10-09,2026-10-10,2026-10-10,,,1
2654409077,2654434420,godeok_xi,sale,217000,,110,중,84.44,110.43,"에풀 풀옵션, 채광좋은집 워터가든뷰, 초품아, 우수커뮤니티",고덕굿모닝(437-6009)공인중개사사무소,15,2026-10-09,2026-10-10,2026-10-10,,,1
2654410409,2654410409,godeok_xi,sale,218000,,109,저,84.97,109.92,"추천저렴,시스템에어컨, 로얄동 이쁜뷰, 세대창고, 고일초초품아, 우수커뮤",고덕굿모닝(437-6009)공인중개사사무소,14,2026-10-09,2026-10-10,2026-10-10,,,1
2654413936,2654413936,godeok_xi,sale,210000,,110,19,84.44,110.43,STAR추천 로얄동 풀에어컨 관리잘된집,고덕스타공인중개사사무소,5,2026-10-09,2026-10-10,2026-10-10,,,1
2654421999,2654479785,godeok_xi,sale,185000,,111,21,59.93,83.30,"입주매매,올확장,풀시스템에어컨,27년 상반기 입주가능",단지내이레(443-6606)공인중개사사무소,45,2026-10-09,2026-10-10,2026-10-10,,,1
2654426859,2654426859,godeok_xi,sale,212000,,116,저,84.44,110.43,"자녀잘되는 뷰, 입주가, 초품아, 에어컨5대, 폴리싱타일,창전체썬",신명88공인중개사,2,2026-10-09,2026-10-10,2026-10-10,,,1
2654434420,2654434420,godeok_xi,sale,217000,,110,중,84.44,110.43,27년초입주 풀에 엘베2 트인뷰 채광좋음,고덕설연공인중개사사무소,15,2026-10-09,2026-10-10,2026-10-10,,,1
2654437318,2654479785,godeok_xi,sale,188000,,111,21,59.93,83.30,대단지역세권 명문학군 커뮤니티 풀옵션 입주가능,고덕거성공인중개사사무소,45,2026-10-09,2026-10-10,2026-10-10,,,1
2654437622,2654475233,godeok_xi,sale,185000,,119,중,59.93,83.30,입주협의 트인뷰 통풍 채광좋은집 편리한커뮤니티.,고덕설연공인중개사사무소,19,2026-10-09,2026-10-10,2026-10-10,,,1
2654437707,2654479071,godeok_xi,sale,185000,,115,저,59.93,83.30,입주협의 채광통풍좋음 초품아 세대창고 구성좋은 커뮤니티.,고덕설연공인중개사사무소,22,2026-10-09,2026-10-10,2026-10-10,,,1
2654437778,2654479785,godeok_xi,sale,188000,,111,21,59.93,83.30,"입주협의,정원가든뷰, 관리잘된깨끗한집,고일초,세대창고,커뮤니티굿.",고덕설연공인중개사사무소,45,2026-10-09,2026-10-10,2026-10-10,,,1
2654439629,2654472702,godeok_xi,sale,200000,,111,중,74.30,99.02,입주매매 트인뷰 초품아 채광좋음 관리잘된 깨끗한집,고덕설연공인중개사사무소,20,2026-10-09,2026-10-10,2026-10-10,,,1
2654442173,2653999737,godeok_xi,sale,190000,,102,저,59.93,83.30,입주매매 역가깝고 상가이용편리한동 채광좋은정남향,고덕설연공인중개사사무소,14,2026-10-09,2026-10-10,2026-10-10,,,1
2654442220,2654479747,godeok_xi,sale,200000,,119,14,74.30,99.02,"입주협의,초품아,귀한평형,통풍 채광좋은집,편리한커뮤니티.",고덕설연공인중개사사무소,38,2026-10-09,2026-10-10,2026-10-10,,,1
2654444743,2654472736,godeok_xi,sale,245000,,117,고,101.04,127.09,,롯데캐슬삼성공인중개사사무소,3,2026-10-09,2026-10-10,2026-10-10,,,1
2654447582,2654402650,godeok_xi,sale,180000,,115,저,59.70,84.28,T 02 3013 2500 풀옵션 뉴인테리어 트인뷰 학세권 추천매물,부동산뉴스공인중개사사무소,23,2026-10-09,2026-10-10,2026-10-10,,,1
2654455370,2654461224,godeok_xi,sale,185000,,102,중,59.93,83.30,제일좋은위치 전망이끝내주고 옵션이 좋아요 편의시설좋아요 초품아예요,조은동네부동산426-9800공인중개사사무소,10,2026-10-09,2026-10-10,2026-10-10,,,1
2654457923,2653999737,godeok_xi,sale,190000,,102,저,59.93,83.30,"늦은입주,상가가까움,초품아, 통풍 채광좋은집 편리한커뮤니티.",상일설연부동산중개,14,2026-10-09,2026-10-10,2026-10-10,,,1
2654458044,2654479743,godeok_xi,sale,205000,,109,저,84.97,109.92,세안고 중앙동 엘베2 채광좋음 세대창고 커뮤니티굿.,고덕설연공인중개사사무소,19,2026-10-09,2026-10-10,2026-10-10,,,1
2654458707,2654475220,godeok_xi,sale,220000,,108,9,84.73,110.00,입주협의 정남향 초품아 통풍 채광좋은집 편리한커뮤니티.,고덕설연공인중개사사무소,36,2026-10-09,2026-10-10,2026-10-10,,,1
2654461224,2654461224,godeok_xi,sale,185000,,102,중,59.93,83.30,"학교 지하철 가까운 동, 상가 이용 편리, 남향 밝은 집, 우수 커뮤니티",자이햇살공인중개사사무소,10,2026-10-09,2026-10-10,2026-10-10,,,1
2654462022,2654462022,godeok_xi,jeonse,83000,,111,고,59.93,83.30,"추.천. 귀한 25P전세,11월입주,반전세가능, 밝고 관리 잘된집",강동명문공인중개사사무소,12,2026-10-09,2026-10-10,2026-10-10,,,1
2654462288,2654462288,godeok_xi,sale,220000,,114,고,84.97,109.92,"입주매매,올확장,방3개,풀시스템에어컨,확트인뷰",단지내이레(443-6606)공인중개사사무소,7,2026-10-09,2026-10-10,2026-10-10,,,1
2654463897,2654479785,godeok_xi,sale,188000,,111,21,59.93,83.30,"입주협의,정원가든뷰, 관리잘된깨끗한집,고일초,세대창고,커뮤니티굿.",상일설연부동산중개,45,2026-10-09,2026-10-10,2026-10-10,,,1
2654464320,2654464320,godeok_xi,sale,215000,,113,중,84.44,110.43,"수납 공간 많은 타입, 트인 환한 뷰, 고일초 가까움, 우수 커뮤니티",자이햇살공인중개사사무소,6,2026-10-09,2026-10-10,2026-10-10,,,1
2654464895,2654472736,godeok_xi,sale,245000,,117,고,101.04,127.09,"입주매매 38p, 방4개, 로얄동층 탁트인뷰 선호평형 초품아 세대창고",고덕굿모닝(437-6009)공인중개사사무소,3,2026-10-09,2026-10-10,2026-10-10,,,1
2654465807,2654465807,godeok_xi,sale,220000,,114,저,84.44,110.43,입주협의 엘베2 풀에 수납좋은구조 커뮤니티굿.,고덕설연공인중개사사무소,17,2026-10-09,2026-10-10,2026-10-10,,,1
2654467440,2654461224,godeok_xi,sale,185000,,102,중,59.93,83.30,추천. 입주매매. 로얄동층. 관리잘된집,그라시움하늘공인중개사사무소,10,2026-10-09,2026-10-10,2026-10-10,,,1
2654468993,2654479747,godeok_xi,sale,200000,,119,중,74.30,99.02,거성추천 입주매매 초품아 채광좋은트인뷰 에어컨풀 우수커뮤니티,그라시움거성공인중개사사무소,38,2026-10-09,2026-10-10,2026-10-10,,,1
2654469059,2654479071,godeok_xi,sale,185000,,115,저,59.93,83.30,"급매 입주협의 통풍좋은구조 편리한 커뮤니티, 쾨적한주거환경",상일설연부동산중개,22,2026-10-09,2026-10-10,2026-10-10,,,1
2654471754,2654471754,godeok_xi,sale,212000,,116,중,84.73,110.00,풀에어컨 트인뷰 밝은집 인테리어,고덕자이(441-0109)공인중개사사무소,1,2026-10-09,2026-10-10,2026-10-10,,,1
2654471806,2654479071,godeok_xi,sale,185000,,115,저,59.93,83.30,입주매매 시스템에어컨 트인뷰,고덕자이(441-0109)공인중개사사무소,22,2026-10-09,2026-10-10,2026-10-10,,,1
2654472698,2654472698,godeok_xi,sale,185000,,102,11,59.93,83.30,입주매매 정남향 풀에어컨 깨끗하고예쁜집,고덕자이(441-0109)공인중개사사무소,13,2026-10-09,2026-10-10,2026-10-10,,,1
2654472702,2654472702,godeok_xi,sale,200000,,111,중,74.30,99.02,정상입주 뻥뷰 풀에어컨 깨끗한집,고덕자이(441-0109)공인중개사사무소,20,2026-10-09,2026-10-10,2026-10-10,,,1
2654472724,2654479737,godeok_xi,sale,207000,,109,25,84.97,109.92,전세안고 풀에어컨 트인뷰 엘베2대,고덕자이(441-0109)공인중개사사무소,28,2026-10-09,2026-10-10,2026-10-10,,,1
2654472736,2654472736,godeok_xi,sale,245000,,117,고,101.04,127.09,단독 입주가능 풀에어컨 엘베2대 막힘없는뷰,고덕자이(441-0109)공인중개사사무소,3,2026-10-09,2026-10-10,2026-10-10,,,1
2654472737,2654479785,godeok_xi,sale,188000,,111,21,59.93,83.30,입주매매 풀에어컨 트인뷰,고덕자이(441-0109)공인중개사사무소,45,2026-10-09,2026-10-10,2026-10-10,,,1
2654472756,2654472756,godeok_xi,sale,205000,,109,저,84.44,110.43,급매입주 인테리어되고 밝은집,고덕자이(441-0109)공인중개사사무소,7,2026-10-09,2026-10-10,2026-10-10,,,1
2654475220,2654475220,godeok_xi,sale,220000,,108,9,84.73,110.00,시스템에어컨풀 단지내초등학교 커뮤니티우수 채광 통풍 좋음,사랑부동산공인중개사사무소,36,2026-10-10,2026-10-10,2026-10-10,,,1
2654475226,2654475226,godeok_xi,sale,220000,,109,저,84.97,109.92,시스템에어컨. 인테리어 커뮤니티우수 선호구조 채광 통풍 좋음,사랑부동산공인중개사사무소,28,2026-10-10,2026-10-10,2026-10-10,,,1
2654475227,2654475227,godeok_xi,sale,185000,,105,저,59.93,83.30,25P 예쁜단지뷰 관리잘된 집 에어컨풀 커뮤니티 우수 학군 우수,사랑부동산공인중개사사무소,20,2026-10-10,2026-10-10,2026-10-10,,,1
2654475228,2654475228,godeok_xi,sale,270000,,116,13,118.44,146.48,시스템에어컨. 풀 학교와 지하철 상가 커뮤니티이용편리,사랑부동산공인중개사사무소,27,2026-10-10,2026-10-10,2026-10-10,,,1
2654475232,2654479785,godeok_xi,sale,188000,,111,21,59.93,83.30,늦은입주 역세권.25P 관리잘된 집 커뮤니티 우수 학군 우수,사랑부동산공인중개사사무소,45,2026-10-10,2026-10-10,2026-10-10,,,1
2654475233,2654475233,godeok_xi,sale,185000,,119,중,59.93,83.30,25P 고덕천 뷰 인테리어 잘된 집 커뮤니티 우수 학군 우수,사랑부동산공인중개사사무소,19,2026-10-10,2026-10-10,2026-10-10,,,1
2654475234,2654479071,godeok_xi,sale,185000,,115,저,59.93,83.30,여유 있는 입주 정원 조망 커뮤니티 우수 학군 우수,사랑부동산공인중개사사무소,22,2026-10-10,2026-10-10,2026-10-10,,,1
2654475235,2654475235,godeok_xi,sale,200000,,111,중,74.82,98.73,세안고 시스템에어컨풀 단지내초등학교 커뮤니티우수 채광 통풍 좋음,사랑부동산공인중개사사무소,13,2026-10-10,2026-10-10,2026-10-10,,,1
2654475246,2654479747,godeok_xi,sale,200000,,119,14,74.30,99.02,시스템에어컨풀 단지내초등학교 커뮤니티우수 채광 통풍 좋음,사랑부동산공인중개사사무소,38,2026-10-10,2026-10-10,2026-10-10,,,1
2654479071,2654479071,godeok_xi,sale,185000,,115,저,59.93,83.30,늦은 입주 I 시스템에어컨 I 예쁜 단지뷰,노아공인중개사사무소,22,2026-10-10,2026-10-10,2026-10-10,,,1
2654479737,2654479737,godeok_xi,sale,207000,,109,25,84.97,109.92,풀시스템에어컨 I 엘베2대 I 로얄동층,노아공인중개사사무소,28,2026-10-10,2026-10-10,2026-10-10,,,1
2654479743,2654479743,godeok_xi,sale,205000,,109,저,84.97,109.92,늦은 입주 I 중앙 광장뷰 I 풀시스템에어컨,노아공인중개사사무소,19,2026-10-10,2026-10-10,2026-10-10,,,1
2654479747,2654479747,godeok_xi,sale,200000,,119,14,74.30,99.02,추천 l 입주가능 l 탁 트인뷰 l 풀에어컨 l 초품아,노아공인중개사사무소,38,2026-10-10,2026-10-10,2026-10-10,,,1
2654479785,2654479785,godeok_xi,sale,185000,,111,21,59.93,83.30,풀시스템에어컨 I 늦은입주 I 주인거주 깔끔한 집,노아공인중개사사무소,45,2026-10-10,2026-10-10,2026-10-10,,,1
2654480736,2654479785,godeok_xi,sale,188000,,111,21,59.93,83.30,금터 25A 정갈하고 깔끔한 컨디션 애지중지 관리한집 고일초 안심도보통학,고덕그라시움금터부동산공인중개사사무소,45,2026-10-10,2026-10-10,2026-10-10,,,1
2648625024,2650676415,godeok_xi,sale,215000,,103,중,84.97,109.92,,고덕에덴공인중개사사무소,3,2026-09-09,2026-10-09,2026-10-09,,,0
2648625042,2648625042,godeok_xi,sale,220000,,113,고,84.97,109.92,"고덕천뷰,검단산뷰. 야경굿. 로얄동.층 에5.공청6",고덕에덴공인중개사사무소,1,2026-09-09,2026-10-09,2026-10-09,,,0
2648716502,2654241333,godeok_xi,sale,220000,,109,저,84.97,109.92,입주 인테리어되어 예쁜집 9호선예정 우수한학군,채운공인중개사사무소,29,2026-09-09,2026-10-09,2026-10-09,,,0
2648754557,2654348654,godeok_xi,sale,230000,,107,고,84.73,110.00,"27년초 입주, 풀옵션, 정남향 초품아, 우수커뮤니티",고덕굿모닝(437-6009)공인중개사사무소,12,2026-09-09,2026-10-09,2026-10-09,,,0
2648782672,2648782672,godeok_xi,sale,185000,,119,중,59.93,83.30,"세안고,쾌적한주거환경,세대창고,초품아.",상일설연부동산중개,1,2026-09-09,2026-10-09,2026-10-09,,,0
2648785678,2648785678,godeok_xi,sale,200000,,119,14,74.30,99.02,"세안고,고일초,상일동역세권,쾌적한주거환경, 우수커뮤니티",상일설연부동산중개,1,2026-09-09,2026-10-09,2026-10-09,,,0
2648791677,2650799214,godeok_xi,sale,215000,,118,고,84.44,110.43,"커뮤니티최고시설,학세권,뷰최고임",경성공인중개사사무소,2,2026-09-09,2026-10-09,2026-10-09,,,0
2648794797,2654251690,godeok_xi,sale,200000,,111,중,74.82,98.73,강추.세안고.풀옵션.초품아.세대별 창고.컨디션굿.고덕사회체육센터 인접.,골드공인중개사사무소,14,2026-09-09,2026-10-09,2026-10-09,,,0
2649386266,2654371007,godeok_xi,sale,188000,,111,21,59.93,83.30,"입주매매,올확장,풀시스템에어컨,27년 상반기 입주가능",단지내이레(443-6606)공인중개사사무소,45,2026-09-12,2026-10-09,2026-10-09,,,0
2649806105,2653999737,godeok_xi,sale,190000,,102,저,59.93,83.30,"늦은입주,상가가까움,초품아, 통풍 채광좋은집 편리한커뮤니티.",상일설연부동산중개,13,2026-09-14,2026-10-09,2026-10-09,,,0
2649977033,2654376062,godeok_xi,sale,207000,,109,고,84.97,109.92,"세안고,중앙동,엘베2,수납좋은구조,채광좋음,세대창고,커뮤니티굿.",상일설연부동산중개,29,2026-09-15,2026-10-09,2026-10-09,,,0
2650814982,2654371007,godeok_xi,sale,188000,,111,21,59.93,83.30,"입주협의,정원가든뷰, 관리잘된깨끗한집,고일초,세대창고,커뮤니티굿.",상일설연부동산중개,45,2026-09-19,2026-10-09,2026-10-09,,,0
2650815170,2654371867,godeok_xi,sale,185000,,115,저,59.93,83.30,"급매 입주협의 통풍좋은구조 편리한 커뮤니티, 쾨적한주거환경",상일설연부동산중개,23,2026-09-19,2026-10-09,2026-10-09,,,0
2651468016,2654371506,godeok_xi,sale,180000,,115,저,59.70,84.28,T 02 3013 2500 풀옵션 뉴인테리어 트인뷰 학세권 추천매물,부동산뉴스공인중개사사무소,23,2026-09-23,2026-10-09,2026-10-09,,,0
2652546568,2654248452,godeok_xi,sale,245000,,117,고,101.04,127.09,"입주매매 38p, 방4개, 로얄동층 탁트인뷰 선호평형 초품아 세대창고",고덕굿모닝(437-6009)공인중개사사무소,3,2026-09-30,2026-10-09,2026-10-09,,,0
2652843451,2654365931,godeok_xi,sale,185000,,115,저,59.93,83.30,T3013 2500 뉴스강추매물. 로얄동. 늦은입주.우수학군. 채광굿,부동산뉴스공인중개사사무소,23,2026-10-01,2026-10-09,2026-10-09,,,0
2653132938,2654371007,godeok_xi,sale,188000,,111,21,59.93,83.30,"입주협의,정원가든뷰, 관리잘된깨끗한집,고일초,세대창고,커뮤니티굿.",고덕설연공인중개사사무소,45,2026-10-02,2026-10-09,2026-10-09,,,0
2653135270,2654377100,godeok_xi,sale,185000,,119,중,59.93,83.30,입주협의 트인뷰 통풍 채광좋은집 편리한커뮤니티.,고덕설연공인중개사사무소,19,2026-10-02,2026-10-09,2026-10-09,,,0
2653139952,2654371867,godeok_xi,sale,185000,,115,저,59.93,83.30,입주협의 채광통풍좋음 초품아 세대창고 구성좋은 커뮤니티.,고덕설연공인중개사사무소,23,2026-10-02,2026-10-09,2026-10-09,,,0
2653142181,2654376240,godeok_xi,sale,205000,,109,저,84.97,109.92,세안고 중앙동 엘베2 채광좋음 세대창고 커뮤니티굿.,고덕설연공인중개사사무소,20,2026-10-02,2026-10-09,2026-10-09,,,0
2653144554,2654374630,godeok_xi,sale,200000,,111,중,74.30,99.02,입주매매 트인뷰 초품아 채광좋음 관리잘된 깨끗한집,고덕설연공인중개사사무소,20,2026-10-02,2026-10-09,2026-10-09,,,0
2653155561,2654332840,godeok_xi,sale,220000,,108,9,84.73,110.00,입주협의 정남향 초품아 통풍 채광좋은집 편리한커뮤니티.,고덕설연공인중개사사무소,36,2026-10-02,2026-10-09,2026-10-09,,,0
2653203020,2654241333,godeok_xi,sale,220000,,109,저,84.97,109.92,시스템에어컨. 인테리어 커뮤니티우수 선호구조 채광 통풍 좋음,사랑부동산공인중개사사무소,29,2026-10-03,2026-10-09,2026-10-09,,,0
2653203021,2654332840,godeok_xi,sale,220000,,108,9,84.73,110.00,시스템에어컨풀 단지내초등학교 커뮤니티우수 채광 통풍 좋음,사랑부동산공인중개사사무소,36,2026-10-03,2026-10-09,2026-10-09,,,0
2653203043,2654106607,godeok_xi,sale,270000,,116,13,118.44,146.48,시스템에어컨. 풀 학교와 지하철 상가 커뮤니티이용편리,사랑부동산공인중개사사무소,27,2026-10-03,2026-10-09,2026-10-09,,,0
2653294532,2654365882,godeok_xi,jeonse,83000,,111,고,59.93,83.30,"추.천. 귀한 25P전세,11월입주,반전세가능, 밝고 관리 잘된집",강동명문공인중개사사무소,11,2026-10-03,2026-10-09,2026-10-09,,,0
2653391390,2653391390,godeok_xi,wolse,20000,340,112,고,84.73,110.00,"너무깨끗,에어컨풀,판상형,입주일협의,초품아,장기거주가능,착한임대인,창고",고덕굿모닝(437-6009)공인중개사사무소,1,2026-10-05,2026-10-09,2026-10-09,,,0
2653391903,2653391903,godeok_xi,sale,185000,,102,중,59.93,83.30,"입주,정남향, 시스템에어컨, 지하철가까운동, 상가이용편리, 세대창고",고덕굿모닝(437-6009)공인중개사사무소,2,2026-10-05,2026-10-09,2026-10-09,,,0
2653407617,2654365903,godeok_xi,jeonse,130000,,117,중,101.04,127.09,"추천, 귀한 대형 평형, 탁트인 환한 뷰, 고일초품아, 우수 커뮤니티",자이햇살공인중개사사무소,7,2026-10-05,2026-10-09,2026-10-09,,,0
2653495485,2653495485,godeok_xi,sale,212000,,116,중,84.73,110.00,풀에어컨 트인뷰 밝은집 인테리어,고덕자이(441-0109)공인중개사사무소,1,2026-10-05,2026-10-09,2026-10-09,,,0
2653498562,2654371007,godeok_xi,sale,188000,,111,21,59.93,83.30,대단지역세권 명문학군 커뮤니티 풀옵션 입주가능,고덕거성공인중개사사무소,45,2026-10-05,2026-10-09,2026-10-09,,,0
2653518677,2654371074,godeok_xi,sale,185000,,105,저,59.93,83.30,25P 예쁜단지뷰 관리잘된 집 에어컨풀 커뮤니티 우수 학군 우수,사랑부동산공인중개사사무소,20,2026-10-06,2026-10-09,2026-10-09,,,0
2653518684,2654371867,godeok_xi,sale,185000,,115,저,59.93,83.30,여유 있는 입주 정원 조망 커뮤니티 우수 학군 우수,사랑부동산공인중개사사무소,23,2026-10-06,2026-10-09,2026-10-09,,,0
2653518685,2654251690,godeok_xi,sale,200000,,111,중,74.82,98.73,세안고 시스템에어컨풀 단지내초등학교 커뮤니티우수 채광 통풍 좋음,사랑부동산공인중개사사무소,14,2026-10-06,2026-10-09,2026-10-09,,,0
2653518686,2654371007,godeok_xi,sale,188000,,111,21,59.93,83.30,늦은입주 역세권.25P 관리잘된 집 커뮤니티 우수 학군 우수,사랑부동산공인중개사사무소,45,2026-10-06,2026-10-09,2026-10-09,,,0
2653518695,2654377100,godeok_xi,sale,185000,,119,중,59.93,83.30,25P 고덕천 뷰 인테리어 잘된 집 커뮤니티 우수 학군 우수,사랑부동산공인중개사사무소,19,2026-10-06,2026-10-09,2026-10-09,,,0
2653518696,2654374805,godeok_xi,sale,200000,,119,14,74.30,99.02,시스템에어컨풀 단지내초등학교 커뮤니티우수 채광 통풍 좋음,사랑부동산공인중개사사무소,36,2026-10-06,2026-10-09,2026-10-09,,,0
2653576224,2653576224,godeok_xi,jeonse,85000,,106,고,59.93,83.30,강추 귀한전세 탁트인조망 정남향 밝고환한집 시스템에어컨,고덕선경(428-3939)공인중개사사무소,1,2026-10-06,2026-10-09,2026-10-09,,,0
2653591999,2654332840,godeok_xi,sale,215000,,108,고,84.73,110.00,조합원 매물 정남향 풀에어컨 중문 커뮤니티인접동 고일초,고덕강남부동산공인중개사사무소,36,2026-10-06,2026-10-09,2026-10-09,,,0
2653738954,2653738954,godeok_xi,jeonse,100000,,110,저,84.97,109.92,"방4개,융무, 워터가든뷰, 입주일조정가, 초품아, 세대창고",고덕굿모닝(437-6009)공인중개사사무소,1,2026-10-06,2026-10-09,2026-10-09,,,0
2653777275,2654371867,godeok_xi,sale,185000,,115,저,59.93,83.30,"커뮤니티최고시설,풀옵션,학세권고일초5분거리,정상입주",경성공인중개사사무소,23,2026-10-06,2026-10-09,2026-10-09,,,0
2653818766,2654371867,godeok_xi,sale,185000,,115,저,59.93,83.30,늦은 입주 I 시스템에어컨 I 예쁜 단지뷰,노아공인중개사사무소,23,2026-10-07,2026-10-09,2026-10-09,,,0
2653819376,2654376240,godeok_xi,sale,205000,,109,저,84.97,109.92,늦은 입주 I 중앙 광장뷰 I 풀시스템에어컨,노아공인중개사사무소,20,2026-10-07,2026-10-09,2026-10-09,,,0
2653819377,2654376062,godeok_xi,sale,207000,,109,25,84.97,109.92,풀시스템에어컨 I 엘베2대 I 로얄동층,노아공인중개사사무소,29,2026-10-07,2026-10-09,2026-10-09,,,0
2653819386,2654374805,godeok_xi,sale,200000,,119,14,74.30,99.02,추천 l 입주가능 l 탁 트인뷰 l 풀에어컨 l 초품아,노아공인중개사사무소,36,2026-10-07,2026-10-09,2026-10-09,,,0
2653819445,2654371007,godeok_xi,sale,188000,,111,21,59.93,83.30,풀시스템에어컨 I 늦은입주 I 주인거주 깔끔한 집,노아공인중개사사무소,45,2026-10-07,2026-10-09,2026-10-09,,,0
2653856038,2654365212,godeok_xi,sale,185000,,105,저,59.93,83.30,"파노라마 트인뷰,9호선 호재 단지,에어컨 풀,입주 정상",센트럴부자공인중개사사무소,20,2026-10-07,2026-10-09,2026-10-09,,,0
2653856648,2654365931,godeok_xi,sale,185000,,115,저,59.93,83.30,"트인뷰,시,에 ,계절 창고 ,다양한 커뮤니티.늦은 입주",센트럴부자공인중개사사무소,23,2026-10-07,2026-10-09,2026-10-09,,,0
2653858854,2654346464,godeok_xi,sale,188000,,111,21,59.93,83.30,"트인뷰,에어컨 풀,우수한 커뮤니티,입주협의",센트럴부자공인중개사사무소,45,2026-10-07,2026-10-09,2026-10-09,,,0
2653859157,2654365907,godeok_xi,sale,180000,,115,저,59.70,84.28,"최상의 전면뷰,에어컨 풀,계절 창고,세안고",센트럴부자공인중개사사무소,23,2026-10-07,2026-10-09,2026-10-09,,,0
2653871777,2653871777,godeok_xi,jeonse,84000,,102,저,59.93,83.30,"에풀, 입주일조정가,정남향, 공동가능,상가이용편리",고덕굿모닝(437-6009)공인중개사사무소,1,2026-10-07,2026-10-09,2026-10-09,,,0
2653880335,2653880335,godeok_xi,sale,185000,,106,중,59.93,83.30,"입주매매, 에풀, 선호동 정남향 채광좋은집, 세대창고, 초품아, 우수커뮤",고덕굿모닝(437-6009)공인중개사사무소,1,2026-10-07,2026-10-09,2026-10-09,,,0
2653884015,2654365872,godeok_xi,wolse,70000,50,111,고,59.93,83.30,"추천, 로얄동 로얄층, 탁트인 고덕천 뷰, 초품아, 우수 커뮤니티",자이햇살공인중개사사무소,10,2026-10-07,2026-10-09,2026-10-09,,,0
2653884536,2654365882,godeok_xi,jeonse,83000,,111,고,59.93,83.30,"추천, 로얄동 로얄층, 탁트인 고덕천 뷰, 초품아, 우수 커뮤니티",자이햇살공인중개사사무소,12,2026-10-07,2026-10-09,2026-10-09,,,0
2653892122,2654375298,godeok_xi,sale,218000,,109,저,84.97,109.92,"추천, 예쁜 단지뷰, 풀옵션, 관리 잘된 집, 초품아, 우수 커뮤니티",자이햇살공인중개사사무소,14,2026-10-07,2026-10-09,2026-10-09,,,0
2653892250,2654377113,godeok_xi,sale,217000,,110,중,84.44,110.43,"추천, 늦은 입주, 풀옵션, 밝고 환한 집, 초품아, 우수 커뮤니티",자이햇살공인중개사사무소,14,2026-10-07,2026-10-09,2026-10-09,,,0
2653897294,2654377100,godeok_xi,sale,185000,,119,중,59.93,83.30,"추천, 탁트인 환한 뷰, 초품아, 우수 커뮤니티, 세안고 매매",자이햇살공인중개사사무소,19,2026-10-07,2026-10-09,2026-10-09,,,0
2653898069,2654371074,godeok_xi,sale,185000,,105,저,59.93,83.30,"추천, 늦은 입주, 지하철 가까운 동, 풀에어컨, 예쁜 단지뷰, 초품아",자이햇살공인중개사사무소,20,2026-10-07,2026-10-09,2026-10-09,,,0
2653898234,2654376062,godeok_xi,sale,207000,,109,25,84.97,109.92,"세안고 매매, 지하철 가까운 동, 풀에어컨, 초품아, 우수 커뮤니티",자이햇살공인중개사사무소,29,2026-10-07,2026-10-09,2026-10-09,,,0
2653898322,2654368899,godeok_xi,sale,185000,,102,11,59.93,83.30,"추천, 입주 매매, 정남향 밝은 집, 풀옵션, 상가 이용 편리, 초품아",자이햇살공인중개사사무소,13,2026-10-07,2026-10-09,2026-10-09,,,0
2653898409,2654376240,godeok_xi,sale,205000,,109,저,84.97,109.92,"추천, 늦은 입주, 로얄동, 풀에어컨, 초품아, 우수 커뮤니티",자이햇살공인중개사사무소,20,2026-10-07,2026-10-09,2026-10-09,,,0
2653899602,2654251690,godeok_xi,sale,200000,,111,중,74.82,98.73,"추천, 로얄동 층, 풀옵션, 탁트인 환한 뷰, 초품아, 우수 커뮤니티",자이햇살공인중개사사무소,14,2026-10-07,2026-10-09,2026-10-09,,,0
2653899739,2654371506,godeok_xi,sale,180000,,115,2,59.70,84.28,"추천, 탁트인 뷰, 풀옵션, 우수 커뮤니티, 초품아",자이햇살공인중개사사무소,23,2026-10-07,2026-10-09,2026-10-09,,,0
2653900241,2654371867,godeok_xi,sale,185000,,115,저,59.93,83.30,"추천, 입주 매매, 트인 환한 뷰, 고일초품아, 우수 커뮤니티",자이햇살공인중개사사무소,23,2026-10-07,2026-10-09,2026-10-09,,,0
2653900340,2654374630,godeok_xi,sale,200000,,111,중,74.30,99.02,"추천, 입주 매매, 트인 환한 뷰, 풀에어컨, 관리 잘된 집, 초품아",자이햇살공인중개사사무소,20,2026-10-07,2026-10-09,2026-10-09,,,0
2653900736,2654371007,godeok_xi,sale,188000,,111,21,59.93,83.30,"입주 매매, 밝고 환한 고층 뷰, 풀에어컨, 초품아, 우수 커뮤니티",자이햇살공인중개사사무소,45,2026-10-07,2026-10-09,2026-10-09,,,0
2653906255,2654375298,godeok_xi,sale,218000,,109,저,84.97,109.92,"추천,에풀, 로얄동 이쁜뷰, 세대창고, 고일초초품아, 우수커뮤",고덕굿모닝(437-6009)공인중개사사무소,14,2026-10-07,2026-10-09,2026-10-09,,,0
2653906715,2654377113,godeok_xi,sale,217000,,110,중,84.44,110.43,"에풀 풀옵션, 채광좋은집 워터가든뷰, 초품아, 우수커뮤니티",고덕굿모닝(437-6009)공인중개사사무소,14,2026-10-07,2026-10-09,2026-10-09,,,0
2653993285,2654377078,godeok_xi,sale,215000,,113,중,84.44,110.43,"풀옵션, 로얄동층 채광좋은집, 인테리어됨, 세대창고, 우수커뮤니티",고덕굿모닝(437-6009)공인중개사사무소,5,2026-10-07,2026-10-09,2026-10-09,,,0
2653994337,2653994337,godeok_xi,sale,215000,,114,중,84.44,110.43,"추천저렴, 입주매매, 에풀, 세대지하창고, 초품아, 단독,우수커뮤니티",고덕굿모닝(437-6009)공인중개사사무소,1,2026-10-07,2026-10-09,2026-10-09,,,0
2654025071,2654376240,godeok_xi,sale,205000,,109,저,84.97,109.92,트인뷰 초품아 엘베2대 중앙동 생활편리,고덕자이(441-0109)공인중개사사무소,20,2026-10-07,2026-10-09,2026-10-09,,,0
2654034235,2654368899,godeok_xi,sale,185000,,102,11,59.93,83.30,입주매매 정남향 풀에어컨 깨끗하고예쁜집,고덕자이(441-0109)공인중개사사무소,13,2026-10-07,2026-10-09,2026-10-09,,,0
2654040184,2654371007,godeok_xi,sale,188000,,111,21,59.93,83.30,금터 25A 정갈하고 깔끔한 컨디션 애지중지 관리한집 고일초 안심도보통학,고덕그라시움금터부동산공인중개사사무소,45,2026-10-08,2026-10-09,2026-10-09,,,0
2654048644,2654248452,godeok_xi,sale,245000,,117,고,101.04,127.09,,롯데캐슬삼성공인중개사사무소,3,2026-10-08,2026-10-09,2026-10-09,,,0
2654088822,2654088822,godeok_xi,sale,240000,,117,저,101.04,127.09,세안고 뻥뚫린 환상적인공원뷰 시스템에어컨5 중문 안방붙박이장,고덕강남부동산공인중개사사무소,1,2026-10-08,2026-10-09,2026-10-09,,,0
2654110922,2654253764,godeok_xi,sale,185000,,119,중,59.93,83.30,세안고 탁트인뷰최상 로얄동층 시스템에어컨 커뮤니티우수 초품아,고덕스카이공인중개사사무소,19,2026-10-08,2026-10-09,2026-10-09,,,0
2654111017,2654146434,godeok_xi,sale,217000,,110,중,84.44,110.43,늦은입주매매 로얄동층 풀에어컨 풀옵션 커뮤니티우수,고덕스카이공인중개사사무소,14,2026-10-08,2026-10-09,2026-10-09,,,0
2654111106,2654224377,godeok_xi,sale,215000,,113,중,84.44,110.43,세안고매매 로얄동층 풀에어컨 팬트리공간 초품아,고덕스카이공인중개사사무소,5,2026-10-08,2026-10-09,2026-10-09,,,0
2654126626,2654348816,godeok_xi,sale,205000,,109,저,84.97,109.92,세안고급매 채광좋은로얄동 풀에어컨 커뮤니티우수 초품아,고덕스카이공인중개사사무소,20,2026-10-08,2026-10-09,2026-10-09,,,0
2654128683,2654348813,godeok_xi,sale,207000,,109,25,84.97,109.92,추천세안고매매 로얄동층 풀시스템에어컨 초품아,고덕스카이공인중개사사무소,29,2026-10-08,2026-10-09,2026-10-09,,,0
2654146531,2654367528,godeok_xi,sale,200000,,119,14,74.30,99.02,협.의.입.주. 풀에어컨 막힘없이 트인 뷰 내부컨디션 굿 초품아,미르(426-1120)공인중개사사무소,36,2026-10-08,2026-10-09,2026-10-09,,,0
2654146701,2654346464,godeok_xi,sale,188000,,111,21,59.93,83.30,25.입주협의 집보여드림 풀에어컨 내부깔끔 커뮤니티우수,미르(426-1120)공인중개사사무소,45,2026-10-08,2026-10-09,2026-10-09,,,0
2654146815,2654365212,godeok_xi,sale,185000,,105,저,59.93,83.30,25.입주추천 집보여드림 풀에어컨 선호도높은 판상형 내부깔끔 초품아,미르(426-1120)공인중개사사무소,20,2026-10-08,2026-10-09,2026-10-09,,,0
2654147532,2654365907,godeok_xi,sale,180000,,115,2,59.70,84.28,내부 깔끔하게 관리 잘된 집 풀에어컨 조망 이쁜 단지뷰 학군 자이프리미엄,미르(426-1120)공인중개사사무소,23,2026-10-08,2026-10-09,2026-10-09,,,0
2654150863,2654365903,godeok_xi,jeonse,130000,,117,중,101.04,127.09,"방4개 38p,시스템에어컨풀, 탁트인뷰 로얄동층 , 초품아, 세대창고",고덕굿모닝(437-6009)공인중개사사무소,7,2026-10-08,2026-10-09,2026-10-09,,,0
2654158011,2654158011,godeok_xi,wolse,50000,140,102,저,59.93,83.30,"공동가능,입주일조정가 에풀, 정남향, 세대창고, 상가이용편리, 초품아,",고덕굿모닝(437-6009)공인중개사사무소,2,2026-10-08,2026-10-09,2026-10-09,,,0
2654160821,2654371007,godeok_xi,sale,188000,,111,21,59.93,83.30,"입주매매,시스템에어컨, 고일초초품아, 세대별지하창고, 우수커뮤니티",고덕굿모닝(437-6009)공인중개사사무소,45,2026-10-08,2026-10-09,2026-10-09,,,0
2654162243,2654376240,godeok_xi,sale,205000,,109,저,84.97,109.92,"급매,늦은입주,풀인테리어, 에어컨풀, 조용한 로얄동, 초품아",고덕굿모닝(437-6009)공인중개사사무소,20,2026-10-08,2026-10-09,2026-10-09,,,0
2654162483,2654371506,godeok_xi,sale,180000,,115,2,59.70,84.28,"입주내년초, 시스템에어컨4대,개방감 좋은 트인뷰,초품아. 세대창고",고덕굿모닝(437-6009)공인중개사사무소,23,2026-10-08,2026-10-09,2026-10-09,,,0
2654163888,2654374630,godeok_xi,sale,200000,,111,중,74.30,99.02,"입주매매, 풀옵션, 알파룸, 세대지하창고, 고일초초품아, 우수커뮤니티",고덕굿모닝(437-6009)공인중개사사무소,20,2026-10-08,2026-10-09,2026-10-09,,,0
2654166673,2654374903,godeok_xi,sale,212000,,118,고,84.44,110.43,"추천 ,입주매매, 에어컨풀, 가장좋은동, 뻥뷰,초품아, 우수커뮤니티",고덕굿모닝(437-6009)공인중개사사무소,7,2026-10-08,2026-10-09,2026-10-09,,,0
2654168602,2654376062,godeok_xi,sale,207000,,109,25,84.97,109.92,"로얄동,세안고 급매, 풀에어컨 트인뷰 초품아 지하세대별창고",고덕굿모닝(437-6009)공인중개사사무소,29,2026-10-08,2026-10-09,2026-10-09,,,0
2654169898,2654371867,godeok_xi,sale,185000,,115,저,59.93,83.30,"입주매매 시스템에어컨, 개방감 굿, 확장, 초품아, 세대지하창고",고덕굿모닝(437-6009)공인중개사사무소,23,2026-10-08,2026-10-09,2026-10-09,,,0
2654169989,2654371074,godeok_xi,sale,185000,,105,저,59.93,83.30,"에풀, 선호평형, 고일초초품아, 세대지하창고, 우수커뮤니티",고덕굿모닝(437-6009)공인중개사사무소,20,2026-10-08,2026-10-09,2026-10-09,,,0
2654199481,2654199481,godeok_xi,sale,210000,,110,19,84.44,110.43,STAR추천 로얄동 풀에어컨 관리잘된집,고덕스타공인중개사사무소,5,2026-10-08,2026-10-09,2026-10-09,,,0
2654223723,2654365298,godeok_xi,sale,205000,,109,저,84.44,110.43,"입주매매, 빠른입주가능,단지 중앙동으로 채광이 좋은 트인뷰",단지내이레(443-6606)공인중개사사무소,6,2026-10-08,2026-10-09,2026-10-09,,,0
2654224073,2654348816,godeok_xi,sale,205000,,109,저,84.97,109.92,"입주매매,풀옵션,풀인테리어, 단지 뷰,초품아,우수학군",단지내이레(443-6606)공인중개사사무소,20,2026-10-08,2026-10-09,2026-10-09,,,0
2654224722,2654365936,godeok_xi,sale,200000,,111,중,74.30,99.02,"올확장, 단지내 트인뷰,풀시스템에어컨,하루종일 해드는 로얄동층",단지내이레(443-6606)공인중개사사무소,20,2026-10-08,2026-10-09,2026-10-09,,,0
2654224788,2654348813,godeok_xi,sale,207000,,109,25,84.97,109.92,"세안고 매매 ,방3개, 풀시스템에어컨,조합원옵션,로얄동층",단지내이레(443-6606)공인중개사사무소,29,2026-10-08,2026-10-09,2026-10-09,,,0
2654225108,2654365919,godeok_xi,sale,215000,,118,고,84.44,110.43,"입주매매,올확장,확트인 영구뷰,채광우수,초품아",단지내이레(443-6606)공인중개사사무소,7,2026-10-08,2026-10-09,2026-10-09,,,0
2654225158,2654365235,godeok_xi,sale,218000,,109,저,84.97,109.92,"입주매매,올확장,풀옵션,관리 잘 된 집,예쁜 단지뷰",단지내이레(443-6606)공인중개사사무소,14,2026-10-08,2026-10-09,2026-10-09,,,0
2654225527,2654367528,godeok_xi,sale,200000,,119,14,74.30,99.02,"입주매매,올확장,풀옵션,채광좋은 집, 입주협의됩니다",단지내이레(443-6606)공인중개사사무소,36,2026-10-08,2026-10-09,2026-10-09,,,0
2654225589,2654365870,godeok_xi,jeonse,102000,,114,저,84.44,110.43,"올확장,풀옵션,펜트리있는 인기타입,초품아,우수커뮤니티",단지내이레(443-6606)공인중개사사무소,5,2026-10-08,2026-10-09,2026-10-09,,,0
2654248452,2654248452,godeok_xi,sale,245000,,117,고,101.04,127.09,단독 입주가능 풀에어컨 엘베2대 막힘없는뷰,고덕자이(441-0109)공인중개사사무소,3,2026-10-08,2026-10-09,2026-10-09,,,0
2654250844,2654376062,godeok_xi,sale,207000,,109,25,84.97,109.92,전세안고 풀에어컨 트인뷰 엘베2대,고덕자이(441-0109)공인중개사사무소,29,2026-10-08,2026-10-09,2026-10-09,,,0
2654250909,2654374630,godeok_xi,sale,200000,,111,중,74.30,99.02,정상입주 뻥뷰 풀에어컨 깨끗한집,고덕자이(441-0109)공인중개사사무소,20,2026-10-08,2026-10-09,2026-10-09,,,0
2654254160,2654371007,godeok_xi,sale,188000,,111,21,59.93,83.30,입주매매 풀에어컨 트인뷰,고덕자이(441-0109)공인중개사사무소,45,2026-10-08,2026-10-09,2026-10-09,,,0
2654256579,2654371867,godeok_xi,sale,185000,,115,저,59.93,83.30,입주매매 시스템에어컨 트인뷰,고덕자이(441-0109)공인중개사사무소,23,2026-10-08,2026-10-09,2026-10-09,,,0
2654329742,2654376403,godeok_xi,sale,205000,,109,저,84.44,110.43,급매입주 인테리어되고 밝은집,고덕자이(441-0109)공인중개사사무소,6,2026-10-08,2026-10-09,2026-10-09,,,0
2654331346,2654366457,godeok_xi,sale,185000,,102,중,59.93,83.30,"입주매매, 정남향,올확장,시스템에어컨,상일역 마트 병원 가까운 동",단지내이레(443-6606)공인중개사사무소,7,2026-10-08,2026-10-09,2026-10-09,,,0
2649143476,2654477204,misa_central_xi,sale,175000,,104,고,96.98,123.52,"환하게 트인뷰, 채광좋아관리잘된집, 시에3, 상가이용편리",자이사랑골든벨(031-795-1555)공인중개사사무소,15,2026-09-11,2026-10-09,2026-10-10,,,1
2649523594,2649523594,misa_central_xi,sale,170000,,109,저,96.98,123.52,"햇살좋은 밝은집,살기편한집,인테리어정갈한집,풀에어컨,",센트럴자이(031-793-5454)공인중개사사무소,1,2026-09-14,2026-10-09,2026-10-10,,,1
2649695515,2653234930,misa_central_xi,sale,290000,,105,29,132.94,171.78,펜트 주인거주중 실입주가능.전용 테라스.방4 가족실1 화3 드레스룸2,금돼지공인중개사사무소,4,2026-09-14,2026-10-09,2026-10-10,,,1
2649867828,2649867828,misa_central_xi,sale,190000,,112,중,101.79,130.08,입주협의 방4 한홀초품아 조용하고예쁜정원뷰 학세역세권 학원상권인프라최상,센트럴자이(031-795-1149)미사금호공인중개사사무소,1,2026-09-15,2026-10-09,2026-10-10,,,1
2649916724,2649916724,misa_central_xi,wolse,20000,350,112,저,101.79,130.08,"정상입주,융자없고 전망 좋은집",미사포스코공인중개사사무소,1,2026-09-15,2026-10-09,2026-10-10,,,1
2650669612,2653234930,misa_central_xi,sale,290000,,105,고,132.94,171.78,단지내 귀한 팬트하우스 파노라마 뷰 주인거주로 관리 굿 조건협의,다원공인중개사사무소,4,2026-09-19,2026-10-09,2026-10-10,,,1
2651105419,2654477204,misa_central_xi,sale,175000,,104,21,96.98,123.52,27년 4월 입주협의 프리미엄 초품아 단지 뛰어난 채광과 조망,미사풍경채명인(795-3220)공인중개사사무소,15,2026-09-21,2026-10-09,2026-10-10,,,1
2651500913,2654477204,misa_central_xi,sale,175000,,104,21,96.98,123.52,"로얄동호수, 검단산뻥뷰, 세안고,시스에,27년4월입주",미사제일풍경채공인중개사사무소,15,2026-09-23,2026-10-09,2026-10-10,,,1
2651566353,2654477196,misa_central_xi,sale,170000,,104,1,101.79,130.08,4룸 상가와 학원가 이용 편리 시스템에어컨6,미사풍경채명인(795-3220)공인중개사사무소,20,2026-09-23,2026-10-09,2026-10-10,,,1
2651705363,2654477196,misa_central_xi,sale,170000,,104,저,101.79,130.08,"인테리어, 중문, 시에풀, 단지뷰, 햇살좋은집, 한홀초품아, 학원이용편리",미사강변(031-796-0033)공인중개사사무소,20,2026-09-26,2026-10-09,2026-10-10,,,1
2651711703,2654477196,misa_central_xi,sale,170000,,104,1,101.79,130.08,"대한민국 추천. 에풀, 판상형, 올인테리어, 대리석, 정원뷰, 학원가",대한민국정직한사람들공인중개사사무소,20,2026-09-28,2026-10-09,2026-10-10,,,1
2651954705,2651954705,misa_central_xi,sale,320000,,105,29,132.26,171.03,"환상적인 고층 뻥뷰,귀한 펜트하우스,집상태 최상,테라스 리모델링",자이하나(031-794-2011)공인중개사사무소,2,2026-09-28,2026-10-09,2026-10-10,,,1
2652000910,2651954705,misa_central_xi,sale,320000,,105,29,132.26,171.03,"입주협의, 펜트하루스. 주인, 방4가족실, 화3 테라스2리모델링",대한민국공인중개사사무소,2,2026-09-28,2026-10-09,2026-10-10,,,1
2652006293,2654477196,misa_central_xi,sale,170000,,104,저,101.79,130.08,,미사누리공인중개사사무소,20,2026-09-28,2026-10-09,2026-10-10,,,1
2652033894,2653234930,misa_central_xi,sale,290000,,105,29,132.94,171.78,"귀한 펜트하우스,주인거주로 입주협의가능,에어컨풀,집 컨디션 좋음",미사역호반공인중개사사무소,4,2026-09-28,2026-10-09,2026-10-10,,,1
2652348229,2654477204,misa_central_xi,sale,175000,,104,21,96.98,123.52,"시원하게트인뷰, 시에3, 집상태굿, 한홀초품아, 학원및 상가 이용편리",미사강변(031-796-0033)공인중개사사무소,15,2026-09-29,2026-10-09,2026-10-10,,,1
2652387718,2654477204,misa_central_xi,sale,175000,,104,고,96.98,123.52,비비추천 로얄동호수 검단산뷰 한홀초품아 프리미엄아파트 4월입주가,푸르지오비비(031-793-3000)공인중개사사무소,15,2026-09-29,2026-10-09,2026-10-10,,,1
2652450421,2652450421,misa_central_xi,sale,185000,,104,중,101.79,130.08,"정원이 아름다운집,내부청결,풀에어컨.",센트럴자이(031-793-5454)공인중개사사무소,1,2026-09-30,2026-10-09,2026-10-10,,,1
2652509198,2654128217,misa_central_xi,sale,165000,,106,저,91.44,117.87,,미사자이(031-795-3600)미래공인중개사사무소,2,2026-09-30,2026-10-09,2026-10-10,,,1
2652513857,2654477204,misa_central_xi,sale,175000,,104,고,96.98,123.52,"27년4월입주, 속시원한 고층뷰, 방3, 시스템에어컨, 컨디션최상",미사역파라곤진주부동산공인중개사사무소,15,2026-09-30,2026-10-09,2026-10-10,,,1
2652514154,2654477196,misa_central_xi,sale,170000,,104,1,101.79,130.08,"조용하고 볕 좋은집, 방4, 풀에어컨, 인테리어, 주인거주, 최상",미사역파라곤진주부동산공인중개사사무소,20,2026-09-30,2026-10-09,2026-10-10,,,1
2652582257,2654477196,misa_central_xi,sale,170000,,104,1,101.79,130.08,"입주협의,시에6대,정원뷰,깨끗한인테리어",미사센트럴풍경채공인중개사사무소,20,2026-09-30,2026-10-09,2026-10-10,,,1
2652690074,2654477196,misa_central_xi,sale,170000,,104,1,101.79,130.08,"인테리어,예쁜단지뷰,집상태최상,시에풀,한홀초품아",자이사랑골든벨(031-795-1555)공인중개사사무소,20,2026-10-01,2026-10-09,2026-10-10,,,1
2652690897,2653519564,misa_central_xi,sale,170000,,111,저,96.38,123.37,"트인초록뷰, 채광굿, 관리잘된집, 넓은안방, 초품아",자이사랑골든벨(031-795-1555)공인중개사사무소,3,2026-10-01,2026-10-09,2026-10-10,,,1
2652717198,2652717198,misa_central_xi,sale,300000,,108,29,132.26,171.03,"팬트하우스 로얄동,검단산 예봉산뷰, 풀인테리어, 외부 조경관리 잘됨.",미사푸르지오탑공인중개사사무소,1,2026-10-01,2026-10-09,2026-10-10,,,1
2653118586,2653118586,misa_central_xi,sale,170000,,111,중,91.44,117.87,입주협의 시에풀 확장 한홀초품아 학세역세권 학원상가인프라최상,센트럴자이(031-795-1149)미사금호공인중개사사무소,1,2026-10-02,2026-10-09,2026-10-10,,,1
2653258912,2654477196,misa_central_xi,sale,170000,,104,1,101.79,130.08,"시에풀, 한홀초 접근성 최고, 저층이지만 채광 너무 좋음.",미사센트럴자이(031-794-8500)공인중개사사무소,20,2026-10-03,2026-10-09,2026-10-10,,,1
2653349427,2653349427,misa_central_xi,jeonse,100000,,110,중,96.98,123.52,"풀인테리어,햇살좋은 조용하고 살기 좋은집.풀에어컨.",센트럴자이(031-793-5454)공인중개사사무소,1,2026-10-04,2026-10-09,2026-10-10,,,1
2653349517,2653349517,misa_central_xi,sale,170000,,109,저,96.75,123.64,조용하고 햇살좋은 집.녹색뷰보면서 아늑한생활 영위.,센트럴자이(031-793-5454)공인중개사사무소,1,2026-10-04,2026-10-09,2026-10-10,,,1
2653357172,2653519564,misa_central_xi,sale,170000,,111,저,96.38,123.37,"입주협의,환하게 트인뷰,채광 좋은 밝은 집,넓은 안방,초품아",자이하나(031-794-2011)공인중개사사무소,3,2026-10-05,2026-10-09,2026-10-10,,,1
2653417851,2653417851,misa_central_xi,sale,162000,,101,저,91.44,117.87,"조용하고 밝은집,하루종일 밝은집,주인거주 내부청결.",센트럴자이(031-793-5454)공인중개사사무소,1,2026-10-05,2026-10-09,2026-10-10,,,1
2653234930,2653234930,misa_central_xi,sale,300000,,105,29,132.94,171.78,시원한 전망이 열려있는 잘 관리된 펜트하우스.백문이 불여일견.,센트럴자이(031-793-5454)공인중개사사무소,4,2026-10-06,2026-10-09,2026-10-10,,,1
2653306261,2654477196,misa_central_xi,sale,170000,,104,1,101.79,130.08,4룸 상가와 학원가 이용 편리 시스템에어컨6,미사풍경채명인(795-3220)공인중개사사무소,20,2026-10-06,2026-10-09,2026-10-10,,,1
2653519564,2653519564,misa_central_xi,sale,170000,,111,저,96.38,123.37,"입주협의,환하게 트인뷰,채광 좋은 밝은 집,넓은 안방,초품아",자이하나(031-794-2011)공인중개사사무소,3,2026-10-06,2026-10-09,2026-10-10,,,1
2653530888,2653530888,misa_central_xi,sale,190000,,112,중,101.79,130.08,"구조좋은방4구조,햇살밝은 정원뷰,조용하고 정갈한집,초품아,역세권.",센트럴자이(031-793-5454)공인중개사사무소,1,2026-10-06,2026-10-09,2026-10-10,,,1
2653844849,2654477196,misa_central_xi,sale,170000,,104,1,101.79,130.08,"햇살좋은 그린빛 정원뷰, 모던한 인테리어, 풀에어컨, 주인 거주 세대",미사부동산멘토공인중개사사무소,20,2026-10-07,2026-10-09,2026-10-10,,,1
2653921928,2654477204,misa_central_xi,sale,175000,,104,21,96.98,123.52,"대한민국 추천. 방3.5, 에3, 팬트리, 판상형, 트인뷰, 학원가",대한민국정직한사람들공인중개사사무소,15,2026-10-07,2026-10-09,2026-10-10,,,1
2653927073,2654477204,misa_central_xi,sale,175000,,104,고,96.98,123.52,"세안고매매,환하게 트인뷰, 채광 굿, 팬트리2, 시스템에어컨3, 초품아",미사늘봄공인중개사사무소,15,2026-10-07,2026-10-09,2026-10-10,,,1
2653968525,2653968525,misa_central_xi,jeonse,100000,,108,저,101.79,130.08,"트인뷰, 인테리어, 집상태 깔끔 굿, 시에3, 압주협의",자이사랑골든벨(031-795-1555)공인중개사사무소,1,2026-10-07,2026-10-09,2026-10-10,,,1
2654101834,2654101834,misa_central_xi,sale,162000,,101,저,91.44,117.87,강력추천. 로얄층. 빠른입주. 깨끗하고 관리잘된 집.,고덕삼성공인중개사사무소,1,2026-10-08,2026-10-09,2026-10-10,,,1
2654128217,2654128217,misa_central_xi,sale,165000,,106,저,91.44,117.87,"주인거주,개방감좋아 깔금한집,상가이용편리,초품아",자이사랑골든벨(031-795-1555)공인중개사사무소,2,2026-10-08,2026-10-09,2026-10-10,,,1
2654130293,2654130293,misa_central_xi,sale,175000,,108,중,96.98,123.52,"채광좋은 단지뷰,관리잘된집,하남고인접, 학원상가이용편리",자이사랑골든벨(031-795-1555)공인중개사사무소,1,2026-10-08,2026-10-09,2026-10-10,,,1
2654171930,2654477204,misa_central_xi,sale,175000,,104,고,96.98,123.52,강추 최고뷰 선호타입 채광이 너무 좋은 집 27.4월 입주가능 시에,미사센트럴자이(031-794-8500)공인중개사사무소,15,2026-10-08,2026-10-09,2026-10-10,,,1
2654173839,2654478149,misa_central_xi,sale,165000,,106,저,91.44,117.87,초품아 귀한평형 입주매매 주인거주로 깔끔 이사협의,미사센트럴자이(031-794-8500)공인중개사사무소,5,2026-10-08,2026-10-09,2026-10-10,,,1
2654316623,2654477196,misa_central_xi,sale,170000,,104,1,101.79,130.08,"실입주,풀인테리어,최상의컨디션,초록정원트인뷰,상가학원이용편리",미사제일풍경채공인중개사사무소,20,2026-10-08,2026-10-09,2026-10-10,,,1
2654319098,2654477204,misa_central_xi,sale,175000,,104,21,96.98,123.52,센자단지사무소 검단산뷰 시에컨 로얄층 트인 뷰 관리잘된집 한홀초중,미사자이(031-795-3600)미래공인중개사사무소,15,2026-10-08,2026-10-09,2026-10-10,,,1
2654319907,2654477196,misa_central_xi,sale,170000,,104,1,101.79,130.08,"센자단지사무소 에어컨 풀, 예쁜인테리어, 단지 뷰 입주협의 한홀초중",미사자이(031-795-3600)미래공인중개사사무소,20,2026-10-08,2026-10-09,2026-10-10,,,1
2654343825,2654481407,misa_central_xi,sale,175000,,108,중,96.98,123.52,초록이 예쁜정원뷰 넓은 동간거리 내부컨디션우수 한홀초품아 3.5,푸르지오비비(031-793-3000)공인중개사사무소,3,2026-10-09,2026-10-09,2026-10-10,,,1
2654344998,2654478149,misa_central_xi,sale,165000,,106,저,91.44,117.87,"입주협의, 환하게 트인뷰, 채광 좋은 예쁜집, 초품아, 상가이용 편리",자이하나(031-794-2011)공인중개사사무소,5,2026-10-09,2026-10-09,2026-10-10,,,1
2654349617,2654349617,misa_central_xi,wolse,70000,140,110,중,96.98,123.52,참신하고혁신적인테리어.정갈하고 깨끗한집.풀에어컨.,센트럴자이(031-793-5454)공인중개사사무소,1,2026-10-09,2026-10-09,2026-10-10,,,1
2654367083,2654477204,misa_central_xi,sale,175000,,104,21,96.98,123.52,"입주협의 시에3 ,3.5룸 확트윈검단산뻥뷰 학세역세권 학원상가인프라굿",센트럴자이(031-795-1149)미사금호공인중개사사무소,15,2026-10-09,2026-10-09,2026-10-10,,,1
2654367171,2654478149,misa_central_xi,sale,165000,,106,저,91.44,117.87,급즉시입주가협의에2윈1 확트윈검단산뷰한홀초품 한홀중하남고 강일미사역세권,센트럴자이(031-795-1149)미사금호공인중개사사무소,5,2026-10-09,2026-10-09,2026-10-10,,,1
2654367246,2654477196,misa_central_xi,sale,170000,,104,1,101.79,130.08,입주협의 중문 시에풀 전원정원뷰 인테리어최상 한홀초품아 학세역세권학원상가,센트럴자이(031-795-1149)미사금호공인중개사사무소,20,2026-10-09,2026-10-09,2026-10-10,,,1
2654375954,2654481407,misa_central_xi,sale,175000,,108,중,96.98,123.52,"채광좋은 단지조망뷰, 관리잘된집, 방3.5, 하남고인접, 학원이용편리",자이사랑골든벨(031-795-1555)공인중개사사무소,3,2026-10-09,2026-10-09,2026-10-10,,,1
2654384486,2654477196,misa_central_xi,sale,170000,,104,1,101.79,130.08,"입주, 관리상태 좋음 , 잔잔한 단지뷰, 방4, 시스템에어컨",미사은호(031-793-9006)공인중개사사무소,20,2026-10-09,2026-10-10,2026-10-10,,,1
2654390447,2654477196,misa_central_xi,sale,170000,,104,1,101.79,130.08,"인테리어, 집상태 굿, 시스템에어컨, 채광 좋은 밝은집",자이하나(031-794-2011)공인중개사사무소,20,2026-10-09,2026-10-10,2026-10-10,,,1
2654391218,2654477204,misa_central_xi,sale,175000,,104,21,96.98,123.52,"환상적인 검단산 고층 뻥뷰,입주가능,시스템에어컨,채광 좋은 밝은집",자이하나(031-794-2011)공인중개사사무소,15,2026-10-09,2026-10-10,2026-10-10,,,1
2654408423,2654478149,misa_central_xi,sale,165000,,106,저,91.44,117.87,"정문이용편리,커뮤니티시설이용편리,주인거주 내부굿,",센트럴자이(031-793-5454)공인중개사사무소,5,2026-10-09,2026-10-10,2026-10-10,,,1
2654409049,2654473280,misa_central_xi,sale,170000,,109,고,91.44,117.87,"시스템에어컨풀,시원하게 열린뷰.햇살 좋은집.",센트럴자이(031-793-5454)공인중개사사무소,2,2026-10-09,2026-10-10,2026-10-10,,,1
2654423294,2654477196,misa_central_xi,sale,170000,,104,1,101.79,130.08,"조용하고 햇살 우수한집, 풀에어컨,내부컨디션최상, 귀한평형",미사서정(031-792-2444)공인중개사사무소,20,2026-10-09,2026-10-10,2026-10-10,,,1
2654466313,2654477196,misa_central_xi,sale,170000,,104,1,101.79,130.08,"인테리어,예쁜단지뷰,집상태최상,시에풀,한홀초품아",자이사랑골든벨(031-795-1555)공인중개사사무소,20,2026-10-09,2026-10-10,2026-10-10,,,1
2654466338,2654477204,misa_central_xi,sale,175000,,104,21,96.98,123.52,"환하게 트인뷰, 채광좋아 관리잘된집, 시에3, 상가이용편리",자이사랑골든벨(031-795-1555)공인중개사사무소,15,2026-10-09,2026-10-10,2026-10-10,,,1
2654468928,2654477196,misa_central_xi,sale,170000,,104,1,101.79,130.08,"시스템에어컨 풀,정갈한 인테리어,아이들 키우기 좋은집.나무사이정원뷰.",센트럴자이(031-793-5454)공인중개사사무소,20,2026-10-09,2026-10-10,2026-10-10,,,1
2654468939,2654477204,misa_central_xi,sale,175000,,104,21,96.98,123.52,"시원한열린뷰,내부상큼,가슴이 시원,",센트럴자이(031-793-5454)공인중개사사무소,15,2026-10-09,2026-10-10,2026-10-10,,,1
2654473280,2654473280,misa_central_xi,sale,170000,,109,고,91.44,117.87,"환상적인 검단산뷰, 단지정원뷰, 시에풀, 집상태 깔끔 최상, 하남고",자이사랑골든벨(031-795-1555)공인중개사사무소,2,2026-10-09,2026-10-10,2026-10-10,,,1
2654477196,2654477196,misa_central_xi,sale,170000,,104,1,101.79,130.08,"인테리어, 집상태 굿, 시스템에어컨, 채광 좋은 밝은집",자이하나(031-794-2011)공인중개사사무소,20,2026-10-10,2026-10-10,2026-10-10,,,1
2654477204,2654477204,misa_central_xi,sale,175000,,104,21,96.98,123.52,"환상적인 검단산 고층 뻥뷰,입주가능,시스템에어컨,채광 좋은 밝은집",자이하나(031-794-2011)공인중개사사무소,15,2026-10-10,2026-10-10,2026-10-10,,,1
2654478149,2654478149,misa_central_xi,sale,165000,,106,저,91.44,117.87,"입주협의, 환하게 트인뷰, 채광 좋은 예쁜집, 초품아, 상가이용 편리",자이하나(031-794-2011)공인중개사사무소,5,2026-10-10,2026-10-10,2026-10-10,,,1
2654480230,2654477196,misa_central_xi,sale,170000,,104,1,101.79,130.08,인테리어 정원뷰 채광 우수 초품아 관리 잘된집,푸르지오플러스(031-795-9933)공인중개사사무소,20,2026-10-10,2026-10-10,2026-10-10,,,1
2654481407,2654481407,misa_central_xi,sale,175000,,108,중,96.98,123.52,초록이 예쁜정원뷰 넓은 동간거리 내부컨디션우수 한홀초품아 3.5,푸르지오비비(031-793-3000)공인중개사사무소,3,2026-10-10,2026-10-10,2026-10-10,,,1
2652558950,2654343825,misa_central_xi,sale,175000,,108,중,96.98,123.52,"채광좋은 단지조망뷰, 관리잘된집, 방3.5, 하남고인접, 학원이용편리",자이사랑골든벨(031-795-1555)공인중개사사무소,3,2026-09-30,2026-10-09,2026-10-09,,,0
2652833354,2654367171,misa_central_xi,sale,165000,,106,저,91.44,117.87,"정문이용편리,커뮤니티시설이용편리,주인거주 내부굿,",센트럴자이(031-793-5454)공인중개사사무소,5,2026-10-01,2026-10-09,2026-10-09,,,0
2653260492,2654367246,misa_central_xi,sale,170000,,104,1,101.79,130.08,"조용하고 햇살 우수한집, 풀에어컨,내부컨디션최상, 귀한평형",미사서정(031-792-2444)공인중개사사무소,20,2026-10-03,2026-10-09,2026-10-09,,,0
2653716024,2653904059,misa_central_xi,sale,170000,,109,고,91.44,117.87,"시스템에어컨풀,시원하게 열린뷰.햇살 좋은집.",센트럴자이(031-793-5454)공인중개사사무소,2,2026-10-06,2026-10-09,2026-10-09,,,0
2653815101,2654367246,misa_central_xi,sale,170000,,104,1,101.79,130.08,"인테리어, 집상태 굿, 시스템에어컨, 채광 좋은 밝은집",자이하나(031-794-2011)공인중개사사무소,20,2026-10-07,2026-10-09,2026-10-09,,,0
2653815109,2654367083,misa_central_xi,sale,175000,,104,21,96.98,123.52,"환상적인 검단산 고층 뻥뷰,입주가능,시스템에어컨,채광 좋은 밝은집",자이하나(031-794-2011)공인중개사사무소,15,2026-10-07,2026-10-09,2026-10-09,,,0
2653904059,2653904059,misa_central_xi,sale,170000,,109,고,91.44,117.87,"환상적인 검단산뷰, 단지정원뷰, 시에풀, 집상태 깔끔 최상, 하남고",자이사랑골든벨(031-795-1555)공인중개사사무소,2,2026-10-07,2026-10-09,2026-10-09,,,0
2654039194,2654367246,misa_central_xi,sale,170000,,104,1,101.79,130.08,"인테리어, 집상태 굿, 시스템에어컨, 채광 좋은 밝은집",자이하나(031-794-2011)공인중개사사무소,20,2026-10-08,2026-10-09,2026-10-09,,,0
2654039201,2654367083,misa_central_xi,sale,175000,,104,21,96.98,123.52,"환상적인 검단산 고층 뻥뷰,입주가능,시스템에어컨,채광 좋은 밝은집",자이하나(031-794-2011)공인중개사사무소,15,2026-10-08,2026-10-09,2026-10-09,,,0
2654041812,2654367171,misa_central_xi,sale,165000,,106,저,91.44,117.87,"입주협의, 환하게 트인뷰, 채광 좋은 예쁜집, 초품아, 상가이용 편리",자이하나(031-794-2011)공인중개사사무소,5,2026-10-08,2026-10-09,2026-10-09,,,0
2654082801,2654367246,misa_central_xi,sale,170000,,104,1,101.79,130.08,"입주, 관리상태 좋음 , 잔잔한 단지뷰, 방4, 시스템에어컨",미사은호(031-793-9006)공인중개사사무소,20,2026-10-08,2026-10-09,2026-10-09,,,0
2654138032,2654375954,misa_central_xi,sale,175000,,108,중,96.98,123.52,초록이 예쁜정원뷰 넓은 동간거리 내부컨디션우수 한홀초품아 3.5,푸르지오비비(031-793-3000)공인중개사사무소,3,2026-10-08,2026-10-09,2026-10-09,,,0
2654347032,2654367246,misa_central_xi,sale,170000,,104,1,101.79,130.08,인테리어 정원뷰 채광 우수 초품아 관리 잘된집,푸르지오플러스(031-795-9933)공인중개사사무소,20,2026-10-09,2026-10-09,2026-10-09,,,0
2654348258,2654367246,misa_central_xi,sale,170000,,104,1,101.79,130.08,"인테리어,예쁜단지뷰,집상태최상,시에풀,한홀초품아",자이사랑골든벨(031-795-1555)공인중개사사무소,20,2026-10-09,2026-10-09,2026-10-09,,,0
2654348278,2654367083,misa_central_xi,sale,175000,,104,21,96.98,123.52,"환하게 트인뷰, 채광좋아 관리잘된집, 시에3, 상가이용편리",자이사랑골든벨(031-795-1555)공인중개사사무소,15,2026-10-09,2026-10-09,2026-10-09,,,0
2654349597,2654367246,misa_central_xi,sale,170000,,104,1,101.79,130.08,"시스템에어컨 풀,정갈한 인테리어,아이들 키우기 좋은집.나무사이정원뷰.",센트럴자이(031-793-5454)공인중개사사무소,20,2026-10-09,2026-10-09,2026-10-09,,,0
2654349605,2654367083,misa_central_xi,sale,175000,,104,21,96.98,123.52,"시원한열린뷰,내부상큼,가슴이 시원,",센트럴자이(031-793-5454)공인중개사사무소,15,2026-10-09,2026-10-09,2026-10-09,,,0
2648968956,2648968956,misa_golden_centro,sale,147000,,2802,고,84.62,116.39,미사역인접.햇살좋고관리잘된집.주인거주.입주협의.,골든센트로28공인중개사사무소,1,2026-09-10,2026-10-09,2026-10-10,,,1
2649060821,2654443240,misa_golden_centro,sale,120000,,2809,6,59.96,82.47,"밝고 트인뷰, 햇빛가득한 집,세안고 매매",롯데공인중개사사무소,3,2026-09-10,2026-10-09,2026-10-10,,,1
2649250140,2653484417,misa_golden_centro,sale,130000,,2803,저,74.96,103.10,실입주가능O 미사역근접동O 초중품아O 판상형O 채광조망굿,미사골드부동산공인중개사사무소,8,2026-09-11,2026-10-09,2026-10-10,,,1
2649353446,2653484417,misa_golden_centro,sale,130000,,2803,저,74.96,103.10,"신혼부부추천,실입주가능,실용적인판상형,트인뷰,초중품아,미사역인접대단지",모드니공인중개사사무소,8,2026-09-12,2026-10-09,2026-10-10,,,1
2649673494,2654443262,misa_golden_centro,sale,140000,,2814,중,84.62,116.39,,강일(428-8006)공인중개사사무소,9,2026-09-14,2026-10-09,2026-10-10,,,1
2649751756,2653484417,misa_golden_centro,sale,130000,,2803,저,74.96,103.10,미사역인접.햇살좋은 조용한동. 초.중품아.세안고.,골든센트로28공인중개사사무소,8,2026-09-14,2026-10-09,2026-10-10,,,1
2649752536,2654180851,misa_golden_centro,sale,140000,,2802,고,74.96,103.10,미사초역세권동.밝고막힘없는조망권.빠른입주가능.,골든센트로28공인중개사사무소,9,2026-09-14,2026-10-09,2026-10-10,,,1
2649932119,2654443240,misa_golden_centro,sale,120000,,2809,6,59.96,82.47,"골든센트로 추천, 세안고, 트인뷰, 미사역세권, 집 상태 굿, 초품아",대한민국공인중개사사무소,3,2026-09-15,2026-10-09,2026-10-10,,,1
2650106019,2654180851,misa_golden_centro,sale,140000,,2802,고,74.96,103.10,확트인 개방감 과 미사역가장 가까운동,29해링턴(031-791-1191)공인중개사사무소,9,2026-09-16,2026-10-09,2026-10-10,,,1
2650806094,2654443262,misa_golden_centro,sale,140000,,2814,중,84.62,116.39,"초중고인접,미사역세권,세안고매매,올확장,인근상권생활편리,고속외곽빠른교통",강일베스트442-7007공인중개사사무소,9,2026-09-19,2026-10-09,2026-10-10,,,1
2650902606,2654478742,misa_golden_centro,sale,129000,,2801,고,74.96,103.10,미사역인접.세안고28.1월입주가.집상태깔금.초.중품아,골든센트로28공인중개사사무소,4,2026-09-21,2026-10-09,2026-10-10,,,1
2650908634,2654443262,misa_golden_centro,sale,135000,,2814,중,84.62,116.39,지하철 상가 가까운 생활 편리한 집,골든센트로금탑공인중개사사무소,9,2026-09-21,2026-10-09,2026-10-10,,,1
2650997977,2654166249,misa_golden_centro,sale,148000,,2804,중,84.62,116.39,미사역인접.햇살좋은집.주인거주.입주협의.,골든센트로28공인중개사사무소,3,2026-09-21,2026-10-09,2026-10-10,,,1
2651028447,2654166249,misa_golden_centro,sale,148000,,2804,중,84.62,116.39,주인거주로 컨디션 굿 입주협의가능 미사역세권 중심상가 교통 이용편리,모드니공인중개사사무소,3,2026-09-21,2026-10-09,2026-10-10,,,1
2651157202,2654410480,misa_golden_centro,sale,140000,,2803,중,74.96,103.10,주인거주로 컨디션 굿 입주협의가능 미사역세권 중심상가 교통 이용편리,모드니공인중개사사무소,4,2026-09-21,2026-10-09,2026-10-10,,,1
2651218504,2651218504,misa_golden_centro,sale,143000,,2814,고,84.82,116.66,탁 트인 시원한 뷰 조망권 좋아요,골든센트로금탑공인중개사사무소,1,2026-09-22,2026-10-09,2026-10-10,,,1
2651262159,2654180851,misa_golden_centro,sale,140000,,2802,고,74.96,103.10,"미사역,막힘없는뷰,상가이용편리,",미사이레공인중개사사무소,9,2026-09-22,2026-10-09,2026-10-10,,,1
2651306095,2654443262,misa_golden_centro,sale,135000,,2814,중,84.62,116.39,84.트인뷰 I 로얄층매매추천 I 세안고 I 상가편리,랜드윌공인중개사사무소,9,2026-09-22,2026-10-09,2026-10-10,,,1
2651491477,2653767800,misa_golden_centro,sale,135000,,2802,저,74.96,103.10,"파라곤 입점공인, 전세안고, 트인뷰, 미사역세권, 상태 굿, 초품아",대한민국공인중개사사무소,3,2026-09-23,2026-10-09,2026-10-10,,,1
2651835285,2651835285,misa_golden_centro,sale,128000,,2813,4,59.96,82.47,"조망,중문,시스템옷장,도배,장판,아일랜드식탁,신혼부부거주로 상태 깨끗",중흥부동산공인중개사사무소,1,2026-09-28,2026-10-09,2026-10-10,,,1
2652107384,2654117750,misa_golden_centro,sale,120000,,2812,고,59.61,81.99,비젼 강추. 세안고. 판상형. 시에4. 중문. 초중품아. 채광굿,주식회사비젼부동산중개법인,6,2026-09-28,2026-10-09,2026-10-10,,,1
2652114550,2653767800,misa_golden_centro,sale,135000,,2802,저,74.96,103.10,좋은집미리선점하기 인기판상형구조 집컨디션굿 미사역근접동,미사천억부동산공인중개사사무소,3,2026-09-28,2026-10-09,2026-10-10,,,1
2652121647,2654410480,misa_golden_centro,sale,140000,,2803,중,74.96,103.10,인기판상형구조 집컨디션굿 학군인접 상가이용편리 미사역세권대단지아파트,미사천억부동산공인중개사사무소,4,2026-09-28,2026-10-09,2026-10-10,,,1
2652593380,2652593380,misa_golden_centro,sale,128000,,2812,고,59.96,82.47,"상태최상,밝고 깨끗한 집,입주가능",리버포레 공인중개사사무소,1,2026-09-30,2026-10-09,2026-10-10,,,1
2652607075,2654443133,misa_golden_centro,sale,150000,,2808,고,84.77,116.59,"주인거주, 뷰를 원하신다면, 관리잘되어 깨끗해요",미사역파라곤진주부동산공인중개사사무소,5,2026-09-30,2026-10-09,2026-10-10,,,1
2652610356,2654180851,misa_golden_centro,sale,140000,,2802,고,74.96,103.10,판상형 미사역세권 중심상가 교통 이용편리 초중인접,모드니공인중개사사무소,9,2026-09-30,2026-10-09,2026-10-10,,,1
2652611023,2654410182,misa_golden_centro,sale,125000,,2809,저,59.96,82.47,미사역세권 중심상가 교통 이용편리 초중인접,모드니공인중개사사무소,3,2026-09-30,2026-10-09,2026-10-10,,,1
2652663809,2654443133,misa_golden_centro,sale,150000,,2808,고,84.77,116.59,주인거주로 컨디션굿 입주일 협의가능 판상형 미사역세권 중심상가 교통편리,모드니공인중개사사무소,5,2026-10-01,2026-10-09,2026-10-10,,,1
2652670566,2653790018,misa_golden_centro,sale,145000,,2802,중,84.82,116.66,입주협의 주인거주 미사역 가까운동 초중품아,골든센트로28공인중개사사무소,9,2026-10-01,2026-10-09,2026-10-10,,,1
2652730773,2654180851,misa_golden_centro,sale,140000,,2802,고,74.96,103.10,"대한민국 추천, 지하철 인접동, 판상형, 탁트인뷰, 상태 채광 굿",대한민국정직한사람들공인중개사사무소,9,2026-10-01,2026-10-09,2026-10-10,,,1
2652763211,2654117750,misa_golden_centro,sale,120000,,2812,고,59.61,81.99,"파라곤 입점공인, 세안고, 트인뷰, 미사역세권, 집 상태 굿, 초품아",대한민국공인중개사사무소,6,2026-10-01,2026-10-09,2026-10-10,,,1
2652808014,2652808014,misa_golden_centro,sale,135000,,2814,21,74.96,103.10,단독 입주가능 주인거주 집상태최고 인기판상형구조 초중품아 역세권아파트,미사천억부동산공인중개사사무소,1,2026-10-01,2026-10-09,2026-10-10,,,1
2652836480,2654117750,misa_golden_centro,sale,120000,,2812,고,59.61,81.99,전세 안고 인기 좋은 포베이 구조,골든센트로금탑공인중개사사무소,6,2026-10-01,2026-10-09,2026-10-10,,,1
2653046723,2653046723,misa_golden_centro,sale,134000,,2803,저,74.96,103.10,"네모강추, 실입주최저가,뻥뷰,편의시설이용하기좋은앞동,초중품아",네모부동산공인중개사사무소,1,2026-10-02,2026-10-09,2026-10-10,,,1
2653129051,2653790018,misa_golden_centro,sale,145000,,2802,중,84.82,116.66,주인거주로 컨디션굿 입주일 협의가능 미사역세권 중심상가 교통편리,모드니공인중개사사무소,9,2026-10-02,2026-10-09,2026-10-10,,,1
2653156810,2653790018,misa_golden_centro,sale,145000,,2802,중,84.82,116.66,"대한민국 추천, 붙박이장,주인, 미사역 인접동, 탁트인뷰, 상태굿",대한민국정직한사람들공인중개사사무소,9,2026-10-02,2026-10-09,2026-10-10,,,1
2653172711,2654444487,misa_golden_centro,sale,130000,,2810,고,59.96,82.47,"대한민국 추천, 주인거주, 올 인테리어, 채광굿, 탁 트인뷰, 초품아",대한민국정직한사람들공인중개사사무소,2,2026-10-02,2026-10-09,2026-10-10,,,1
2653246215,2653484417,misa_golden_centro,sale,130000,,2803,저,74.96,103.10,"정상입주, 미사역인접, 인기판상형, 단지뷰, 우수학군, 상태굿",대한민국정직한사람들공인중개사사무소,8,2026-10-03,2026-10-09,2026-10-10,,,1
2653252674,2653267248,misa_golden_centro,sale,140000,,2806,중,84.77,116.59,초품아 미사역인접 선호구조 판상형 로얄층 입주,뉴욕부동산중개 주식회사,2,2026-10-03,2026-10-09,2026-10-10,,,1
2653267248,2653267248,misa_golden_centro,sale,140000,,2806,중,84.77,116.59,귀한4bay판상형초급매 세안고 28년초입주가능 초중고인접 미사역세권대단지,미사천억부동산공인중개사사무소,2,2026-10-03,2026-10-09,2026-10-10,,,1
2653340861,2654117750,misa_golden_centro,sale,120000,,2812,고,59.61,81.99,세안고 판상형구조 집컨디션굿 학군인접 상가이용편리 미사역세권대단지아파트,미사천억부동산공인중개사사무소,6,2026-10-04,2026-10-09,2026-10-10,,,1
2653395627,2653484417,misa_golden_centro,sale,130000,,2803,저,74.96,103.10,"미사역초인접, 집컨디션굿,판상형,초중품아,채광조망굿,상가이용편리",미사강변(031-796-0033)공인중개사사무소,8,2026-10-05,2026-10-09,2026-10-10,,,1
2653403534,2654410480,misa_golden_centro,sale,140000,,2803,중,74.96,103.10,"트인시원한뷰,판상형,집상태굿,초중품아,상가이용편리,미사역세권대단지",미사강변(031-796-0033)공인중개사사무소,4,2026-10-05,2026-10-09,2026-10-10,,,1
2653415030,2654180851,misa_golden_centro,sale,140000,,2802,고,74.96,103.10,"네모추천,11월실입주매물,판상형,초품아,탁트인뷰,관리잘된깨끗한집",네모부동산공인중개사사무소,9,2026-10-05,2026-10-09,2026-10-10,,,1
2653422879,2653422879,misa_golden_centro,sale,140000,,2801,고,74.96,103.10,입주협의 주인거주 관리잘된집 미사역가까운동 초중품아,골든센트로28공인중개사사무소,1,2026-10-05,2026-10-09,2026-10-10,,,1
2653434608,2653484417,misa_golden_centro,sale,130000,,2803,저,74.96,103.10,인기판상형구조 집컨디션굿 학군인접 상가이용편리 미사역세권대단지,미사천억부동산공인중개사사무소,8,2026-10-05,2026-10-09,2026-10-10,,,1
2653484417,2653484417,misa_golden_centro,sale,130000,,2803,저,74.96,103.10,입주 가능 단지뷰 예뻐요,골든센트로금탑공인중개사사무소,8,2026-10-05,2026-10-09,2026-10-10,,,1
2653484601,2653484601,misa_golden_centro,sale,118000,,2813,11,59.60,81.97,4억8천 전세 안고 조용하고 일조권 좋은 집,골든센트로금탑공인중개사사무소,1,2026-10-06,2026-10-09,2026-10-10,,,1
2653545630,2653790018,misa_golden_centro,sale,145000,,2802,중,84.82,116.66,"막힘없는뷰,소유주거주중,입주날짜협의,미사역앞동",미사늘봄공인중개사사무소,9,2026-10-06,2026-10-09,2026-10-10,,,1
2653607211,2653607211,misa_golden_centro,sale,132000,,2811,고,59.96,82.47,손 볼일 없이 바로 입주 가능 채광 좋고 쾌적한 집,골든센트로금탑공인중개사사무소,1,2026-10-06,2026-10-09,2026-10-10,,,1
2653614170,2653790018,misa_golden_centro,sale,145000,,2802,11,84.82,116.66,입주협의O 미사역근접동O 주인거주로컨디션최상O 트인뷰,미사골드부동산공인중개사사무소,9,2026-10-06,2026-10-09,2026-10-10,,,1
2653667848,2653790018,misa_golden_centro,sale,145000,,2802,11,84.82,116.66,미사역강추.주인거주.입주협의 .컨디션굿.초역세권,미사역공인중개사사무소,9,2026-10-06,2026-10-09,2026-10-10,,,1
2653670619,2654443262,misa_golden_centro,sale,140000,,2814,중,84.62,116.39,"파라곤 입점공인, 세안고, 트인뷰, 미사역세권, 집 상태 굿, 초품아",대한민국공인중개사사무소,9,2026-10-06,2026-10-09,2026-10-10,,,1
2653766975,2653766975,misa_golden_centro,jeonse,78000,,2808,고,84.98,116.88,남동향 주인거주로 집상태 좋음 이사날짜협의가능 애완동물X,다래공인중개사사무소,1,2026-10-06,2026-10-09,2026-10-10,,,1
2653767800,2653767800,misa_golden_centro,sale,135000,,2802,저,74.96,103.10,5억7천 전세 안고 지하철 상가 가까운 생활 편리한 집,골든센트로금탑공인중개사사무소,3,2026-10-06,2026-10-09,2026-10-10,,,1
2653768145,2653768145,misa_golden_centro,sale,150000,,2808,고,84.77,116.59,고층으로 탁 트인 조망 전체 올수리로 깔끔하고 세련된 내부 시스템에어컨,골든센트로금탑공인중개사사무소,1,2026-10-06,2026-10-09,2026-10-10,,,1
2653790018,2653790018,misa_golden_centro,sale,145000,,2802,11,84.82,116.66,"주인거주, 미사역 제일가까운동, 초중인접",미사역파라곤진주부동산공인중개사사무소,9,2026-10-06,2026-10-09,2026-10-10,,,1
2653839799,2653839799,misa_golden_centro,wolse,58000,85,2809,고,84.98,116.88,6억8천42만원도 가능 융자무 오래 거주할 수 있는 집,골든센트로금탑공인중개사사무소,1,2026-10-07,2026-10-09,2026-10-10,,,1
2653844311,2653844311,misa_golden_centro,jeonse,77000,,2809,고,84.98,116.88,융자무 12월29일 고정 오래 살 수 있는 집,골든센트로금탑공인중개사사무소,1,2026-10-07,2026-10-09,2026-10-10,2026-10-10,78000,1
2653918516,2654180851,misa_golden_centro,sale,140000,,2802,고,74.96,103.10,,땡큐부동산공인중개사사무소,9,2026-10-07,2026-10-09,2026-10-10,,,1
2653923570,2654478742,misa_golden_centro,sale,129000,,2801,고,74.96,103.10,"대한민국 추천, 트인뷰, 미사역 최 근접, 전세안고, 집 상태 굿",대한민국정직한사람들공인중개사사무소,4,2026-10-07,2026-10-09,2026-10-10,,,1
2653945436,2653945436,misa_golden_centro,sale,147000,,2814,고,84.82,116.66,탁 트인 시원한 조망권 지하철 상가 가까운 생활 편리한 집,골든센트로금탑공인중개사사무소,1,2026-10-07,2026-10-09,2026-10-10,,,1
2654056364,2654443262,misa_golden_centro,sale,135000,,2814,중,84.62,116.39,미사역5분 초품아 슬리퍼상권 내부깔끔 뻥뷰,센텀지호(031-793-4010)공인중개사사무소,9,2026-10-08,2026-10-09,2026-10-10,,,1
2654097827,2654443133,misa_golden_centro,sale,150000,,2808,고,84.77,116.59,"네모강력추천,판상형,실거주가능,역세권,초품아,주인거주관리잘된집",네모부동산공인중개사사무소,5,2026-10-08,2026-10-09,2026-10-10,,,1
2654117750,2654117750,misa_golden_centro,sale,120000,,2812,고,59.61,81.99,세안고 미사역5분 27년7월입주 시스템에어컨4 역세권,땡큐부동산공인중개사사무소,6,2026-10-08,2026-10-09,2026-10-10,,,1
2654139764,2654139764,misa_golden_centro,sale,148000,,2807,중,84.98,116.88,27년1월초 입주 협의 조용하고 일조권 좋은 집,골든센트로금탑공인중개사사무소,1,2026-10-08,2026-10-09,2026-10-10,,,1
2654163877,2654443133,misa_golden_centro,sale,150000,,2808,고,84.77,116.59,주인 거주 인기 좋은 팡상형 조망권 최고,골든센트로금탑공인중개사사무소,5,2026-10-08,2026-10-09,2026-10-10,,,1
2654166249,2654166249,misa_golden_centro,sale,148000,,2804,중,84.62,116.39,주인 거주로 집 상태 깨끗 일조권 좋은 남향,골든센트로금탑공인중개사사무소,3,2026-10-08,2026-10-09,2026-10-10,,,1
2654168200,2654180851,misa_golden_centro,sale,140000,,2802,고,74.96,103.10,입주 가능 지하철 상가 가까운 생활 편리한 집,골든센트로금탑공인중개사사무소,9,2026-10-08,2026-10-09,2026-10-10,,,1
2654180851,2654180851,misa_golden_centro,sale,140000,,2802,고,74.96,103.10,실입주 인기판상형구조 집컨디션굿 학군인접 상가이용편리 미사역세권대단지,미사천억부동산공인중개사사무소,9,2026-10-08,2026-10-09,2026-10-10,,,1
2654199545,2654359443,misa_golden_centro,sale,143000,,2801,저,84.62,116.39,"대한민국 추천, 인테리어, 지하철 인접동, 탁트인뷰, 상태 채광 굿",대한민국정직한사람들공인중개사사무소,2,2026-10-08,2026-10-09,2026-10-10,,,1
2654205074,2654410182,misa_golden_centro,sale,125000,,2809,저,59.96,82.47,입주가능 판상형구조 집컨디션굿 학군인접 상가이용편리 미사역세권대단지아파트,미사천억부동산공인중개사사무소,3,2026-10-08,2026-10-09,2026-10-10,,,1
2654260554,2654443262,misa_golden_centro,sale,135000,,2814,중,84.62,116.39,세안고매매. 확 트인뷰.초중고인접.,e편한모아공인중개사사무소,9,2026-10-08,2026-10-09,2026-10-10,,,1
2654285703,2653484417,misa_golden_centro,sale,130000,,2803,저,74.96,103.10,"실입주가능,미사역초인접,집컨디션굿,판상형구조,초중고인접",미사늘봄공인중개사사무소,8,2026-10-08,2026-10-09,2026-10-10,,,1
2654285972,2654117750,misa_golden_centro,sale,120000,,2812,고,59.61,81.99,"세안고 매매. 고층뷰.시스템 에어컨 4대, 중문 설치",미사늘봄공인중개사사무소,6,2026-10-08,2026-10-09,2026-10-10,,,1
2654307070,2654465987,misa_golden_centro,sale,150000,,2809,고,84.77,116.59,"주인거주, 초중고인접, 판상형, 전망좋고 볕좋은집",미사역파라곤진주부동산공인중개사사무소,2,2026-10-08,2026-10-09,2026-10-10,,,1
2654316852,2653790018,misa_golden_centro,sale,145000,,2802,중,84.82,116.66,역세권 상가 가까운 동호수 편리한 생활권,골든센트로금탑공인중개사사무소,9,2026-10-08,2026-10-09,2026-10-10,,,1
2654318911,2654318911,misa_golden_centro,sale,138000,,2814,저,84.82,116.66,27년 8월 만기 6억1천 전세 안고 단지뷰 예뻐요,골든센트로금탑공인중개사사무소,1,2026-10-08,2026-10-09,2026-10-10,,,1
2654345595,2654478742,misa_golden_centro,sale,129000,,2801,고,74.96,103.10,"지하철가까운 세끼고 매매, 로얄동호수",레스티아공인중개사사무소,4,2026-10-09,2026-10-09,2026-10-10,,,1
2654359443,2654359443,misa_golden_centro,sale,145000,,2801,저,84.62,116.39,입주 협의 부분 수리 잘되어 있어요,골든센트로금탑공인중개사사무소,2,2026-10-09,2026-10-09,2026-10-10,,,1
2654361680,2654361680,misa_golden_centro,sale,148000,,2802,중,84.62,116.39,비젼 강추. 편한입주. 시원한 트인뷰. 초중품아. 멋진채광. 미사역초인접,주식회사비젼부동산중개법인,2,2026-10-09,2026-10-09,2026-10-10,,,1
2654373465,2654361680,misa_golden_centro,sale,148000,,2802,중,84.62,116.39,"추천. 밝고환한집,트인뷰,입주협의,미사역가까운동,미사초중,집상태좋아요",푸르지오(031-794-4950)공인중개사사무소,2,2026-10-09,2026-10-09,2026-10-10,,,1
2654403597,2653790018,misa_golden_centro,sale,145000,,2802,중,84.82,116.66,입주가능 미사역최단거리동 집컨디션굿 학군인접 상가이용편리 미사역세권대단지,미사천억부동산공인중개사사무소,9,2026-10-09,2026-10-10,2026-10-10,,,1
2654403793,2654443262,misa_golden_centro,sale,135000,,2814,중,84.62,116.39,세안고 급매 트인뷰 초중고인접 상가이용편리 초역세권대단지아파트,미사천억부동산공인중개사사무소,9,2026-10-09,2026-10-10,2026-10-10,,,1
2654409832,2654409832,misa_golden_centro,sale,145000,,2814,중,84.62,116.39,조용하고 일조권 좋은 집,골든센트로금탑공인중개사사무소,1,2026-10-09,2026-10-10,2026-10-10,,,1
2654410001,2654410001,misa_golden_centro,sale,138000,,2803,저,84.82,116.66,입주 가능 지하철 상가 가까운 생활 편리한 집,골든센트로금탑공인중개사사무소,1,2026-10-09,2026-10-10,2026-10-10,,,1
2654410182,2654410182,misa_golden_centro,sale,125000,,2809,저,59.96,82.47,집 상태 깔끔하며 실거주 만족도가 좋은 매물입니다.,골든센트로금탑공인중개사사무소,3,2026-10-09,2026-10-10,2026-10-10,,,1
2654410480,2654410480,misa_golden_centro,sale,140000,,2803,중,74.96,103.10,탁 트인 시원한 뷰 일조권 좋은 남향,골든센트로금탑공인중개사사무소,4,2026-10-09,2026-10-10,2026-10-10,,,1
2654428731,2654428731,misa_golden_centro,sale,135000,,2804,중,74.96,103.10,채광 좋고 집 안이 밝고 따뜻한 집,골든센트로금탑공인중개사사무소,1,2026-10-09,2026-10-10,2026-10-10,,,1
2654442970,2654442970,misa_golden_centro,sale,140000,,2804,중,84.98,116.88,막힘없는뷰. 햇살좋고 깨끗한집.세끼고.,골든센트로28공인중개사사무소,1,2026-10-09,2026-10-10,2026-10-10,,,1
2654443133,2654443133,misa_golden_centro,sale,150000,,2808,고,84.77,116.59,입주협의 전망최고 귀한판상형타입 주인거주하여 관리상태좋음 추천물건,골든센트로28공인중개사사무소,5,2026-10-09,2026-10-10,2026-10-10,,,1
2654443240,2654443240,misa_golden_centro,sale,120000,,2809,6,59.96,82.47,조용하고 햇쌀좋은집.28.2월입주협의.세끼고매매.초.중품아,골든센트로28공인중개사사무소,3,2026-10-09,2026-10-10,2026-10-10,,,1
2654443262,2654443262,misa_golden_centro,sale,135000,,2814,중,84.62,116.39,막힘없는뷰. 햇살좋고 깨끗한집.세안고.,골든센트로28공인중개사사무소,9,2026-10-09,2026-10-10,2026-10-10,,,1
2654444487,2654444487,misa_golden_centro,sale,130000,,2810,고,59.96,82.47,특올수리 탁 트인 시원한 뷰 일조권 좋은 남향,골든센트로금탑공인중개사사무소,2,2026-10-09,2026-10-10,2026-10-10,,,1
2654459897,2654459897,misa_golden_centro,wolse,10000,280,2801,저,84.88,116.74,12월 중순 입주 가능 귀한 월세 매물,골든센트로금탑공인중개사사무소,1,2026-10-09,2026-10-10,2026-10-10,,,1
2654465987,2654465987,misa_golden_centro,sale,150000,,2809,고,84.77,116.59,Ace추천. 소유주 실거주 에어컨O 중문O주방장O,미사에이스부동산공인중개사사무소,2,2026-10-09,2026-10-10,2026-10-10,,,1
2654478742,2654478742,misa_golden_centro,sale,129000,,2801,고,74.96,103.10,"지하철가까운 세끼고 매매, 로얄동호수",레스티아공인중개사사무소,4,2026-10-10,2026-10-10,2026-10-10,,,1
2648767083,2654359443,misa_golden_centro,sale,143000,,2801,저,84.62,116.39,주인거주 입주협의 미사역세권 초중품아,골든센트로28공인중개사사무소,3,2026-09-09,2026-10-09,2026-10-09,,,0
2650829304,2653403534,misa_golden_centro,sale,140000,,2803,중,74.96,103.10,탁 트인 시원한 뷰 일조권 좋은 남향,골든센트로금탑공인중개사사무소,4,2026-09-19,2026-10-09,2026-10-09,,,0
2653273737,2653273737,misa_golden_centro,sale,128000,,2805,고,59.96,82.47,주인 거주로 관리 잘되어 있어요 탁트 시원한 조망권,골든센트로금탑공인중개사사무소,1,2026-10-03,2026-10-09,2026-10-09,,,0
2653744577,2653744577,misa_golden_centro,sale,145000,,2814,중,84.62,116.39,조용하고 일조권 좋은 집,골든센트로금탑공인중개사사무소,1,2026-10-06,2026-10-09,2026-10-09,,,0
2653913374,2654317959,misa_golden_centro,sale,150000,,2809,고,84.77,116.59,귀한4bay판상형 입주가능매물 집컨디션굿 초중고인접 미사역세권대단지,미사천억부동산공인중개사사무소,3,2026-10-07,2026-10-09,2026-10-09,,,0
2653914014,2654260554,misa_golden_centro,sale,135000,,2814,중,84.62,116.39,세안고 급매 트인뷰 초중고인접 상가이용편리 초역세권대단지아파트,미사천억부동산공인중개사사무소,8,2026-10-07,2026-10-09,2026-10-09,,,0
2653945933,2653945933,misa_golden_centro,sale,138000,,2803,저,84.82,116.66,입주 가능 지하철 상가 가까운 생활 편리한 집,골든센트로금탑공인중개사사무소,1,2026-10-07,2026-10-09,2026-10-09,,,0
2653976459,2653976459,misa_golden_centro,sale,135000,,2804,중,74.96,103.10,채광 좋고 집 안이 밝고 따뜻한 집,골든센트로금탑공인중개사사무소,1,2026-10-07,2026-10-09,2026-10-09,,,0
2654042427,2654345595,misa_golden_centro,sale,129000,,2801,고,74.96,103.10,"지하철가까운 세끼고 매매, 로얄동호수",레스티아공인중개사사무소,4,2026-10-08,2026-10-09,2026-10-09,,,0
2654116438,2654361680,misa_golden_centro,sale,148000,,2802,중,84.62,116.39,"추천. 밝고환한집,트인뷰,입주협의,미사역가까운동,미사초중,집상태좋아요",푸르지오(031-794-4950)공인중개사사무소,2,2026-10-08,2026-10-09,2026-10-09,,,0
2654138845,2654205074,misa_golden_centro,sale,125000,,2809,저,59.96,82.47,집 상태 깔끔하며 실거주 만족도가 좋은 매물입니다.,골든센트로금탑공인중개사사무소,3,2026-10-08,2026-10-09,2026-10-09,,,0
2654167436,2654167436,misa_golden_centro,sale,130000,,2810,고,59.96,82.47,특올수리 탁 트인 시원한 뷰 일조권 좋은 남향,골든센트로금탑공인중개사사무소,2,2026-10-08,2026-10-09,2026-10-09,,,0
2654180313,2653790018,misa_golden_centro,sale,145000,,2802,중,84.82,116.66,입주가능 미사역최단거리동 집컨디션굿 학군인접 상가이용편리 미사역세권대단지,미사천억부동산공인중개사사무소,9,2026-10-08,2026-10-09,2026-10-09,,,0
2654317959,2654317959,misa_golden_centro,sale,150000,,2809,고,84.77,116.59,눈이 편안해지는 아름다운 조망 전망 좋은 집,골든센트로금탑공인중개사사무소,3,2026-10-08,2026-10-09,2026-10-09,,,0
2649537675,2654389422,misa_thesharp_central_forest,sale,135000,,2305,고,73.02,96.14,"전세안고, 검단산전망굿, 시스템에어컨, 한홀초 초품아, 어린이수영장",소현공인중개사사무소,2,2026-09-14,2026-10-09,2026-10-10,,,1
2649748155,2653861907,misa_thesharp_central_forest,sale,160000,,2302,저,93.06,122.39,판상형 햇살좋은집 트인뷰 입주협의 한홀초,단지내하나부동산공인중개사사무소,2,2026-09-14,2026-10-09,2026-10-10,,,1
2649778074,2653861207,misa_thesharp_central_forest,sale,145000,,2304,고,84.03,110.41,"입주협의,전망좋은 판상형의 고층,시스템에어컨,한홀초 초품아, 학원가인접",소현공인중개사사무소,2,2026-09-14,2026-10-09,2026-10-10,,,1
2649823770,2653485377,misa_thesharp_central_forest,sale,145000,,2304,고,84.10,110.53,"주인거주,관리잘된집, 풀에어컨, 중문, 초품아, 상권이용편리",우대빵본점부동산중개,2,2026-09-15,2026-10-09,2026-10-10,,,1
2649841051,2649841051,misa_thesharp_central_forest,sale,145000,,2304,고,84.03,110.41,"입주협의,시스템에어컨풀,판상형의 포베이구조,한홀초,학원가인접",소현공인중개사사무소,1,2026-09-15,2026-10-09,2026-10-10,,,1
2650894103,2650992298,misa_thesharp_central_forest,sale,167000,,2303,고,93.06,122.39,"전세안고, 탁트인검단산뷰,시스템에어컨, 한홀초 초품아, 어린이수영장",소현공인중개사사무소,2,2026-09-21,2026-10-09,2026-10-10,,,1
2650992298,2650992298,misa_thesharp_central_forest,sale,167000,,2303,고,93.06,122.39,"에4,세안고매매,갭투자추천,조망권최고,집상태 최상",행복동원공인중개사사무소,2,2026-09-21,2026-10-09,2026-10-10,,,1
2651170097,2651170097,misa_thesharp_central_forest,wolse,72000,55,2304,고,84.03,110.41,"12,23일고정, 판상형의 고층,시스템에어컨,한홀초 초품아,학원가인접",소현공인중개사사무소,1,2026-09-21,2026-10-09,2026-10-10,,,1
2651768401,2654326585,misa_thesharp_central_forest,sale,130000,,2305,고,73.07,96.70,"한홀초,학원초근접,상가초근접,황산사거리교통요지,",미사대박공인중개사사무소,7,2026-09-28,2026-10-09,2026-10-10,,,1
2652150177,2652150177,misa_thesharp_central_forest,sale,145000,,2301,고,84.03,110.41,"시스에어4,식세기,탄성코트,깨끗한 집.조용하고 햇살 좋은집.",센트럴자이(031-793-5454)공인중개사사무소,1,2026-09-28,2026-10-09,2026-10-10,,,1
2652212640,2654326585,misa_thesharp_central_forest,sale,130000,,2305,고,73.07,96.70,"추천,깨끗관리 잘 된집,초품아,시원한 어린이 수영장",더샵센트럴포레(031·791·1800)부동산공인중개사사무소,7,2026-09-29,2026-10-09,2026-10-10,,,1
2652563358,2654349644,misa_thesharp_central_forest,sale,160000,,2303,저,101.81,132.40,"햇살가득 예쁜집,한홀초,학원가인접,집상태최상.",햇살공인중개사사무소,8,2026-09-30,2026-10-09,2026-10-10,,,1
2652616505,2652616505,misa_thesharp_central_forest,jeonse,90000,,2303,저,93.18,122.32,햇살좋고 밝은집.내부청결한집.풀에어컨.,센트럴자이(031-793-5454)공인중개사사무소,1,2026-09-30,2026-10-09,2026-10-10,,,1
2652691856,2654326585,misa_thesharp_central_forest,sale,130000,,2305,고,73.07,96.70,"추천,깨끗관리 잘 된집,초품아,시원한 어린이 수영장",더샵센트럴포레(031·791·1800)부동산공인중개사사무소,7,2026-10-01,2026-10-09,2026-10-10,,,1
2652809507,2654346514,misa_thesharp_central_forest,sale,138000,,2301,중,84.03,110.41,"전세안고, 한홀초 초품아, 어린이풀장, 한홀중 및 학원가인접",소현공인중개사사무소,4,2026-10-01,2026-10-09,2026-10-10,,,1
2653152843,2654346514,misa_thesharp_central_forest,sale,140000,,2301,중,84.03,110.41,"전세안고, 트인뷰, 학원가인접,초품아",행복동원공인중개사사무소,4,2026-10-02,2026-10-09,2026-10-10,,,1
2653161085,2654349644,misa_thesharp_central_forest,sale,160000,,2303,저,101.81,132.40,주인거주로 집컨디션 최상 방4개 구조좋아요,미사아침(031-794-0013)공인중개사사무소,8,2026-10-02,2026-10-09,2026-10-10,,,1
2653182339,2653182339,misa_thesharp_central_forest,jeonse,85000,,2304,10,84.10,110.53,"귀한 전세,초품아, 트인뷰, 살기좋은 단지,공동X",더랜드명품부동산공인중개사사무소,2,2026-10-02,2026-10-09,2026-10-10,,,1
2653369813,2653943454,misa_thesharp_central_forest,sale,145000,,2304,고,84.03,110.41,"입주협의, 판상형의 고층, 시스템어에컨풀, 한홀초초품아, 학원가인접",소현공인중개사사무소,2,2026-10-05,2026-10-09,2026-10-10,,,1
2653485377,2653485377,misa_thesharp_central_forest,sale,145000,,2304,고,84.10,110.53,"산뷰 탁트인 조망권,시트템에어컨2,초품아,학원가근린상가인접,교통편리",행복동원공인중개사사무소,2,2026-10-05,2026-10-09,2026-10-10,,,1
2653306202,2654326585,misa_thesharp_central_forest,sale,130000,,2305,고,73.07,96.70,선호도 높은 실속형 타입 즉시 안내 가능합니다,미사풍경채명인(795-3220)공인중개사사무소,7,2026-10-06,2026-10-09,2026-10-10,,,1
2653520035,2654346514,misa_thesharp_central_forest,sale,140000,,2301,중,84.03,110.41,"전세안고28년,2월 보증금6억2천컨디션 좋아요",더샵센트럴포레(031·791·1800)부동산공인중개사사무소,4,2026-10-06,2026-10-09,2026-10-10,,,1
2653524081,2653819481,misa_thesharp_central_forest,sale,155000,,2302,저,93.18,122.32,"올수리,시스템2대,출퇴근등하교 빠른 황금 층수,알짜 매물",더샵센트럴포레(031·791·1800)부동산공인중개사사무소,2,2026-10-06,2026-10-09,2026-10-10,,,1
2653559492,2653559492,misa_thesharp_central_forest,sale,138000,,2304,중,84.03,110.41,"도배, 필름시공, 시스템에어컨, 트인 뷰, 한홀초 학군, 근린상가",미사은호(031-793-9006)공인중개사사무소,1,2026-10-06,2026-10-09,2026-10-10,,,1
2653692387,2654326585,misa_thesharp_central_forest,sale,129000,,2305,고,73.07,96.70,"주인거주, 검단산전망굿, 한홀초 초품아, 어린이수영장, 학원가인접",소현공인중개사사무소,7,2026-10-06,2026-10-09,2026-10-10,2026-10-10,130000,1
2653819474,2654346498,misa_thesharp_central_forest,sale,140000,,2304,고,84.03,110.41,"한홀초,시스템4대,컨디션 좋아요,",더샵센트럴포레(031·791·1800)부동산공인중개사사무소,2,2026-10-07,2026-10-09,2026-10-10,,,1
2653819475,2654346502,misa_thesharp_central_forest,sale,138000,,2304,중,84.10,110.53,"한홀초,전세안고,28,1",더샵센트럴포레(031·791·1800)부동산공인중개사사무소,2,2026-10-07,2026-10-09,2026-10-10,,,1
2653819477,2654346499,misa_thesharp_central_forest,sale,152000,,2303,저,93.06,122.39,"예쁜정원을 품고있는집,햇살 잘 들어요,한홀초,입주가능",더샵센트럴포레(031·791·1800)부동산공인중개사사무소,2,2026-10-07,2026-10-09,2026-10-10,,,1
2653819478,2654349644,misa_thesharp_central_forest,sale,160000,,2303,저,101.81,132.40,,더샵센트럴포레(031·791·1800)부동산공인중개사사무소,8,2026-10-07,2026-10-09,2026-10-10,,,1
2653819480,2654389312,misa_thesharp_central_forest,sale,150000,,2303,고,93.06,122.39,"검단산이 한눈에 시원하게,깨끗하게 관리된집,한홀초",더샵센트럴포레(031·791·1800)부동산공인중개사사무소,4,2026-10-07,2026-10-09,2026-10-10,,,1
2653819481,2653819481,misa_thesharp_central_forest,sale,155000,,2302,저,93.18,122.32,"올수리,시스템2대,출퇴근등하교 빠른 황금 층수,알짜 매물",더샵센트럴포레(031·791·1800)부동산공인중개사사무소,2,2026-10-07,2026-10-09,2026-10-10,,,1
2653819483,2654346508,misa_thesharp_central_forest,sale,160000,,2302,중,101.81,132.40,"시원한뻥뷰,시스템4대,편리한주변환경, 전세안고27.2",더샵센트럴포레(031·791·1800)부동산공인중개사사무소,2,2026-10-07,2026-10-09,2026-10-10,,,1
2653861207,2653861207,misa_thesharp_central_forest,sale,145000,,2304,고,84.03,110.41,입주협의 고층뻥뷰 중문 방3 알파룸 화이트톤인테리어 한홀초 학세역세권,센트럴자이(031-795-1149)미사금호공인중개사사무소,2,2026-10-07,2026-10-09,2026-10-10,,,1
2653861907,2653861907,misa_thesharp_central_forest,sale,160000,,2302,저,93.06,122.39,즉시입주 26.11협의 뻥뷰 한홀초 학세역세권 학원상가인프라굿,센트럴자이(031-795-1149)미사금호공인중개사사무소,2,2026-10-07,2026-10-09,2026-10-10,,,1
2653873314,2654349644,misa_thesharp_central_forest,sale,160000,,2303,저,101.81,132.40,"예쁜 뷰, 한홀초 학군, 근린상가와 학원가 인접, 주인거주로 집상태 굿",미사은호(031-793-9006)공인중개사사무소,8,2026-10-07,2026-10-09,2026-10-10,,,1
2653943454,2653943454,misa_thesharp_central_forest,sale,145000,,2304,고,84.03,110.41,"탁트인멋진고층전망, 시스에풀, 햇살밝은집,입주협의,관리잘된집,한홀초",미사제일풍경채공인중개사사무소,2,2026-10-07,2026-10-09,2026-10-10,,,1
2653944334,2654349644,misa_thesharp_central_forest,sale,160000,,2303,저,101.81,132.40,"실입주,주인거주관리잘된집,탁트인안정적인초록뷰, 학원상가이용편리,한홀초",미사제일풍경채공인중개사사무소,8,2026-10-07,2026-10-09,2026-10-10,,,1
2653970273,2654476328,misa_thesharp_central_forest,sale,145000,,2304,고,84.10,110.53,"뷰맛집,시스템4대,깔끔하게 관리잘된집",더샵센트럴포레(031·791·1800)부동산공인중개사사무소,2,2026-10-07,2026-10-09,2026-10-10,,,1
2654022494,2653182339,misa_thesharp_central_forest,jeonse,85000,,2304,중,84.10,110.53,한홀초품아 집컨디션 완전 깨끗,미사아침(031-794-0013)공인중개사사무소,2,2026-10-07,2026-10-09,2026-10-10,,,1
2654097325,2654326585,misa_thesharp_central_forest,sale,130000,,2305,고,73.07,96.70,"에어컨 유, 막힘없이 트인뷰, 한홀초 학군, 어린이수영장, 근린상가이용",미사은호(031-793-9006)공인중개사사무소,7,2026-10-08,2026-10-09,2026-10-10,,,1
2654135025,2654349644,misa_thesharp_central_forest,sale,160000,,2303,저,101.81,132.40,"입주일 협의가능, 뷰 이쁜집, 학군 좋은 아파트",호반모아공인중개사사무소,8,2026-10-08,2026-10-09,2026-10-10,,,1
2654177705,2654389312,misa_thesharp_central_forest,sale,150000,,2303,고,93.06,122.39,"입주가, 시스에3, 중문, 관리잘된집, 시원한 뻥뷰,한홀초중,",미사제일풍경채공인중개사사무소,4,2026-10-08,2026-10-09,2026-10-10,,,1
2654326585,2654326585,misa_thesharp_central_forest,sale,130000,,2305,고,73.07,96.70,"입주강추,컨디션 최상,막힘없이 탁 틔인뷰",미사풍경채명인(795-3220)공인중개사사무소,7,2026-10-08,2026-10-09,2026-10-10,,,1
2654346498,2654346498,misa_thesharp_central_forest,sale,140000,,2304,고,84.03,110.41,"한홀초,시스템4대,컨디션 좋아요,",더샵센트럴포레(031·791·1800)부동산공인중개사사무소,2,2026-10-09,2026-10-09,2026-10-10,,,1
2654346499,2654346499,misa_thesharp_central_forest,sale,152000,,2303,저,93.06,122.39,"예쁜정원을 품고있는집,햇살 잘 들어요,한홀초,입주가능",더샵센트럴포레(031·791·1800)부동산공인중개사사무소,2,2026-10-09,2026-10-09,2026-10-10,,,1
2654346500,2654389312,misa_thesharp_central_forest,sale,150000,,2303,고,93.06,122.39,"검단산이 한눈에 시원하게,깨끗하게 관리된집,한홀초",더샵센트럴포레(031·791·1800)부동산공인중개사사무소,4,2026-10-09,2026-10-09,2026-10-10,,,1
2654346501,2654349644,misa_thesharp_central_forest,sale,160000,,2303,저,101.81,132.40,,더샵센트럴포레(031·791·1800)부동산공인중개사사무소,8,2026-10-09,2026-10-09,2026-10-10,,,1
2654346502,2654346502,misa_thesharp_central_forest,sale,138000,,2304,중,84.10,110.53,"한홀초,전세안고,28,1",더샵센트럴포레(031·791·1800)부동산공인중개사사무소,2,2026-10-09,2026-10-09,2026-10-10,,,1
2654346508,2654346508,misa_thesharp_central_forest,sale,160000,,2302,중,101.81,132.40,"시원한뻥뷰,시스템4대,편리한주변환경, 전세안고27.2",더샵센트럴포레(031·791·1800)부동산공인중개사사무소,2,2026-10-09,2026-10-09,2026-10-10,,,1
2654346514,2654346514,misa_thesharp_central_forest,sale,140000,,2301,중,84.03,110.41,"전세안고28년,2월 보증금6억2천컨디션 좋아요",더샵센트럴포레(031·791·1800)부동산공인중개사사무소,4,2026-10-09,2026-10-09,2026-10-10,,,1
2654349644,2654349644,misa_thesharp_central_forest,sale,160000,,2303,저,101.81,132.40,주인거주 내부 깨끗.방4로 실용적 구조.,센트럴자이(031-793-5454)공인중개사사무소,8,2026-10-09,2026-10-09,2026-10-10,,,1
2654389312,2654389312,misa_thesharp_central_forest,sale,145000,,2303,고,93.06,122.39,주인거주 깔끔 하며 에어컨3 중문 설치된 께끗한집,센트럴자이(031-795-1149)미사금호공인중개사사무소,4,2026-10-09,2026-10-10,2026-10-10,,,1
2654389422,2654389422,misa_thesharp_central_forest,sale,135000,,2305,고,73.02,96.14,"입주협의 세안고 전망남동향뻥뷰한홀초,중 강일미사역세권 학원상가인프라최",센트럴자이(031-795-1149)미사금호공인중개사사무소,2,2026-10-09,2026-10-10,2026-10-10,,,1
2654476328,2654476328,misa_thesharp_central_forest,sale,145000,,2304,고,84.10,110.53,"뷰맛집,시스템4대,깔끔하게 관리잘된집",더샵센트럴포레(031·791·1800)부동산공인중개사사무소,2,2026-10-10,2026-10-10,2026-10-10,,,1
2653860385,2654346500,misa_thesharp_central_forest,sale,145000,,2303,고,93.06,122.39,주인거주 깔끔 하며 에어컨3 중문 설치된 께끗한집,센트럴자이(031-795-1149)미사금호공인중개사사무소,4,2026-10-07,2026-10-09,2026-10-09,,,0
2653860594,2653860594,misa_thesharp_central_forest,sale,135000,,2305,고,73.02,96.14,"입주협의 세안고 전망남동향뻥뷰한홀초,중 강일미사역세권 학원상가인프라최",센트럴자이(031-795-1149)미사금호공인중개사사무소,2,2026-10-07,2026-10-09,2026-10-09,,,0
2648956293,2653981172,myeongil_samik_green2,sale,220000,,507,고,84.75,99.35,"재건축단지,대단지아파트,초품아,조합원승계,조합설립인가단계,교통굿,잘되는집",좋은터부동산공인중개사사무소,3,2026-09-10,2026-10-09,2026-10-10,,,1
2649075278,2654229481,myeongil_samik_green2,sale,230000,,508,고,107.56,125.37,재건축추진중 0 대단지 0 초품아 0 세안고매매,명일공인중개사사무소,4,2026-09-11,2026-10-09,2026-10-10,,,1
2649081674,2653980227,myeongil_samik_green2,sale,175000,,602,13,54.81,76.44,재건축 남향 전망 좋고 밝은 수리된 집입니다,사랑공인중개사사무소,14,2026-09-11,2026-10-09,2026-10-10,,,1
2649086353,2654260873,myeongil_samik_green2,sale,225000,,502,2,84.75,99.35,,대우써밋공인중개사사무소,7,2026-09-11,2026-10-09,2026-10-10,,,1
2649086743,2654393421,myeongil_samik_green2,jeonse,65000,,605,14,66.87,90.04,"교통,학군, 생활편의 다 갖추고 아이키우며 살기좋은 실거주 아파트 전세",대우써밋공인중개사사무소,14,2026-09-11,2026-10-09,2026-10-10,,,1
2649122407,2652588426,myeongil_samik_green2,sale,185000,,602,고,54.81,76.44,재건축추진중 세안고매매 명문학군,고덕거성공인중개사사무소,5,2026-09-11,2026-10-09,2026-10-10,,,1
2649138488,2653980227,myeongil_samik_green2,sale,175000,,602,13,54.81,76.44,조합승계가능 주인거주 입주가 대단지재건축,뉴욕부동산중개(주),14,2026-09-11,2026-10-09,2026-10-10,,,1
2649241771,2652380557,myeongil_samik_green2,sale,160000,,603,중,42.93,59.93,"재건축진행중 정상입주, 주인거주 올수리",엘리트부동산공인중개사사무소,4,2026-09-11,2026-10-09,2026-10-10,,,1
2649298534,2649298534,myeongil_samik_green2,sale,180000,,607,고,54.81,76.44,입주가능 0 조합원승계가능 0 남향 로얄층 0 수리된집,명일공인중개사사무소,1,2026-09-11,2026-10-09,2026-10-10,,,1
2649319198,2653357907,myeongil_samik_green2,sale,255000,,509,고,128.16,148.19,HOT 찐매물 조합원지위승계가능 전세안고 갭투 전망굿 로얄층,명일중앙공인중개사사무소,3,2026-09-11,2026-10-09,2026-10-10,,,1
2649356723,2649356723,myeongil_samik_green2,sale,190000,,605,저,66.87,90.04,"명일역세권,최고의학군,재건축진행중.집컨디션특",신탁공인중개사사무소,1,2026-09-12,2026-10-09,2026-10-10,,,1
2649365265,2649365265,myeongil_samik_green2,sale,160000,,605,저,42.93,59.93,"조합원 승계가능, 입주",삼성공인중개사사무소,1,2026-09-12,2026-10-09,2026-10-10,,,1
2649370886,2649370886,myeongil_samik_green2,sale,209000,,507,중,84.75,99.35,보시면 마음에 드실 급매물 재건축 활발히 추진 중인 대형 단지,박사부동산공인중개사사무소,1,2026-09-12,2026-10-09,2026-10-10,,,1
2649394082,2649394082,myeongil_samik_green2,sale,174000,,607,중,54.81,76.44,조합원 승계가능. 세끼고,삼성공인중개사사무소,1,2026-09-12,2026-10-09,2026-10-10,,,1
2649410446,2654026485,myeongil_samik_green2,sale,195000,,606,저,66.87,90.04,,명일OK공인중개사사무소,7,2026-09-12,2026-10-09,2026-10-10,,,1
2649430268,2654393421,myeongil_samik_green2,jeonse,65000,,605,고,66.87,90.04,"확장, 올수리 밝고 환한 집입니다",사랑공인중개사사무소,14,2026-09-12,2026-10-09,2026-10-10,,,1
2649447808,2649447808,myeongil_samik_green2,sale,170000,,603,저,54.81,76.44,"조합원 승계가능,세끼고",삼성공인중개사사무소,1,2026-09-12,2026-10-09,2026-10-10,,,1
2649448513,2649448513,myeongil_samik_green2,sale,193000,,501,중,66.87,90.04,"조합원 승계가능,늦은입주",삼성공인중개사사무소,1,2026-09-12,2026-10-09,2026-10-10,,,1
2649448674,2649448674,myeongil_samik_green2,sale,220000,,505,고,84.75,99.35,,삼성공인중개사사무소,1,2026-09-12,2026-10-09,2026-10-10,,,1
2649448772,2649448772,myeongil_samik_green2,sale,215000,,505,고,84.75,99.35,조합원승계가능,삼성공인중개사사무소,1,2026-09-12,2026-10-09,2026-10-10,,,1
2649449142,2649449142,myeongil_samik_green2,sale,175000,,607,저,54.81,76.44,"실매물, 조합원 승계가능",삼성공인중개사사무소,1,2026-09-12,2026-10-09,2026-10-10,,,1
2649449359,2649449359,myeongil_samik_green2,sale,175000,,602,고,54.81,76.44,"실매물, 정남, 밝고 따뜻한 기분좋은 집입니다",삼성공인중개사사무소,1,2026-09-12,2026-10-09,2026-10-10,,,1
2649550039,2654229481,myeongil_samik_green2,sale,230000,,508,고,107.56,125.37,27년4월 입주 로얄층 빠른재건축 명일동대단지,현대부동산공인중개사사무소,4,2026-09-14,2026-10-09,2026-10-10,,,1
2649637876,2652588426,myeongil_samik_green2,sale,185000,,602,고,54.81,76.44,3300여세대 재건축추진중.세안고매매.명문학군.5호선 9호선 더블역세권,미사누리공인중개사사무소,5,2026-09-14,2026-10-09,2026-10-10,,,1
2649695078,2653774533,myeongil_samik_green2,wolse,30000,140,501,저,66.87,90.04,"확장,특올수리,하시입주,보증금조정가능",사랑공인중개사사무소,2,2026-09-14,2026-10-09,2026-10-10,,,1
2649699062,2649699062,myeongil_samik_green2,sale,220000,,507,고,84.75,99.35,"조합원승계. 확장,안동, 전망 밝고 좋은 집",사랑공인중개사사무소,1,2026-09-14,2026-10-09,2026-10-10,,,1
2649699839,2649932981,myeongil_samik_green2,sale,260000,,509,고,128.16,148.19,"최고의 뷰, 9호선연장, 조합원승계 재건축",사랑공인중개사사무소,2,2026-09-14,2026-10-09,2026-10-10,,,1
2649700308,2654026485,myeongil_samik_green2,sale,195000,,606,저,66.87,90.04,,삼익부동산공인중개사사무소,7,2026-09-14,2026-10-09,2026-10-10,,,1
2649707751,2649707751,myeongil_samik_green2,sale,193000,,501,중,66.87,90.04,입주일 조정가 0 대단지재건축 0 옛올수리 0 집앞 배재고,명일공인중개사사무소,1,2026-09-14,2026-10-09,2026-10-10,,,1
2649732893,2654026485,myeongil_samik_green2,sale,195000,,606,저,66.87,90.04,"집상태최상 재건축 추진아파트 45층 3,300여세대로 추친중 명일역세권",금강공인중개사사무소,7,2026-09-14,2026-10-09,2026-10-10,,,1
2649745719,2654126476,myeongil_samik_green2,sale,220000,,506,13,84.75,99.35,"명일역 역세권, 초품아, 대단지 재건축 진행중, 조합 설립0, 남향",둔촌성내퍼팩트부동산공인중개사사무소,6,2026-09-14,2026-10-09,2026-10-10,,,1
2649767157,2649767157,myeongil_samik_green2,sale,190000,,601,고,66.87,90.04,재건축진행중,시범공인중개사,1,2026-09-14,2026-10-09,2026-10-10,,,1
2649788161,2654393421,myeongil_samik_green2,jeonse,65000,,605,14,66.87,90.04,,로얄공인중개사사무소,14,2026-09-14,2026-10-09,2026-10-10,,,1
2649790629,2654393421,myeongil_samik_green2,jeonse,65000,,605,고,66.87,90.04,로얄동 생활편리 학군우수 고층뷰 역세권,로얄공인중개사사무소,14,2026-09-14,2026-10-09,2026-10-10,,,1
2649790824,2649790824,myeongil_samik_green2,sale,235000,,608,고,107.56,125.37,,로얄공인중개사사무소,1,2026-09-14,2026-10-09,2026-10-10,,,1
2649798101,2654393421,myeongil_samik_green2,jeonse,65000,,605,14,66.87,90.04,올수리 방3화1 깨끗 명문학군 채광좋은 정남향,뉴욕부동산중개 주식회사,14,2026-09-14,2026-10-09,2026-10-10,,,1
2649855073,2650810061,myeongil_samik_green2,sale,260000,,509,중,128.16,148.19,,로얄공인중개사사무소,2,2026-09-15,2026-10-09,2026-10-10,,,1
2649908271,2653980227,myeongil_samik_green2,sale,174000,,602,고,54.81,76.44,역세권 기본집 트인뷰 생활편리,로얄공인중개사사무소,14,2026-09-15,2026-10-09,2026-10-10,,,1
2649920842,2653980227,myeongil_samik_green2,sale,174000,,602,고,54.81,76.44,확트인 조망권 수리상태 좋아요,로얄공인중개사사무소,14,2026-09-15,2026-10-09,2026-10-10,,,1
2649932981,2649932981,myeongil_samik_green2,sale,260000,,509,고,128.16,148.19,"확트인 뷰,대단지 재건축,올수리,정상입주 추천합니다",제일공인중개사사무소,2,2026-09-15,2026-10-09,2026-10-10,,,1
2649991016,2653769103,myeongil_samik_green2,sale,230000,,508,고,107.56,125.37,쾌적한 아파트 명일역세권3분거리,로얄공인중개사사무소,3,2026-09-15,2026-10-09,2026-10-10,,,1
2650031218,2654039141,myeongil_samik_green2,sale,185000,,607,저,54.81,76.44,"올수리, 재건축 추진중, 학군 및 교통 최고",솔베뉴공인중개사사무소,5,2026-09-16,2026-10-09,2026-10-10,,,1
2650334463,2650334463,myeongil_samik_green2,sale,195000,,601,중,66.87,90.04,일조권우수한 남향 입주가능합니다,동인공인중개사사무소,1,2026-09-17,2026-10-09,2026-10-10,,,1
2650335442,2654160082,myeongil_samik_green2,sale,235000,,608,중,107.56,125.37,특올수리 일조권우수하고 지분많은동입니다,동인공인중개사사무소,7,2026-09-17,2026-10-09,2026-10-10,,,1
2650476669,2650476669,myeongil_samik_green2,sale,230000,,303,고,107.56,125.37,늦은입주 0 세안고매매 0 대단지재건축 0 고층 정원뷰,명일공인중개사사무소,1,2026-09-18,2026-10-09,2026-10-10,,,1
2650595773,2654126476,myeongil_samik_green2,sale,220000,,506,고,84.75,99.35,3420세대의 대단지 재건축 학군좋은 대단지 명품단지,21세기공인중개사사무소,6,2026-09-18,2026-10-09,2026-10-10,,,1
2650633973,2650633973,myeongil_samik_green2,wolse,50000,50,607,중,54.81,76.44,신혼부부적극추천 특올수리 채광조망굿 밝고 좋은집입니다,부동산뱅크명일역점공인중개사사무소,1,2026-09-18,2026-10-09,2026-10-10,,,1
2650750754,2650750754,myeongil_samik_green2,jeonse,50000,,602,중,54.81,76.44,"따뜻하고 밝은 집, 올수리, 관리 잘 된 집, 교통학군이 우수, 추천",신탁공인중개사사무소,1,2026-09-19,2026-10-09,2026-10-10,,,1
2650757218,2654260873,myeongil_samik_green2,sale,225000,,502,저,84.75,99.35,수리되어깨끗해요,시범공인중개사,7,2026-09-19,2026-10-09,2026-10-10,,,1
2650767378,2654026485,myeongil_samik_green2,sale,195000,,606,저,66.87,90.04,올수리 대단지 재건축추진중 입주 사업시행인가신청 임박,뉴욕부동산중개 주식회사,7,2026-09-19,2026-10-09,2026-10-10,,,1
2650781548,2654393421,myeongil_samik_green2,jeonse,65000,,605,고,66.87,90.04,방3 남향 올수리 입주협의 밝고 깨끗,뉴욕부동산중개(주),14,2026-09-19,2026-10-09,2026-10-10,,,1
2650810061,2650810061,myeongil_samik_green2,sale,255000,,509,중,128.16,148.19,"재건축진행중,최고의학군,교통 좋음,최고의 전망,",신탁공인중개사사무소,2,2026-09-19,2026-10-09,2026-10-10,,,1
2650810594,2654026485,myeongil_samik_green2,sale,195000,,606,저,66.87,90.04,"명일역세권,최고의학군,재건축진행중.집컨디션특 단지에서 최고조용한동입니다.",신탁공인중개사사무소,7,2026-09-19,2026-10-09,2026-10-10,,,1
2650811035,2650811035,myeongil_samik_green2,sale,148000,,607,중,54.81,76.44,"투자자좋음,조합원승계가 안됨. 명일역세권,최고의학군,수리깨끗 ,세안고.",신탁공인중개사사무소,1,2026-09-19,2026-10-09,2026-10-10,,,1
2650811536,2650811536,myeongil_samik_green2,sale,180000,,607,고,54.81,76.44,올특수리.앞뒤전망이 좋음 학군교통이좋음 집의컨디션최고입니다.,신탁공인중개사사무소,1,2026-09-19,2026-10-09,2026-10-10,,,1
2650814618,2650814618,myeongil_samik_green2,sale,230000,,503,고,107.55,123.95,학군교통이 좋아요 대단지 재건축준비중임 집 컨디션이 좋습니다.,신탁공인중개사사무소,1,2026-09-19,2026-10-09,2026-10-10,,,1
2650825349,2653980227,myeongil_samik_green2,sale,174000,,602,13,54.81,76.44,깔끔하고쾌적해요,시범공인중개사,14,2026-09-19,2026-10-09,2026-10-10,,,1
2651025656,2651025656,myeongil_samik_green2,sale,210000,,605,고,66.87,90.04,"완전 올수리 , 빠른 입주 가능",미도공인중개사,1,2026-09-21,2026-10-09,2026-10-10,,,1
2651217945,2652588426,myeongil_samik_green2,sale,185000,,602,고,54.81,76.44,재건축진행중 학군우수 올수리,황금공인중개사,5,2026-09-22,2026-10-09,2026-10-10,,,1
2651218240,2653980227,myeongil_samik_green2,sale,175000,,602,고,54.81,76.44,사업시행인가추진중 학군 거주 우수지역,황금공인중개사,14,2026-09-22,2026-10-09,2026-10-10,,,1
2651251441,2654260873,myeongil_samik_green2,sale,225000,,502,저,84.75,99.35,"입주,올수리, 집상태 굿, 재건축 추진중",솔베뉴공인중개사사무소,7,2026-09-22,2026-10-09,2026-10-10,,,1
2651260511,2651260511,myeongil_samik_green2,sale,240000,,303,저,107.56,125.37,,행복한공인중개사사무소,1,2026-09-22,2026-10-09,2026-10-10,,,1
2651263370,2652380557,myeongil_samik_green2,sale,160000,,603,중,42.93,59.93,정상입주 올수리 주인거주,효성해링턴공인중개사사무소,4,2026-09-22,2026-10-09,2026-10-10,,,1
2651284332,2654400926,myeongil_samik_green2,jeonse,65000,,301,고,66.87,90.04,"올수리, 정상입주, 정남향, 밝은 집, 교통학군우수, 명일역세권, 추천",신탁공인중개사사무소,7,2026-09-22,2026-10-09,2026-10-10,,,1
2651286534,2653723919,myeongil_samik_green2,wolse,25000,100,602,고,42.93,59.93,"무융자,숲전망, 밝고 환한 집입니다",사랑공인중개사사무소,3,2026-09-22,2026-10-09,2026-10-10,,,1
2651295504,2651295504,myeongil_samik_green2,sale,215000,,502,저,84.75,99.35,올수리. 정상입주. 햇볕잘들고 상태 잘 관리된 주인거주.,신용공인중개사사무소,1,2026-09-22,2026-10-09,2026-10-10,,,1
2651307647,2653980227,myeongil_samik_green2,sale,175000,,602,13,54.81,76.44,대단지재건축 명문학군 정남향 조합승계 입주,뉴욕부동산중개 주식회사,14,2026-09-22,2026-10-09,2026-10-10,,,1
2651320807,2651320807,myeongil_samik_green2,jeonse,65000,,606,11,66.87,90.04,,다인공인중개사사무소,1,2026-09-22,2026-10-09,2026-10-10,,,1
2651325862,2651325862,myeongil_samik_green2,sale,210000,,505,중,84.75,99.35,"올수리,대단지 재건축,사업승인 준비중 추천합니다",제일공인중개사사무소,1,2026-09-22,2026-10-09,2026-10-10,,,1
2651326612,2653980227,myeongil_samik_green2,sale,175000,,602,고,54.81,76.44,정상입주 0 조합원승계가능 0 대단지재건축 0 남향,명일공인중개사사무소,14,2026-09-22,2026-10-09,2026-10-10,,,1
2651367342,2654126476,myeongil_samik_green2,sale,220000,,506,고,84.75,99.35,,유미공인중개사사무소,6,2026-09-22,2026-10-09,2026-10-10,,,1
2651397297,2654262688,myeongil_samik_green2,sale,174000,,607,중,54.81,76.44,수리 확트인 조망권,로얄공인중개사사무소,6,2026-09-23,2026-10-09,2026-10-10,,,1
2651398263,2654262688,myeongil_samik_green2,sale,173500,,607,중,54.81,76.44,급매 일단17억3.000만원 2027.2.28.이내입주 수리좋아요,로얄공인중개사사무소,6,2026-09-23,2026-10-09,2026-10-10,,,1
2651398571,2654238499,myeongil_samik_green2,sale,195000,,606,저,66.87,90.04,쾌적한 집 올수리상태 역세권5분거리,로얄공인중개사사무소,2,2026-09-23,2026-10-09,2026-10-10,,,1
2651399002,2651399960,myeongil_samik_green2,jeonse,80000,,608,고,107.56,125.37,쾌적한 도배장판 씽크교체 명일역세권3분거리,로얄공인중개사사무소,2,2026-09-23,2026-10-09,2026-10-10,,,1
2651399960,2651399960,myeongil_samik_green2,jeonse,80000,,608,고,107.56,125.37,확트인 조망권 도배장판 화장실 씽크대 전등교체,로얄공인중개사사무소,2,2026-09-23,2026-10-09,2026-10-10,,,1
2651468356,2654260873,myeongil_samik_green2,sale,225000,,502,저,84.75,99.35,대단지재건축진행중 조합승계 명문학군 특올수리 밝고 좋은집입니다,부동산뱅크명일역점공인중개사사무소,7,2026-09-23,2026-10-09,2026-10-10,,,1
2651501749,2654262688,myeongil_samik_green2,sale,174000,,607,중,54.81,76.44,"남향.정상입주,조합원승계",신세계공인중개사사무소,6,2026-09-23,2026-10-09,2026-10-10,,,1
2651512559,2654196633,myeongil_samik_green2,wolse,50000,50,607,중,54.81,76.44,특올수리 0 학세권 0 대단지아파트,명일공인중개사사무소,6,2026-09-23,2026-10-09,2026-10-10,,,1
2651514715,2651514715,myeongil_samik_green2,wolse,15000,170,607,중,54.81,76.44,2월중순쯤 입주 0 올수리된집 0 귀한월세,명일공인중개사사무소,1,2026-09-23,2026-10-09,2026-10-10,,,1
2651653198,2653950699,myeongil_samik_green2,sale,195000,,301,저,66.87,90.04,HOT 찐매물 실입주 특올수리 정비구역지정 조합설립인가 지위승계가능,명일중앙공인중개사사무소,4,2026-09-23,2026-10-09,2026-10-10,,,1
2651654872,2654012994,myeongil_samik_green2,sale,195000,,605,저,66.87,90.04,"특수리,재건축,학세권",드림공인중개사사무소,3,2026-09-28,2026-10-09,2026-10-10,,,1
2651655141,2651655141,myeongil_samik_green2,sale,230000,,503,고,107.55,123.95,"재건축,수리, 역세권,",드림공인중개사사무소,1,2026-09-28,2026-10-09,2026-10-10,,,1
2651659266,2654126476,myeongil_samik_green2,sale,220000,,506,고,84.75,99.35,강력추천. 올수리. 재건축 조합설립. 전망 굿.,고덕삼성공인중개사사무소,6,2026-09-28,2026-10-09,2026-10-10,,,1
2651661390,2654263157,myeongil_samik_green2,sale,215000,,502,고,84.75,99.35,"명일역5분, 로얄층, 세안고, 재건축단지",신탁공인중개사사무소,7,2026-09-28,2026-10-09,2026-10-10,,,1
2651753863,2653357907,myeongil_samik_green2,sale,255000,,509,고,128.16,148.19,"세안고, 단독, 탁트인뷰, 대지지분 많음",고덕일등공인중개사사무소,3,2026-09-28,2026-10-09,2026-10-10,,,1
2651916986,2651916986,myeongil_samik_green2,sale,185000,,602,저,54.81,76.44,올수리되어 깔끔하고 채광좋아요,시범공인중개사,1,2026-09-28,2026-10-09,2026-10-10,,,1
2652006504,2652006504,myeongil_samik_green2,jeonse,64000,,501,고,66.87,90.04,"특올수리,밝고 환한집 추천합니다",제일공인중개사사무소,1,2026-09-28,2026-10-09,2026-10-10,,,1
2652010024,2652010024,myeongil_samik_green2,sale,210000,,502,고,84.75,99.35,"로얄층,정상입주,사업승인 준비중,조합원 승계 추천합니다",제일공인중개사사무소,1,2026-09-28,2026-10-09,2026-10-10,,,1
2652048498,2652048498,myeongil_samik_green2,sale,195000,,501,중,66.87,90.04,"정남향, 채광 좋은 집, 정상입주, 조합원승계 추천합니다",제일공인중개사사무소,1,2026-09-28,2026-10-09,2026-10-10,,,1
2652102437,2652588426,myeongil_samik_green2,sale,185000,,602,고,54.81,76.44,"세끼고,깔끔하고쾌적해요",시범공인중개사,5,2026-09-28,2026-10-09,2026-10-10,,,1
2652212192,2652212192,myeongil_samik_green2,jeonse,57000,,607,11,54.81,76.44,올수리해줌화장실.씽크대.도배장판.전체칠.타일전체.전등.스위치융자없음,광장공인중개사사무소,1,2026-09-29,2026-10-09,2026-10-10,,,1
2652240130,2652240130,myeongil_samik_green2,sale,174000,,602,고,54.81,76.44,깔끔하고쾌적해요,시범공인중개사,1,2026-09-29,2026-10-09,2026-10-10,,,1
2652261183,2653284550,myeongil_samik_green2,sale,160000,,605,5,42.93,59.93,대단지재건축진행중 조합승계 명문학군 밝고 좋은집입니다,부동산뱅크명일역점공인중개사사무소,4,2026-09-29,2026-10-09,2026-10-10,,,1
2652348808,2654260873,myeongil_samik_green2,sale,225000,,502,저,84.75,99.35,HOT 찐매물 대단지 입주 내부올수리 조합승계가능 숲속뷰 조용한안동,명일중앙공인중개사사무소,7,2026-09-29,2026-10-09,2026-10-10,,,1
2652355957,2654243169,myeongil_samik_green2,sale,215000,,502,저,84.75,99.35,재건축진행중 승계가능 매물 세안고 매매 학군 교통 우수지역 생활편리,황금공인중개사,5,2026-09-29,2026-10-09,2026-10-10,,,1
2652380557,2652380557,myeongil_samik_green2,sale,160000,,603,중,42.93,59.93,올수리되어깨끗해요,시범공인중개사,4,2026-09-29,2026-10-09,2026-10-10,,,1
2652382616,2652382616,myeongil_samik_green2,sale,157000,,602,중,42.93,59.93,수리되어깨끗해요,시범공인중개사,1,2026-09-29,2026-10-09,2026-10-10,,,1
2652384769,2652437632,myeongil_samik_green2,sale,158000,,602,고,42.93,59.93,입주.로얄동.남향.대단지재건축.9호선호재.,대박공인중개사사무소,3,2026-09-29,2026-10-09,2026-10-10,,,1
2652387339,2652437632,myeongil_samik_green2,sale,158000,,602,고,42.93,59.93,"직접, 대단지 재건축단지로 사업승인 준비중, 주인거주로 관리잘 된집.",래미안제일공인중개사사무소,3,2026-09-29,2026-10-09,2026-10-10,,,1
2652402390,2654243169,myeongil_samik_green2,sale,215000,,502,저,84.75,99.35,세안고 고덕역 역세권 배재중고 인접 재건축 진행중 세안고,예스공인중개사사무소,5,2026-09-30,2026-10-09,2026-10-10,,,1
2652410801,2653722504,myeongil_samik_green2,jeonse,49000,,602,고,42.93,59.93,"무융자,내부 깔끔, 전망 밝고 환함",사랑공인중개사사무소,3,2026-09-30,2026-10-09,2026-10-10,,,1
2652423520,2653817463,myeongil_samik_green2,sale,250000,,608,고,107.56,125.37,일등매물 올확장 올수리 입주가능 조건협의,고덕일등공인중개사사무소,5,2026-09-30,2026-10-09,2026-10-10,,,1
2652437632,2652437632,myeongil_samik_green2,sale,160000,,602,고,42.93,59.93,정상입주 재건축 진행중 주인거주로 관리잘된집 9호선 호재,래미안골드공인중개사사무소,3,2026-09-30,2026-10-09,2026-10-10,,,1
2652544778,2653284550,myeongil_samik_green2,sale,160000,,605,5,42.93,59.93,"올수리.정상입주,사업승인 준비중 추천합니다",제일공인중개사사무소,4,2026-09-30,2026-10-09,2026-10-10,,,1
2652565993,2652565993,myeongil_samik_green2,sale,240000,,608,중,107.56,125.37,올수리되어깨끗해요,시범공인중개사,1,2026-09-30,2026-10-09,2026-10-10,,,1
2652571514,2652571514,myeongil_samik_green2,sale,260000,,509,중,128.16,148.19,"확트인 공원뷰,올수리 추천합니다",제일공인중개사사무소,1,2026-09-30,2026-10-09,2026-10-10,,,1
2652587755,2653817463,myeongil_samik_green2,sale,250000,,608,고,107.56,125.37,"9호선연장호재,초품아학세권,대단지재건축,올확장되어 마음에 드실겁니다.",현대공인중개사무소,5,2026-09-30,2026-10-09,2026-10-10,,,1
2652588426,2652588426,myeongil_samik_green2,sale,185000,,602,고,54.81,76.44,"9호선연장호재,초품아학세권,세안고 보시면 마음에 드실겁니다.",현대공인중개사무소,5,2026-09-30,2026-10-09,2026-10-10,,,1
2652589506,2654356029,myeongil_samik_green2,sale,165000,,605,저,42.93,59.93,"9호선연장더블역세권,초품아학세권,대단지재건축, 마음에 드실겁니다.",현대공인중개사무소,5,2026-09-30,2026-10-09,2026-10-10,,,1
2652590709,2654160082,myeongil_samik_green2,sale,250000,,608,중,107.56,125.37,"9호선연장호재,대단지재건축,지분대,학세권,수리되어 마음에 드실겁니다.",현대공인중개사무소,7,2026-09-30,2026-10-09,2026-10-10,,,1
2652650252,2654149030,myeongil_samik_green2,sale,220000,,505,15,84.75,99.35,,삼성공인중개사사무소,5,2026-10-01,2026-10-09,2026-10-10,,,1
2652650542,2653950699,myeongil_samik_green2,sale,195000,,301,저,66.87,90.04,"조합원 승계가능,올수리, 입주가능",삼성공인중개사사무소,4,2026-10-01,2026-10-09,2026-10-10,,,1
2652651122,2653874677,myeongil_samik_green2,sale,210000,,506,6,84.75,99.35,,삼성공인중개사사무소,5,2026-10-01,2026-10-09,2026-10-10,,,1
2652654457,2654229481,myeongil_samik_green2,sale,230000,,508,고,107.56,125.37,"조합원 승계 가능, 세안고 , 올수리된 밝고 기분좋은 매물입니다",삼성공인중개사사무소,4,2026-10-01,2026-10-09,2026-10-10,,,1
2652694428,2654149030,myeongil_samik_green2,sale,220000,,505,고,84.75,99.35,"재건축,역세권,초품아,로얄층",드림공인중개사사무소,5,2026-10-01,2026-10-09,2026-10-10,,,1
2652740546,2653874677,myeongil_samik_green2,sale,210000,,506,중,84.75,99.35,"세안고매매 0 대단지재건축 0 고명초 바로옆 0 거실,작은방 확장",명일공인중개사사무소,5,2026-10-01,2026-10-09,2026-10-10,,,1
2652772408,2653950699,myeongil_samik_green2,sale,195000,,301,저,66.87,90.04,"특올수리,재건축 초품아,9호선호재",드림공인중개사사무소,4,2026-10-01,2026-10-09,2026-10-10,,,1
2652778323,2653980227,myeongil_samik_green2,sale,175000,,602,고,54.81,76.44,급매 재건축대단지 조합원승계 더블역세권 관리잘된집,부동산써브대한공인중개사사무소,14,2026-10-01,2026-10-09,2026-10-10,,,1
2652780560,2654039141,myeongil_samik_green2,sale,185000,,607,저,54.81,76.44,올수리 인테리어 에어콘 최고의위치,봄날부동산공인중개사사무소,5,2026-10-01,2026-10-09,2026-10-10,,,1
2652808693,2652808693,myeongil_samik_green2,sale,223000,,302,고,84.75,99.35,강동최고재건축단지 지분좋음 단지내초교 학군좋음 9호선인접 입주협의,우리공인중개사사무소,1,2026-10-01,2026-10-09,2026-10-10,,,1
2652867460,2652867460,myeongil_samik_green2,wolse,44000,100,505,중,84.75,99.35,27년3월경입주 0 수리된집 0 관리잘된집 0 귀한월세,명일공인중개사사무소,1,2026-10-01,2026-10-09,2026-10-10,,,1
2652914539,2652914539,myeongil_samik_green2,sale,245000,,508,저,107.56,125.37,올수리 학군우수 채광 굿 편리한생활궈,로얄공인중개사사무소,1,2026-10-02,2026-10-09,2026-10-10,,,1
2652942403,2653769103,myeongil_samik_green2,sale,230000,,508,고,107.56,125.37,"대단지 재건축진행중,",부동산랜드공인중개사,3,2026-10-02,2026-10-09,2026-10-10,,,1
2652970791,2653744782,myeongil_samik_green2,sale,175000,,602,중,54.81,76.44,"재건축,역세권,초품아,입주,올수리,로얄층",드림공인중개사사무소,2,2026-10-02,2026-10-09,2026-10-10,,,1
2653018962,2654149030,myeongil_samik_green2,sale,220000,,505,고,84.75,99.35,대단지재건축진행중 조합승계 명문학군 밝고 좋은집입니다,부동산뱅크명일역점공인중개사사무소,5,2026-10-02,2026-10-09,2026-10-10,,,1
2653061603,2653061603,myeongil_samik_green2,sale,229000,,508,고,107.56,125.37,재건축추진 명일동 대단지,단지내공인중개사사무소,1,2026-10-02,2026-10-09,2026-10-10,,,1
2653066687,2653981172,myeongil_samik_green2,sale,220000,,507,고,84.75,99.35,정상입주 재건축진행중 확트인전망 기분 좋은 집입니다,부동산뱅크명일역점공인중개사사무소,3,2026-10-02,2026-10-09,2026-10-10,,,1
2653068748,2654356029,myeongil_samik_green2,sale,165000,,605,저,42.93,59.93,올수리 정비계획변경안 통과 세끼고 기분좋은집입니다,부동산뱅크명일역점공인중개사사무소,5,2026-10-02,2026-10-09,2026-10-10,,,1
2653076164,2654196633,myeongil_samik_green2,wolse,50000,50,607,7,54.81,76.44,특수리 확트인 뷰 기분좋은 집입니다,부동산뱅크명일역점공인중개사사무소,6,2026-10-02,2026-10-09,2026-10-10,,,1
2653108313,2653108313,myeongil_samik_green2,sale,169000,,607,고,54.81,76.44,"재건축진행중,세끼고",시범공인중개사,1,2026-10-02,2026-10-09,2026-10-10,,,1
2653259191,2653264473,myeongil_samik_green2,sale,152000,,605,고,42.93,59.93,"급매물,세안고,로얄층,초품아,조합원승계가능,정비계획변경안통과",대림e편한세상공인중개사사무소,2,2026-10-03,2026-10-09,2026-10-10,,,1
2653264473,2653264473,myeongil_samik_green2,sale,152000,,605,고,42.93,59.93,"급매,세안고,로얄층,초품아,조합원승계가능,정비계획변경안통과",대림e편한세상공인중개사사무소,2,2026-10-03,2026-10-09,2026-10-10,,,1
2653318721,2653318721,myeongil_samik_green2,jeonse,49000,,607,고,54.81,76.44,"정남향,확트인 뷰,올수리,무융자 추천합니다",제일공인중개사사무소,1,2026-10-03,2026-10-09,2026-10-10,,,1
2653323186,2654393421,myeongil_samik_green2,jeonse,65000,,605,고,66.87,90.04,"정남향,확장,채광 조망우수하여 밝고 환한 로얄층 입니다.",금강솔베뉴공인중개사사무소,14,2026-10-03,2026-10-09,2026-10-10,,,1
2653357907,2653357907,myeongil_samik_green2,sale,255000,,509,고,128.16,148.19,"세안고, 단독, 탁트인뷰, 대지지분 많음",고덕일등공인중개사사무소,3,2026-10-05,2026-10-09,2026-10-10,,,1
2653179040,2654138548,myeongil_samik_green2,sale,157000,,605,저,42.93,59.93,,로얄공인중개사사무소,6,2026-10-06,2026-10-09,2026-10-10,,,1
2653180767,2653323513,myeongil_samik_green2,sale,215000,,505,중,84.75,99.35,,로얄공인중개사사무소,2,2026-10-06,2026-10-09,2026-10-10,,,1
2653250010,2654260873,myeongil_samik_green2,sale,225000,,502,저,84.75,99.35,"올수리,조합원 승계 가능, 밝고 햇살 따뜻한 기분좋은 집",삼성공인중개사사무소,7,2026-10-06,2026-10-09,2026-10-10,,,1
2653252696,2654243169,myeongil_samik_green2,sale,215000,,502,4,84.75,99.35,"재건축 추진중, 조합원 승계가능",삼성공인중개사사무소,5,2026-10-06,2026-10-09,2026-10-10,,,1
2653254667,2654039141,myeongil_samik_green2,sale,185000,,607,저,54.81,76.44,추천. 정상입주. 특올수리된집. 집상태최상,그라시움하늘공인중개사사무소,5,2026-10-06,2026-10-09,2026-10-10,,,1
2653262499,2653640157,myeongil_samik_green2,sale,205000,,502,중,84.75,99.35,,로얄공인중개사사무소,3,2026-10-06,2026-10-09,2026-10-10,,,1
2653276897,2654356029,myeongil_samik_green2,sale,165000,,605,저,42.93,59.93,"조합원승계가능,세끼고, 중저층",삼성공인중개사사무소,5,2026-10-06,2026-10-09,2026-10-10,,,1
2653283838,2653283838,myeongil_samik_green2,sale,195000,,606,고,66.87,90.04,"주인거주, 관리 잘된집",삼익부동산공인중개사사무소,1,2026-10-06,2026-10-09,2026-10-10,2026-10-10,198000,1
2653284419,2653284419,myeongil_samik_green2,sale,180000,,602,고,54.81,76.44,대단지재건축진행중 올수리 세안고매매 밝고 좋은집입니다,부동산뱅크명일역점공인중개사사무소,1,2026-10-06,2026-10-09,2026-10-10,,,1
2653284550,2653284550,myeongil_samik_green2,sale,160000,,605,5,42.93,59.93,"재건축조합원 승계가능, 입주매물",삼성공인중개사사무소,4,2026-10-06,2026-10-09,2026-10-10,,,1
2653296763,2653874677,myeongil_samik_green2,sale,210000,,506,중,84.75,99.35,대단지재건축진행중 조합승계 명문학군 세안고 밝고 좋은집입니다,부동산뱅크명일역점공인중개사사무소,5,2026-10-06,2026-10-09,2026-10-10,,,1
2653317866,2654243169,myeongil_samik_green2,sale,215000,,502,저,84.75,99.35,"재건축진행중,최고의학군,역세권대단지,집이 깔끔합니다.다주택물건임.",신탁공인중개사사무소,5,2026-10-06,2026-10-09,2026-10-10,,,1
2653318070,2653318070,myeongil_samik_green2,sale,210000,,506,중,84.75,99.35,주인거주 아주 컨디션이 좋아요 학군교통최고입니다. 대단지 재건축준비중,신탁공인중개사사무소,1,2026-10-06,2026-10-09,2026-10-10,,,1
2653318177,2653318177,myeongil_samik_green2,sale,260000,,509,고,128.16,148.19,"최고전망, 정남향, 입주, 초중고 선호학군,단지내에서 특전망집임.",신탁공인중개사사무소,1,2026-10-06,2026-10-09,2026-10-10,,,1
2653318984,2653318984,myeongil_samik_green2,sale,260000,,509,저,128.16,148.19,전망이특입니다. 수리됨 재건축 추진중입니다. 집 컨디션 좋아요,신탁공인중개사사무소,1,2026-10-06,2026-10-09,2026-10-10,,,1
2653322085,2653322085,myeongil_samik_green2,sale,205000,,506,고,84.75,99.35,대단지재건축 지분17.4 동라인최고,삼원공인중개사,1,2026-10-06,2026-10-09,2026-10-10,,,1
2653323513,2653323513,myeongil_samik_green2,sale,225000,,505,중,84.75,99.35,"정남향,확장,채광 조망우수하여 밝고 환한 로얄층 입니다.",금강솔베뉴공인중개사사무소,2,2026-10-06,2026-10-09,2026-10-10,,,1
2653323541,2654160082,myeongil_samik_green2,sale,250000,,608,중,107.56,125.37,"추천,지분이 큰 동, 특올수리된, 재건축진행 투자가치 좋습니다.",금강솔베뉴공인중개사사무소,7,2026-10-06,2026-10-09,2026-10-10,,,1
2653421019,2654400926,myeongil_samik_green2,jeonse,65000,,301,고,66.87,90.04,로얄동층 남향 올수리 5억60도가능,그라시움거성공인중개사사무소,7,2026-10-06,2026-10-09,2026-10-10,,,1
2653541434,2654393421,myeongil_samik_green2,jeonse,65000,,605,고,66.87,90.04,"정남,햇살 따뜻한 밝고 기분좋은 집",삼성공인중개사사무소,14,2026-10-06,2026-10-09,2026-10-10,,,1
2653541713,2654400926,myeongil_samik_green2,jeonse,65000,,301,고,66.87,90.04,"확장,올수리, 햇살 따뜻한 밝고 기분좋은 귀한 전세입니다",삼성공인중개사사무소,7,2026-10-06,2026-10-09,2026-10-10,,,1
2653546804,2654026485,myeongil_samik_green2,sale,195000,,606,저,66.87,90.04,"조합승계 가능, 정남, 수리잘된 햇살 가득한 밝고 기분좋은집입니다",삼성공인중개사사무소,7,2026-10-06,2026-10-09,2026-10-10,,,1
2653547890,2654160082,myeongil_samik_green2,sale,250000,,608,중,107.56,125.37,"조합원승계가능,올수리,햇살 따뜻한 밝고 기분좋은 집",삼성공인중개사사무소,7,2026-10-06,2026-10-09,2026-10-10,,,1
2653549471,2654126476,myeongil_samik_green2,sale,220000,,506,고,84.75,99.35,"조합원 승계가능, 정남 밝고 햇살 따뜻한 기분좋은 집",삼성공인중개사사무소,6,2026-10-06,2026-10-09,2026-10-10,,,1
2653554297,2653554297,myeongil_samik_green2,sale,200000,,601,중,66.87,90.04,"조합원 승계가능,확장 수리된 입주 가능한 매물 입니다",삼성공인중개사사무소,1,2026-10-06,2026-10-09,2026-10-10,,,1
2653560984,2653980227,myeongil_samik_green2,sale,175000,,602,13,54.81,76.44,"재건축 추진중, 정남 , 밝고 따뜻한 입주 매물입니다",삼성공인중개사사무소,14,2026-10-06,2026-10-09,2026-10-10,,,1
2653566120,2653566120,myeongil_samik_green2,sale,155000,,605,저,42.93,59.93,단독 세안고 특올수리 관리 잘 된 집,명문공인중개사사무소,1,2026-10-06,2026-10-09,2026-10-10,,,1
2653574721,2653574721,myeongil_samik_green2,sale,210000,,505,중,84.75,99.35,올수리되어깨끗해요,시범공인중개사,1,2026-10-06,2026-10-09,2026-10-10,,,1
2653632117,2654138548,myeongil_samik_green2,sale,158000,,605,저,42.93,59.93,"조합원승계가능, 확장, 햇살 따뜻한 밝고 기분좋은 입주매물입니다",삼성공인중개사사무소,6,2026-10-06,2026-10-09,2026-10-10,,,1
2653640157,2653640157,myeongil_samik_green2,sale,205000,,502,중,84.75,99.35,대단지 올수리 학군우수 로얄동층 생활편리,로얄공인중개사사무소,3,2026-10-06,2026-10-09,2026-10-10,,,1
2653645815,2653645815,myeongil_samik_green2,sale,200000,,505,중,84.75,99.35,"9호선연장호재,초품아학세권,대단지재건축,마음에 드실겁니다.",현대공인중개사사무소,1,2026-10-06,2026-10-09,2026-10-10,,,1
2653656315,2653722504,myeongil_samik_green2,jeonse,49000,,602,고,42.93,59.93,초품아학세권에 귀한 전세물건입니다.,현대공인중개사무소,3,2026-10-06,2026-10-09,2026-10-10,,,1
2653656948,2653723919,myeongil_samik_green2,wolse,25000,100,602,고,42.93,59.93,고덕역세권에 반전세물건으로 확트여있어 밝은집입니다.,현대공인중개사무소,3,2026-10-06,2026-10-09,2026-10-10,,,1
2653675377,2653675377,myeongil_samik_green2,jeonse,60000,,501,저,66.87,90.04,정남향 우수학군 올수리 무융자 밝고 기분좋은 집입니다,부동산뱅크명일역점공인중개사사무소,1,2026-10-06,2026-10-09,2026-10-10,,,1
2653695075,2653695075,myeongil_samik_green2,wolse,30000,120,501,저,66.87,90.04,정남향 우수학군 올수리 무융자 밝고 기분좋은 집입니다,부동산뱅크명일역점공인중개사사무소,1,2026-10-06,2026-10-09,2026-10-10,,,1
2653695133,2653817463,myeongil_samik_green2,sale,250000,,608,고,107.56,125.37,"정남향, 대지지분 많은 집, 강동구 재건축 최고 투자가치",제일공인중개사사무소,5,2026-10-06,2026-10-09,2026-10-10,,,1
2653695292,2654400926,myeongil_samik_green2,jeonse,65000,,301,고,66.87,90.04,특수리 올확장 확트인전망 기분좋은집입니다,부동산뱅크명일역점공인중개사사무소,7,2026-10-06,2026-10-09,2026-10-10,,,1
2653722504,2653722504,myeongil_samik_green2,jeonse,49000,,602,고,42.93,59.93,"융자없음, 로얄층, 햇살 따뜻한 밝고 기분좋은 집",삼성공인중개사사무소,3,2026-10-06,2026-10-09,2026-10-10,,,1
2653723919,2653723919,myeongil_samik_green2,wolse,25000,100,602,고,42.93,59.93,"융자없음, 앞이 탇트인 밝고 따뜻한 기분좋은 집입니다",삼성공인중개사사무소,3,2026-10-06,2026-10-09,2026-10-10,,,1
2653724354,2653724354,myeongil_samik_green2,wolse,15000,170,607,고,54.81,76.44,수리됨. 전망이 아주 좋아요. 좋은동입니다. 보시면 맘에 드실겁니다.,광장공인중개사사무소,1,2026-10-06,2026-10-09,2026-10-10,,,1
2653728761,2654118743,myeongil_samik_green2,sale,215000,,505,고,84.75,99.35,급매 올수리 학군우수 즉시입주,로얄공인중개사사무소,3,2026-10-06,2026-10-09,2026-10-10,,,1
2653736483,2654138548,myeongil_samik_green2,sale,158000,,605,저,42.93,59.93,"확장 올수리, 재건축 승계, 밝고 환한집",사랑공인중개사사무소,6,2026-10-06,2026-10-09,2026-10-10,,,1
2653740455,2653740455,myeongil_samik_green2,sale,200000,,502,고,84.75,99.35,"실매물,확장,조합원 승계가능,로얄층,늦은 입주 가능합니다",삼성공인중개사사무소,1,2026-10-06,2026-10-09,2026-10-10,,,1
2653740893,2653740893,myeongil_samik_green2,sale,174000,,602,고,54.81,76.44,"실매물,재건축 조합승계가능",삼성공인중개사사무소,1,2026-10-06,2026-10-09,2026-10-10,,,1
2653741848,2653741848,myeongil_samik_green2,sale,230000,,508,저,107.56,125.37,"재건축승계, 올수리 세끼고",사랑공인중개사사무소,1,2026-10-06,2026-10-09,2026-10-10,,,1
2653744782,2653744782,myeongil_samik_green2,sale,175000,,602,중,54.81,76.44,입주가능 0 수리된집 0 거실확장 0 대단지재건축,명일공인중개사사무소,2,2026-10-06,2026-10-09,2026-10-10,,,1
2653761388,2653817463,myeongil_samik_green2,sale,250000,,608,고,107.56,125.37,대단지재건축진행중 조합승계 명문학군 밝고 좋은집입니다,부동산뱅크명일역점공인중개사사무소,5,2026-10-06,2026-10-09,2026-10-10,,,1
2653762653,2653762653,myeongil_samik_green2,wolse,2000,150,603,저,42.93,59.93,"융자없음, 올수리, 중저층 햇살 따뜻한 밝고 기분좋은 집",삼성공인중개사사무소,1,2026-10-06,2026-10-09,2026-10-10,,,1
2653766457,2654118743,myeongil_samik_green2,sale,215000,,505,고,84.75,99.35,층royal 확트인 상태최상 올수리 학군우수,로얄공인중개사사무소,3,2026-10-06,2026-10-09,2026-10-10,,,1
2653769103,2653769103,myeongil_samik_green2,sale,230000,,508,고,107.56,125.37,확트인조망권 아무때나 입주 매매,로얄공인중개사사무소,3,2026-10-06,2026-10-09,2026-10-10,,,1
2653774533,2653774533,myeongil_samik_green2,wolse,20000,170,501,저,66.87,90.04,하시입주 깨끗한집 오랫동안거주,로얄공인중개사사무소,2,2026-10-06,2026-10-09,2026-10-10,,,1
2653778947,2653778947,myeongil_samik_green2,sale,235000,,508,중,107.56,125.37,입주가능 0 특올수리 0 로얄층 0 대단지재건축,명일공인중개사사무소,1,2026-10-06,2026-10-09,2026-10-10,,,1
2653817463,2653817463,myeongil_samik_green2,sale,250000,,608,고,107.56,125.37,일등매물 올확장 올수리 입주가능 조건협의,고덕일등공인중개사사무소,5,2026-10-07,2026-10-09,2026-10-10,,,1
2653826751,2654263157,myeongil_samik_green2,sale,200000,,502,고,84.75,99.35,"급매, 조합원승계가능, 햇살 따뜻한 밝고 기분좋은 입주 매물",삼성공인중개사사무소,7,2026-10-07,2026-10-09,2026-10-10,,,1
2653859029,2654263157,myeongil_samik_green2,sale,200000,,502,13,84.75,99.35,"초급매, 올수리, 확장 수리된 집, 정상입주",제일공인중개사사무소,7,2026-10-07,2026-10-09,2026-10-10,,,1
2653859084,2654263157,myeongil_samik_green2,sale,200000,,502,13,84.75,99.35,"초급매, 로얄층,정상입주, 올수리, 강동구 최고의 재건축 단지",제일공인중개사사무소,7,2026-10-07,2026-10-09,2026-10-10,,,1
2653874677,2653874677,myeongil_samik_green2,sale,210000,,506,6,84.75,99.35,"초등학교인접, 트리플역세권, 재건축추진아파트,",금성공인중개사사무소,5,2026-10-07,2026-10-09,2026-10-10,,,1
2653924488,2653640157,myeongil_samik_green2,sale,205000,,502,중,84.75,99.35,,황금공인중개사,3,2026-10-07,2026-10-09,2026-10-10,,,1
2653934707,2654400926,myeongil_samik_green2,jeonse,65000,,301,고,66.87,90.04,올수리되어 깔끔하고쾌적해요,시범공인중개사,7,2026-10-07,2026-10-09,2026-10-10,,,1
2653940851,2654138548,myeongil_samik_green2,sale,158000,,605,저,42.93,59.93,"9호선연장호재,초품아학세권,대단지재건축으로 마음에 드실겁니다",현대공인중개사사무소,6,2026-10-07,2026-10-09,2026-10-10,,,1
2653942719,2654393421,myeongil_samik_green2,jeonse,65000,,605,고,66.87,90.04,초품아학세권에 귀한 전세물건입니다.,현대공인중개사무소,14,2026-10-07,2026-10-09,2026-10-10,,,1
2653946721,2653946721,myeongil_samik_green2,sale,155000,,603,중,42.93,59.93,"단독, 정상입주, 대단지 재건축,정비계획변경 통과 통합심의 진행 중",제일공인중개사사무소,1,2026-10-07,2026-10-09,2026-10-10,,,1
2653950699,2653950699,myeongil_samik_green2,sale,195000,,301,저,66.87,90.04,"올특수리되어깨끗해요,확장,씽크대,샤시,화장실전체수리",시범공인중개사,4,2026-10-07,2026-10-09,2026-10-10,,,1
2653951262,2654039141,myeongil_samik_green2,sale,185000,,607,저,54.81,76.44,수리되어깨끗해요,시범공인중개사,5,2026-10-07,2026-10-09,2026-10-10,,,1
2653979779,2653980227,myeongil_samik_green2,sale,175000,,602,13,54.81,76.44,"정상입주, 로얄층, 일정조율가능, 재건축 분석",제일공인중개사사무소,14,2026-10-07,2026-10-09,2026-10-10,,,1
2653980227,2653980227,myeongil_samik_green2,sale,175000,,602,13,54.81,76.44,로얄동층 조합승계 우수학군 집컨디션굿 밝고 좋은집입니다,부동산뱅크명일역점공인중개사사무소,14,2026-10-07,2026-10-09,2026-10-10,,,1
2653981172,2653981172,myeongil_samik_green2,sale,220000,,507,고,84.75,99.35,로얄동층 대단지재건축호재 명문학군 밝고 좋은집입니다,부동산뱅크명일역점공인중개사사무소,3,2026-10-07,2026-10-09,2026-10-10,,,1
2653981821,2654356029,myeongil_samik_green2,sale,165000,,605,저,42.93,59.93,재건축진행중 조합승계 특올수리 세안고 밝고 좋은집입니다,부동산뱅크명일역점공인중개사사무소,5,2026-10-07,2026-10-09,2026-10-10,,,1
2653982149,2654160082,myeongil_samik_green2,sale,240000,,608,중,107.56,125.37,추천매물 로얄동층 특올수리 집컨디션최상 밝고 좋은집입니다,부동산뱅크명일역점공인중개사사무소,7,2026-10-07,2026-10-09,2026-10-10,,,1
2654007837,2654138548,myeongil_samik_green2,sale,158000,,605,저,42.93,59.93,대단지 재건축진행중 입주 조합승계 밝고 좋은집입니다,부동산뱅크명일역점공인중개사사무소,6,2026-10-07,2026-10-09,2026-10-10,,,1
2654010524,2654012994,myeongil_samik_green2,sale,195000,,605,저,66.87,90.04,재건축조합설립된 대단지 올수리 상태 최상 정남향,뉴욕부동산중개 주식회사,3,2026-10-07,2026-10-09,2026-10-10,,,1
2654011530,2652380557,myeongil_samik_green2,sale,160000,,603,중,42.93,59.93,대단지 재건축진행중 입주 조합승계 밝고 좋은집입니다,부동산뱅크명일역점공인중개사사무소,4,2026-10-07,2026-10-09,2026-10-10,,,1
2654012994,2654012994,myeongil_samik_green2,sale,195000,,605,저,66.87,90.04,재건축조합설립된 대단지 올수리 상태 최상 정남향,뉴욕부동산중개(주),3,2026-10-07,2026-10-09,2026-10-10,,,1
2654014481,2654262688,myeongil_samik_green2,sale,174000,,607,중,54.81,76.44,대단지 재건축진행중 입주 조합승계 밝고 좋은집입니다,부동산뱅크명일역점공인중개사사무소,6,2026-10-07,2026-10-09,2026-10-10,,,1
2654019140,2654263157,myeongil_samik_green2,sale,200000,,502,고,84.75,99.35,올수리 입주매매 대단지 재건축진행중 조합승계 밝고 좋은집입니다,부동산뱅크명일역점공인중개사사무소,7,2026-10-08,2026-10-09,2026-10-10,,,1
2654026485,2654026485,myeongil_samik_green2,sale,195000,,606,저,66.87,90.04,입주. 조합승계가능. 올수리. 더블역세권,뉴욕부동산중개(주),7,2026-10-08,2026-10-09,2026-10-10,,,1
2654039141,2654039141,myeongil_samik_green2,sale,185000,,607,저,54.81,76.44,올수리 인테리어 에어콘 최고의위치,봄날부동산공인중개사사무소,5,2026-10-08,2026-10-09,2026-10-10,,,1
2654059059,2654263157,myeongil_samik_green2,sale,200000,,502,13,84.75,99.35,,성진공인중개사,7,2026-10-08,2026-10-09,2026-10-10,,,1
2654059809,2654196633,myeongil_samik_green2,wolse,50000,50,607,7,54.81,76.44,"특올수리. 12월중 하시입주, 보증금 조정가능",성진공인중개사,6,2026-10-08,2026-10-09,2026-10-10,,,1
2654098611,2654403548,myeongil_samik_green2,sale,175000,,603,14,54.81,76.44,명일역5분.올수리남향.재건축조합설립됨,성진공인중개사,3,2026-10-08,2026-10-09,2026-10-10,,,1
2654107161,2654160082,myeongil_samik_green2,sale,240000,,608,중,107.56,125.37,,성진공인중개사,7,2026-10-08,2026-10-09,2026-10-10,,,1
2654113083,2654113083,myeongil_samik_green2,wolse,35000,80,602,중,54.81,76.44,특올수리 관리 잘 된 집 정상,명문공인중개사사무소,1,2026-10-08,2026-10-09,2026-10-10,2026-10-10,35000,1
2654113121,2653980227,myeongil_samik_green2,sale,174000,,602,13,54.81,76.44,"명일역5분.올수리,전망좋아요,재건축조합설립됨",성진공인중개사,14,2026-10-08,2026-10-09,2026-10-10,,,1
2654114674,2654393421,myeongil_samik_green2,jeonse,65000,,605,14,66.87,90.04,확장수리 관리 잘 된 집 정상,명문공인중개사사무소,14,2026-10-08,2026-10-09,2026-10-10,,,1
2654115096,2654115096,myeongil_samik_green2,sale,157000,,605,저,42.93,59.93,특올수리 관리 잘 된 집 정상,명문공인중개사사무소,1,2026-10-08,2026-10-09,2026-10-10,,,1
2654115954,2654262688,myeongil_samik_green2,sale,174000,,607,10,54.81,76.44,명일역5분.올수리.남향. 재건축조합설립됨,성진공인중개사,6,2026-10-08,2026-10-09,2026-10-10,,,1
2654118743,2654118743,myeongil_samik_green2,sale,215000,,505,고,84.75,99.35,"주인,직.접,입주가능,확장,올수리,뭐든 협의가능,집보기 예약 해드려요",007공인중개사사무소,3,2026-10-08,2026-10-09,2026-10-10,,,1
2654121498,2654121498,myeongil_samik_green2,sale,210000,,507,저,84.75,99.35,최근 특올수리 관리 잘 된집 정상,명문공인중개사사무소,1,2026-10-08,2026-10-09,2026-10-10,,,1
2654123371,2653284550,myeongil_samik_green2,sale,160000,,605,저,42.93,59.93,"입주매매,예전올수리 학세권.",명일성진공인중개사사무소,4,2026-10-08,2026-10-09,2026-10-10,,,1
2654124939,2654196633,myeongil_samik_green2,wolse,50000,50,607,7,54.81,76.44,특수리 확트인 전망 기분좋은 집입니다,부동산뱅크명일역점공인중개사사무소,6,2026-10-08,2026-10-09,2026-10-10,,,1
2654126301,2654393421,myeongil_samik_green2,jeonse,65000,,605,14,66.87,90.04,로얄동층 우수학군 정남향 채광조망굿 밝고 좋은집입니다,부동산뱅크명일역점공인중개사사무소,14,2026-10-08,2026-10-09,2026-10-10,,,1
2654126476,2654126476,myeongil_samik_green2,sale,215000,,506,13,84.75,99.35,명일역5분.올수리에 전망좋음.재건축조합설립됨,명일성진공인중개사사무소,6,2026-10-08,2026-10-09,2026-10-10,,,1
2654132622,2654132622,myeongil_samik_green2,jeonse,49000,,602,중,42.93,59.93,특올수리 관리 잘 된 집 정상,명문공인중개사사무소,1,2026-10-08,2026-10-09,2026-10-10,,,1
2654136555,2654400926,myeongil_samik_green2,jeonse,65000,,301,고,66.87,90.04,올수리 관리 잘 된 집 정상,명문공인중개사사무소,7,2026-10-08,2026-10-09,2026-10-10,,,1
2654138085,2654138085,myeongil_samik_green2,sale,220000,,502,중,84.75,99.35,확 트인 뷰 관리 잘 된 집 정상,명문공인중개사사무소,1,2026-10-08,2026-10-09,2026-10-10,,,1
2654138548,2654138548,myeongil_samik_green2,sale,158000,,605,저,42.93,59.93,"명일역5분,올수리에 재건축조합설립됨",성진공인중개사,6,2026-10-08,2026-10-09,2026-10-10,,,1
2654146286,2654146286,myeongil_samik_green2,sale,195000,,606,고,66.87,90.04,지인 물건 올수리 관리 잘 된 집 세안고,명문공인중개사사무소,1,2026-10-08,2026-10-09,2026-10-10,,,1
2654149030,2654149030,myeongil_samik_green2,sale,220000,,505,15,84.75,99.35,전체 샷시 교체 관리 잘 된 집 정상 입주,명문공인중개사사무소,5,2026-10-08,2026-10-09,2026-10-10,,,1
2654157415,2654393421,myeongil_samik_green2,jeonse,65000,,605,14,66.87,90.04,"확장 된 집, 일정조율가능, 확 트인 정남향 뷰, 마음에 드실 집",제일공인중개사사무소,14,2026-10-08,2026-10-09,2026-10-10,,,1
2654160082,2654160082,myeongil_samik_green2,sale,250000,,608,중,107.56,125.37,"확트인 월드타워 뷰,특 올수리 추천합니다",제일공인중개사사무소,7,2026-10-08,2026-10-09,2026-10-10,,,1
2654161391,2654161391,myeongil_samik_green2,sale,175000,,603,저,54.81,76.44,대단지 재건축 학세권 조합원 승계 관리 잘 된 집 정상,명문공인중개사사무소,1,2026-10-08,2026-10-09,2026-10-10,,,1
2654164351,2654196633,myeongil_samik_green2,wolse,50000,50,607,중,54.81,76.44,"올수리, 집 컨디션 좋음, 교통학군이 우수 , 명일역세권,",신탁공인중개사사무소,6,2026-10-08,2026-10-09,2026-10-10,,,1
2654168316,2654168316,myeongil_samik_green2,jeonse,50000,,607,고,54.81,76.44,올특수리.앞뒤전망이 좋음 학군교통이좋음 집의컨디션최고입니다.,신탁공인중개사사무소,1,2026-10-08,2026-10-09,2026-10-10,,,1
2654196633,2654196633,myeongil_samik_green2,wolse,50000,50,607,7,54.81,76.44,최근 확장특올수리 관리 잘 된집,명문공인중개사사무소,6,2026-10-08,2026-10-09,2026-10-10,,,1
2654215153,2654393421,myeongil_samik_green2,jeonse,65000,,605,고,66.87,90.04,입주협의 0 귀한전세 0 대단지 0 초품아 0 융자약간있음,명일공인중개사사무소,14,2026-10-08,2026-10-09,2026-10-10,,,1
2654229481,2654229481,myeongil_samik_green2,sale,230000,,508,고,107.56,125.37,급매 전세안고 매매 재건축 사업성 좋은 대단지,21세기공인중개사사무소,4,2026-10-08,2026-10-09,2026-10-10,,,1
2654235837,2654235837,myeongil_samik_green2,wolse,10000,150,605,중,42.93,59.93,"최근 특올수리 안방붙박이장, 에어컨 세탁기 건조기 사용가능해요",명문공인중개사사무소,1,2026-10-08,2026-10-09,2026-10-10,,,1
2654238499,2654238499,myeongil_samik_green2,sale,200000,,606,저,66.87,90.04,특수리되어깨끗해요,시범공인중개사,2,2026-10-08,2026-10-09,2026-10-10,,,1
2654243169,2654243169,myeongil_samik_green2,sale,215000,,502,4,84.75,99.35,수리되어깨끗해요,시범공인중개사,5,2026-10-08,2026-10-09,2026-10-10,,,1
2654260569,2653980227,myeongil_samik_green2,sale,175000,,602,고,54.81,76.44,"9호선연장호재,초품아학세권,대단지재건축으로 마음에 드실겁니다.",현대공인중개사무소,14,2026-10-08,2026-10-09,2026-10-10,,,1
2654260873,2654260873,myeongil_samik_green2,sale,220000,,502,저,84.75,99.35,"9호선연장호재,초품아학세권,대단지재건축매물로 보시면 마음메 드실겁니다",현대공인중개사무소,7,2026-10-08,2026-10-09,2026-10-10,,,1
2654261174,2654403548,myeongil_samik_green2,sale,175000,,603,고,54.81,76.44,"9호선연장,초품아학세권,대단지재건축으로 보시면 마음에 드실겁니다.",현대공인중개사무소,3,2026-10-08,2026-10-09,2026-10-10,,,1
2654261525,2654149030,myeongil_samik_green2,sale,220000,,505,고,84.75,99.35,"9호선연장호재,초품아학세권,대단지재건축,보시면 마음에 드실겁니다.",현대공인중개사무소,5,2026-10-08,2026-10-09,2026-10-10,,,1
2654261726,2654261726,myeongil_samik_green2,sale,235000,,303,중,107.56,125.37,"9호선연장호재,대단지재건축,초품아학세권,다주택자매물,맘에 드실겁니다",현대공인중개사무소,1,2026-10-08,2026-10-09,2026-10-10,,,1
2654262077,2653874677,myeongil_samik_green2,sale,210000,,506,중,84.75,99.35,"9호선연장더블역세권,확장,올수리 세안고 매매로 보시면 맘에 드실겁니다",현대공인중개사무소,5,2026-10-08,2026-10-09,2026-10-10,,,1
2654262688,2654262688,myeongil_samik_green2,sale,173500,,607,중,54.81,76.44,"9호선연장호재,초품아학세권,대단지재건축으로 보시면 마음에 드실겁니다.",현대공인중개사무소,6,2026-10-08,2026-10-09,2026-10-10,,,1
2654263157,2654263157,myeongil_samik_green2,sale,200000,,502,13,84.75,99.35,"9호선연장호재,초품아학세권,대단지재건축,마음에 드실겁니다.",현대공인중개사무소,7,2026-10-08,2026-10-09,2026-10-10,,,1
2654282012,2654282012,myeongil_samik_green2,sale,190000,,601,저,66.87,90.04,"세안고, 재건축진행중, 투자가지좋음, 정남향, 학군우수",신탁공인중개사사무소,1,2026-10-08,2026-10-09,2026-10-10,,,1
2654288905,2654288905,myeongil_samik_green2,sale,215000,,507,중,84.75,99.35,남향 밝고 깨끗함. 조합원승계 가능 한 집,용산공원부동산중개사무소,1,2026-10-08,2026-10-09,2026-10-10,,,1
2654356029,2654356029,myeongil_samik_green2,sale,165000,,605,저,42.93,59.93,"올수리,재건축 조합 설립. 신혼부부추천. 역세권. 생활편의시설 굿",부동산랜드공인중개사,5,2026-10-09,2026-10-09,2026-10-10,,,1
2654393421,2654393421,myeongil_samik_green2,jeonse,65000,,605,14,66.87,90.04,상가옆동이라 편리하고 조용한 남향집입니다.,성진공인중개사,14,2026-10-09,2026-10-10,2026-10-10,,,1
2654400926,2654400926,myeongil_samik_green2,jeonse,65000,,301,고,66.87,90.04,"확장 올수리, 깔끔하게 관리 된 집, 입주일 협의 가능, 설명참조",제일공인중개사사무소,7,2026-10-09,2026-10-10,2026-10-10,,,1
2654403548,2654403548,myeongil_samik_green2,sale,175000,,603,14,54.81,76.44,"거실확장 올수리,사업승인 준비중,대단지재건축 추천합니다",제일공인중개사사무소,3,2026-10-09,2026-10-10,2026-10-10,,,1
2648614269,2654157415,myeongil_samik_green2,jeonse,65000,,605,14,66.87,90.04,명일역 역세권 내부올수리 조건 방 3 화 1,샛별공인중개사사무소,14,2026-09-09,2026-10-09,2026-10-09,,,0
2648683627,2648683627,myeongil_samik_green2,sale,170000,,603,저,54.81,76.44,"신탁위임, 급매물, 초역세권, 재건축진행중, 미래가치확실, 교통학군좋음",신탁공인중개사사무소,1,2026-09-09,2026-10-09,2026-10-09,,,0
2648690622,2653554297,myeongil_samik_green2,sale,200000,,601,중,66.87,90.04,,명일OK공인중개사사무소,2,2026-09-09,2026-10-09,2026-10-09,,,0
2648744238,2654039141,myeongil_samik_green2,sale,185000,,607,저,54.81,76.44,대단지재건축진행중 조합승계 올수리 밝고 좋은집입니다,부동산뱅크명일역점공인중개사사무소,6,2026-09-09,2026-10-09,2026-10-09,,,0
2648748831,2654026485,myeongil_samik_green2,sale,195000,,606,저,66.87,90.04,대단지재건축진행중 조합승계 올수리 밝고 좋은집입니다,부동산뱅크명일역점공인중개사사무소,9,2026-09-09,2026-10-09,2026-10-09,,,0
2648763521,2654229481,myeongil_samik_green2,sale,230000,,508,고,107.56,125.37,대단지재건축진행중 조합승계 명문학군 세안고 밝고 좋은집입니다,부동산뱅크명일역점공인중개사사무소,6,2026-09-09,2026-10-09,2026-10-09,,,0
2648765586,2648765586,myeongil_samik_green2,sale,240000,,608,중,107.56,125.37,대단지재건축진행중 조합승계 명문학군 특올수리 밝고 좋은집입니다,부동산뱅크명일역점공인중개사사무소,1,2026-09-09,2026-10-09,2026-10-09,,,0
2648779633,2648779633,myeongil_samik_green2,sale,175000,,607,중,54.81,76.44,조합원승계가능 0 대단지재건축 0 입주가능 0 초품아,명일공인중개사사무소,1,2026-09-09,2026-10-09,2026-10-09,,,0
2648779759,2654126476,myeongil_samik_green2,sale,220000,,506,고,84.75,99.35,옛올수리 0 고명초인접 0 대단지재건축 0 세안고매매,명일공인중개사사무소,7,2026-09-09,2026-10-09,2026-10-09,,,0
2648779974,2652380557,myeongil_samik_green2,sale,160000,,603,중,42.93,59.93,입주 0 올수리 0 대단지아파트 0 재건축진행중,명일공인중개사사무소,5,2026-09-09,2026-10-09,2026-10-09,,,0
2648801175,2653774533,myeongil_samik_green2,wolse,10000,220,501,5,66.87,90.04,확장 수리됨. 하시입주. 보증금 조정가능함.,신용공인중개사사무소,3,2026-09-09,2026-10-09,2026-10-09,,,0
2651495580,2654026485,myeongil_samik_green2,sale,195000,,606,저,66.87,90.04,"올수리,재건축 조합원승계가능",제일공인중개사사무소,9,2026-09-23,2026-10-09,2026-10-09,,,0
2653010831,2654229481,myeongil_samik_green2,sale,230000,,508,고,107.56,125.37,"로얄층,올수리,세안고,사업승인 준비 중, 투자 목적 강력추천",제일공인중개사사무소,6,2026-10-02,2026-10-09,2026-10-09,,,0
2654159379,2654196633,myeongil_samik_green2,wolse,50000,50,607,7,54.81,76.44,"확트인 뷰,거실확장 특올수리,무융자,신혼집 추천합니다",제일공인중개사사무소,7,2026-10-08,2026-10-09,2026-10-09,,,0
2654162264,2654162264,myeongil_samik_green2,wolse,28000,100,603,고,54.81,76.44,"로얄층,정남향,무융자,깔끔한 신혼집 추천합니다",제일공인중개사사무소,1,2026-10-08,2026-10-09,2026-10-09,,,0
2654162880,2654162880,myeongil_samik_green2,sale,175000,,603,14,54.81,76.44,"거실확장 올수리,사업승인 준비중,대단지재건축 추천합니다",제일공인중개사사무소,3,2026-10-08,2026-10-09,2026-10-09,,,0
2654278665,2654278665,myeongil_samik_green2,jeonse,65000,,301,고,66.87,90.04,"확장 올수리, 깔끔하게 관리 된 집, 입주일 협의 가능, 설명참조",제일공인중개사사무소,7,2026-10-08,2026-10-09,2026-10-09,,,0
2649038426,2653132540,yatap_jangmi8_hyundai,sale,165000,,805,14,84.79,102.03,31 확장올수리 야탑역5분 세안고27.1,삼일공인중개사사무소,4,2026-09-10,2026-10-09,2026-10-10,,,1
2649048883,2649048883,yatap_jangmi8_hyundai,wolse,40000,80,802,8,59.40,75.80,"특올수리,야탑역가까운로얄동,12월초입주.",예스공인중개사사무소,1,2026-09-10,2026-10-09,2026-10-10,,,1
2649214956,2653614484,yatap_jangmi8_hyundai,jeonse,65000,,824,13,74.61,90.33,정상입주 아주깨끗 로얄층,포도공인중개사사무소,4,2026-09-11,2026-10-09,2026-10-10,,,1
2649218120,2652215705,yatap_jangmi8_hyundai,jeonse,71000,,805,5,84.79,102.03,"31.내부수리하여 깔끔, 야탑역 바로인근",포도공인중개사사무소,4,2026-09-11,2026-10-09,2026-10-10,,,1
2649219833,2652518600,yatap_jangmi8_hyundai,jeonse,90000,,825,12,133.44,158.59,"48, 아주 깔끔 거실 방 확장 로얄층 로얄동 전망굿",포도공인중개사사무소,3,2026-09-11,2026-10-09,2026-10-10,,,1
2649307606,2653877706,yatap_jangmi8_hyundai,sale,185000,,806,6,133.44,158.59,"깨끗한상태, 중도금 지불 후 인테리어공사가능,야탑역가까운 로얄동.",예스공인중개사사무소,3,2026-09-11,2026-10-09,2026-10-10,,,1
2649309326,2653913126,yatap_jangmi8_hyundai,sale,136000,,802,15,59.40,75.80,"올수리,주인거주로 집상태 좋음,입주일협의 가능",예스공인중개사사무소,10,2026-09-12,2026-10-09,2026-10-10,,,1
2649310876,2651354248,yatap_jangmi8_hyundai,sale,134000,,802,15,59.40,75.80,23. 화장실포함 내부수리. 확트인뷰. 1억 월세안고,신현대공인중개사사무소,2,2026-09-12,2026-10-09,2026-10-10,,,1
2649331185,2649331185,yatap_jangmi8_hyundai,sale,98000,,836,11,41.76,54.36,라인굿 전세안고 2억5천 28년 3월 만기,모범공인중개사사무소,1,2026-09-12,2026-10-09,2026-10-10,,,1
2649418412,2650335024,yatap_jangmi8_hyundai,sale,134000,,802,15,59.40,75.80,"23, 세안고, 야탑역 젤 가까운 인기동,수리됨",가결부동산공인중개사사무소,2,2026-09-12,2026-10-09,2026-10-10,,,1
2649457532,2649457532,yatap_jangmi8_hyundai,sale,103000,,822,1,41.76,54.36,샷시포함올수리 입주협의가능,이매촌삼성공인중개사사무소,1,2026-09-12,2026-10-09,2026-10-10,,,1
2649457633,2652808721,yatap_jangmi8_hyundai,sale,136000,,802,10,59.40,75.80,올수리 야탑역세권 전망최고 입주협의,이매촌삼성공인중개사사무소,2,2026-09-12,2026-10-09,2026-10-10,,,1
2649583862,2649583862,yatap_jangmi8_hyundai,sale,162000,,831,11,84.97,102.24,31 야탑역7분 기본상태 주인거주,이레공인중개사사무소,1,2026-09-14,2026-10-09,2026-10-10,,,1
2649595688,2652488253,yatap_jangmi8_hyundai,sale,169000,,807,5,84.79,102.03,31 초역세권 최근확장올수리 로얄동로얄층,이레공인중개사사무소,2,2026-09-14,2026-10-09,2026-10-10,,,1
2649608139,2653153969,yatap_jangmi8_hyundai,sale,100000,,836,10,41.76,54.36,샷시포함올수리.세안고. 28.2.7,월드컵공인중개사 사무소,2,2026-09-14,2026-10-09,2026-10-10,,,1
2649627502,2649779720,yatap_jangmi8_hyundai,sale,96000,,836,5,41.76,54.36,"샷시교체,세안고 매수,야탑역세권,편리한 생활권",명문공인중개사사무소,3,2026-09-14,2026-10-09,2026-10-10,,,1
2649639926,2649639926,yatap_jangmi8_hyundai,wolse,40000,80,802,8,59.40,75.80,"야탑역세권,올수리,정상입주 가능합니다",한빛공인중개사사무소,2,2026-09-14,2026-10-09,2026-10-10,,,1
2649669461,2649783674,yatap_jangmi8_hyundai,jeonse,38000,,836,8,41.76,54.36,"올수리, 입주협의가능,야탑역 도보5분",포도공인중개사사무소,2,2026-09-14,2026-10-09,2026-10-10,,,1
2649672226,2649779720,yatap_jangmi8_hyundai,sale,96000,,836,5,41.76,54.36,"세안고,외부샷시포함올수리,동향,깨끗",주공부동산,3,2026-09-14,2026-10-09,2026-10-10,,,1
2649672689,2652016541,yatap_jangmi8_hyundai,sale,160000,,837,4,84.97,102.24,"남향,울수리,정상입주,대단지아파트",한빛공인중개사사무소,3,2026-09-14,2026-10-09,2026-10-10,,,1
2649731711,2649731711,yatap_jangmi8_hyundai,sale,153000,,823,10,74.61,90.33,올수리 샷시포함 입주협의 필요,포도공인중개사사무소,1,2026-09-14,2026-10-09,2026-10-10,,,1
2649774430,2649639926,yatap_jangmi8_hyundai,wolse,40000,80,802,8,59.40,75.80,올리모델링급 . 관리상태 좋습니다,가은공인중개사,2,2026-09-14,2026-10-09,2026-10-10,,,1
2649779720,2649779720,yatap_jangmi8_hyundai,sale,97000,,836,5,41.76,54.36,"세안고278월초 만기샷시교체,뷰좋아요,야탑역도보10분이내,조정가",명가공인중개사사무소,3,2026-09-14,2026-10-09,2026-10-10,,,1
2649783036,2654094607,yatap_jangmi8_hyundai,wolse,40000,80,802,8,59.40,75.80,"올수리,11월초후가능.",장미현대공인중개사사무소,2,2026-09-14,2026-10-09,2026-10-10,,,1
2649783674,2649783674,yatap_jangmi8_hyundai,jeonse,38000,,836,8,41.76,54.36,"올수리,1219.",장미현대공인중개사사무소,2,2026-09-14,2026-10-09,2026-10-10,,,1
2649800953,2652218755,yatap_jangmi8_hyundai,jeonse,76000,,837,1,84.97,102.24,31 샤시포함특올수리 작은방확장 남향 정상 야탑역5분,뉴스공인중개사사무소,2,2026-09-15,2026-10-09,2026-10-10,,,1
2649871335,2653958905,yatap_jangmi8_hyundai,sale,136000,,802,3,59.40,75.80,16 초역세권 상태좋음 입주일협의가능,이레공인중개사사무소,4,2026-09-15,2026-10-09,2026-10-10,,,1
2649886350,2649886350,yatap_jangmi8_hyundai,jeonse,38000,,836,8,41.76,54.36,16 귀한전세 신혼추천,이레공인중개사사무소,1,2026-09-15,2026-10-09,2026-10-10,,,1
2650130334,2650130334,yatap_jangmi8_hyundai,wolse,40000,80,802,8,59.40,75.80,23 수리해드림 야탑역도보 전망굿,삼일공인중개사사무소,1,2026-09-16,2026-10-09,2026-10-10,,,1
2650171512,2650171512,yatap_jangmi8_hyundai,wolse,25000,60,836,14,41.76,54.36,16.올수리 입주협의,현대공인중개사사무소,1,2026-09-16,2026-10-09,2026-10-10,,,1
2650189279,2652882749,yatap_jangmi8_hyundai,wolse,25000,60,836,14,41.76,54.36,16. 올수리 . 입주일협의가능. 야탑역 도보7분정도,신현대공인중개사사무소,3,2026-09-16,2026-10-09,2026-10-10,,,1
2650199216,2650199216,yatap_jangmi8_hyundai,wolse,40000,80,802,8,59.40,75.80,23. 외부샷시교체. 화장실 수리. 도배 바닥 씽크대 새로해줌.,신현대공인중개사사무소,1,2026-09-16,2026-10-09,2026-10-10,,,1
2650259709,2650259709,yatap_jangmi8_hyundai,sale,153000,,824,5,74.61,90.33,최근특올수리 샷시 주인거주,포도공인중개사사무소,1,2026-09-17,2026-10-09,2026-10-10,,,1
2650335024,2650335024,yatap_jangmi8_hyundai,sale,136000,,802,15,59.40,75.80,23 야탑역5분 입주일협의가,이레공인중개사사무소,2,2026-09-17,2026-10-09,2026-10-10,,,1
2650338082,2650338082,yatap_jangmi8_hyundai,sale,151000,,835,2,74.61,90.33,31 초역세권 입주일협의가능,이레공인중개사사무소,1,2026-09-17,2026-10-09,2026-10-10,,,1
2650542719,2652995184,yatap_jangmi8_hyundai,sale,97000,,836,1,41.76,54.36,16 샷시포함올수리 입주가능 로얄동,삼일공인중개사사무소,3,2026-09-18,2026-10-09,2026-10-10,,,1
2650551252,2650551252,yatap_jangmi8_hyundai,jeonse,40000,,822,10,41.76,54.36,"16. 특올수리, 12월30일 이후",동신공인중개사사무소,1,2026-09-18,2026-10-09,2026-10-10,,,1
2650571054,2654115622,yatap_jangmi8_hyundai,sale,98000,,836,4,41.76,54.36,최근샷시포함전체특올수리세안고,삼정공인중개사사무소,2,2026-09-18,2026-10-09,2026-10-10,,,1
2650587672,2652016541,yatap_jangmi8_hyundai,sale,160000,,837,4,84.97,102.24,올수리 전망특 정상입주,장미원공인중개사사무소,3,2026-09-18,2026-10-09,2026-10-10,,,1
2650692021,2650692021,yatap_jangmi8_hyundai,sale,102000,,822,5,41.76,54.36,"세안고매매, 탁트인전망, 상태양호, 깨끗, 단지내 야탑중학교",성지공인중개사,1,2026-09-19,2026-10-09,2026-10-10,,,1
2650707350,2653913126,yatap_jangmi8_hyundai,sale,136000,,802,15,59.40,75.80,"올수리,정상입주,야탑역세권 대단지입니다",한빛공인중개사사무소,10,2026-09-19,2026-10-09,2026-10-10,,,1
2650713955,2650713955,yatap_jangmi8_hyundai,sale,136000,,802,3,59.40,75.80,"정상입주,야탑역세권 대단지,수리깨끗",한빛공인중개사사무소,1,2026-09-19,2026-10-09,2026-10-10,,,1
2650726229,2650726229,yatap_jangmi8_hyundai,sale,157000,,805,12,84.79,102.03,"31,기본,좋은가격,야탑역 제일가가운동,확트인 전망",가결부동산공인중개사사무소,1,2026-09-19,2026-10-09,2026-10-10,,,1
2650787621,2652023918,yatap_jangmi8_hyundai,wolse,30000,180,804,8,84.79,102.03,31. 올수리 . 즉시 입주 가능. 야탑역도보 5분. 융무,신현대공인중개사사무소,2,2026-09-19,2026-10-09,2026-10-10,,,1
2650923137,2652999461,yatap_jangmi8_hyundai,sale,175000,,837,4,84.97,102.24,"샷시포함특올수리확장,정상입주,야탑역세권,",명문공인중개사사무소,3,2026-09-21,2026-10-09,2026-10-10,,,1
2650941298,2652590882,yatap_jangmi8_hyundai,sale,136000,,802,15,59.40,75.80,23. 거실 확장. 확트인 전망굿 . 아주 깨끗. 야탑역도보 6분.,신현대공인중개사사무소,2,2026-09-21,2026-10-09,2026-10-10,,,1
2650974188,2652215705,yatap_jangmi8_hyundai,jeonse,75000,,805,5,84.79,102.03,31.최근샷시특포함올수리.,현대공인중개사사무소,4,2026-09-21,2026-10-09,2026-10-10,,,1
2651035984,2651035984,yatap_jangmi8_hyundai,sale,162000,,821,2,84.97,102.24,특올수리 주인거주 입주협의,포도공인중개사사무소,1,2026-09-21,2026-10-09,2026-10-10,,,1
2651042059,2651042059,yatap_jangmi8_hyundai,sale,150000,,835,14,74.61,90.33,27. 기본 깨끗. 확트인 전망굿. 조절가능 . 주인거주.,신현대공인중개사사무소,1,2026-09-21,2026-10-09,2026-10-10,,,1
2651247715,2651247715,yatap_jangmi8_hyundai,sale,164000,,801,13,84.79,102.03,"정 상,라인굿.",이레공인중개사사무소,1,2026-09-22,2026-10-09,2026-10-10,,,1
2651284079,2651284079,yatap_jangmi8_hyundai,sale,137000,,802,5,59.40,75.80,23. 기본 수리 . 야탑역도보5분. 확트임. 입주일협의,신현대공인중개사사무소,1,2026-09-22,2026-10-09,2026-10-10,,,1
2651312370,2652558461,yatap_jangmi8_hyundai,sale,158000,,835,5,74.61,90.33,올수리.전망특.입주가능.야탑초역세권.조정가능,삼정공인중개사사무소,3,2026-09-22,2026-10-09,2026-10-10,,,1
2651354248,2651354248,yatap_jangmi8_hyundai,sale,134000,,802,15,59.40,75.80,"내부올수리,20278,1억130.",장미현대공인중개사사무소,2,2026-09-22,2026-10-09,2026-10-10,,,1
2651369758,2652215705,yatap_jangmi8_hyundai,jeonse,71000,,805,5,84.79,102.03,31 부분수리 11월26일 융무 전망좋은라인,삼일공인중개사사무소,4,2026-09-22,2026-10-09,2026-10-10,,,1
2651370030,2653926989,yatap_jangmi8_hyundai,sale,185000,,806,6,133.44,158.59,48 올수리 하시 야탑역5분 로얄동,삼일공인중개사사무소,3,2026-09-22,2026-10-09,2026-10-10,,,1
2651447571,2652549256,yatap_jangmi8_hyundai,sale,137000,,802,5,59.40,75.80,전망최고 초역세권 기본수리 정상입주,포도공인중개사사무소,2,2026-09-23,2026-10-09,2026-10-10,,,1
2651485179,2652995184,yatap_jangmi8_hyundai,sale,97000,,836,1,41.76,54.36,"16,샷시포함올수리 ,12월이후입주,야탑역세권",장미원공인중개사사무소,3,2026-09-23,2026-10-09,2026-10-10,,,1
2651498077,2652999461,yatap_jangmi8_hyundai,sale,175000,,837,4,84.97,102.24,남향.샷시포함 확장최근특올수리.정상입주협의.야탑역세권.금액조정,쌍용공인중개사사무소,3,2026-09-23,2026-10-09,2026-10-10,,,1
2651513054,2651513054,yatap_jangmi8_hyundai,jeonse,65000,,824,13,74.61,90.33,27 기본 깨끗 야탑역10분,삼일공인중개사사무소,2,2026-09-23,2026-10-09,2026-10-10,,,1
2651520690,2652912961,yatap_jangmi8_hyundai,sale,160000,,837,4,84.97,102.24,31.예전올수리 남향 입주협의,현대공인중개사사무소,5,2026-09-23,2026-10-09,2026-10-10,,,1
2651589608,2651589608,yatap_jangmi8_hyundai,wolse,25000,60,836,14,41.76,54.36,16 올수리 로얄동 야탑역7분 입주협의,삼일공인중개사사무소,1,2026-09-23,2026-10-09,2026-10-10,,,1
2651595336,2653746038,yatap_jangmi8_hyundai,sale,153000,,823,10,74.61,90.33,"27정남향,전체 수리,판교 강남진입 용이,입주협의,언제든보기가능",가결부동산공인중개사사무소,2,2026-09-23,2026-10-09,2026-10-10,,,1
2651596636,2651513054,yatap_jangmi8_hyundai,jeonse,65000,,824,13,74.61,90.33,"27,급전세 ,교통편리,신혼추천",가결부동산공인중개사사무소,2,2026-09-23,2026-10-09,2026-10-10,,,1
2651597271,2651597271,yatap_jangmi8_hyundai,sale,150000,,835,14,74.61,90.33,"27정남향,야탑역3분,판교 강남진입 용이,입주협의,언제든보기가능",가결부동산공인중개사사무소,1,2026-09-23,2026-10-09,2026-10-10,,,1
2651461356,2651461356,yatap_jangmi8_hyundai,sale,135000,,802,5,59.40,75.80,23 정상 야탑역세권 도보6분 기본수리됨 전망좋음,이레공인중개사사무소,1,2026-09-28,2026-10-09,2026-10-10,,,1
2651773846,2651773846,yatap_jangmi8_hyundai,sale,160000,,821,1,84.97,102.24,특 올수리 한집 채광좋음 빠른입주 가능 주변 생활시설 편리 학교등,신세계공인중개사사무소,1,2026-09-28,2026-10-09,2026-10-10,,,1
2651818547,2652912961,yatap_jangmi8_hyundai,sale,160000,,837,4,84.97,102.24,31 예전수리 입주협의 가능합니다.,행운공인중개사사무소,5,2026-09-28,2026-10-09,2026-10-10,,,1
2651898650,2651898650,yatap_jangmi8_hyundai,sale,183000,,833,11,133.44,158.59,2년전특올수리 시원한 스카이라인전망 입주일협의,이레공인중개사사무소,1,2026-09-28,2026-10-09,2026-10-10,,,1
2651905353,2652882749,yatap_jangmi8_hyundai,wolse,25000,60,836,14,41.76,54.36,16.올수리 입주협의.야탑초역세권,삼정공인중개사사무소,3,2026-09-28,2026-10-09,2026-10-10,,,1
2651957872,2652485820,yatap_jangmi8_hyundai,sale,138000,,802,2,59.40,75.80,23.샷시포함올수리 정상,현대공인중개사사무소,2,2026-09-28,2026-10-09,2026-10-10,,,1
2651961731,2654157893,yatap_jangmi8_hyundai,jeonse,71000,,805,5,84.79,102.03,31 내부올수리 깨끗합니다 11월26일입주,장미야탑부동산공인중개사사무소,6,2026-09-28,2026-10-09,2026-10-10,,,1
2652004361,2652004361,yatap_jangmi8_hyundai,sale,165000,,805,14,84.79,102.03,전망최고 화장한 올수리 입주협의가능,포도공인중개사사무소,1,2026-09-28,2026-10-09,2026-10-10,,,1
2652010365,2652010365,yatap_jangmi8_hyundai,sale,136000,,802,3,59.40,75.80,정상입주 깔끔함,포도공인중개사사무소,1,2026-09-28,2026-10-09,2026-10-10,,,1
2652013564,2652013564,yatap_jangmi8_hyundai,sale,158000,,835,7,74.61,90.33,정남향의 트인전망 올수리 야탑역세권,이레공인중개사사무소,1,2026-09-28,2026-10-09,2026-10-10,,,1
2652016541,2652016541,yatap_jangmi8_hyundai,sale,160000,,837,4,84.97,102.24,31전망특 합리적인 매매가 입주일협의,이레공인중개사사무소,3,2026-09-28,2026-10-09,2026-10-10,,,1
2652023918,2652023918,yatap_jangmi8_hyundai,wolse,30000,180,804,8,84.79,102.03,"정상하시,수리.",장미현대공인중개사사무소,2,2026-09-28,2026-10-09,2026-10-10,,,1
2652026683,2654157893,yatap_jangmi8_hyundai,jeonse,75000,,805,5,84.79,102.03,"야탑역세권,내부수리,깔끔,대단지아파트",한빛공인중개사사무소,6,2026-09-28,2026-10-09,2026-10-10,,,1
2652029575,2654301313,yatap_jangmi8_hyundai,jeonse,65000,,824,13,74.61,90.33,"정 상,깨끗함.",장미현대공인중개사사무소,2,2026-09-28,2026-10-09,2026-10-10,,,1
2652030473,2653877706,yatap_jangmi8_hyundai,sale,185000,,806,6,133.44,158.59,"야탑역세권,남향,정상입주,대단지아파트",한빛공인중개사사무소,3,2026-09-28,2026-10-09,2026-10-10,,,1
2652031131,2652031131,yatap_jangmi8_hyundai,jeonse,60000,,805,5,84.79,102.03,"올수리,1126일후,초역세권.",장미현대공인중개사사무소,1,2026-09-28,2026-10-09,2026-10-10,,,1
2652031473,2652912961,yatap_jangmi8_hyundai,sale,160000,,837,4,84.97,102.24,"정상입주,남향,야탑역세권 대단지입니다",한빛공인중개사사무소,5,2026-09-28,2026-10-09,2026-10-10,,,1
2652121863,2652121863,yatap_jangmi8_hyundai,sale,142000,,802,12,59.40,75.80,"올특수리,정 상.",장미현대공인중개사사무소,1,2026-09-28,2026-10-09,2026-10-10,,,1
2652215705,2652215705,yatap_jangmi8_hyundai,jeonse,75000,,805,5,84.79,102.03,부분수리. 도배 바닥해줌. 가격조정가능. 11.26입주,예스공인중개사사무소,4,2026-09-29,2026-10-09,2026-10-10,,,1
2652217085,2653854926,yatap_jangmi8_hyundai,jeonse,80000,,805,5,84.79,102.03,샷시포함최근특올수리.빠른입주가능.,예스공인중개사사무소,5,2026-09-29,2026-10-09,2026-10-10,,,1
2652218755,2652218755,yatap_jangmi8_hyundai,jeonse,76000,,837,1,84.97,102.24,"샷시포함특올수리, 입주일협의가능,융자없음.",예스공인중개사사무소,2,2026-09-29,2026-10-09,2026-10-10,,,1
2652255402,2653887315,yatap_jangmi8_hyundai,jeonse,76000,,837,1,84.97,102.24,방확장 정상입주 샤시포함특 올수리,포도공인중개사사무소,4,2026-09-29,2026-10-09,2026-10-10,,,1
2652267082,2652267082,yatap_jangmi8_hyundai,wolse,30000,180,804,8,84.79,102.03,"31,올수리 ,빠른입주가능,정상, 야탑역 3분거리, 정남향",가결부동산공인중개사사무소,1,2026-09-29,2026-10-09,2026-10-10,,,1
2652268506,2652518600,yatap_jangmi8_hyundai,jeonse,90000,,825,12,133.44,158.59,"48.7억85만원가,샷시전체 교체해드림,언제든가,확장수리됨,11월입주협의",가결부동산공인중개사사무소,3,2026-09-29,2026-10-09,2026-10-10,,,1
2652327435,2652327435,yatap_jangmi8_hyundai,sale,169000,,807,5,84.79,102.03,로얄층 로얄동 확장 샷시 특올수리,포도공인중개사사무소,1,2026-09-29,2026-10-09,2026-10-10,,,1
2652337855,2652615905,yatap_jangmi8_hyundai,sale,183000,,833,11,133.44,158.59,특올수리 전망굿 야탑역세권 앞뒤로 트인전망,우리공인중개사사무소,4,2026-09-29,2026-10-09,2026-10-10,,,1
2652352620,2652615905,yatap_jangmi8_hyundai,sale,183000,,833,11,133.44,158.59,"야탑역세권,특올수리,남향,정상입주,대단지아파트입니다.",한빛공인중개사사무소,4,2026-09-29,2026-10-09,2026-10-10,,,1
2652370418,2653132540,yatap_jangmi8_hyundai,sale,165000,,805,14,84.79,102.03,"확장올수리,정 상.",장미현대공인중개사사무소,4,2026-09-29,2026-10-09,2026-10-10,,,1
2652372392,2653887315,yatap_jangmi8_hyundai,jeonse,76000,,837,1,84.97,102.24,"올수리,정 상.",장미현대공인중개사사무소,4,2026-09-29,2026-10-09,2026-10-10,,,1
2652373240,2652373240,yatap_jangmi8_hyundai,jeonse,90000,,826,1,133.44,158.59,"올수리,전원주택뷰,조용.",장미현대공인중개사사무소,1,2026-09-29,2026-10-09,2026-10-10,,,1
2652384020,2653132540,yatap_jangmi8_hyundai,sale,165000,,805,14,84.79,102.03,31. 확장 올수리 . 전망굿. 야탑역 도보5분,신현대공인중개사사무소,4,2026-09-29,2026-10-09,2026-10-10,,,1
2652384545,2652384545,yatap_jangmi8_hyundai,sale,169000,,807,5,84.79,102.03,31. 최고 로얄동. 샷시포함 확장 특올수리. 전망굿야탑역도보5분.,신현대공인중개사사무소,1,2026-09-29,2026-10-09,2026-10-10,,,1
2652384601,2653913126,yatap_jangmi8_hyundai,sale,135000,,802,15,59.40,75.80,23.입주가능.올수리,삼정공인중개사사무소,10,2026-09-29,2026-10-09,2026-10-10,,,1
2652384759,2652384759,yatap_jangmi8_hyundai,sale,135000,,802,12,59.40,75.80,27년3월까지세안고.화장실수리,삼정공인중개사사무소,1,2026-09-29,2026-10-09,2026-10-10,,,1
2652384845,2653958905,yatap_jangmi8_hyundai,sale,136000,,802,3,59.40,75.80,정상입주.깨끗합,삼정공인중개사사무소,4,2026-09-29,2026-10-09,2026-10-10,,,1
2652402942,2653926752,yatap_jangmi8_hyundai,sale,150000,,835,2,74.61,90.33,야탑역가까운동 올수리,새한공인중개사사무소,2,2026-09-30,2026-10-09,2026-10-10,,,1
2652465673,2653854926,yatap_jangmi8_hyundai,jeonse,60000,,805,5,84.79,102.03,전망라인굿 부분수리 11월26일,대성공인중개사사무소,5,2026-09-30,2026-10-09,2026-10-10,,,1
2652472409,2652693146,yatap_jangmi8_hyundai,sale,159500,,837,14,84.97,102.24,31 급매 남향 정상 야탑역5분,뉴스공인중개사사무소,2,2026-09-30,2026-10-09,2026-10-10,,,1
2652474576,2652474576,yatap_jangmi8_hyundai,sale,158000,,835,5,74.61,90.33,27 올수리 전망특 정상 야탑역5분,뉴스공인중개사사무소,1,2026-09-30,2026-10-09,2026-10-10,,,1
2652477305,2652477305,yatap_jangmi8_hyundai,sale,153000,,823,10,74.61,90.33,27 샷시포함올수리 정상 늦은입주협의 야탑역7분,뉴스공인중개사사무소,1,2026-09-30,2026-10-09,2026-10-10,,,1
2652485820,2652485820,yatap_jangmi8_hyundai,sale,138000,,802,2,59.40,75.80,23 샷시포함올수리 야탑역5분 트인전망,삼일공인중개사사무소,2,2026-09-30,2026-10-09,2026-10-10,,,1
2652488253,2652488253,yatap_jangmi8_hyundai,sale,169000,,807,5,84.79,102.03,31.샷시포함확장특올수리,현대공인중개사사무소,2,2026-09-30,2026-10-09,2026-10-10,,,1
2652509390,2653601566,yatap_jangmi8_hyundai,sale,183000,,833,11,133.44,158.59,48. 2년전 샷시포함 올수리. 확트인전망굿. 야탑역도보5분,신현대공인중개사사무소,2,2026-09-30,2026-10-09,2026-10-10,,,1
2652514921,2652514921,yatap_jangmi8_hyundai,wolse,25000,60,836,14,41.76,54.36,"올수리,입주협의.",장미현대공인중개사사무소,1,2026-09-30,2026-10-09,2026-10-10,,,1
2652515504,2652615905,yatap_jangmi8_hyundai,sale,183000,,833,11,133.44,158.59,입주정상 특올수리 역세권,포도공인중개사사무소,4,2026-09-30,2026-10-09,2026-10-10,,,1
2652515673,2653854926,yatap_jangmi8_hyundai,jeonse,71000,,805,5,84.79,102.03,"야탑역세권,부분수리,대단지아파트",한빛공인중개사사무소,5,2026-09-30,2026-10-09,2026-10-10,,,1
2652516777,2653887315,yatap_jangmi8_hyundai,jeonse,76000,,837,1,84.97,102.24,"야탑역세권,특올수리,대단지아파트",한빛공인중개사사무소,4,2026-09-30,2026-10-09,2026-10-10,,,1
2652518600,2652518600,yatap_jangmi8_hyundai,jeonse,90000,,825,12,133.44,158.59,"야탑역세권,월세도가능,대단지아파트",한빛공인중개사사무소,3,2026-09-30,2026-10-09,2026-10-10,,,1
2652522717,2652522717,yatap_jangmi8_hyundai,jeonse,90000,,833,8,133.44,158.59,"48.최고 인기동,거실확장 수리됨,앞트임으로 시야확보됨,야탑역5분",가결부동산공인중개사사무소,1,2026-09-30,2026-10-09,2026-10-10,,,1
2652529554,2652529554,yatap_jangmi8_hyundai,jeonse,60000,,805,5,84.79,102.03,"31,11월 26일입주,내부수리,야탑역 제일가가운동,확트인 전망",가결부동산공인중개사사무소,1,2026-09-30,2026-10-09,2026-10-10,2026-10-10,71000,1
2652544410,2653913126,yatap_jangmi8_hyundai,sale,135000,,802,15,59.40,75.80,"내부올수리,입주협의,주인거주,야탑역세권",장미원공인중개사사무소,10,2026-09-30,2026-10-09,2026-10-10,,,1
2652549256,2652549256,yatap_jangmi8_hyundai,sale,137000,,802,5,59.40,75.80,23 정상 야탑역세권 도보6분 기본수리됨 전망좋음,이레공인중개사사무소,2,2026-09-30,2026-10-09,2026-10-10,,,1
2652550141,2652550141,yatap_jangmi8_hyundai,sale,158000,,835,5,74.61,90.33,27 정남향 올수리 주인거주 입주협의,이레공인중개사사무소,1,2026-09-30,2026-10-09,2026-10-10,,,1
2652558461,2652558461,yatap_jangmi8_hyundai,sale,158000,,835,5,74.61,90.33,"올수리,시원하게 탁 트인 거실조망,야탑역세권,입주협의가능",예스공인중개사사무소,3,2026-09-30,2026-10-09,2026-10-10,,,1
2652558840,2653614484,yatap_jangmi8_hyundai,jeonse,65000,,824,13,74.61,90.33,27.기본. 깨끗. 정상입주,삼정공인중개사사무소,4,2026-09-30,2026-10-09,2026-10-10,,,1
2652590882,2652590882,yatap_jangmi8_hyundai,sale,135000,,802,15,59.40,75.80,"야탑역세,주인거주,올수리,입주",행운공인중개사사무소,2,2026-09-30,2026-10-09,2026-10-10,,,1
2652596999,2653913126,yatap_jangmi8_hyundai,sale,135000,,802,15,59.40,75.80,샷시제외 올수리 주인거주 입주정상협의가능,아름공인중개사사무소,10,2026-09-30,2026-10-09,2026-10-10,,,1
2652603220,2653913126,yatap_jangmi8_hyundai,sale,135000,,802,15,59.40,75.80,"주인올수리깨끗,트인전망,야탑역접근성굿",선경공인중개사사무소,10,2026-09-30,2026-10-09,2026-10-10,,,1
2652615882,2652558461,yatap_jangmi8_hyundai,sale,158000,,835,저,74.61,90.33,"올 수리, 탁트인 거실 조망, 야탑역세권, 주인거주로 관리 잘된 집",대방디에트르공인중개사사무소,3,2026-10-01,2026-10-09,2026-10-10,,,1
2652615905,2652615905,yatap_jangmi8_hyundai,sale,183000,,833,11,133.44,158.59,"올수리,정 상.",장미현대공인중개사사무소,4,2026-10-01,2026-10-09,2026-10-10,,,1
2652693146,2652693146,yatap_jangmi8_hyundai,sale,159500,,837,14,84.97,102.24,31. 남향 . 야턉역세권단지. 입주일 협의,신현대공인중개사사무소,2,2026-10-01,2026-10-09,2026-10-10,,,1
2652700621,2652700621,yatap_jangmi8_hyundai,jeonse,76000,,837,1,84.97,102.24,31. 샷시포함 특올수리. 붙박이장. 11월말12월초 입주가능,신현대공인중개사사무소,1,2026-10-01,2026-10-09,2026-10-10,,,1
2652702195,2652702195,yatap_jangmi8_hyundai,wolse,40000,80,802,8,59.40,75.80,"23, 전체 특수리,협의가능, 야탑역 젤 가까운 인기동,수리됨",가결부동산공인중개사사무소,1,2026-10-01,2026-10-09,2026-10-10,,,1
2652703685,2653614484,yatap_jangmi8_hyundai,jeonse,65000,,824,13,74.61,90.33,27. 아주 깨끗. 융무 . 주차 양호. 야탑역도보 10분정도,신현대공인중개사사무소,4,2026-10-01,2026-10-09,2026-10-10,,,1
2652719170,2654157893,yatap_jangmi8_hyundai,jeonse,71000,,805,5,84.79,102.03,11월26일 전망굿 융무 부분수리,장미원공인중개사사무소,6,2026-10-01,2026-10-09,2026-10-10,,,1
2652808721,2652808721,yatap_jangmi8_hyundai,sale,136000,,802,10,59.40,75.80,상태양호 27년 6월만기 세안고,이레공인중개사사무소,2,2026-10-01,2026-10-09,2026-10-10,,,1
2652822609,2652822609,yatap_jangmi8_hyundai,jeonse,76000,,837,1,84.97,102.24,31 샷시포함특올수리 붙박이장 11월말,삼일공인중개사사무소,1,2026-10-01,2026-10-09,2026-10-10,,,1
2652859167,2652912961,yatap_jangmi8_hyundai,sale,160000,,837,4,84.97,102.24,31.올수리.전망특,삼정공인중개사사무소,5,2026-10-01,2026-10-09,2026-10-10,,,1
2652881782,2652881782,yatap_jangmi8_hyundai,jeonse,38000,,836,8,41.76,54.36,"올수리,야탑역가까운로얄동,입주일12월중순협의",예스공인중개사사무소,1,2026-10-01,2026-10-09,2026-10-10,,,1
2652882749,2652882749,yatap_jangmi8_hyundai,wolse,25000,60,836,14,41.76,54.36,"올수리,시원한 거실뷰,야탑역 도보7분거리.",예스공인중개사사무소,3,2026-10-01,2026-10-09,2026-10-10,,,1
2652912961,2652912961,yatap_jangmi8_hyundai,sale,160000,,837,4,84.97,102.24,31 올수리 남향 정상 야탑역5분,뉴스공인중개사사무소,5,2026-10-02,2026-10-09,2026-10-10,,,1
2652995184,2652995184,yatap_jangmi8_hyundai,sale,97000,,836,1,41.76,54.36,샷시포함올수리 2.7억12월초전세안고,포도공인중개사사무소,3,2026-10-02,2026-10-09,2026-10-10,,,1
2652997700,2652997700,yatap_jangmi8_hyundai,sale,135000,,802,12,59.40,75.80,27년3월까지세안고.화장실수리,포도공인중개사사무소,1,2026-10-02,2026-10-09,2026-10-10,,,1
2652999461,2652999461,yatap_jangmi8_hyundai,sale,160000,,837,4,84.97,102.24,예전올수리 남향,포도공인중개사사무소,3,2026-10-02,2026-10-09,2026-10-10,,,1
2653019264,2653726273,yatap_jangmi8_hyundai,sale,167000,,807,15,84.79,102.03,샷시포함최근올수리.입주기능.전망특,삼정공인중개사사무소,2,2026-10-02,2026-10-09,2026-10-10,,,1
2653088132,2653912098,yatap_jangmi8_hyundai,jeonse,38000,,836,8,41.76,54.36,"16.정상입주,올수리,1219",현대공인중개사사무소,3,2026-10-02,2026-10-09,2026-10-10,,,1
2653090431,2653966775,yatap_jangmi8_hyundai,sale,183000,,833,11,133.44,158.59,48.샷시포함특올수리. 정상입주,현대공인중개사사무소,2,2026-10-02,2026-10-09,2026-10-10,,,1
2653096412,2653096412,yatap_jangmi8_hyundai,sale,165000,,831,11,84.97,102.24,31 기본 남향 주인거주 여수천 조용한로얄동,삼일공인중개사사무소,1,2026-10-02,2026-10-09,2026-10-10,,,1
2653130330,2653130330,yatap_jangmi8_hyundai,jeonse,38000,,836,8,41.76,54.36,"정상입주,올수리,1219",삼정공인중개사사무소,1,2026-10-02,2026-10-09,2026-10-10,,,1
2653131093,2653131093,yatap_jangmi8_hyundai,wolse,30000,180,804,8,84.79,102.03,"올수리,하시정상.",삼정공인중개사사무소,1,2026-10-02,2026-10-09,2026-10-10,,,1
2653132540,2653132540,yatap_jangmi8_hyundai,sale,165000,,805,14,84.79,102.03,"31, 샷시포함 특수리 ,야탑역 3분거리, 6억4백세안고,27년1월초",가결부동산공인중개사사무소,4,2026-10-02,2026-10-09,2026-10-10,,,1
2653133029,2653150224,yatap_jangmi8_hyundai,jeonse,90000,,826,1,133.44,158.59,"48.최고 인기동,여수천 바라보며 3층같은 저층,야탑역5분",가결부동산공인중개사사무소,2,2026-10-02,2026-10-09,2026-10-10,,,1
2653134028,2653134028,yatap_jangmi8_hyundai,sale,175000,,801,10,84.79,102.03,31. 야탑역세권 특올수리 좋은라인 세안고,이삭부동산공인중개사사무소,2,2026-10-02,2026-10-09,2026-10-10,,,1
2653134566,2653854926,yatap_jangmi8_hyundai,jeonse,80000,,805,5,84.79,102.03,"31,최근 전체 특수리,야탑역 제일가가운동,확트인 전망",가결부동산공인중개사사무소,5,2026-10-02,2026-10-09,2026-10-10,,,1
2653150224,2653150224,yatap_jangmi8_hyundai,jeonse,90000,,826,1,133.44,158.59,48. 수리 깨끗. 여수천 뷰. 남향 1층. 융무,신현대공인중개사사무소,2,2026-10-02,2026-10-09,2026-10-10,,,1
2653153969,2653153969,yatap_jangmi8_hyundai,sale,100000,,836,10,41.76,54.36,16 샤시포함 특올수리 5년전수리 세안고,뉴스공인중개사사무소,2,2026-10-02,2026-10-09,2026-10-10,,,1
2653157711,2653762960,yatap_jangmi8_hyundai,sale,188000,,828,4,133.44,158.59,"최근내부특올수리,집상태 최상,거실 여천뷰,입주일협의가능",예스공인중개사사무소,2,2026-10-02,2026-10-09,2026-10-10,,,1
2653216535,2653134028,yatap_jangmi8_hyundai,sale,165000,,801,10,84.79,102.03,"올수리,세안고.",장미현대공인중개사사무소,2,2026-10-06,2026-10-09,2026-10-10,,,1
2653240764,2653924313,yatap_jangmi8_hyundai,sale,96000,,836,5,41.76,54.36,급매 내부깨끗 전세안고 입주유예물,한양공인중개사사무소,2,2026-10-06,2026-10-09,2026-10-10,,,1
2653265205,2653265205,yatap_jangmi8_hyundai,jeonse,71000,,823,1,84.97,102.24,,가결부동산공인중개사사무소,1,2026-10-06,2026-10-09,2026-10-10,,,1
2653277137,2653913126,yatap_jangmi8_hyundai,sale,135000,,802,15,59.40,75.80,23 방3화1 정상 부분수리 야탑역가까움 전망좋음,동부공인중개사사무소,10,2026-10-06,2026-10-09,2026-10-10,,,1
2653486266,2653881665,yatap_jangmi8_hyundai,sale,164000,,801,13,84.79,102.03,"수리깨끗, 탁트인 거실뷰, 입주일협의가능.",예스공인중개사사무소,2,2026-10-06,2026-10-09,2026-10-10,,,1
2653493134,2653912098,yatap_jangmi8_hyundai,jeonse,38000,,836,8,41.76,54.36,"정상입주,특올수리,월세가능2억5천40만,야탑역세권 대단지아파트입니다",한빛공인중개사사무소,3,2026-10-06,2026-10-09,2026-10-10,,,1
2653586620,2653916145,yatap_jangmi8_hyundai,sale,153000,,823,10,74.61,90.33,27. 샷시포함 올수리 . 전망굿. 야탑역도보 10분,신현대공인중개사사무소,2,2026-10-06,2026-10-09,2026-10-10,,,1
2653587498,2653587498,yatap_jangmi8_hyundai,sale,96000,,822,1,41.76,54.36,16 특올수리 야탑역도보 세안고 27.4월,삼일공인중개사사무소,1,2026-10-06,2026-10-09,2026-10-10,,,1
2653601566,2653601566,yatap_jangmi8_hyundai,sale,183000,,833,11,133.44,158.59,"2년전샷시포함특올수리,뻥 뚫린 거실 조망,입주일협의",예스공인중개사사무소,2,2026-10-06,2026-10-09,2026-10-10,,,1
2653614484,2653614484,yatap_jangmi8_hyundai,jeonse,65000,,824,13,74.61,90.33,27 기본수리 깨끗 정상 야탑역7분,뉴스공인중개사사무소,4,2026-10-06,2026-10-09,2026-10-10,,,1
2653617740,2654157893,yatap_jangmi8_hyundai,jeonse,80000,,805,5,84.79,102.03,31 최근샤시포함 완벽특올수리 전망 정상,뉴스공인중개사사무소,6,2026-10-06,2026-10-09,2026-10-10,,,1
2653630854,2653630854,yatap_jangmi8_hyundai,sale,158000,,835,5,74.61,90.33,정상입주 화장실수리 완전깨끗 초역세권,포도공인중개사사무소,1,2026-10-06,2026-10-09,2026-10-10,,,1
2653641656,2653641656,yatap_jangmi8_hyundai,sale,100000,,836,10,41.76,54.36,특올수리 세안고 초역세권 로얄층,포도공인중개사사무소,1,2026-10-06,2026-10-09,2026-10-10,,,1
2653645663,2653645663,yatap_jangmi8_hyundai,sale,136000,,802,11,59.40,75.80,"세안고매매, 초역세권, 탁트인전망, 상태양호, 조용하고쾌적한단지",성지공인중개사,1,2026-10-06,2026-10-09,2026-10-10,,,1
2653651047,2653651047,yatap_jangmi8_hyundai,sale,150000,,835,2,74.61,90.33,올수리 역세권 착한가격,포도공인중개사사무소,1,2026-10-06,2026-10-09,2026-10-10,,,1
2653652500,2653926989,yatap_jangmi8_hyundai,sale,185000,,806,6,133.44,158.59,"정상하시,탄천뷰,초역세권.",장미현대공인중개사사무소,3,2026-10-06,2026-10-09,2026-10-10,,,1
2653726273,2653726273,yatap_jangmi8_hyundai,sale,167000,,807,15,84.79,102.03,31. 샷시포함 올수리. 확트인 전망굿 . 탑층 . 주인거주,신현대공인중개사사무소,2,2026-10-06,2026-10-09,2026-10-10,,,1
2653741878,2653741878,yatap_jangmi8_hyundai,jeonse,71000,,823,1,84.97,102.24,"샷시포함올수리,122일이후.",장미현대공인중개사사무소,1,2026-10-06,2026-10-09,2026-10-10,,,1
2653743865,2653913126,yatap_jangmi8_hyundai,sale,135000,,802,15,59.40,75.80,"정상,올수리.",장미현대공인중개사사무소,10,2026-10-06,2026-10-09,2026-10-10,,,1
2653746038,2653746038,yatap_jangmi8_hyundai,sale,153000,,823,10,74.61,90.33,"올수리,정 상.",장미현대공인중개사사무소,2,2026-10-06,2026-10-09,2026-10-10,,,1
2653762960,2653762960,yatap_jangmi8_hyundai,sale,188000,,828,4,133.44,158.59,"최근내부특올수리,집상태 최상,거실 여천뷰,입주일협의가능",이레공인중개사사무소,2,2026-10-06,2026-10-09,2026-10-10,,,1
2653795077,2653958905,yatap_jangmi8_hyundai,sale,136000,,802,3,59.40,75.80,초역세권 거실확장 입주일협의가,이레공인중개사사무소,4,2026-10-07,2026-10-09,2026-10-10,,,1
2653799511,2653799511,yatap_jangmi8_hyundai,sale,103000,,836,2,41.76,54.36,"16,샷시포함 전체특수리 ,중문,거실슬라이드문 설치,붙박이장,조명등최상",가결부동산공인중개사사무소,1,2026-10-07,2026-10-09,2026-10-10,,,1
2653846663,2654157893,yatap_jangmi8_hyundai,jeonse,80000,,805,5,84.79,102.03,"31.최근샷시특포함올수리.빠른입주가능,야탑초역세권",삼정공인중개사사무소,6,2026-10-07,2026-10-09,2026-10-10,,,1
2653854926,2653854926,yatap_jangmi8_hyundai,jeonse,60000,,805,5,84.79,102.03,31.전망라인굿 부분수리 11월26일 융무,삼정공인중개사사무소,5,2026-10-07,2026-10-09,2026-10-10,,,1
2653877706,2653877706,yatap_jangmi8_hyundai,sale,185000,,806,6,133.44,158.59,정상입주 전망굿 야탑역초역세권,포도공인중개사사무소,3,2026-10-07,2026-10-09,2026-10-10,,,1
2653879518,2653879518,yatap_jangmi8_hyundai,sale,165000,,831,11,84.97,102.24,기본 정상입주 주인거주 로얄층 사이드아님,포도공인중개사사무소,1,2026-10-07,2026-10-09,2026-10-10,,,1
2653881665,2653881665,yatap_jangmi8_hyundai,sale,164000,,801,13,84.79,102.03,입주정상 로얄층,포도공인중개사사무소,2,2026-10-07,2026-10-09,2026-10-10,,,1
2653883204,2653913126,yatap_jangmi8_hyundai,sale,135000,,802,15,59.40,75.80,"내부올수리,야탑초역세권, 입주일협의가능",이레공인중개사사무소,10,2026-10-07,2026-10-09,2026-10-10,,,1
2653884302,2653884302,yatap_jangmi8_hyundai,sale,165000,,805,15,84.79,102.03,"확장 올수리. 전망굿.야탑역세권, 입주일협의 가능",이레공인중개사사무소,1,2026-10-07,2026-10-09,2026-10-10,,,1
2653887315,2653887315,yatap_jangmi8_hyundai,jeonse,76000,,837,1,84.97,102.24,최근샤시포함특올수리 붙박이장 11월말 12월초,이레공인중개사사무소,4,2026-10-07,2026-10-09,2026-10-10,,,1
2653895373,2653895373,yatap_jangmi8_hyundai,sale,165000,,805,14,84.79,102.03,31 확장 올수리 전망 27년1월만기,뉴스공인중개사사무소,1,2026-10-07,2026-10-09,2026-10-10,,,1
2653897066,2653897066,yatap_jangmi8_hyundai,sale,135000,,802,12,59.40,75.80,23 화포올수리 세안고 27년3월만기 야탑역5분,뉴스공인중개사사무소,1,2026-10-07,2026-10-09,2026-10-10,,,1
2653912098,2653912098,yatap_jangmi8_hyundai,jeonse,38000,,836,8,41.76,54.36,16 올수리 로얄동 로얄층 신혼부부추천,삼일공인중개사사무소,3,2026-10-07,2026-10-09,2026-10-10,,,1
2653913126,2653913126,yatap_jangmi8_hyundai,sale,135000,,802,15,59.40,75.80,23 내부올수리 주인거주 야탑역도보 전망,삼일공인중개사사무소,10,2026-10-07,2026-10-09,2026-10-10,,,1
2653916145,2653916145,yatap_jangmi8_hyundai,sale,153000,,823,10,74.61,90.33,27 샷시포함올수리 남향 야탑역도보,삼일공인중개사사무소,2,2026-10-07,2026-10-09,2026-10-10,,,1
2653924313,2653924313,yatap_jangmi8_hyundai,sale,96000,,836,5,41.76,54.36,샷시 깨끗 세안고 27.8,포도공인중개사사무소,2,2026-10-07,2026-10-09,2026-10-10,,,1
2653926752,2653926752,yatap_jangmi8_hyundai,sale,150000,,835,2,74.61,90.33,"올수리, 매우깔끔, 야탑역초역세권, 입주협의편함, 트인전망",성지공인중개사,2,2026-10-07,2026-10-09,2026-10-10,,,1
2653926989,2653926989,yatap_jangmi8_hyundai,sale,185000,,806,6,133.44,158.59,48. 여수천 전망굿. 부분수리. 깨끗. 야탑역 도보 5분. 하시입주,신현대공인중개사사무소,3,2026-10-07,2026-10-09,2026-10-10,,,1
2653957130,2653957130,yatap_jangmi8_hyundai,sale,103000,,836,2,41.76,54.36,"16.전체특수리,입주혐의",현대공인중개사사무소,1,2026-10-07,2026-10-09,2026-10-10,,,1
2653958442,2653958442,yatap_jangmi8_hyundai,sale,100000,,836,10,41.76,54.36,"샤시포함특올수리.보증금1억500만원 월세안고,28년2월만기",예스공인중개사사무소,1,2026-10-07,2026-10-09,2026-10-10,,,1
2653958905,2653958905,yatap_jangmi8_hyundai,sale,136000,,802,3,59.40,75.80,"탁트인 거실조망,야탑역 역세권,입주협의가능",예스공인중개사사무소,4,2026-10-07,2026-10-09,2026-10-10,,,1
2653966775,2653966775,yatap_jangmi8_hyundai,sale,183000,,833,11,133.44,158.59,"48.최고 인기동,2년전 주인 특수리함,확트인전망,야탑역5분",가결부동산공인중개사사무소,2,2026-10-07,2026-10-09,2026-10-10,,,1
2653980101,2653980101,yatap_jangmi8_hyundai,sale,103500,,836,2,41.76,54.36,"야탑역세권,특올수리,세안고매매,대단지아파트",한빛공인중개사사무소,1,2026-10-07,2026-10-09,2026-10-10,,,1
2653988191,2653988191,yatap_jangmi8_hyundai,sale,135000,,802,12,59.40,75.80,23. 화장실포함 수리. 야탑역도보 6분. 27년 3월이후 입주가,신현대공인중개사사무소,1,2026-10-07,2026-10-09,2026-10-10,,,1
2653993313,2653993313,yatap_jangmi8_hyundai,jeonse,80000,,804,15,84.79,102.03,샷시포함특올수리.12월27일이후.정상.융무,월드공인중개사사무소,1,2026-10-07,2026-10-09,2026-10-10,,,1
2654027441,2654295773,yatap_jangmi8_hyundai,jeonse,80000,,804,15,84.79,102.03,"올수리,1227일이후.",장미현대공인중개사사무소,2,2026-10-08,2026-10-09,2026-10-10,,,1
2654027850,2654027850,yatap_jangmi8_hyundai,sale,158000,,835,5,74.61,90.33,"올수리,정 상.",장미현대공인중개사사무소,1,2026-10-08,2026-10-09,2026-10-10,,,1
2654088416,2654088416,yatap_jangmi8_hyundai,sale,96000,,822,1,41.76,54.36,세안고27.4 특올수리,포도공인중개사사무소,1,2026-10-08,2026-10-09,2026-10-10,,,1
2654094607,2654094607,yatap_jangmi8_hyundai,wolse,40000,80,802,8,59.40,75.80,"23.정상 입주,수리 깨끗,11월4일이후가능,야탑역세권 대단지",삼정공인중개사사무소,2,2026-10-08,2026-10-09,2026-10-10,,,1
2654115622,2654115622,yatap_jangmi8_hyundai,sale,102000,,836,4,41.76,54.36,16. 샷시포함전체완벽수리 입주 야탑역5분,코아공인중개사사무소,2,2026-10-08,2026-10-09,2026-10-10,,,1
2654134097,2654134097,yatap_jangmi8_hyundai,sale,169000,,807,5,84.79,102.03,31 확장 샷시포함특올수리 로얄동 야탑역5분,삼일공인중개사사무소,1,2026-10-08,2026-10-09,2026-10-10,,,1
2654157893,2654157893,yatap_jangmi8_hyundai,jeonse,80000,,805,5,84.79,102.03,31. 최근 샷시포함 전체 특올수리.야탑역5분.트인전망.빠른입주가능,보은공인중개사사무소,6,2026-10-08,2026-10-09,2026-10-10,,,1
2654289685,2654289685,yatap_jangmi8_hyundai,sale,165000,,831,11,84.97,102.24,31 기본 남향 정상 야탑역5분,뉴스공인중개사사무소,1,2026-10-08,2026-10-09,2026-10-10,,,1
2654292913,2654292913,yatap_jangmi8_hyundai,sale,102000,,836,4,41.76,54.36,최근샷시포함전체특올수리 야탑역세권,이레공인중개사사무소,1,2026-10-08,2026-10-09,2026-10-10,,,1
2654295773,2654295773,yatap_jangmi8_hyundai,jeonse,80000,,804,15,84.79,102.03,"샷시포함특올수리,12월27일이후 입주협의,융자없음.",예스공인중개사사무소,2,2026-10-08,2026-10-09,2026-10-10,,,1
2654301313,2654301313,yatap_jangmi8_hyundai,jeonse,65000,,824,13,74.61,90.33,27.거실 뷰 동간거리가 넓어서 답답하지 않음.융자없음.입주일협의가능.,예스공인중개사사무소,2,2026-10-08,2026-10-09,2026-10-10,,,1
2654381788,2654381788,yatap_jangmi8_hyundai,jeonse,40000,,822,10,41.76,54.36,화장실포함 내부올수리. 야탑역도보10분. 입주일협의,신현대공인중개사사무소,1,2026-10-09,2026-10-10,2026-10-10,,,1
2654384677,2654384677,yatap_jangmi8_hyundai,wolse,25000,40,836,8,41.76,54.36,샷시포함 올수리. 야탑역도보 7분. 입주일협의가,신현대공인중개사사무소,1,2026-10-09,2026-10-10,2026-10-10,,,1
2654407473,2654407473,yatap_jangmi8_hyundai,jeonse,60000,,805,5,84.79,102.03,31. 방3화2. 기본. 야탑역도보5분. 급전세. 11.26일입주,신현대공인중개사사무소,1,2026-10-09,2026-10-10,2026-10-10,,,1
2648717292,2648717292,yatap_jangmi8_hyundai,sale,164000,,801,13,84.79,102.03,31 주인거주 입주협의가능 전망좋음,이레공인중개사사무소,1,2026-09-09,2026-10-09,2026-10-09,,,0
2648753380,2652013564,yatap_jangmi8_hyundai,sale,158000,,835,7,74.61,90.33,올수리깨끗 입주협의가능 로얄층 전망굿,포도공인중개사사무소,2,2026-09-09,2026-10-09,2026-10-09,,,0
2649592444,2654067894,yatap_jangmi8_hyundai,sale,96000,,836,5,41.76,54.36,16. 27년8월까지세안고. 외부샷시수리. 야탑역가까운동,보은공인중개사사무소,20,2026-09-14,2026-10-09,2026-10-09,,,0
2649617756,2654067894,yatap_jangmi8_hyundai,sale,97000,,836,5,41.76,54.36,"세안고, 계갱권 사용, 외부 샷시 교체",시계 부동산 중개법인 주식회사,20,2026-09-14,2026-10-09,2026-10-09,,,0
2649643823,2654067894,yatap_jangmi8_hyundai,sale,96000,,836,5,41.76,54.36,"급매, 샷시수리됨, 입주는 27년 8월 전후",명문부동산공인중개사사무소,20,2026-09-14,2026-10-09,2026-10-09,,,0
2649653781,2654067894,yatap_jangmi8_hyundai,sale,97000,,836,5,41.76,54.36,,월드부동산공인중개사사무소,20,2026-09-14,2026-10-09,2026-10-09,,,0
2649678774,2654067894,yatap_jangmi8_hyundai,sale,96000,,836,5,41.76,54.36,16.외부샷시수리.야탑역세권.출퇴근용이.세안고,구륙공인중개사사무소,20,2026-09-14,2026-10-09,2026-10-09,,,0
2649703976,2654067894,yatap_jangmi8_hyundai,sale,97000,,836,5,41.76,54.36,깨끗하고 저렴한 좋은 아파트 입니다,드림공인중개사사무소,20,2026-09-14,2026-10-09,2026-10-09,,,0
2649780041,2654067894,yatap_jangmi8_hyundai,sale,97000,,836,5,41.76,54.36,"세안고, 조정가,샷시교체",스타공인중개사사무소,20,2026-09-14,2026-10-09,2026-10-09,,,0
2649784669,2654067894,yatap_jangmi8_hyundai,sale,97000,,836,5,41.76,54.36,대단지 아파트 동향 탁트인전망 세끼고,이솔공인중개사사무소,20,2026-09-14,2026-10-09,2026-10-09,,,0
2650643915,2654067894,yatap_jangmi8_hyundai,sale,96000,,836,5,41.76,54.36,"세안고 27.8월초만기, 외부샷시교체됨.",희망공인중개사사무소,20,2026-09-18,2026-10-09,2026-10-09,,,0
2652145857,2653601566,yatap_jangmi8_hyundai,sale,183000,,833,11,133.44,158.59,48 최근특올수리 로얄동 로얄층 전망,삼일공인중개사사무소,3,2026-09-29,2026-10-09,2026-10-09,,,0
2652997644,2654067894,yatap_jangmi8_hyundai,sale,96000,,836,5,41.76,54.36,27년8월입주가 가격저렴 샷시수리되어있음.,대교공인중개사사무소,20,2026-10-02,2026-10-09,2026-10-09,,,0
2653151765,2653151765,yatap_jangmi8_hyundai,jeonse,60000,,805,5,84.79,102.03,31. 예전 수리. 야탑역도보5분. 11월26일입주,신현대공인중개사사무소,2,2026-10-02,2026-10-09,2026-10-09,,,0
2653777574,2653777574,yatap_jangmi8_hyundai,jeonse,71000,,823,1,84.97,102.24,31. 샷시포함 올수리. 아이키우기좋은 남향1층. 융무.,신현대공인중개사사무소,2,2026-10-06,2026-10-09,2026-10-09,,,0
2653799346,2654067894,yatap_jangmi8_hyundai,sale,96000,,836,5,41.76,54.36,외부샷시 세안고 27년86,장미코오롱공인중개사사무소,20,2026-10-07,2026-10-09,2026-10-09,,,0
2653865959,2654067894,yatap_jangmi8_hyundai,sale,97000,,836,5,41.76,54.36,"외부샷시,수리깨끗,27년8월만기,2억9400만원전세있음.",예스공인중개사사무소,20,2026-10-07,2026-10-09,2026-10-09,,,0
2653884943,2654067894,yatap_jangmi8_hyundai,sale,96000,,836,5,41.76,54.36,16.세안고.외부샷시수리.야탑초역세권,삼정공인중개사사무소,20,2026-10-07,2026-10-09,2026-10-09,,,0
2653885907,2654067894,yatap_jangmi8_hyundai,sale,96000,,836,5,41.76,54.36,"야탑역세권,세안고매매,수리깨끗,대단지아파트",한빛공인중개사사무소,20,2026-10-07,2026-10-09,2026-10-09,,,0
2653893992,2654067894,yatap_jangmi8_hyundai,sale,96000,,836,5,41.76,54.36,16 급매 외부샤시 세안고 27년8월만기,뉴스공인중개사사무소,20,2026-10-07,2026-10-09,2026-10-09,,,0
2654059738,2654067894,yatap_jangmi8_hyundai,sale,96000,,836,5,41.76,54.36,"세안고27년8월만기,외부샷시교체,전망굿,매수인무주택자에 한함",소망공인중개사사무소,20,2026-10-08,2026-10-09,2026-10-09,,,0
2654067894,2654067894,yatap_jangmi8_hyundai,sale,96000,,836,5,41.76,54.36,16 샤시수리됨 내부깨끗 27.08.06만기,경남아너스빌공인중개사사무소,20,2026-10-08,2026-10-09,2026-10-09,,,0
2654302460,2654302460,yatap_jangmi8_hyundai,jeonse,71000,,823,1,74.61,90.33,샷시포함 올수리.1월22일이후 입주일 협의가능,예스공인중개사사무소,1,2026-10-08,2026-10-09,2026-10-09,,,0
2649409381,2651557457,yeosu_central_town,sale,155000,,316,4,84.98,111.72,33 정남향 높은4층 판상형4베이 인기구조 깔끔한기본상태 조용한중간동,만나부동산공인중개사사무소,6,2026-09-12,2026-10-09,2026-10-10,,,1
2649660553,2649660553,yeosu_central_town,sale,145000,,312,7,84.86,111.57,전세7억안고 28년1월만기 트인뷰 개방감좋은확장형 기본상태,만나공인중개사사무소,1,2026-09-14,2026-10-09,2026-10-10,,,1
2650102100,2651557457,yeosu_central_town,sale,155000,,316,4,84.98,111.72,남향 판상형 생활편리한동 입주협의,대교공인중개사사무소,6,2026-09-16,2026-10-09,2026-10-10,,,1
2650270547,2650270547,yeosu_central_town,sale,155000,,319,중,84.99,111.74,"33 개방감있는 구조, 입주시 특올수리, 채광굿",명문부동산공인중개사사무소,1,2026-09-17,2026-10-09,2026-10-10,,,1
2650316757,2651557457,yeosu_central_town,sale,155000,,316,4,84.98,111.72,귀한정남향 높은4층 입주일협의,금호공인중개사사무소,6,2026-09-17,2026-10-09,2026-10-10,,,1
2650783762,2652530655,yeosu_central_town,sale,150000,,311,4,84.99,111.74,"세안고, 입주는 2027년2월 협의",명문부동산공인중개사사무소,2,2026-09-19,2026-10-09,2026-10-10,,,1
2650784264,2653729595,yeosu_central_town,sale,155000,,316,4,84.98,111.72,"정상입주, 정남향 판상형 구조",명문부동산공인중개사사무소,3,2026-09-19,2026-10-09,2026-10-10,,,1
2650784367,2650784367,yeosu_central_town,sale,155000,,319,중,84.99,111.74,"정상입주,예전수리",명문부동산공인중개사사무소,1,2026-09-19,2026-10-09,2026-10-10,,,1
2651115454,2651557457,yeosu_central_town,sale,155000,,316,4,84.98,111.72,"ACE.조용한단지중앙.정남향.채광뷰좋음,내부컨디션굿.야탑역도보",에이스호반(02-400-5665)공인중개사사무소,6,2026-09-21,2026-10-09,2026-10-10,,,1
2651513672,2651557457,yeosu_central_town,sale,155000,,316,4,84.98,111.72,"입주, 귀한 정남향으로 판상형구조. 높은 4층으로 조망도 좋아요.",명문부동산공인중개사사무소,6,2026-09-23,2026-10-09,2026-10-10,,,1
2651557457,2651557457,yeosu_central_town,sale,155000,,316,4,84.98,111.72,"정남향,판상형,드레스룸있는선호구조,높은4층,기본깔끔한내부",가나공인중개사사무소,6,2026-09-23,2026-10-09,2026-10-10,,,1
2651588622,2654120233,yeosu_central_town,sale,150000,,311,4,84.99,111.74,"정상입주, 남동향 채광 좋음, 방 활용도 좋은 2 Bay 구조",중앙공인중개사사무소,3,2026-09-23,2026-10-09,2026-10-10,,,1
2651872308,2653729595,yeosu_central_town,sale,155000,,316,4,84.98,111.72,33 정남향 판상형4베이 조용한중간동 깔끔한내부,만나공인중개사사무소,3,2026-09-28,2026-10-09,2026-10-10,,,1
2651875709,2651875709,yeosu_central_town,wolse,40000,150,306,5,74.95,98.54,29 남향 판상형3베이 특깔끔한내부 2월중순선호 야탑역가까운동,만나공인중개사사무소,1,2026-09-28,2026-10-09,2026-10-10,,,1
2652001296,2652377216,yeosu_central_town,sale,150000,,312,3,84.92,111.64,"판상형4베이,야탑가까운동,예쁜조경전망,일조권좋은남서향",가나공인중개사무소,2,2026-09-28,2026-10-09,2026-10-10,,,1
2652131817,2652131817,yeosu_central_town,sale,165000,,305,9,84.97,111.71,"주인거주, 정남향, 로얄동 4베이구조, 앞 뒤 트인전망",오늘공인중개사사무소,1,2026-09-28,2026-10-09,2026-10-10,,,1
2652196317,2653225451,yeosu_central_town,sale,155000,,310,7,84.86,111.57,"소유주 특올수리, 막힘없는 남동향 채광, 야탑역인접",중앙공인중개사사무소,2,2026-09-29,2026-10-09,2026-10-10,,,1
2652251522,2653571520,yeosu_central_town,sale,150000,,312,3,84.92,111.64,"4베이판상형,기본깔끔,야탑가까운동,정원뷰",가나공인중개사사무소,6,2026-09-29,2026-10-09,2026-10-10,,,1
2652376397,2653571520,yeosu_central_town,sale,150000,,312,3,84.92,111.64,33 아늑한정원뷰 판상형4베이 기본상태,만나부동산공인중개사사무소,6,2026-09-29,2026-10-09,2026-10-10,,,1
2652377216,2652377216,yeosu_central_town,sale,150000,,312,3,84.92,111.64,33 정원뷰 판상형4베이 깔끔한기본상태 생활편한후문라인,만나공인중개사사무소,2,2026-09-29,2026-10-09,2026-10-10,,,1
2652413815,2653571520,yeosu_central_town,sale,150000,,312,3,84.92,111.64,정원뷰 집 전체햇살 가득한집 입주,OK공인중개사사무소,6,2026-09-30,2026-10-09,2026-10-10,,,1
2652451978,2652451978,yeosu_central_town,wolse,60000,80,323,9,84.92,111.64,"특올수리된 귀한 월세, 시스템에어컨, 인덕션, 식세기 빌트인",중앙공인중개사사무소,1,2026-09-30,2026-10-09,2026-10-10,,,1
2652482668,2653571520,yeosu_central_town,sale,150000,,312,3,84.92,111.64,"입주, 판상형구조, 단지조망 예쁘고 상태깔끔",명문부동산공인중개사사무소,6,2026-09-30,2026-10-09,2026-10-10,,,1
2652495192,2653571520,yeosu_central_town,sale,150000,,312,3,84.92,111.64,"입주가능, 판상형4베이구조, 조용한숲전망",대교공인중개사사무소,6,2026-09-30,2026-10-09,2026-10-10,,,1
2652505622,2653289462,yeosu_central_town,sale,169000,,313,10,84.86,111.57,"33. 특올수리 로얄층 4베이구조, 앞 뒤 트인 전망 주인거주 정상",오늘공인중개사사무소,3,2026-09-30,2026-10-09,2026-10-10,,,1
2652511910,2652511910,yeosu_central_town,sale,150000,,313,11,84.92,111.64,"남동향포베이, 채광 좋고 전망 좋은 프리미엄 고층",중앙공인중개사사무소,1,2026-09-30,2026-10-09,2026-10-10,,,1
2652530655,2652530655,yeosu_central_town,sale,150000,,311,4,84.99,111.74,"남동향 채광 굿, 작은방 모두 확장 구조",중앙공인중개사사무소,2,2026-09-30,2026-10-09,2026-10-10,,,1
2652603563,2654120233,yeosu_central_town,sale,150000,,311,4,84.99,111.74,"입주협의, 환하고 전망 좋은 집",센트럴공인중개사사무소,3,2026-09-30,2026-10-09,2026-10-10,,,1
2652611377,2652611377,yeosu_central_town,sale,155000,,310,7,84.86,111.57,"화이트톤특올수리, 막힘없는 남동향 로얄층",중앙공인중개사사무소,1,2026-09-30,2026-10-09,2026-10-10,,,1
2652611882,2652686756,yeosu_central_town,sale,150000,,316,12,84.92,111.64,가격굿 입주가능 판상형4베이 로얄동,대교공인중개사사무소,3,2026-09-30,2026-10-09,2026-10-10,,,1
2652686756,2652686756,yeosu_central_town,sale,150000,,316,12,84.92,111.64,33 쾌적한고층뷰 판상형4베이 조용한중간동 인테리어 깔끔한내부,만나부동산공인중개사사무소,3,2026-10-01,2026-10-09,2026-10-10,,,1
2652716953,2652716953,yeosu_central_town,sale,157000,,311,11,84.99,111.74,33 쾌적한고층트인뷰 전망굿 남동남서 채광굿 깔끔한내부,만나부동산공인중개사사무소,1,2026-10-01,2026-10-09,2026-10-10,,,1
2652716964,2652716964,yeosu_central_town,sale,150000,,316,12,84.92,111.64,33 판상형3베이 인기구조 조용한중간동 인테리어 깔끔한내부,만나공인중개사사무소,1,2026-10-01,2026-10-09,2026-10-10,,,1
2652721814,2653261718,yeosu_central_town,sale,150000,,313,11,84.92,111.64,입주가능 청계산이 보이는 전망 아주깔끔,대교공인중개사사무소,2,2026-10-01,2026-10-09,2026-10-10,,,1
2652819843,2652819843,yeosu_central_town,jeonse,95000,,315,15,84.86,111.57,33 층간소음없는탑층 전망굿 개방감좋은확장형구조,만나공인중개사사무소,1,2026-10-01,2026-10-09,2026-10-10,,,1
2652820829,2652820829,yeosu_central_town,sale,157000,,311,11,84.99,111.74,33 모든방트인뷰 채광좋은집 거실넓은구조 깔끔한내부,만나공인중개사사무소,1,2026-10-01,2026-10-09,2026-10-10,,,1
2652849143,2653787893,yeosu_central_town,sale,150000,,316,7,84.98,111.72,"정남향,마루 싱크대 부분수리,특깔끔,선호하는판상형구조",가나공인중개사무소,2,2026-10-01,2026-10-09,2026-10-10,,,1
2652886177,2652886177,yeosu_central_town,sale,155000,,320,저,84.99,111.74,"세안고, 트인 전망, 남동남서향으로 해 잘드는 집",센트럴공인중개사사무소,1,2026-10-01,2026-10-09,2026-10-10,,,1
2652914411,2652914411,yeosu_central_town,wolse,60000,80,323,9,84.92,111.64,"화이트톤 특올수리, 남서향 포베이구조의 좋은 채광, 시스템에어컨",중앙공인중개사사무소,1,2026-10-01,2026-10-09,2026-10-10,,,1
2652915491,2652686756,yeosu_central_town,sale,150000,,316,12,84.92,111.64,"아침 햇살 좋은 남동향, 맞통풍 판상형, 선호도 높은 로얄층",중앙공인중개사사무소,3,2026-10-02,2026-10-09,2026-10-10,,,1
2652986127,2652986127,yeosu_central_town,jeonse,95000,,315,15,84.86,111.57,33 쾌적한고층 층간소음없는탑층 깔끔한내부 융자전액상환예정,만나부동산공인중개사사무소,1,2026-10-02,2026-10-09,2026-10-10,,,1
2653146684,2653146684,yeosu_central_town,jeonse,81000,,319,4,84.99,111.74,"확장형 구조,입주는 1월부터",명문부동산공인중개사사무소,1,2026-10-02,2026-10-09,2026-10-10,,,1
2653162073,2653289462,yeosu_central_town,sale,169000,,313,10,84.86,111.57,"특올수리,정상입주",한빛공인중개사사무소,3,2026-10-02,2026-10-09,2026-10-10,,,1
2653225451,2653225451,yeosu_central_town,sale,155000,,310,7,84.86,111.57,"트인전망, 화이트톤올수리, 상태아주깔끔, 입주협의",대교공인중개사사무소,2,2026-10-03,2026-10-09,2026-10-10,,,1
2653238643,2653238643,yeosu_central_town,sale,140000,,319,15,84.99,111.74,급매 탑층 세안고매매 전세5.8억 27년10월,만나공인중개사사무소,1,2026-10-03,2026-10-09,2026-10-10,,,1
2653261718,2653261718,yeosu_central_town,sale,150000,,313,11,84.92,111.64,"정상입주, 채광 좋은 포베이구조, 막힘없는 전망의 11층",중앙공인중개사사무소,2,2026-10-03,2026-10-09,2026-10-10,,,1
2653289462,2653289462,yeosu_central_town,sale,169000,,313,10,84.86,111.57,"특올수리, 로얄층, 귀한매물, 앞뒤트인전망, 주인 거주 상태최고",고등 포레자이호반공인중개사사무소,3,2026-10-03,2026-10-09,2026-10-10,,,1
2653354691,2653671859,yeosu_central_town,jeonse,80000,,323,9,84.92,111.64,"완벽한 특올수리, 반전세도 가능, 따뜻한 남서향 채광",중앙공인중개사사무소,2,2026-10-04,2026-10-09,2026-10-10,,,1
2653569429,2653569429,yeosu_central_town,jeonse,80000,,323,9,84.92,111.64,"특올수리 전세, 반전세도 가능, 시스템에어컨, 인덕션 빌트인",중앙공인중개사사무소,1,2026-10-06,2026-10-09,2026-10-10,,,1
2653569680,2653569680,yeosu_central_town,sale,150000,,304,2,74.95,98.54,29 남향 판상형3베이 깔끔한기본상태 출입동선굿 주차편한동,만나부동산공인중개사사무소,1,2026-10-06,2026-10-09,2026-10-10,,,1
2653571520,2653571520,yeosu_central_town,sale,150000,,312,3,84.92,111.64,직매물. 판상형. 트인뷰. 집상태깨끗. 입주협의,성심공인중개사사무소,6,2026-10-06,2026-10-09,2026-10-10,,,1
2653581761,2653581761,yeosu_central_town,sale,140000,,319,15,84.99,111.74,33 급매 세안고 남동남서 채광굿 전망좋은탑층 개방감좋은확장형구조,만나부동산공인중개사사무소,1,2026-10-06,2026-10-09,2026-10-10,,,1
2653671859,2653671859,yeosu_central_town,jeonse,80000,,323,9,84.92,111.64,"특 전체 올수리,조용하고 전망이 예쁨,반전세6억80가능",산들마을공인중개사사무소,2,2026-10-06,2026-10-09,2026-10-10,,,1
2653729595,2653729595,yeosu_central_town,sale,155000,,316,4,84.98,111.72,"야탑근거리,높은4층,정남향,판상형선호구조,기본깔끔한내부",가나공인중개사무소,3,2026-10-06,2026-10-09,2026-10-10,,,1
2653787893,2653787893,yeosu_central_town,sale,150000,,316,7,84.98,111.72,33 정남향 판상형4베이 깔끔한인테리어 조용한중간동 특깔끔한내부,만나공인중개사사무소,2,2026-10-06,2026-10-09,2026-10-10,,,1
2653917721,2654365658,yeosu_central_town,jeonse,80000,,316,12,84.92,111.64,"빠른입주가능,상태와 전망굿",대교공인중개사사무소,2,2026-10-07,2026-10-09,2026-10-10,,,1
2653927391,2654157079,yeosu_central_town,sale,150000,,316,7,84.98,111.72,33 정남향 인기구조 판상형4베이 인테리어 특깔끔한내부,만나부동산공인중개사사무소,2,2026-10-07,2026-10-09,2026-10-10,,,1
2654119729,2654119729,yeosu_central_town,jeonse,81000,,319,4,84.99,111.74,"로얄동, 거실넓은 확장형 구조, 안정감 있는 단지 조망",명문부동산공인중개사사무소,1,2026-10-08,2026-10-09,2026-10-10,,,1
2654120233,2654120233,yeosu_central_town,sale,150000,,311,4,84.99,111.74,"입주 27년 2월, 거실넓어 개방감좋아요. 단지조망 예쁘고 햇살 넉넉,",명문부동산공인중개사사무소,3,2026-10-08,2026-10-09,2026-10-10,,,1
2654157079,2654157079,yeosu_central_town,sale,150000,,316,7,84.98,111.72,"매도확실,정남향,마루전체교체,관리상태최상,모든방과거실남향,",가나공인중개사사무소,2,2026-10-08,2026-10-09,2026-10-10,,,1
2654184577,2654184577,yeosu_central_town,sale,147000,,309,9,74.95,98.54,"정남향 9층 로얄층, 막힘없는 채광, 야탑역 초인접 동위치",중앙공인중개사사무소,1,2026-10-08,2026-10-09,2026-10-10,,,1
2654354271,2654354271,yeosu_central_town,sale,155000,,316,11,84.98,111.72,"정남향, 막힘없는 전망의 로얄층, 단지내 조용한 로얄동, 정상 입주",중앙공인중개사사무소,1,2026-10-09,2026-10-09,2026-10-10,,,1
2654365353,2654365353,yeosu_central_town,sale,145000,,312,7,84.86,111.57,33 세안고 트인뷰 개방감좋은확장형구조 기본상태 마트병원인접 생활편한동,만나부동산공인중개사사무소,1,2026-10-09,2026-10-09,2026-10-10,,,1
2654365658,2654365658,yeosu_central_town,jeonse,80000,,316,12,84.92,111.64,33 쾌적한고층단지뷰 채광굿 판상형4베이 깔끔한내부 조용한중간동,만나부동산공인중개사사무소,2,2026-10-09,2026-10-09,2026-10-10,,,1
2654413353,2654413353,yeosu_central_town,jeonse,80000,,316,12,84.92,111.64,33 쾌적한고층단지뷰 판상형3베이 조용한중간동 깔끔한내부,만나공인중개사사무소,1,2026-10-09,2026-10-10,2026-10-10,,,1
2648733779,2650270547,yeosu_central_town,sale,150000,,319,중,84.99,111.74,아늑한 정원전망 인테리어됨 정상입주,미래공인중개사사무소,2,2026-09-09,2026-10-09,2026-10-09,,,0
2648779094,2648779094,yeosu_central_town,wolse,1000,250,307,2,84.98,111.72,"단기임대,2개월이상 7개월이하",가나공인중개사무소,1,2026-09-09,2026-10-09,2026-10-09,,,0
2653171985,2653171985,yeosu_central_town,jeonse,80000,,316,고,84.92,111.64,33 쾌적한고층단지뷰 판상형3베이 조용한중간동 깔끔한내부,만나공인중개사사무소,1,2026-10-02,2026-10-09,2026-10-09,,,0
